ride_id,distance_km,fare_amount,pickup_datetime,traffic_level,city
1,11.93,135.18,2026-02-05 19:46:54,Low,Bangalore
2,11.05,180.06,2026-02-27 06:46:54,High,Delhi
3,1.48,19.51,2026-02-17 07:46:54,Low,Bangalore
4,14.81,147.11,2026-03-19 10:46:54,High,Bangalore
5,22.65,436.55,2026-03-01 01:46:54,High,Ahmedabad
6,2.96,47.42,2026-02-13 17:46:54,Low,Delhi
7,28.38,236.14,2026-03-29 08:46:54,High,Delhi
8,23.98,376.53,2026-02-26 01:46:54,,Ahmedabad
9,18.59,324.78,2026-02-11 21:46:54,High,Delhi
10,2.0,17.34,2026-02-12 22:46:54,Low,Mumbai
11,11.74,168.26,2026-03-03 13:46:54,Medium,Delhi
12,28.47,,2026-04-01 16:46:54,Low,Delhi
13,24.0,233.65,2026-03-09 01:46:54,Low,Delhi
14,19.35,332.68,2026-03-04 12:46:54,High,Bangalore
15,10.63,144.35,2026-03-12 05:46:54,High,Mumbai
16,9.92,164.23,2026-03-01 23:46:54,High,Bangalore
17,26.0,444.1,2026-02-12 20:46:54,High,Mumbai
18,9.65,167.84,2026-03-09 03:46:54,Medium,Mumbai
19,17.47,179.72,2026-02-19 08:46:54,High,Mumbai
20,17.78,167.51,2026-03-04 00:46:54,Medium,Delhi
21,23.47,256.77,2026-04-07 15:46:54,Medium,Ahmedabad
22,12.3,223.17,2026-03-23 13:46:54,Medium,Mumbai
23,9.92,185.04,2026-03-24 15:46:54,Medium,Bangalore
24,19.77,382.4,2026-02-10 08:46:54,Medium,Ahmedabad
25,3.59,70.71,2026-03-02 07:46:54,Medium,Ahmedabad
26,19.48,,2026-03-16 13:46:54,Medium,Surat
27,17.7,303.74,2026-03-15 09:46:54,,Mumbai
28,16.96,245.85,2026-03-11 06:46:54,Low,Mumbai
29,6.81,134.34,2026-03-31 04:46:54,,Surat
30,27.3,352.44,2026-02-14 07:46:54,Low,Bangalore
31,20.45,318.14,2026-02-14 03:46:54,High,Ahmedabad
32,15.88,170.66,2026-03-07 02:46:54,Medium,Bangalore
33,,280.03,2026-04-01 03:46:54,High,Delhi
34,3.7,60.5,2026-03-06 12:46:54,High,Surat
35,15.62,200.18,2026-03-04 05:46:54,High,Surat
36,8.27,150.63,2026-03-09 18:46:54,Medium,Surat
37,4.88,87.65,2026-03-21 11:46:54,High,Surat
38,24.99,393.71,2026-02-07 20:46:54,High,Bangalore
39,7.1,119.53,2026-02-23 08:46:54,Low,Delhi
40,19.74,276.86,2026-03-16 10:46:54,High,Delhi
41,4.2,61.8,2026-03-15 21:46:54,High,Bangalore
42,12.56,175.96,2026-02-23 20:46:54,High,Bangalore
43,6.07,80.67,2026-03-21 07:46:54,Low,Mumbai
44,19.5,237.89,2026-02-19 00:46:54,Low,Mumbai
45,1.51,28.52,2026-02-10 23:46:54,Low,Ahmedabad
46,15.83,158.79,2026-02-21 19:46:54,Low,Ahmedabad
47,7.87,83.62,2026-03-25 04:46:54,Medium,Surat
48,12.71,113.4,2026-03-23 11:46:54,Low,Bangalore
49,21.23,409.53,2026-02-12 09:46:54,High,Mumbai
50,5.47,79.37,2026-03-11 04:46:54,High,Surat
51,25.24,436.13,2026-03-24 09:46:54,Low,Surat
52,11.16,114.69,2026-03-24 22:46:54,Medium,Ahmedabad
53,19.25,237.53,2026-03-25 10:46:54,High,Delhi
54,14.27,264.9,2026-03-24 13:46:54,High,Mumbai
55,11.13,217.41,2026-02-20 07:46:54,Medium,Surat
56,17.03,239.92,2026-03-17 17:46:54,High,Mumbai
57,4.37,67.11,2026-04-01 14:46:54,Low,Delhi
58,26.63,434.21,2026-02-17 13:46:54,,Surat
59,4.98,80.74,2026-02-27 14:46:54,Low,Bangalore
60,10.45,125.07,2026-02-21 04:46:54,Low,Bangalore
61,11.27,96.3,2026-03-01 14:46:54,Medium,Ahmedabad
62,10.29,144.37,2026-02-23 17:46:54,Low,Surat
63,15.57,131.53,2026-02-24 15:46:54,Low,Delhi
64,5.78,102.23,2026-04-02 12:46:54,Low,Bangalore
65,19.32,303.31,2026-03-19 18:46:54,Low,Delhi
66,10.99,102.96,2026-04-01 11:46:54,Low,Mumbai
67,,161.71,2026-03-07 19:46:54,Medium,Delhi
68,18.86,226.12,2026-02-16 06:46:54,Low,Ahmedabad
69,,397.16,2026-03-03 10:46:54,Medium,Bangalore
70,3.19,33.66,2026-03-31 06:46:54,Medium,Surat
71,26.29,355.61,2026-02-28 15:46:54,High,Bangalore
72,16.39,198.35,2026-03-03 21:46:54,High,Surat
73,29.14,462.05,2026-03-26 13:46:54,Medium,Bangalore
74,8.88,132.15,2026-04-06 11:46:54,High,Mumbai
75,7.79,67.24,2026-03-12 08:46:54,Medium,Delhi
76,26.35,220.42,2026-03-04 10:46:54,Low,Bangalore
77,4.03,74.32,2026-03-10 06:46:54,High,Mumbai
78,7.28,73.62,2026-03-02 06:46:54,Medium,Delhi
79,8.86,171.16,2026-02-15 03:46:54,High,Delhi
80,27.54,,2026-03-01 17:46:54,High,Surat
81,18.21,354.49,2026-02-16 03:46:54,Low,Mumbai
82,14.35,235.39,2026-03-23 21:46:54,Low,Delhi
83,5.19,,2026-03-23 07:46:54,Low,Delhi
84,14.84,256.42,2026-04-04 09:46:54,Medium,Mumbai
85,2.75,32.37,2026-02-19 15:46:54,High,Bangalore
86,19.27,345.88,2026-02-17 08:46:54,Low,Ahmedabad
87,11.56,208.96,2026-03-30 22:46:54,High,Surat
88,7.24,102.22,2026-03-20 22:46:54,Medium,Bangalore
89,16.93,303.17,2026-03-29 21:46:54,High,Bangalore
90,28.41,468.19,2026-02-21 06:46:54,Medium,Bangalore
91,19.07,299.55,2026-03-30 12:46:54,Low,Bangalore
92,8.51,164.28,2026-03-03 00:46:54,High,Ahmedabad
93,29.94,,2026-03-30 02:46:54,Medium,Ahmedabad
94,1.6,27.05,2026-03-13 00:46:54,Medium,Ahmedabad
95,15.1,152.12,2026-02-09 02:46:54,High,Bangalore
96,12.24,208.13,2026-03-29 15:46:54,Medium,Surat
97,26.6,517.13,2026-02-24 05:46:54,Medium,Surat
98,9.02,73.02,2026-02-21 06:46:54,Low,Delhi
99,15.94,300.08,2026-03-15 08:46:54,Low,Surat
100,8.82,121.39,2026-04-03 07:46:54,Medium,Surat
101,10.7,188.96,2026-02-16 00:46:54,High,Surat
102,20.11,287.68,2026-03-14 00:46:54,High,Mumbai
103,23.12,387.51,2026-04-06 01:46:54,Low,Ahmedabad
104,19.47,373.18,2026-03-06 12:46:54,Low,Surat
105,19.89,198.21,2026-03-08 11:46:54,Low,Ahmedabad
106,21.8,361.99,2026-03-07 14:46:54,Medium,Ahmedabad
107,,209.3,2026-03-18 11:46:54,Medium,Delhi
108,18.51,253.19,2026-02-23 22:46:54,Low,Bangalore
109,20.51,241.35,2026-02-06 21:46:54,Low,Mumbai
110,,279.13,2026-03-26 01:46:54,Low,Surat
111,17.61,299.48,2026-02-13 03:46:54,Medium,Bangalore
112,22.99,413.49,2026-03-17 03:46:54,Low,Bangalore
113,18.28,335.35,2026-02-19 20:46:54,Low,Delhi
114,27.89,228.69,2026-03-26 02:46:54,Low,Bangalore
115,28.52,,2026-03-15 03:46:54,High,Bangalore
116,6.02,83.92,2026-03-09 17:46:54,Medium,Mumbai
117,20.65,396.03,2026-03-09 19:46:54,Low,Mumbai
118,26.13,367.07,2026-03-13 09:46:54,Medium,Bangalore
119,3.55,52.22,2026-03-08 14:46:54,Medium,Mumbai
120,29.86,277.19,2026-02-12 15:46:54,Medium,Bangalore
121,19.59,386.51,2026-02-10 03:46:54,Low,Bangalore
122,14.02,216.82,2026-03-25 09:46:54,High,Bangalore
123,12.65,,2026-02-14 00:46:54,High,Ahmedabad
124,17.43,284.39,2026-04-07 00:46:54,High,Delhi
125,17.76,295.75,2026-02-16 05:46:54,Low,Ahmedabad
126,20.75,360.61,2026-02-19 14:46:54,High,Bangalore
127,1.27,15.62,2026-03-25 12:46:54,High,Bangalore
128,15.6,216.33,2026-03-14 14:46:54,Low,Mumbai
129,19.79,187.62,2026-04-07 00:46:54,Low,Ahmedabad
130,20.23,307.37,2026-02-13 23:46:54,Low,Ahmedabad
131,14.57,191.95,2026-03-30 07:46:54,Low,Surat
132,23.44,332.46,2026-03-17 09:46:54,Medium,Bangalore
133,16.0,313.44,2026-03-16 10:46:54,Medium,Delhi
134,11.85,227.96,2026-03-09 06:46:54,High,Surat
135,5.32,47.37,2026-02-23 09:46:54,High,Mumbai
136,28.51,408.61,2026-03-09 14:46:54,Medium,Mumbai
137,7.78,69.92,2026-03-07 13:46:54,Medium,Ahmedabad
138,23.87,228.01,2026-03-18 09:46:54,High,Bangalore
139,21.25,347.84,2026-03-26 18:46:54,Medium,Bangalore
140,24.87,393.69,2026-02-07 06:46:54,Low,Surat
141,,62.88,2026-03-06 02:46:54,Medium,Bangalore
142,3.49,67.18,2026-03-05 23:46:54,Low,Delhi
143,12.71,198.38,2026-03-15 07:46:54,High,Surat
144,4.03,,2026-02-08 08:46:54,Low,Ahmedabad
145,21.1,418.9,2026-02-23 23:46:54,Medium,Delhi
146,15.09,242.69,2026-02-20 17:46:54,Medium,Ahmedabad
147,,52.15,2026-02-09 05:46:54,High,Ahmedabad
148,5.15,58.69,2026-03-23 08:46:54,Medium,Ahmedabad
149,7.6,76.45,2026-02-12 23:46:54,Medium,Mumbai
150,10.57,106.02,2026-03-11 16:46:54,Medium,Ahmedabad
151,28.62,421.81,2026-03-18 20:46:54,,Delhi
152,26.12,403.63,2026-03-15 17:46:54,Low,Bangalore
153,5.15,46.73,2026-02-12 11:46:54,Low,Delhi
154,28.54,507.63,2026-02-08 20:46:54,Low,Surat
155,7.14,100.59,2026-02-11 03:46:54,Medium,Ahmedabad
156,14.0,270.5,2026-03-14 10:46:54,Medium,Mumbai
157,4.35,79.17,2026-02-15 02:46:54,Low,Mumbai
158,16.2,169.3,2026-03-11 01:46:54,Medium,Surat
159,,106.15,2026-02-08 14:46:54,Medium,Bangalore
160,28.9,360.04,2026-03-10 08:46:54,Medium,Bangalore
161,26.16,511.18,2026-03-04 18:46:54,High,Mumbai
162,11.46,183.62,2026-02-18 00:46:54,Low,Delhi
163,1.03,11.77,2026-02-14 07:46:54,High,Surat
164,13.56,150.7,2026-03-27 19:46:54,Medium,Bangalore
165,6.3,78.87,2026-03-28 09:46:54,Medium,Surat
166,18.75,173.88,2026-02-06 22:46:54,Medium,Ahmedabad
167,23.38,460.97,2026-03-26 18:46:54,Medium,Surat
168,19.14,,2026-03-10 03:46:54,Medium,Mumbai
169,5.48,59.21,2026-02-10 18:46:54,Medium,Ahmedabad
170,8.41,,2026-02-10 08:46:54,High,Surat
171,21.5,280.24,2026-02-27 08:46:54,Medium,Surat
172,,191.58,2026-02-15 13:46:54,High,Mumbai
173,27.01,333.61,2026-02-11 18:46:54,Medium,Mumbai
174,15.2,264.28,2026-03-25 07:46:54,Low,Delhi
175,21.75,374.57,2026-02-17 21:46:54,Low,Delhi
176,5.55,69.71,2026-03-20 21:46:54,Low,Delhi
177,5.71,105.01,2026-03-29 10:46:54,Low,Ahmedabad
178,7.06,75.81,2026-02-12 06:46:54,Medium,Mumbai
179,13.01,128.73,2026-02-14 02:46:54,Medium,Delhi
180,13.61,165.11,2026-03-15 19:46:54,Low,Bangalore
181,20.8,184.36,2026-03-02 19:46:54,High,Surat
182,9.12,99.37,2026-02-07 17:46:54,Medium,Ahmedabad
183,7.98,,2026-02-05 22:46:54,Low,Delhi
184,21.33,209.19,2026-02-28 17:46:54,High,Ahmedabad
185,12.64,151.48,2026-03-07 02:46:54,Medium,Surat
186,17.46,234.49,2026-02-20 07:46:54,Medium,Delhi
187,,201.29,2026-03-21 04:46:54,High,Surat
188,15.54,279.74,2026-03-20 01:46:54,High,Ahmedabad
189,21.51,269.76,2026-04-03 02:46:54,Low,Bangalore
190,1.47,11.98,2026-03-30 14:46:54,High,Mumbai
191,5.65,88.4,2026-03-27 18:46:54,Low,Mumbai
192,20.63,374.18,2026-03-16 09:46:54,High,Surat
193,2.03,32.15,2026-03-15 02:46:54,Low,Mumbai
194,18.0,270.11,2026-03-28 13:46:54,High,Surat
195,16.59,305.35,2026-02-21 20:46:54,High,Bangalore
196,22.21,237.11,2026-03-19 12:46:54,High,Mumbai
197,17.14,249.5,2026-02-24 03:46:54,High,Mumbai
198,9.72,172.06,2026-03-15 14:46:54,Medium,Ahmedabad
199,5.59,89.56,2026-04-03 19:46:54,Medium,Surat
200,1.27,23.9,2026-04-03 11:46:54,Medium,Surat
201,21.99,260.75,2026-03-10 05:46:54,High,Bangalore
202,23.27,196.11,2026-03-10 09:46:54,Low,Surat
203,7.52,86.67,2026-03-19 10:46:54,Low,Delhi
204,27.48,334.74,2026-03-16 15:46:54,High,Ahmedabad
205,11.34,171.61,2026-03-30 20:46:54,High,Ahmedabad
206,8.03,152.56,2026-02-18 21:46:54,High,Ahmedabad
207,9.32,116.28,2026-03-27 21:46:54,Low,Ahmedabad
208,17.89,248.52,2026-04-02 16:46:54,Medium,Mumbai
209,7.5,81.24,2026-03-03 01:46:54,High,Mumbai
210,13.28,165.58,2026-03-31 22:46:54,High,Delhi
211,23.02,,2026-04-07 14:46:54,High,Surat
212,11.34,194.5,2026-02-12 07:46:54,High,Bangalore
213,16.95,190.78,2026-04-05 01:46:54,Low,Bangalore
214,,339.99,2026-02-13 07:46:54,Low,Delhi
215,22.42,179.42,2026-02-14 16:46:54,Low,Delhi
216,21.38,258.6,2026-03-04 19:46:54,High,Bangalore
217,22.25,,2026-02-22 18:46:54,,Ahmedabad
218,18.3,,2026-02-26 07:46:54,Medium,Bangalore
219,1.21,17.33,2026-03-26 05:46:54,High,Ahmedabad
220,12.3,181.11,2026-03-18 08:46:54,Low,Mumbai
221,19.56,367.34,2026-03-10 00:46:54,Medium,Mumbai
222,9.13,3595.03,2026-02-08 20:46:54,Low,Bangalore
223,15.22,245.27,2026-02-23 13:46:54,Low,Delhi
224,19.39,,2026-03-16 10:46:54,Medium,Bangalore
225,24.13,203.53,2026-02-24 07:46:54,Medium,Surat
226,26.8,499.58,2026-02-08 14:46:54,Medium,Delhi
227,10.57,101.95,2026-03-10 14:46:54,Medium,Delhi
228,22.17,231.28,2026-04-04 11:46:54,High,Bangalore
229,28.88,541.58,2026-03-14 12:46:54,Low,Surat
230,25.95,466.36,2026-03-03 11:46:54,Low,Delhi
231,28.72,551.09,2026-02-21 04:46:54,High,Surat
232,9.68,161.39,2026-03-29 14:46:54,High,Ahmedabad
233,28.83,442.1,2026-04-04 01:46:54,Medium,Bangalore
234,29.21,556.85,2026-03-28 07:46:54,High,Delhi
235,11.95,168.77,2026-02-23 06:46:54,,Mumbai
236,12.88,2687.96,2026-03-30 19:46:54,High,Bangalore
237,,179.25,2026-02-07 11:46:54,Low,Mumbai
238,14.78,154.26,2026-03-26 03:46:54,Low,Ahmedabad
239,8.24,150.23,2026-03-25 21:46:54,Low,Bangalore
240,22.98,381.2,2026-03-04 02:46:54,Low,Bangalore
241,2.55,38.98,2026-03-06 11:46:54,Medium,Ahmedabad
242,24.95,444.55,2026-02-26 12:46:54,Low,Ahmedabad
243,3.21,37.91,2026-03-25 07:46:54,High,Delhi
244,5.32,45.79,2026-03-11 09:46:54,Low,Ahmedabad
245,6.43,99.29,2026-03-21 06:46:54,Medium,Surat
246,11.11,162.86,2026-03-16 06:46:54,Medium,Delhi
247,22.96,191.35,2026-02-22 00:46:54,Medium,Delhi
248,9.34,137.63,2026-04-03 20:46:54,High,Bangalore
249,9.76,,2026-03-05 03:46:54,Medium,Delhi
250,5.85,,2026-02-11 12:46:54,Low,Ahmedabad
251,19.25,376.59,2026-02-14 22:46:54,Low,Mumbai
252,10.88,135.7,2026-03-26 04:46:54,High,Mumbai
253,20.25,294.95,2026-03-01 11:46:54,High,Delhi
254,22.76,409.32,2026-02-13 18:46:54,High,Ahmedabad
255,11.89,209.25,2026-03-26 05:46:54,Medium,Ahmedabad
256,9.73,185.73,2026-02-18 09:46:54,,Mumbai
257,26.01,261.5,2026-03-11 17:46:54,Low,Mumbai
258,3.86,60.8,2026-04-05 07:46:54,Low,Ahmedabad
259,8.61,,2026-03-29 06:46:54,High,Bangalore
260,24.4,339.95,2026-03-20 04:46:54,Medium,Delhi
261,11.83,180.08,2026-02-27 01:46:54,Medium,Mumbai
262,15.09,264.44,2026-03-15 22:46:54,Low,Delhi
263,6.64,120.1,2026-02-16 21:46:54,Medium,Delhi
264,9.71,97.44,2026-02-08 09:46:54,Low,Mumbai
265,6.7,61.02,2026-04-06 10:46:54,High,Bangalore
266,28.63,325.54,2026-03-03 19:46:54,High,Surat
267,4.23,76.11,2026-03-07 09:46:54,Low,Delhi
268,17.38,147.08,2026-02-16 18:46:54,Medium,Bangalore
269,11.08,172.06,2026-02-05 19:46:54,High,Delhi
270,3.47,40.31,2026-03-05 04:46:54,,Ahmedabad
271,16.02,241.27,2026-03-03 14:46:54,Low,Ahmedabad
272,3.71,50.06,2026-03-02 10:46:54,High,Surat
273,8.04,72.16,2026-02-10 16:46:54,,Ahmedabad
274,11.36,132.29,2026-02-25 16:46:54,Medium,Bangalore
275,12.8,188.23,2026-04-03 17:46:54,High,Delhi
276,20.89,248.9,2026-02-24 11:46:54,Medium,Ahmedabad
277,19.51,302.51,2026-03-12 14:46:54,Low,Delhi
278,22.81,,2026-03-23 21:46:54,Medium,Surat
279,29.22,362.1,2026-03-03 00:46:54,,Bangalore
280,2.67,,2026-02-11 19:46:54,High,Mumbai
281,29.03,,2026-03-05 22:46:54,Low,Delhi
282,4.04,39.3,2026-02-19 01:46:54,Medium,Bangalore
283,13.86,259.38,2026-03-10 17:46:54,Medium,Delhi
284,,452.37,2026-03-16 00:46:54,High,Ahmedabad
285,27.81,359.6,2026-03-19 05:46:54,High,Ahmedabad
286,29.42,375.84,2026-03-08 10:46:54,Medium,Mumbai
287,16.49,148.83,2026-02-26 05:46:54,Medium,Surat
288,2.32,24.28,2026-03-24 00:46:54,Low,Surat
289,11.53,,2026-03-21 16:46:54,High,Bangalore
290,22.23,,2026-03-28 14:46:54,High,Bangalore
291,11.44,,2026-02-11 13:46:54,Low,Mumbai
292,2.25,25.09,2026-02-23 06:46:54,Medium,Ahmedabad
293,23.47,278.04,2026-03-18 08:46:54,High,Bangalore
294,20.76,168.03,2026-02-22 05:46:54,Low,Delhi
295,27.43,319.79,2026-03-26 07:46:54,Low,Mumbai
296,12.21,238.21,2026-02-14 09:46:54,Medium,Surat
297,10.49,99.19,2026-03-20 13:46:54,High,Bangalore
298,14.1,158.66,2026-02-22 09:46:54,Medium,Bangalore
299,,2435.55,2026-02-08 13:46:54,High,Surat
300,19.0,371.31,2026-02-22 12:46:54,Medium,Delhi
301,,64.8,2026-03-18 20:46:54,Medium,Surat
302,20.35,197.02,2026-03-14 19:46:54,Low,Mumbai
303,16.79,287.87,2026-02-11 21:46:54,High,Mumbai
304,3.07,46.24,2026-03-14 17:46:54,,Delhi
305,16.83,243.14,2026-02-13 07:46:54,High,Ahmedabad
306,3.21,31.39,2026-03-29 00:46:54,Low,Ahmedabad
307,23.9,441.8,2026-03-23 20:46:54,Low,Mumbai
308,23.74,416.84,2026-03-19 16:46:54,Medium,Surat
309,4.82,62.67,2026-03-04 04:46:54,Medium,Mumbai
310,28.63,330.67,2026-02-18 06:46:54,Low,Mumbai
311,28.94,273.55,2026-03-14 21:46:54,High,Mumbai
312,3.43,45.14,2026-02-20 11:46:54,Medium,Surat
313,9.49,166.95,2026-04-01 20:46:54,Low,Ahmedabad
314,20.43,371.12,2026-02-16 01:46:54,Medium,Mumbai
315,21.16,194.19,2026-04-03 16:46:54,Low,Delhi
316,7.64,,2026-03-20 17:46:54,Medium,Surat
317,22.33,330.46,2026-03-10 07:46:54,Low,Bangalore
318,,184.29,2026-02-16 08:46:54,,Ahmedabad
319,13.62,235.75,2026-03-04 15:46:54,Low,Surat
320,1.23,19.64,2026-02-14 16:46:54,Low,Ahmedabad
321,4.77,85.51,2026-03-07 07:46:54,Low,Bangalore
322,16.3,266.03,2026-03-27 09:46:54,High,Surat
323,26.3,397.59,2026-03-18 04:46:54,Low,Ahmedabad
324,25.47,291.27,2026-04-02 18:46:54,High,Ahmedabad
325,28.71,471.53,2026-03-11 19:46:54,High,Mumbai
326,14.18,,2026-04-01 18:46:54,Medium,Surat
327,2.01,22.91,2026-03-23 08:46:54,High,Surat
328,20.37,367.12,2026-03-08 17:46:54,Low,Surat
329,22.51,263.32,2026-02-15 09:46:54,High,Delhi
330,23.21,372.57,2026-02-21 01:46:54,Medium,Delhi
331,13.04,1369.38,2026-03-31 05:46:54,Low,Ahmedabad
332,12.04,231.23,2026-03-04 05:46:54,Low,Surat
333,3.66,40.91,2026-02-08 08:46:54,Medium,Delhi
334,18.7,,2026-03-31 17:46:54,High,Surat
335,8.91,,2026-02-09 14:46:54,High,Mumbai
336,2.65,27.61,2026-02-23 15:46:54,,Bangalore
337,14.36,128.81,2026-02-25 16:46:54,High,Bangalore
338,27.39,519.3,2026-03-01 15:46:54,High,Delhi
339,6.22,89.39,2026-03-09 09:46:54,High,Ahmedabad
340,1.86,24.37,2026-03-10 07:46:54,Medium,Delhi
341,9.63,,2026-02-22 14:46:54,High,Surat
342,20.36,248.71,2026-04-02 16:46:54,High,Ahmedabad
343,18.0,194.68,2026-02-24 14:46:54,Medium,Bangalore
344,17.07,255.32,2026-03-20 00:46:54,Medium,Delhi
345,13.96,254.12,2026-04-03 15:46:54,High,Mumbai
346,17.72,186.62,2026-02-21 06:46:54,High,Delhi
347,1.55,26.1,2026-03-01 01:46:54,Low,Delhi
348,1.52,23.18,2026-04-03 23:46:54,High,Bangalore
349,28.39,293.57,2026-03-01 00:46:54,Medium,Ahmedabad
350,24.88,355.87,2026-03-19 07:46:54,Medium,Delhi
351,24.92,498.03,2026-03-23 02:46:54,Medium,Ahmedabad
352,2.16,19.45,2026-03-08 22:46:54,Low,Surat
353,19.56,384.44,2026-03-15 00:46:54,High,Mumbai
354,1.07,,2026-03-14 15:46:54,Medium,Ahmedabad
355,22.05,291.9,2026-03-20 22:46:54,Medium,Mumbai
356,4.96,58.95,2026-02-07 06:46:54,High,Bangalore
357,26.23,,2026-03-09 12:46:54,Low,Bangalore
358,23.94,195.08,2026-04-02 04:46:54,High,Ahmedabad
359,12.18,214.93,2026-03-09 20:46:54,Medium,Mumbai
360,3.16,39.32,2026-03-05 09:46:54,High,Ahmedabad
361,12.95,195.73,2026-02-20 11:46:54,Medium,Surat
362,26.43,504.75,2026-02-10 16:46:54,High,Mumbai
363,24.85,,2026-02-11 20:46:54,,Ahmedabad
364,,159.69,2026-02-21 15:46:54,High,Surat
365,15.37,221.52,2026-03-22 17:46:54,High,Mumbai
366,7.58,99.93,2026-04-03 00:46:54,Medium,Surat
367,7.99,75.03,2026-03-03 19:46:54,Low,Delhi
368,23.14,285.87,2026-03-31 04:46:54,High,Delhi
369,17.81,253.44,2026-02-06 18:46:54,High,Ahmedabad
370,18.13,193.52,2026-02-27 06:46:54,Low,Ahmedabad
371,2.0,16.41,2026-02-22 23:46:54,High,Mumbai
372,1.13,12.04,2026-03-25 04:46:54,Low,Delhi
373,14.78,275.87,2026-03-10 01:46:54,Medium,Delhi
374,8.31,76.08,2026-02-15 15:46:54,Medium,Bangalore
375,27.35,486.4,2026-03-01 23:46:54,Low,Surat
376,2.8,48.4,2026-03-26 10:46:54,High,Delhi
377,1.97,26.16,2026-03-06 01:46:54,Low,Delhi
378,4.75,56.09,2026-02-13 02:46:54,Low,Bangalore
379,18.08,,2026-03-11 03:46:54,Medium,Delhi
380,4.15,39.88,2026-03-31 16:46:54,High,Bangalore
381,,75.56,2026-03-06 21:46:54,High,Mumbai
382,2.01,,2026-02-24 04:46:54,Low,Delhi
383,10.29,188.59,2026-02-13 08:46:54,High,Ahmedabad
384,3.36,41.62,2026-04-02 18:46:54,High,Bangalore
385,1.18,21.84,2026-02-28 06:46:54,Medium,Surat
386,19.44,303.17,2026-03-10 06:46:54,High,Surat
387,5.42,89.3,2026-03-04 01:46:54,Medium,Delhi
388,23.64,390.91,2026-03-21 01:46:54,Medium,Mumbai
389,26.61,488.03,2026-03-12 15:46:54,Low,Mumbai
390,22.36,301.21,2026-02-16 23:46:54,Medium,Surat
391,9.94,86.83,2026-02-25 12:46:54,Medium,Mumbai
392,1.93,33.29,2026-03-31 22:46:54,Low,Surat
393,20.39,299.22,2026-02-10 15:46:54,Medium,Mumbai
394,26.07,,2026-03-13 06:46:54,Medium,Delhi
395,16.83,284.02,2026-04-01 06:46:54,Low,Surat
396,19.45,337.57,2026-03-20 22:46:54,Low,Delhi
397,21.35,221.01,2026-02-28 15:46:54,Medium,Bangalore
398,8.67,122.59,2026-03-01 09:46:54,Low,Mumbai
399,4.52,,2026-03-18 08:46:54,Medium,Surat
400,27.91,248.9,2026-03-30 09:46:54,Medium,Ahmedabad
401,20.09,259.21,2026-02-25 08:46:54,High,Ahmedabad
402,8.89,97.93,2026-03-23 05:46:54,Medium,Delhi
403,6.32,92.37,2026-04-02 13:46:54,High,Bangalore
404,22.98,231.84,2026-02-17 20:46:54,High,Mumbai
405,17.93,221.36,2026-03-29 18:46:54,High,Ahmedabad
406,27.75,472.11,2026-02-16 04:46:54,Low,Bangalore
407,14.87,149.11,2026-02-26 20:46:54,Low,Bangalore
408,24.34,311.51,2026-02-07 17:46:54,High,Delhi
409,1.96,19.82,2026-02-09 22:46:54,Low,Bangalore
410,21.0,245.06,2026-02-12 22:46:54,High,Delhi
411,27.15,479.51,2026-02-17 01:46:54,Medium,Ahmedabad
412,21.73,,2026-03-15 23:46:54,Low,Mumbai
413,29.51,416.1,2026-02-20 14:46:54,High,Surat
414,15.28,179.99,2026-02-09 23:46:54,Medium,Delhi
415,29.34,353.58,2026-02-09 21:46:54,Low,Delhi
416,12.06,155.0,2026-02-16 05:46:54,High,Delhi
417,13.26,180.0,2026-03-26 14:46:54,High,Ahmedabad
418,14.99,180.91,2026-04-01 01:46:54,High,Ahmedabad
419,2.13,26.18,2026-03-06 19:46:54,Low,Ahmedabad
420,28.3,385.9,2026-03-09 09:46:54,High,Bangalore
421,28.93,310.99,2026-03-13 05:46:54,High,Mumbai
422,21.88,309.75,2026-03-06 20:46:54,Medium,Surat
423,17.0,154.58,2026-03-04 11:46:54,Low,Bangalore
424,25.29,473.6,2026-03-16 10:46:54,High,Mumbai
425,12.77,222.33,2026-03-03 21:46:54,High,Ahmedabad
426,7.21,126.35,2026-03-06 14:46:54,Medium,Ahmedabad
427,2.44,21.1,2026-02-18 00:46:54,Low,Bangalore
428,23.33,430.81,2026-03-02 18:46:54,Low,Surat
429,9.48,153.0,2026-02-22 16:46:54,High,Mumbai
430,10.82,202.26,2026-02-10 19:46:54,Medium,Mumbai
431,2.13,28.68,2026-03-30 10:46:54,High,Surat
432,19.09,325.19,2026-03-09 13:46:54,Low,Delhi
433,,586.26,2026-02-16 20:46:54,High,Mumbai
434,10.29,112.78,2026-03-25 03:46:54,Low,Ahmedabad
435,22.35,202.4,2026-02-13 02:46:54,Low,Mumbai
436,25.25,263.68,2026-02-06 09:46:54,Low,Surat
437,23.42,206.59,2026-02-12 20:46:54,Low,Delhi
438,3.96,,2026-03-25 15:46:54,,Bangalore
439,26.11,407.64,2026-02-15 20:46:54,Low,Mumbai
440,1.66,33.02,2026-03-10 05:46:54,,Mumbai
441,23.47,372.86,2026-04-06 00:46:54,,Mumbai
442,10.65,,2026-03-21 02:46:54,Low,Mumbai
443,12.18,221.95,2026-03-03 03:46:54,Medium,Surat
444,8.26,87.62,2026-03-08 16:46:54,Low,Bangalore
445,28.61,418.7,2026-02-28 06:46:54,Medium,Delhi
446,14.49,280.33,2026-03-18 22:46:54,Medium,Mumbai
447,12.1,151.39,2026-03-09 10:46:54,High,Ahmedabad
448,27.55,429.26,2026-02-25 08:46:54,High,Delhi
449,26.93,1774.09,2026-03-18 06:46:54,Medium,Mumbai
450,5.31,71.24,2026-04-07 13:46:54,Low,Bangalore
451,7.23,113.25,2026-02-25 03:46:54,High,Surat
452,11.86,,2026-03-18 15:46:54,High,Mumbai
453,25.04,371.61,2026-03-24 14:46:54,Medium,Surat
454,7.26,63.92,2026-02-06 14:46:54,Medium,Bangalore
455,7.11,,2026-03-18 22:46:54,High,Delhi
456,5.95,91.16,2026-02-10 18:46:54,Medium,Bangalore
457,15.97,238.99,2026-02-25 15:46:54,High,Ahmedabad
458,10.41,185.71,2026-03-31 21:46:54,Low,Mumbai
459,,172.91,2026-02-23 08:46:54,,Mumbai
460,19.86,216.44,2026-02-17 03:46:54,Low,Surat
461,9.11,172.75,2026-03-25 18:46:54,Medium,Surat
462,22.55,336.26,2026-03-28 21:46:54,Medium,Bangalore
463,4.02,62.41,2026-03-26 01:46:54,Medium,Delhi
464,7.8,103.26,2026-02-11 19:46:54,Low,Surat
465,26.45,506.66,2026-02-23 09:46:54,Medium,Delhi
466,15.49,188.05,2026-03-18 05:46:54,Low,Mumbai
467,14.13,232.68,2026-03-13 10:46:54,Medium,Delhi
468,13.94,128.04,2026-02-13 04:46:54,Low,Bangalore
469,4.98,49.74,2026-02-05 19:46:54,,Bangalore
470,25.64,,2026-02-10 21:46:54,Low,Delhi
471,,53.83,2026-02-19 17:46:54,Medium,Delhi
472,,165.93,2026-03-17 01:46:54,High,Ahmedabad
473,22.57,287.57,2026-03-13 14:46:54,High,Delhi
474,2.23,37.71,2026-03-03 02:46:54,Medium,Mumbai
475,3.28,34.38,2026-02-15 02:46:54,High,Bangalore
476,2.58,27.06,2026-03-01 11:46:54,High,Surat
477,11.08,218.7,2026-02-27 18:46:54,Medium,Ahmedabad
478,3.56,,2026-04-07 05:46:54,High,Surat
479,12.46,189.3,2026-03-30 02:46:54,High,Surat
480,22.96,211.65,2026-02-28 18:46:54,High,Delhi
481,12.9,206.12,2026-02-19 21:46:54,High,Bangalore
482,26.41,487.88,2026-04-05 06:46:54,High,Delhi
483,2.59,20.9,2026-03-20 01:46:54,Medium,Delhi
484,28.79,517.26,2026-03-28 16:46:54,Low,Delhi
485,4.73,69.73,2026-02-07 18:46:54,High,Surat
486,15.27,217.18,2026-03-31 14:46:54,Medium,Delhi
487,25.48,388.49,2026-03-06 04:46:54,High,Surat
488,21.19,3920.18,2026-03-28 06:46:54,Low,Mumbai
489,18.99,222.04,2026-02-20 18:46:54,Medium,Delhi
490,10.62,174.27,2026-02-16 08:46:54,Medium,Mumbai
491,28.24,279.72,2026-02-26 16:46:54,High,Surat
492,,4894.63,2026-03-22 15:46:54,Medium,Delhi
493,20.79,309.54,2026-03-18 06:46:54,Low,Mumbai
494,11.74,202.95,2026-02-14 08:46:54,High,Ahmedabad
495,4.96,52.28,2026-04-06 12:46:54,Medium,Bangalore
496,7.72,124.09,2026-03-25 19:46:54,Low,Delhi
497,26.89,256.41,2026-03-01 17:46:54,Medium,Delhi
498,9.26,170.49,2026-02-25 10:46:54,High,Delhi
499,15.68,197.33,2026-02-12 21:46:54,Low,Delhi
500,28.48,440.82,2026-03-19 02:46:54,Low,Bangalore
501,8.02,132.33,2026-03-20 10:46:54,Low,Surat
502,12.09,215.45,2026-02-13 17:46:54,High,Delhi
503,18.98,166.85,2026-03-29 06:46:54,Medium,Mumbai
504,8.78,153.81,2026-03-22 00:46:54,Low,Bangalore
505,3.95,67.15,2026-02-16 23:46:54,Medium,Ahmedabad
506,12.49,247.85,2026-03-03 16:46:54,Low,Delhi
507,,59.59,2026-02-17 18:46:54,Medium,Delhi
508,1.59,,2026-03-20 05:46:54,High,Ahmedabad
509,,134.41,2026-02-12 22:46:54,Low,Surat
510,4.25,47.36,2026-02-08 20:46:54,Medium,Surat
511,24.03,443.38,2026-03-23 14:46:54,High,Ahmedabad
512,,143.83,2026-03-15 23:46:54,Low,Bangalore
513,25.46,336.61,2026-02-23 12:46:54,High,Ahmedabad
514,25.22,,2026-04-01 06:46:54,Low,Surat
515,10.94,119.87,2026-03-14 22:46:54,High,Bangalore
516,13.49,,2026-03-11 10:46:54,High,Surat
517,28.96,349.82,2026-02-16 22:46:54,Low,Delhi
518,21.47,182.81,2026-02-28 08:46:54,Low,Bangalore
519,20.46,295.12,2026-03-08 13:46:54,Low,Ahmedabad
520,1.64,28.11,2026-03-02 01:46:54,High,Surat
521,29.97,451.08,2026-02-10 04:46:54,Low,Mumbai
522,5.55,,2026-03-15 01:46:54,High,Delhi
523,,305.68,2026-03-11 15:46:54,Low,Surat
524,15.39,284.52,2026-03-27 06:46:54,Medium,Bangalore
525,11.84,229.5,2026-04-07 01:46:54,Low,Mumbai
526,27.14,517.13,2026-02-19 18:46:54,Low,Delhi
527,10.51,163.15,2026-03-31 08:46:54,Medium,Mumbai
528,10.22,147.47,2026-03-12 09:46:54,High,Bangalore
529,15.12,293.75,2026-03-12 15:46:54,High,Surat
530,12.57,129.58,2026-03-25 21:46:54,Medium,Delhi
531,6.62,123.56,2026-03-24 03:46:54,Medium,Surat
532,28.29,229.76,2026-04-04 16:46:54,Low,Mumbai
533,17.48,193.0,2026-03-18 06:46:54,Low,Surat
534,26.26,386.43,2026-03-23 07:46:54,Low,Mumbai
535,19.38,324.2,2026-02-08 03:46:54,Low,Bangalore
536,29.69,345.59,2026-02-28 21:46:54,Low,Surat
537,15.93,243.12,2026-02-08 05:46:54,Medium,Ahmedabad
538,29.32,334.85,2026-04-02 10:46:54,High,Ahmedabad
539,21.27,370.73,2026-02-22 07:46:54,High,Mumbai
540,7.01,136.63,2026-03-04 11:46:54,Medium,Bangalore
541,6.46,60.24,2026-04-04 00:46:54,High,Mumbai
542,11.66,165.1,2026-02-19 21:46:54,Medium,Ahmedabad
543,10.04,133.46,2026-03-27 09:46:54,Medium,Bangalore
544,8.76,158.69,2026-02-21 18:46:54,High,Ahmedabad
545,,47.99,2026-03-27 22:46:54,High,Delhi
546,19.11,266.87,2026-03-20 17:46:54,Low,Ahmedabad
547,3.26,,2026-02-26 12:46:54,Low,Ahmedabad
548,22.91,194.66,2026-03-09 21:46:54,Medium,Ahmedabad
549,22.63,340.61,2026-02-27 02:46:54,Low,Surat
550,11.14,162.21,2026-03-05 09:46:54,Medium,Delhi
551,16.87,250.9,2026-03-03 11:46:54,Low,Delhi
552,21.06,186.92,2026-03-23 17:46:54,Low,Surat
553,23.72,376.84,2026-03-29 16:46:54,,Mumbai
554,6.98,117.55,2026-02-16 07:46:54,High,Ahmedabad
555,16.72,275.28,2026-03-17 07:46:54,Low,Delhi
556,9.56,188.2,2026-02-26 14:46:54,Medium,Surat
557,19.07,288.13,2026-03-28 15:46:54,Medium,Mumbai
558,21.53,193.54,2026-03-20 01:46:54,Low,Surat
559,16.31,224.93,2026-03-21 16:46:54,Medium,Mumbai
560,28.56,336.34,2026-04-02 08:46:54,Medium,Mumbai
561,18.39,296.48,2026-02-12 08:46:54,Medium,Surat
562,7.71,85.68,2026-03-15 07:46:54,Medium,Bangalore
563,2.03,34.69,2026-02-17 04:46:54,,Bangalore
564,13.96,166.5,2026-02-08 19:46:54,High,Delhi
565,21.78,369.63,2026-03-20 12:46:54,High,Mumbai
566,19.82,334.28,2026-03-30 21:46:54,High,Delhi
567,6.95,59.63,2026-03-24 03:46:54,High,Mumbai
568,18.13,242.53,2026-02-07 13:46:54,Low,Delhi
569,,256.8,2026-02-12 01:46:54,Low,Ahmedabad
570,22.38,380.43,2026-02-25 14:46:54,High,Surat
571,21.79,266.17,2026-03-28 14:46:54,Medium,Surat
572,2.71,30.07,2026-03-21 00:46:54,Medium,Mumbai
573,18.13,,2026-03-05 15:46:54,High,Bangalore
574,1.08,13.63,2026-04-05 05:46:54,High,Delhi
575,7.53,113.56,2026-04-05 04:46:54,Low,Mumbai
576,20.73,376.66,2026-03-12 08:46:54,Low,Mumbai
577,4.32,63.5,2026-03-02 22:46:54,Low,Mumbai
578,11.76,192.82,2026-03-05 23:46:54,Low,Mumbai
579,26.29,224.46,2026-02-18 01:46:54,Medium,Ahmedabad
580,10.04,109.79,2026-03-01 19:46:54,Low,Surat
581,,406.02,2026-04-05 08:46:54,Low,Surat
582,24.76,468.71,2026-02-14 12:46:54,Low,Surat
583,7.41,82.83,2026-03-21 00:46:54,Low,Bangalore
584,10.41,95.81,2026-02-23 16:46:54,Low,Delhi
585,27.41,530.69,2026-03-19 04:46:54,Low,Mumbai
586,20.06,,2026-02-18 20:46:54,High,Delhi
587,27.59,451.93,2026-03-29 19:46:54,Low,Surat
588,14.46,206.73,2026-02-12 15:46:54,High,Mumbai
589,27.24,477.4,2026-04-01 03:46:54,High,Bangalore
590,28.71,435.45,2026-02-22 01:46:54,Medium,Surat
591,4.41,77.03,2026-04-02 09:46:54,Low,Bangalore
592,,341.98,2026-03-18 21:46:54,Medium,Bangalore
593,23.09,,2026-03-10 20:46:54,High,Mumbai
594,17.96,265.28,2026-02-15 14:46:54,Medium,Bangalore
595,23.99,,2026-03-12 11:46:54,High,Bangalore
596,5.52,61.28,2026-03-20 16:46:54,Low,Ahmedabad
597,24.8,333.84,2026-03-14 22:46:54,High,Delhi
598,21.82,296.67,2026-03-26 18:46:54,Low,Ahmedabad
599,16.79,161.78,2026-02-08 18:46:54,Medium,Surat
600,2.11,24.66,2026-02-28 02:46:54,Low,Surat
601,21.47,178.35,2026-03-31 00:46:54,Medium,Ahmedabad
602,16.03,211.2,2026-02-09 02:46:54,Medium,Bangalore
603,25.5,453.38,2026-03-13 00:46:54,Low,Bangalore
604,19.73,367.78,2026-04-06 22:46:54,High,Bangalore
605,29.36,265.53,2026-02-25 05:46:54,High,Mumbai
606,11.75,157.97,2026-02-13 08:46:54,Low,Ahmedabad
607,5.12,96.22,2026-03-10 23:46:54,High,Ahmedabad
608,21.26,351.25,2026-02-13 18:46:54,Low,Mumbai
609,20.41,231.85,2026-03-04 23:46:54,Medium,Bangalore
610,4.71,54.65,2026-02-18 07:46:54,Low,Surat
611,5.27,81.34,2026-02-18 08:46:54,Medium,Ahmedabad
612,5.28,98.12,2026-02-28 14:46:54,Low,Bangalore
613,15.84,222.58,2026-03-01 16:46:54,Medium,Ahmedabad
614,11.7,111.03,2026-02-16 04:46:54,Medium,Delhi
615,25.25,330.07,2026-04-01 18:46:54,Medium,Mumbai
616,21.29,398.04,2026-03-08 01:46:54,High,Surat
617,11.12,100.98,2026-02-12 03:46:54,Medium,Ahmedabad
618,26.4,392.84,2026-03-08 18:46:54,Medium,Surat
619,21.49,288.55,2026-04-04 12:46:54,Medium,Mumbai
620,7.4,101.21,2026-03-29 10:46:54,Low,Mumbai
621,2.44,,2026-04-01 17:46:54,Medium,Delhi
622,3.52,2180.25,2026-02-13 18:46:54,Medium,Bangalore
623,28.67,394.65,2026-04-03 19:46:54,Low,Mumbai
624,5.89,85.31,2026-03-07 11:46:54,Medium,Ahmedabad
625,26.9,376.09,2026-04-01 07:46:54,High,Ahmedabad
626,4.51,,2026-03-12 02:46:54,Low,Bangalore
627,21.69,373.02,2026-02-20 22:46:54,Medium,Delhi
628,3.93,71.21,2026-04-01 14:46:54,Medium,Ahmedabad
629,,111.45,2026-02-18 08:46:54,Medium,Ahmedabad
630,8.66,,2026-02-21 15:46:54,High,Surat
631,7.61,97.08,2026-03-13 07:46:54,High,Bangalore
632,11.96,160.48,2026-02-27 04:46:54,High,Ahmedabad
633,,156.75,2026-03-06 20:46:54,Medium,Mumbai
634,26.34,224.54,2026-02-25 20:46:54,High,Surat
635,13.26,115.23,2026-03-04 09:46:54,Low,Mumbai
636,12.04,220.97,2026-02-23 22:46:54,High,Mumbai
637,13.9,145.81,2026-03-14 21:46:54,High,Bangalore
638,29.54,422.67,2026-03-19 11:46:54,Low,Mumbai
639,22.09,381.07,2026-03-06 16:46:54,High,Ahmedabad
640,11.41,,2026-03-07 19:46:54,Low,Bangalore
641,8.13,127.54,2026-02-19 19:46:54,High,Surat
642,19.5,206.07,2026-04-04 16:46:54,High,Surat
643,5.75,50.53,2026-02-18 23:46:54,High,Bangalore
644,21.92,287.62,2026-04-06 14:46:54,High,Ahmedabad
645,4.69,86.9,2026-03-14 09:46:54,Low,Mumbai
646,28.54,436.7,2026-03-20 04:46:54,Low,Ahmedabad
647,1.61,26.43,2026-02-15 16:46:54,Medium,Delhi
648,17.27,330.14,2026-03-30 11:46:54,Medium,Delhi
649,5.45,63.36,2026-03-14 21:46:54,Medium,Ahmedabad
650,22.4,440.1,2026-02-17 14:46:54,High,Bangalore
651,18.3,266.15,2026-02-28 01:46:54,Medium,Bangalore
652,16.62,177.78,2026-02-17 09:46:54,Medium,Surat
653,25.12,237.25,2026-03-10 15:46:54,Low,Delhi
654,20.29,278.4,2026-03-27 19:46:54,Medium,Mumbai
655,6.08,85.51,2026-03-14 20:46:54,Low,Surat
656,8.55,69.23,2026-02-23 19:46:54,Medium,Surat
657,,261.3,2026-02-20 23:46:54,Medium,Surat
658,12.6,,2026-02-15 05:46:54,High,Delhi
659,,81.18,2026-02-05 18:46:54,Medium,Mumbai
660,23.65,238.11,2026-03-27 00:46:54,Low,Mumbai
661,19.65,320.81,2026-04-01 15:46:54,Medium,Ahmedabad
662,7.87,84.69,2026-03-14 01:46:54,High,Ahmedabad
663,,47.84,2026-03-28 14:46:54,Medium,Ahmedabad
664,8.9,,2026-03-05 02:46:54,Low,Mumbai
665,27.4,468.68,2026-02-11 10:46:54,,Surat
666,21.25,204.11,2026-03-15 21:46:54,Low,Ahmedabad
667,14.57,280.18,2026-02-17 19:46:54,High,Surat
668,13.85,238.38,2026-02-24 17:46:54,High,Bangalore
669,25.89,292.41,2026-03-04 17:46:54,Low,Bangalore
670,5.14,58.11,2026-03-15 02:46:54,High,Bangalore
671,8.27,115.64,2026-03-25 02:46:54,High,Surat
672,17.14,165.16,2026-04-01 19:46:54,Low,Mumbai
673,18.86,161.48,2026-03-27 01:46:54,Low,Ahmedabad
674,9.59,93.41,2026-03-11 20:46:54,Low,Delhi
675,28.15,417.09,2026-02-12 05:46:54,Low,Ahmedabad
676,8.99,98.84,2026-03-30 21:46:54,Low,Mumbai
677,20.72,243.2,2026-02-24 11:46:54,Medium,Surat
678,26.32,508.65,2026-03-12 00:46:54,Low,Delhi
679,14.98,164.22,2026-03-11 10:46:54,Medium,Ahmedabad
680,14.36,153.33,2026-03-04 20:46:54,Medium,Surat
681,29.44,360.4,2026-02-19 03:46:54,High,Surat
682,14.11,179.89,2026-04-02 04:46:54,Medium,Mumbai
683,28.47,273.09,2026-02-17 20:46:54,Low,Bangalore
684,28.05,475.17,2026-03-14 03:46:54,,Bangalore
685,14.64,149.89,2026-02-23 01:46:54,Medium,Delhi
686,2.21,18.89,2026-02-14 12:46:54,Medium,Ahmedabad
687,6.37,106.09,2026-02-21 19:46:54,High,Bangalore
688,22.35,264.45,2026-03-12 19:46:54,Low,Delhi
689,27.52,265.49,2026-03-31 20:46:54,Low,Ahmedabad
690,26.83,469.64,2026-03-13 04:46:54,High,Bangalore
691,10.97,123.41,2026-02-09 22:46:54,High,Bangalore
692,7.77,91.19,2026-03-12 13:46:54,High,Mumbai
693,15.93,306.61,2026-03-24 19:46:54,,Mumbai
694,3.34,40.16,2026-04-03 21:46:54,Low,Surat
695,4.33,68.97,2026-03-08 21:46:54,Low,Mumbai
696,16.67,,2026-03-04 03:46:54,Low,Bangalore
697,13.95,263.01,2026-02-22 15:46:54,High,Bangalore
698,,476.2,2026-03-01 02:46:54,High,Mumbai
699,13.19,,2026-03-21 12:46:54,Low,Surat
700,22.39,366.54,2026-03-16 09:46:54,High,Surat
701,24.95,331.5,2026-04-06 15:46:54,Low,Bangalore
702,14.62,191.62,2026-02-16 05:46:54,Medium,Bangalore
703,22.37,415.12,2026-02-14 03:46:54,High,Surat
704,22.8,236.12,2026-04-04 00:46:54,Low,Surat
705,21.86,395.2,2026-03-24 15:46:54,Low,Delhi
706,6.37,118.39,2026-03-12 18:46:54,High,Mumbai
707,24.34,278.66,2026-02-26 12:46:54,Low,Mumbai
708,12.65,173.91,2026-04-04 10:46:54,Low,Ahmedabad
709,23.39,261.11,2026-03-20 01:46:54,Low,Bangalore
710,20.86,371.13,2026-02-27 01:46:54,Medium,Bangalore
711,9.07,,2026-03-30 07:46:54,High,Surat
712,24.13,322.29,2026-02-18 15:46:54,Low,Delhi
713,3.34,44.48,2026-03-30 06:46:54,Medium,Mumbai
714,14.61,,2026-03-23 09:46:54,Medium,Mumbai
715,18.41,360.24,2026-02-23 02:46:54,Low,Delhi
716,5.49,97.55,2026-04-07 17:46:54,Medium,Delhi
717,27.2,364.61,2026-03-18 06:46:54,Low,Ahmedabad
718,5.91,95.79,2026-02-16 17:46:54,High,Bangalore
719,23.28,341.06,2026-03-09 23:46:54,Low,Mumbai
720,1.24,16.5,2026-02-24 11:46:54,Low,Delhi
721,,343.4,2026-03-20 01:46:54,High,Bangalore
722,1.24,,2026-02-19 21:46:54,Medium,Bangalore
723,18.13,333.34,2026-03-27 00:46:54,Low,Surat
724,17.97,310.45,2026-03-19 14:46:54,Medium,Ahmedabad
725,12.38,177.42,2026-02-19 13:46:54,Medium,Bangalore
726,18.02,357.22,2026-03-31 20:46:54,High,Surat
727,15.69,176.8,2026-03-24 21:46:54,Low,Ahmedabad
728,6.99,81.06,2026-02-12 18:46:54,Low,Ahmedabad
729,22.79,425.5,2026-03-18 12:46:54,High,Delhi
730,22.31,285.25,2026-04-05 12:46:54,Low,Delhi
731,14.12,148.12,2026-02-07 09:46:54,High,Ahmedabad
732,4.76,88.89,2026-03-23 09:46:54,Low,Bangalore
733,28.61,482.8,2026-04-06 20:46:54,High,Mumbai
734,,295.95,2026-02-27 23:46:54,Medium,Surat
735,7.23,118.15,2026-02-17 16:46:54,High,Ahmedabad
736,8.29,145.79,2026-02-21 22:46:54,High,Delhi
737,,,2026-03-17 05:46:54,Low,Ahmedabad
738,5.4,72.34,2026-03-05 09:46:54,Medium,Mumbai
739,6.22,64.22,2026-02-27 03:46:54,High,Surat
740,14.75,1730.33,2026-02-22 21:46:54,Medium,Delhi
741,29.2,261.94,2026-03-05 19:46:54,Low,Delhi
742,,212.57,2026-02-22 22:46:54,Low,Bangalore
743,13.7,172.18,2026-02-20 23:46:54,Low,Delhi
744,7.09,,2026-03-21 19:46:54,Low,Ahmedabad
745,3.73,47.98,2026-03-08 07:46:54,Low,Surat
746,19.87,337.61,2026-03-16 15:46:54,High,Delhi
747,16.74,144.75,2026-03-02 03:46:54,Medium,Ahmedabad
748,5.36,50.69,2026-03-01 21:46:54,High,Bangalore
749,21.04,196.42,2026-03-08 10:46:54,Medium,Delhi
750,12.14,215.15,2026-04-06 13:46:54,High,Bangalore
751,17.1,189.72,2026-03-16 06:46:54,Low,Delhi
752,5.12,90.18,2026-03-05 05:46:54,Low,Surat
753,9.73,110.01,2026-03-07 17:46:54,Low,Bangalore
754,29.1,482.1,2026-04-04 18:46:54,Medium,Bangalore
755,24.79,456.79,2026-04-06 18:46:54,Low,Surat
756,17.52,344.93,2026-04-05 19:46:54,Low,Delhi
757,21.33,214.69,2026-02-10 09:46:54,,Bangalore
758,8.82,161.4,2026-02-06 13:46:54,Low,Surat
759,16.84,247.15,2026-03-26 12:46:54,High,Delhi
760,11.48,209.42,2026-03-12 18:46:54,High,Surat
761,10.9,206.27,2026-03-26 20:46:54,Low,Mumbai
762,5.29,46.03,2026-03-25 02:46:54,Medium,Surat
763,,46.2,2026-03-20 23:46:54,High,Bangalore
764,1.89,16.1,2026-03-30 09:46:54,Medium,Bangalore
765,25.05,279.23,2026-04-01 16:46:54,Low,Surat
766,22.42,182.53,2026-02-10 13:46:54,High,Ahmedabad
767,24.08,364.03,2026-02-24 13:46:54,Medium,Surat
768,9.55,86.68,2026-04-07 03:46:54,Low,Surat
769,8.0,122.11,2026-03-29 09:46:54,High,Surat
770,16.63,147.83,2026-02-27 02:46:54,Low,Surat
771,25.98,287.07,2026-04-03 20:46:54,High,Ahmedabad
772,4.13,65.72,2026-03-16 12:46:54,Low,Bangalore
773,21.94,244.27,2026-02-20 09:46:54,Medium,Delhi
774,5.77,49.7,2026-02-28 02:46:54,Low,Bangalore
775,11.56,226.6,2026-03-24 11:46:54,High,Ahmedabad
776,2.22,20.76,2026-03-27 08:46:54,High,Delhi
777,1.33,25.97,2026-03-02 04:46:54,Low,Delhi
778,19.65,,2026-03-20 15:46:54,High,Mumbai
779,25.91,407.7,2026-02-18 09:46:54,Medium,Mumbai
780,23.3,345.51,2026-02-07 20:46:54,Medium,Mumbai
781,21.33,258.43,2026-02-19 12:46:54,High,Bangalore
782,25.86,241.08,2026-02-10 10:46:54,Medium,Bangalore
783,22.27,310.34,2026-03-24 07:46:54,Low,Ahmedabad
784,3.38,,2026-02-11 01:46:54,High,Ahmedabad
785,2.65,24.25,2026-02-06 21:46:54,Medium,Mumbai
786,4.31,76.4,2026-02-14 16:46:54,High,Bangalore
787,28.46,513.36,2026-02-21 00:46:54,Low,Delhi
788,26.32,315.43,2026-03-12 18:46:54,Medium,Delhi
789,18.8,320.25,2026-03-03 17:46:54,Medium,Ahmedabad
790,4.58,60.23,2026-02-10 10:46:54,Low,Mumbai
791,9.72,151.67,2026-03-27 07:46:54,High,Surat
792,,24.25,2026-03-22 16:46:54,Low,Delhi
793,8.6,1674.39,2026-02-13 09:46:54,Medium,Bangalore
794,10.64,158.91,2026-03-03 15:46:54,Low,Surat
795,1.86,23.43,2026-03-05 10:46:54,Medium,Surat
796,11.58,112.96,2026-04-05 05:46:54,Medium,Delhi
797,14.04,182.81,2026-03-19 07:46:54,Medium,Surat
798,23.27,322.02,2026-03-13 17:46:54,Medium,Mumbai
799,3.07,35.84,2026-02-25 05:46:54,Medium,Ahmedabad
800,18.36,210.94,2026-02-09 14:46:54,Low,Delhi
801,28.76,367.91,2026-02-10 01:46:54,Medium,Surat
802,29.33,328.21,2026-02-24 00:46:54,High,Bangalore
803,27.6,,2026-03-29 04:46:54,Medium,Ahmedabad
804,9.37,91.13,2026-02-26 14:46:54,Medium,Delhi
805,16.92,318.42,2026-03-28 22:46:54,High,Ahmedabad
806,14.64,287.08,2026-03-19 02:46:54,Low,Bangalore
807,21.67,430.18,2026-03-23 00:46:54,Low,Delhi
808,16.07,153.61,2026-02-06 08:46:54,High,Ahmedabad
809,13.45,263.37,2026-02-28 17:46:54,Medium,Ahmedabad
810,21.54,399.42,2026-03-28 07:46:54,High,Surat
811,28.86,432.34,2026-03-11 09:46:54,Low,Surat
812,15.06,253.14,2026-02-18 20:46:54,High,Bangalore
813,13.39,248.05,2026-02-11 03:46:54,Medium,Ahmedabad
814,7.66,143.98,2026-03-08 03:46:54,,Mumbai
815,7.15,115.73,2026-03-09 19:46:54,High,Delhi
816,8.5,71.09,2026-02-13 08:46:54,Medium,Surat
817,12.67,175.92,2026-03-27 10:46:54,Low,Ahmedabad
818,24.64,427.34,2026-04-03 13:46:54,Low,Bangalore
819,,16.65,2026-03-08 05:46:54,Medium,Delhi
820,23.46,370.8,2026-03-03 19:46:54,Low,Bangalore
821,14.47,161.15,2026-03-09 00:46:54,,Ahmedabad
822,27.98,403.76,2026-03-25 11:46:54,Medium,Bangalore
823,15.6,132.98,2026-03-22 22:46:54,Medium,Bangalore
824,18.08,250.59,2026-03-12 10:46:54,Low,Surat
825,16.38,153.74,2026-02-18 16:46:54,Low,Delhi
826,5.71,102.65,2026-02-13 02:46:54,Medium,Surat
827,25.41,256.57,2026-02-07 02:46:54,Low,Bangalore
828,16.16,217.65,2026-02-08 21:46:54,Low,Mumbai
829,27.37,254.18,2026-02-11 04:46:54,High,Ahmedabad
830,21.32,305.97,2026-03-09 11:46:54,Low,Surat
831,17.83,180.7,2026-02-16 19:46:54,High,Bangalore
832,24.72,255.47,2026-03-13 05:46:54,High,Mumbai
833,29.7,548.55,2026-03-20 19:46:54,,Surat
834,29.53,459.29,2026-03-31 00:46:54,Medium,Ahmedabad
835,25.58,286.88,2026-03-27 13:46:54,Medium,Mumbai
836,14.01,168.68,2026-03-28 03:46:54,High,Bangalore
837,14.29,266.12,2026-03-12 12:46:54,Low,Ahmedabad
838,3.37,57.1,2026-02-18 20:46:54,Medium,Delhi
839,23.94,289.67,2026-04-04 02:46:54,Low,Bangalore
840,25.71,235.6,2026-02-14 19:46:54,High,Delhi
841,9.96,91.11,2026-03-05 05:46:54,High,Bangalore
842,16.78,334.34,2026-03-12 19:46:54,High,Surat
843,27.7,462.27,2026-03-05 00:46:54,Medium,Delhi
844,9.78,158.39,2026-03-14 05:46:54,High,Delhi
845,15.08,150.22,2026-03-13 12:46:54,Low,Surat
846,27.9,281.69,2026-03-11 18:46:54,High,Bangalore
847,2.39,22.39,2026-02-16 22:46:54,Medium,Surat
848,28.2,516.1,2026-02-09 13:46:54,Low,Surat
849,14.93,291.88,2026-03-03 22:46:54,High,Delhi
850,11.26,138.87,2026-02-12 11:46:54,Medium,Delhi
851,4.02,73.17,2026-03-18 07:46:54,Medium,Ahmedabad
852,28.73,533.61,2026-02-14 23:46:54,High,Surat
853,29.08,334.89,2026-03-02 03:46:54,Medium,Ahmedabad
854,10.9,,2026-02-28 12:46:54,Low,Delhi
855,15.7,131.62,2026-02-07 12:46:54,High,Mumbai
856,,162.9,2026-03-06 00:46:54,,Mumbai
857,16.32,188.09,2026-02-15 10:46:54,Low,Bangalore
858,14.16,134.24,2026-03-03 11:46:54,Low,Mumbai
859,19.26,160.31,2026-03-01 06:46:54,,Ahmedabad
860,5.88,99.7,2026-02-12 19:46:54,Low,Delhi
861,9.91,88.11,2026-02-10 04:46:54,Medium,Surat
862,27.1,526.88,2026-02-15 21:46:54,Low,Mumbai
863,2.66,25.69,2026-03-08 20:46:54,Low,Surat
864,27.21,,2026-03-30 12:46:54,High,Delhi
865,27.13,506.66,2026-02-07 12:46:54,Low,Mumbai
866,24.44,426.65,2026-04-01 12:46:54,Low,Mumbai
867,23.26,352.13,2026-03-17 11:46:54,Medium,Mumbai
868,7.92,152.72,2026-02-10 21:46:54,Low,Bangalore
869,26.41,,2026-03-15 10:46:54,Low,Mumbai
870,27.5,301.98,2026-03-28 03:46:54,Medium,Surat
871,19.01,357.72,2026-02-24 03:46:54,High,Delhi
872,28.35,531.42,2026-03-23 16:46:54,High,Ahmedabad
873,21.47,308.71,2026-03-18 23:46:54,Low,Mumbai
874,9.2,166.96,2026-04-03 07:46:54,Low,Mumbai
875,24.7,,2026-04-07 12:46:54,High,Delhi
876,21.4,,2026-03-04 06:46:54,,Ahmedabad
877,23.14,270.22,2026-03-28 16:46:54,High,Bangalore
878,16.03,227.86,2026-02-18 03:46:54,High,Delhi
879,13.87,197.46,2026-02-06 16:46:54,Low,Ahmedabad
880,25.0,256.47,2026-02-16 14:46:54,High,Mumbai
881,1.87,17.85,2026-02-06 06:46:54,,Ahmedabad
882,3.82,50.09,2026-03-19 15:46:54,Medium,Mumbai
883,28.4,556.8,2026-03-23 07:46:54,Medium,Mumbai
884,11.25,98.58,2026-02-26 01:46:54,Low,Ahmedabad
885,1.12,13.92,2026-02-17 16:46:54,Low,Bangalore
886,13.95,,2026-03-25 07:46:54,Low,Mumbai
887,24.28,196.31,2026-03-15 19:46:54,High,Delhi
888,12.41,160.92,2026-02-10 21:46:54,Medium,Mumbai
889,14.99,289.4,2026-03-08 23:46:54,Low,Ahmedabad
890,9.63,125.72,2026-02-07 23:46:54,Medium,Surat
891,17.18,332.31,2026-02-09 10:46:54,Low,Bangalore
892,2.52,47.43,2026-02-19 20:46:54,Medium,Surat
893,7.79,100.15,2026-03-05 12:46:54,Low,Surat
894,9.91,182.46,2026-03-14 06:46:54,High,Mumbai
895,23.97,336.8,2026-02-16 07:46:54,Medium,Ahmedabad
896,4.66,48.47,2026-02-23 11:46:54,Low,Ahmedabad
897,4.98,,2026-03-05 00:46:54,Medium,Delhi
898,25.44,334.4,2026-02-27 05:46:54,Medium,Surat
899,19.34,,2026-03-21 20:46:54,Medium,Ahmedabad
900,5.87,,2026-03-02 23:46:54,Low,Mumbai
901,20.38,256.09,2026-02-16 02:46:54,Medium,Surat
902,27.08,529.43,2026-03-04 05:46:54,High,Delhi
903,21.69,221.16,2026-03-29 00:46:54,Medium,Ahmedabad
904,22.78,244.6,2026-03-11 08:46:54,Low,Bangalore
905,28.28,450.33,2026-03-19 16:46:54,Low,Surat
906,1.87,22.4,2026-03-25 16:46:54,Low,Bangalore
907,27.88,3052.3,2026-03-28 15:46:54,High,Bangalore
908,1.49,24.93,2026-02-22 04:46:54,Medium,Delhi
909,4.57,52.16,2026-04-04 07:46:54,Medium,Surat
910,,322.03,2026-02-06 07:46:54,Low,Mumbai
911,19.74,324.18,2026-03-12 12:46:54,,Surat
912,17.58,197.23,2026-02-07 02:46:54,High,Mumbai
913,22.89,225.71,2026-02-14 22:46:54,Low,Mumbai
914,,100.88,2026-02-27 21:46:54,Low,Delhi
915,8.12,116.36,2026-03-12 08:46:54,High,Bangalore
916,,95.45,2026-02-16 13:46:54,High,Surat
917,26.45,291.68,2026-03-26 14:46:54,High,Ahmedabad
918,4.02,55.95,2026-03-09 05:46:54,Low,Mumbai
919,6.7,67.62,2026-02-23 02:46:54,Medium,Ahmedabad
920,3.89,,2026-02-14 21:46:54,High,Ahmedabad
921,16.59,290.72,2026-02-20 20:46:54,Low,Mumbai
922,24.14,234.33,2026-03-09 16:46:54,Low,Ahmedabad
923,24.8,316.42,2026-03-11 09:46:54,Medium,Ahmedabad
924,,203.66,2026-03-19 11:46:54,High,Surat
925,14.12,145.53,2026-03-26 21:46:54,High,Surat
926,21.96,305.92,2026-04-02 07:46:54,Low,Bangalore
927,15.9,130.37,2026-03-03 04:46:54,Medium,Bangalore
928,5.92,84.63,2026-02-05 22:46:54,Low,Mumbai
929,13.14,240.88,2026-02-28 19:46:54,Medium,Bangalore
930,1.02,,2026-03-06 21:46:54,High,Bangalore
931,14.16,125.78,2026-03-10 11:46:54,Low,Bangalore
932,5.4,71.26,2026-03-05 06:46:54,Low,Ahmedabad
933,16.8,313.9,2026-02-23 00:46:54,Medium,Bangalore
934,24.52,311.79,2026-03-10 23:46:54,High,Mumbai
935,27.81,403.29,2026-03-20 14:46:54,Medium,Ahmedabad
936,18.11,322.13,2026-03-26 11:46:54,Low,Surat
937,29.25,519.42,2026-03-18 03:46:54,High,Delhi
938,16.5,277.59,2026-04-07 10:46:54,,Surat
939,13.97,214.75,2026-03-31 21:46:54,High,Bangalore
940,27.32,388.39,2026-03-28 11:46:54,Medium,Mumbai
941,23.58,378.0,2026-03-09 01:46:54,Low,Mumbai
942,5.84,79.72,2026-03-27 14:46:54,High,Surat
943,17.56,309.34,2026-02-24 02:46:54,Low,Mumbai
944,11.17,152.9,2026-03-07 17:46:54,High,Delhi
945,20.76,390.48,2026-02-14 00:46:54,Low,Ahmedabad
946,19.26,322.4,2026-02-28 07:46:54,High,Mumbai
947,21.64,369.31,2026-03-26 05:46:54,Low,Delhi
948,12.99,111.23,2026-03-04 18:46:54,High,Mumbai
949,8.96,172.23,2026-03-27 03:46:54,High,Mumbai
950,24.53,352.68,2026-04-05 19:46:54,Medium,Ahmedabad
951,22.24,389.38,2026-03-16 18:46:54,Low,Delhi
952,8.02,66.01,2026-02-17 08:46:54,Medium,Bangalore
953,25.36,406.57,2026-03-02 14:46:54,Low,Mumbai
954,1.62,27.01,2026-02-21 17:46:54,Medium,Surat
955,8.7,157.55,2026-03-01 07:46:54,Low,Ahmedabad
956,25.51,234.82,2026-03-23 09:46:54,Low,Ahmedabad
957,4.25,80.45,2026-02-20 11:46:54,High,Bangalore
958,25.59,498.73,2026-02-23 08:46:54,Medium,Bangalore
959,,342.39,2026-02-07 23:46:54,High,Surat
960,3.68,49.12,2026-03-02 01:46:54,Low,Bangalore
961,2.29,43.81,2026-03-26 15:46:54,Low,Ahmedabad
962,27.14,381.39,2026-04-03 13:46:54,Low,Bangalore
963,22.28,347.2,2026-03-15 16:46:54,Low,Surat
964,3.32,29.15,2026-02-09 08:46:54,Low,Bangalore
965,1.86,30.33,2026-03-10 16:46:54,High,Mumbai
966,16.69,147.81,2026-03-09 20:46:54,High,Surat
967,7.7,121.56,2026-02-10 04:46:54,High,Surat
968,17.25,246.21,2026-03-13 17:46:54,High,Surat
969,1.29,15.1,2026-02-06 13:46:54,Medium,Bangalore
970,,226.54,2026-03-04 17:46:54,Low,Delhi
971,,45.27,2026-04-02 08:46:54,,Ahmedabad
972,16.71,290.67,2026-03-19 17:46:54,High,Surat
973,4.92,80.75,2026-04-03 16:46:54,Medium,Delhi
974,3.59,36.48,2026-03-12 08:46:54,High,Mumbai
975,17.09,237.73,2026-03-25 22:46:54,Low,Surat
976,7.36,63.8,2026-02-27 10:46:54,High,Mumbai
977,12.67,174.24,2026-04-05 15:46:54,Medium,Bangalore
978,23.41,359.54,2026-03-03 18:46:54,Medium,Surat
979,2.64,,2026-03-16 11:46:54,Medium,Bangalore
980,4.29,50.09,2026-02-07 01:46:54,Low,Ahmedabad
981,15.36,237.26,2026-03-02 03:46:54,Low,Surat
982,,207.13,2026-03-05 23:46:54,Low,Bangalore
983,12.72,228.11,2026-03-09 14:46:54,,Surat
984,18.15,197.52,2026-04-02 21:46:54,,Delhi
985,12.08,190.59,2026-02-27 09:46:54,Medium,Ahmedabad
986,18.07,211.32,2026-02-08 03:46:54,High,Ahmedabad
987,10.11,187.73,2026-03-08 17:46:54,Medium,Mumbai
988,21.8,402.88,2026-03-25 10:46:54,High,Surat
989,1.48,,2026-02-12 08:46:54,High,Bangalore
990,24.05,396.67,2026-02-12 10:46:54,,Ahmedabad
991,22.98,405.16,2026-02-19 14:46:54,Medium,Mumbai
992,23.73,411.08,2026-02-23 13:46:54,Low,Delhi
993,18.54,223.17,2026-03-27 04:46:54,High,Mumbai
994,27.81,374.47,2026-03-03 13:46:54,Medium,Bangalore
995,4.37,44.83,2026-02-13 22:46:54,High,Delhi
996,7.0,58.29,2026-03-21 04:46:54,High,Bangalore
997,28.59,456.06,2026-02-12 12:46:54,High,Bangalore
998,14.7,212.39,2026-03-22 14:46:54,Medium,Delhi
999,17.75,2091.93,2026-02-11 01:46:54,Medium,Mumbai
1000,8.53,72.88,2026-02-21 19:46:54,Medium,Delhi
1001,26.7,,2026-02-25 17:46:54,High,Delhi
1002,11.54,174.32,2026-02-09 19:46:54,Medium,Delhi
1003,15.22,276.19,2026-02-22 19:46:54,,Bangalore
1004,25.34,,2026-04-05 05:46:54,Medium,Ahmedabad
1005,11.76,126.54,2026-03-04 05:46:54,High,Delhi
1006,11.43,192.65,2026-03-07 06:46:54,Medium,Bangalore
1007,11.56,228.53,2026-03-23 13:46:54,Medium,Mumbai
1008,19.09,303.75,2026-03-21 14:46:54,Medium,Bangalore
1009,6.29,111.7,2026-04-04 11:46:54,Low,Delhi
1010,29.95,483.82,2026-02-19 22:46:54,High,Mumbai
1011,1.31,25.82,2026-04-07 06:46:54,Medium,Delhi
1012,15.92,169.35,2026-03-06 10:46:54,High,Mumbai
1013,1.2,23.6,2026-03-03 07:46:54,Low,Mumbai
1014,17.5,293.36,2026-03-05 11:46:54,Medium,Ahmedabad
1015,7.53,61.1,2026-03-09 02:46:54,,Surat
1016,26.72,468.73,2026-03-09 00:46:54,High,Delhi
1017,9.93,,2026-03-28 10:46:54,High,Ahmedabad
1018,27.04,451.03,2026-03-11 19:46:54,High,Delhi
1019,27.55,425.68,2026-03-21 19:46:54,Low,Delhi
1020,12.58,184.23,2026-03-02 20:46:54,Low,Bangalore
1021,21.17,277.66,2026-02-23 09:46:54,High,Surat
1022,27.63,520.6,2026-02-22 22:46:54,Low,Bangalore
1023,14.93,226.49,2026-03-05 20:46:54,Low,Surat
1024,3.59,60.29,2026-02-09 21:46:54,Medium,Ahmedabad
1025,27.38,419.65,2026-03-13 11:46:54,Low,Bangalore
1026,20.72,239.41,2026-03-21 02:46:54,Medium,Delhi
1027,5.67,86.73,2026-02-28 08:46:54,Medium,Surat
1028,19.6,383.69,2026-04-03 16:46:54,Low,Delhi
1029,23.98,,2026-03-09 16:46:54,Medium,Mumbai
1030,7.44,107.14,2026-03-17 08:46:54,Medium,Bangalore
1031,20.27,284.39,2026-03-29 22:46:54,Low,Bangalore
1032,8.03,64.57,2026-02-17 18:46:54,,Bangalore
1033,13.77,263.81,2026-02-17 01:46:54,,Ahmedabad
1034,19.49,386.8,2026-02-10 23:46:54,Medium,Mumbai
1035,14.16,275.89,2026-02-07 13:46:54,Low,Bangalore
1036,29.91,526.62,2026-03-20 13:46:54,Medium,Surat
1037,,259.46,2026-03-13 11:46:54,Medium,Ahmedabad
1038,12.08,110.21,2026-03-21 03:46:54,High,Surat
1039,6.82,123.53,2026-02-09 19:46:54,High,Bangalore
1040,10.62,95.84,2026-02-23 03:46:54,Low,Surat
1041,7.75,109.96,2026-02-25 04:46:54,High,Delhi
1042,12.49,143.53,2026-03-05 00:46:54,High,Ahmedabad
1043,20.94,325.13,2026-03-03 09:46:54,Low,Mumbai
1044,15.69,248.81,2026-03-11 23:46:54,Low,Bangalore
1045,16.25,322.9,2026-02-18 00:46:54,Medium,Delhi
1046,19.16,300.12,2026-04-04 07:46:54,Low,Delhi
1047,10.76,198.22,2026-04-01 09:46:54,Medium,Delhi
1048,27.93,3760.65,2026-02-13 11:46:54,,Delhi
1049,13.73,,2026-04-01 06:46:54,High,Surat
1050,11.42,200.97,2026-03-12 19:46:54,Low,Ahmedabad
1051,24.24,372.87,2026-02-06 20:46:54,Low,Delhi
1052,27.85,336.3,2026-03-06 23:46:54,Low,Delhi
1053,14.43,4162.24,2026-03-11 19:46:54,Medium,Delhi
1054,19.08,202.84,2026-04-04 11:46:54,High,Bangalore
1055,7.38,126.16,2026-02-11 20:46:54,Medium,Mumbai
1056,7.71,99.84,2026-03-30 18:46:54,High,Bangalore
1057,17.17,155.31,2026-03-22 00:46:54,Medium,Delhi
1058,19.07,293.31,2026-03-18 01:46:54,Low,Surat
1059,24.39,,2026-02-14 18:46:54,Medium,Ahmedabad
1060,26.92,319.8,2026-02-08 21:46:54,,Mumbai
1061,21.23,206.12,2026-03-15 01:46:54,High,Bangalore
1062,11.06,200.13,2026-03-07 06:46:54,Low,Surat
1063,11.83,213.73,2026-04-07 12:46:54,Low,Surat
1064,10.74,106.44,2026-03-31 05:46:54,Medium,Bangalore
1065,17.06,,2026-02-19 10:46:54,High,Mumbai
1066,28.25,229.47,2026-03-09 01:46:54,Medium,Surat
1067,7.69,152.17,2026-02-28 14:46:54,,Bangalore
1068,3.85,35.51,2026-03-21 04:46:54,,Mumbai
1069,25.64,,2026-02-15 03:46:54,High,Ahmedabad
1070,25.22,460.46,2026-04-07 09:46:54,Medium,Delhi
1071,12.56,218.82,2026-02-13 07:46:54,Medium,Surat
1072,6.81,91.98,2026-03-15 23:46:54,Medium,Bangalore
1073,17.68,278.07,2026-03-06 23:46:54,Low,Mumbai
1074,1.72,27.44,2026-03-19 06:46:54,Low,Mumbai
1075,16.5,305.18,2026-02-19 13:46:54,Low,Surat
1076,1.07,13.2,2026-03-10 15:46:54,Medium,Surat
1077,18.74,2020.64,2026-03-10 23:46:54,High,Mumbai
1078,11.72,221.96,2026-03-16 06:46:54,High,Bangalore
1079,11.5,,2026-03-23 14:46:54,High,Delhi
1080,5.58,72.55,2026-03-21 22:46:54,High,Mumbai
1081,,167.13,2026-03-18 06:46:54,High,Mumbai
1082,3.52,43.27,2026-03-22 22:46:54,Low,Surat
1083,4.95,,2026-02-22 23:46:54,Medium,Surat
1084,12.34,197.13,2026-04-05 03:46:54,High,Surat
1085,25.32,270.6,2026-03-05 23:46:54,High,Bangalore
1086,25.18,235.87,2026-02-18 22:46:54,Low,Bangalore
1087,,30.94,2026-03-30 03:46:54,Medium,Mumbai
1088,26.17,397.07,2026-03-02 21:46:54,Medium,Delhi
1089,17.52,,2026-02-19 17:46:54,Low,Surat
1090,13.84,,2026-03-04 12:46:54,Low,Bangalore
1091,6.04,74.68,2026-04-02 01:46:54,Low,Mumbai
1092,10.63,204.74,2026-02-24 16:46:54,High,Ahmedabad
1093,15.93,149.12,2026-03-30 02:46:54,High,Bangalore
1094,1.6,15.49,2026-03-20 10:46:54,Low,Bangalore
1095,24.62,399.42,2026-02-12 15:46:54,High,Bangalore
1096,10.67,173.35,2026-02-18 20:46:54,Medium,Delhi
1097,11.0,90.17,2026-03-02 10:46:54,,Bangalore
1098,27.29,292.07,2026-02-06 11:46:54,High,Bangalore
1099,2.54,34.11,2026-04-02 08:46:54,Low,Delhi
1100,9.7,2413.08,2026-03-15 02:46:54,High,Surat
1101,1.57,31.01,2026-03-02 16:46:54,Low,Delhi
1102,7.24,,2026-03-12 02:46:54,Low,Mumbai
1103,27.4,367.4,2026-02-16 08:46:54,High,Surat
1104,10.04,196.97,2026-03-15 10:46:54,High,Mumbai
1105,23.58,292.38,2026-02-26 15:46:54,High,Delhi
1106,28.56,560.8,2026-03-17 02:46:54,High,Mumbai
1107,28.44,351.83,2026-03-05 10:46:54,Medium,Surat
1108,25.25,480.7,2026-03-11 11:46:54,High,Delhi
1109,28.57,3782.79,2026-02-26 12:46:54,High,Bangalore
1110,24.51,443.86,2026-02-09 05:46:54,,Surat
1111,16.94,154.13,2026-02-08 14:46:54,Medium,Surat
1112,14.37,128.34,2026-02-22 10:46:54,High,Mumbai
1113,15.29,,2026-03-09 15:46:54,Low,Bangalore
1114,11.0,91.17,2026-02-10 18:46:54,High,Delhi
1115,26.75,,2026-03-13 16:46:54,High,Delhi
1116,3.85,61.94,2026-03-13 17:46:54,,Delhi
1117,2.2,42.06,2026-04-07 13:46:54,Medium,Delhi
1118,28.44,423.17,2026-03-15 04:46:54,High,Mumbai
1119,26.35,327.05,2026-02-17 21:46:54,Medium,Delhi
1120,14.72,167.59,2026-04-06 14:46:54,Medium,Ahmedabad
1121,26.19,252.33,2026-03-29 21:46:54,High,Mumbai
1122,25.34,,2026-03-04 07:46:54,High,Bangalore
1123,1.87,,2026-02-19 15:46:54,High,Delhi
1124,17.75,,2026-03-18 23:46:54,Low,Delhi
1125,13.14,210.4,2026-02-13 21:46:54,Medium,Ahmedabad
1126,29.16,359.58,2026-02-24 23:46:54,Medium,Delhi
1127,6.57,77.02,2026-03-11 23:46:54,Low,Bangalore
1128,5.78,57.32,2026-03-09 17:46:54,,Ahmedabad
1129,28.39,384.6,2026-02-23 19:46:54,High,Bangalore
1130,18.13,303.34,2026-03-06 07:46:54,Low,Bangalore
1131,27.08,291.8,2026-04-02 07:46:54,Medium,Ahmedabad
1132,6.19,82.5,2026-03-17 10:46:54,High,Delhi
1133,4.18,54.71,2026-02-15 00:46:54,Low,Ahmedabad
1134,15.22,,2026-02-23 13:46:54,Medium,Ahmedabad
1135,22.73,193.65,2026-02-10 08:46:54,Medium,Mumbai
1136,18.78,192.97,2026-03-25 06:46:54,Low,Delhi
1137,4.43,,2026-02-22 17:46:54,Medium,Ahmedabad
1138,8.89,105.35,2026-03-27 23:46:54,Medium,Surat
1139,17.99,152.78,2026-02-09 05:46:54,High,Surat
1140,7.02,73.1,2026-04-05 20:46:54,High,Surat
1141,29.29,471.85,2026-03-18 10:46:54,Low,Bangalore
1142,16.71,187.11,2026-02-06 09:46:54,Low,Surat
1143,16.11,138.58,2026-03-31 14:46:54,Medium,Bangalore
1144,18.81,,2026-02-21 12:46:54,High,Delhi
1145,25.91,229.37,2026-03-15 04:46:54,Low,Surat
1146,1.33,12.88,2026-02-19 08:46:54,Low,Surat
1147,21.92,,2026-03-25 23:46:54,High,Surat
1148,27.66,539.62,2026-03-12 20:46:54,High,Mumbai
1149,6.2,55.85,2026-02-26 15:46:54,Low,Ahmedabad
1150,18.5,4765.8,2026-03-07 14:46:54,Medium,Ahmedabad
1151,7.48,70.78,2026-03-26 01:46:54,Low,Mumbai
1152,19.85,369.82,2026-03-08 12:46:54,High,Ahmedabad
1153,14.84,151.15,2026-03-05 05:46:54,High,Mumbai
1154,20.19,,2026-04-04 15:46:54,Low,Surat
1155,3.28,28.3,2026-03-19 18:46:54,Low,Ahmedabad
1156,24.55,399.02,2026-03-30 23:46:54,Medium,Surat
1157,,358.47,2026-03-20 01:46:54,Low,Surat
1158,22.85,,2026-02-23 03:46:54,Low,Bangalore
1159,10.43,149.41,2026-02-16 15:46:54,,Surat
1160,20.63,239.29,2026-02-12 01:46:54,High,Mumbai
1161,19.66,342.27,2026-02-27 13:46:54,High,Ahmedabad
1162,7.37,67.81,2026-02-12 17:46:54,High,Surat
1163,6.42,88.36,2026-03-28 16:46:54,Medium,Mumbai
1164,3.88,65.09,2026-03-25 10:46:54,,Ahmedabad
1165,11.8,,2026-03-29 06:46:54,High,Bangalore
1166,2.42,39.25,2026-03-23 10:46:54,,Surat
1167,14.67,239.9,2026-02-13 14:46:54,Low,Ahmedabad
1168,17.95,286.23,2026-02-10 21:46:54,Low,Surat
1169,29.73,557.05,2026-03-31 12:46:54,Medium,Mumbai
1170,10.59,1915.93,2026-02-19 06:46:54,Low,Surat
1171,,303.85,2026-02-14 14:46:54,Medium,Surat
1172,27.3,504.93,2026-03-19 20:46:54,High,Ahmedabad
1173,15.45,172.14,2026-03-17 07:46:54,Low,Surat
1174,6.62,123.92,2026-03-28 08:46:54,Medium,Surat
1175,7.47,94.9,2026-04-03 10:46:54,Medium,Delhi
1176,22.11,433.98,2026-02-24 14:46:54,Low,Surat
1177,1.84,34.35,2026-04-01 10:46:54,Medium,Mumbai
1178,25.51,476.4,2026-03-11 03:46:54,Low,Ahmedabad
1179,15.34,305.33,2026-02-10 00:46:54,Medium,Mumbai
1180,28.54,256.25,2026-03-07 10:46:54,High,Ahmedabad
1181,,99.7,2026-03-10 22:46:54,Medium,Ahmedabad
1182,10.82,178.95,2026-04-02 23:46:54,Medium,Bangalore
1183,24.83,331.47,2026-02-06 04:46:54,Low,Surat
1184,26.64,495.77,2026-03-29 19:46:54,Low,Delhi
1185,15.23,216.81,2026-02-15 12:46:54,Low,Bangalore
1186,12.27,240.09,2026-03-24 08:46:54,Low,Mumbai
1187,1.77,20.6,2026-03-02 03:46:54,Low,Delhi
1188,21.59,330.41,2026-02-22 09:46:54,Low,Delhi
1189,19.61,389.24,2026-03-29 20:46:54,Medium,Mumbai
1190,28.51,533.44,2026-03-28 05:46:54,,Mumbai
1191,11.3,99.25,2026-02-16 20:46:54,High,Ahmedabad
1192,12.14,190.01,2026-03-25 15:46:54,Low,Bangalore
1193,2.0,37.69,2026-02-08 23:46:54,High,Bangalore
1194,15.39,148.76,2026-03-29 10:46:54,High,Mumbai
1195,12.19,227.82,2026-04-04 21:46:54,Medium,Delhi
1196,24.27,317.2,2026-02-19 21:46:54,Medium,Mumbai
1197,1.08,13.44,2026-02-16 10:46:54,Low,Ahmedabad
1198,19.55,157.65,2026-03-21 21:46:54,Low,Ahmedabad
1199,21.4,1523.56,2026-02-15 19:46:54,High,Mumbai
1200,14.48,230.56,2026-02-12 20:46:54,Medium,Ahmedabad
1201,9.4,75.94,2026-04-01 14:46:54,Medium,Ahmedabad
1202,11.65,113.58,2026-03-19 12:46:54,Low,Mumbai
1203,26.96,,2026-03-09 04:46:54,Medium,Delhi
1204,16.33,189.85,2026-02-28 16:46:54,Low,Delhi
1205,24.73,457.25,2026-03-08 15:46:54,Low,Surat
1206,27.42,220.77,2026-02-07 02:46:54,Low,Mumbai
1207,17.39,179.58,2026-04-07 01:46:54,High,Delhi
1208,20.54,334.35,2026-03-20 04:46:54,High,Mumbai
1209,13.41,204.24,2026-02-27 21:46:54,Medium,Ahmedabad
1210,27.95,323.82,2026-04-01 05:46:54,Low,Delhi
1211,2.38,26.26,2026-02-09 14:46:54,Medium,Surat
1212,24.63,312.11,2026-04-04 20:46:54,High,Delhi
1213,2.63,,2026-03-17 08:46:54,Low,Mumbai
1214,11.73,207.87,2026-03-24 00:46:54,Low,Mumbai
1215,6.34,59.43,2026-02-16 19:46:54,,Ahmedabad
1216,25.0,383.7,2026-02-22 17:46:54,,Surat
1217,11.6,224.47,2026-02-06 23:46:54,Medium,Surat
1218,6.58,59.92,2026-03-26 19:46:54,Medium,Delhi
1219,9.44,76.43,2026-03-18 22:46:54,Low,Delhi
1220,9.67,86.81,2026-04-02 16:46:54,Low,Mumbai
1221,13.91,166.96,2026-03-21 14:46:54,Low,Surat
1222,2.12,19.64,2026-02-26 13:46:54,Low,Bangalore
1223,11.27,115.56,2026-03-24 02:46:54,High,Mumbai
1224,10.48,178.46,2026-03-05 09:46:54,High,Delhi
1225,4.47,71.99,2026-03-24 11:46:54,Medium,Delhi
1226,,103.84,2026-03-29 21:46:54,Low,Mumbai
1227,20.17,274.64,2026-02-27 14:46:54,Low,Bangalore
1228,25.38,389.49,2026-03-09 14:46:54,Low,Bangalore
1229,17.69,317.76,2026-03-02 19:46:54,Low,Ahmedabad
1230,29.38,3250.86,2026-03-13 05:46:54,Medium,Mumbai
1231,27.11,1001.95,2026-02-24 15:46:54,Low,Surat
1232,27.59,243.32,2026-02-23 20:46:54,High,Delhi
1233,25.39,314.23,2026-03-08 01:46:54,Medium,Ahmedabad
1234,17.6,279.33,2026-03-26 23:46:54,High,Delhi
1235,26.3,,2026-03-17 11:46:54,High,Mumbai
1236,29.79,310.69,2026-03-16 14:46:54,Medium,Ahmedabad
1237,25.69,404.06,2026-03-24 02:46:54,,Ahmedabad
1238,23.58,343.24,2026-03-07 04:46:54,High,Surat
1239,23.08,219.64,2026-04-02 09:46:54,,Bangalore
1240,2.28,32.35,2026-03-19 19:46:54,,Bangalore
1241,3.52,29.91,2026-03-09 20:46:54,Low,Bangalore
1242,22.98,409.39,2026-03-01 08:46:54,High,Surat
1243,25.38,321.22,2026-02-24 12:46:54,Low,Surat
1244,9.08,156.41,2026-03-22 16:46:54,Medium,Mumbai
1245,15.34,287.83,2026-02-26 14:46:54,High,Mumbai
1246,2.03,35.51,2026-03-12 19:46:54,High,Mumbai
1247,14.73,128.21,2026-04-06 20:46:54,Medium,Mumbai
1248,18.82,4313.44,2026-04-03 05:46:54,High,Delhi
1249,3.27,54.86,2026-02-11 22:46:54,Low,Mumbai
1250,10.63,192.06,2026-03-18 20:46:54,Medium,Bangalore
1251,28.97,283.78,2026-03-19 06:46:54,Low,Surat
1252,20.55,262.35,2026-02-08 03:46:54,Medium,Mumbai
1253,6.51,77.71,2026-03-20 01:46:54,Low,Mumbai
1254,2.64,43.54,2026-03-19 21:46:54,High,Delhi
1255,18.87,231.37,2026-02-06 17:46:54,High,Bangalore
1256,,59.47,2026-02-09 17:46:54,Medium,Mumbai
1257,21.16,175.06,2026-03-12 03:46:54,Medium,Ahmedabad
1258,8.98,176.92,2026-02-06 01:46:54,Medium,Bangalore
1259,11.39,183.69,2026-04-04 05:46:54,Medium,Surat
1260,25.73,470.99,2026-03-01 04:46:54,Low,Bangalore
1261,9.24,,2026-02-12 12:46:54,Medium,Ahmedabad
1262,17.32,,2026-02-18 10:46:54,Low,Mumbai
1263,15.73,170.82,2026-02-07 12:46:54,High,Mumbai
1264,26.8,385.6,2026-03-10 22:46:54,Medium,Delhi
1265,25.16,454.27,2026-02-16 06:46:54,Medium,Delhi
1266,6.3,117.97,2026-02-14 18:46:54,Medium,Mumbai
1267,11.46,213.28,2026-02-24 10:46:54,High,Mumbai
1268,19.61,167.34,2026-03-31 08:46:54,Medium,Delhi
1269,7.15,135.37,2026-03-06 20:46:54,High,Delhi
1270,29.9,366.86,2026-02-10 06:46:54,Medium,Mumbai
1271,12.26,99.88,2026-02-25 16:46:54,High,Ahmedabad
1272,5.2,83.42,2026-03-31 15:46:54,Medium,Mumbai
1273,8.16,82.13,2026-02-20 13:46:54,Low,Ahmedabad
1274,11.01,184.33,2026-02-23 04:46:54,Low,Ahmedabad
1275,12.69,237.62,2026-02-16 19:46:54,Low,Delhi
1276,28.76,414.07,2026-02-28 12:46:54,Medium,Bangalore
1277,12.18,134.99,2026-02-26 07:46:54,Medium,Surat
1278,20.46,300.32,2026-04-05 14:46:54,,Mumbai
1279,19.12,308.83,2026-03-29 09:46:54,Medium,Surat
1280,13.95,,2026-02-20 04:46:54,Medium,Surat
1281,11.74,149.51,2026-03-14 03:46:54,High,Ahmedabad
1282,,236.3,2026-03-29 18:46:54,High,Bangalore
1283,13.25,199.84,2026-03-16 04:46:54,Medium,Delhi
1284,14.63,218.12,2026-02-16 17:46:54,Low,Surat
1285,14.58,135.77,2026-03-11 18:46:54,Low,Mumbai
1286,12.07,206.56,2026-02-16 05:46:54,Low,Surat
1287,4.32,85.43,2026-02-11 23:46:54,High,Ahmedabad
1288,10.86,113.31,2026-03-24 19:46:54,Medium,Ahmedabad
1289,11.5,172.33,2026-03-30 11:46:54,Medium,Mumbai
1290,22.34,260.41,2026-03-01 21:46:54,High,Surat
1291,16.03,,2026-03-19 02:46:54,,Delhi
1292,11.63,102.45,2026-02-13 09:46:54,Medium,Bangalore
1293,4.36,60.9,2026-02-10 23:46:54,Low,Surat
1294,24.41,265.03,2026-02-24 06:46:54,High,Mumbai
1295,24.61,336.03,2026-03-10 14:46:54,Medium,Mumbai
1296,27.51,449.72,2026-04-06 20:46:54,Low,Ahmedabad
1297,19.19,381.17,2026-02-06 11:46:54,High,Bangalore
1298,19.47,318.62,2026-03-27 01:46:54,Medium,Ahmedabad
1299,,151.96,2026-02-28 00:46:54,,Mumbai
1300,24.08,378.58,2026-04-06 02:46:54,Low,Mumbai
1301,1.2,18.39,2026-02-21 16:46:54,Low,Delhi
1302,,155.56,2026-04-02 20:46:54,Medium,Surat
1303,4.9,,2026-03-06 02:46:54,Low,Delhi
1304,28.67,421.48,2026-02-14 04:46:54,Low,Surat
1305,28.08,280.66,2026-03-30 12:46:54,Low,Mumbai
1306,29.24,302.27,2026-04-03 02:46:54,Low,Surat
1307,1.91,16.85,2026-03-15 03:46:54,Medium,Mumbai
1308,,163.72,2026-03-20 21:46:54,Low,Mumbai
1309,,487.36,2026-03-12 18:46:54,,Surat
1310,20.94,405.31,2026-04-05 10:46:54,Medium,Mumbai
1311,13.29,168.41,2026-03-08 17:46:54,Low,Surat
1312,12.38,127.16,2026-03-13 14:46:54,Low,Ahmedabad
1313,14.47,164.68,2026-02-12 17:46:54,High,Ahmedabad
1314,15.32,188.27,2026-03-01 12:46:54,Low,Ahmedabad
1315,6.41,121.29,2026-04-04 10:46:54,Medium,Mumbai
1316,24.15,390.18,2026-03-14 07:46:54,Low,Bangalore
1317,10.12,164.72,2026-02-13 19:46:54,High,Mumbai
1318,15.95,275.28,2026-03-12 18:46:54,Low,Bangalore
1319,27.09,352.64,2026-03-17 23:46:54,Low,Mumbai
1320,7.5,122.87,2026-04-06 19:46:54,Medium,Ahmedabad
1321,8.11,93.0,2026-03-20 13:46:54,High,Bangalore
1322,25.76,210.31,2026-03-19 16:46:54,High,Bangalore
1323,4.23,41.2,2026-03-16 00:46:54,,Bangalore
1324,27.43,2621.73,2026-03-01 02:46:54,Low,Surat
1325,23.95,343.36,2026-03-16 06:46:54,Low,Bangalore
1326,15.53,,2026-03-03 09:46:54,Low,Ahmedabad
1327,15.67,158.23,2026-03-09 09:46:54,Low,Ahmedabad
1328,13.09,,2026-02-12 13:46:54,High,Bangalore
1329,26.43,308.53,2026-02-11 15:46:54,Medium,Mumbai
1330,23.36,288.39,2026-03-01 05:46:54,Medium,Bangalore
1331,9.85,177.71,2026-02-15 04:46:54,Low,Mumbai
1332,17.25,173.11,2026-02-27 04:46:54,Low,Delhi
1333,15.88,253.03,2026-02-07 17:46:54,Low,Bangalore
1334,6.65,77.81,2026-03-10 14:46:54,Low,Delhi
1335,14.46,233.32,2026-04-02 21:46:54,,Delhi
1336,29.53,406.9,2026-04-03 22:46:54,High,Surat
1337,,105.21,2026-03-06 14:46:54,Medium,Ahmedabad
1338,27.83,315.2,2026-03-29 20:46:54,Low,Mumbai
1339,,332.74,2026-02-11 09:46:54,High,Delhi
1340,,,2026-03-06 23:46:54,Low,Bangalore
1341,,,2026-03-15 14:46:54,High,Bangalore
1342,22.73,194.27,2026-03-25 17:46:54,Medium,Ahmedabad
1343,2.65,36.12,2026-03-24 01:46:54,Medium,Ahmedabad
1344,13.9,,2026-03-13 05:46:54,High,Delhi
1345,20.53,201.75,2026-02-09 10:46:54,Medium,Mumbai
1346,6.98,131.34,2026-04-03 02:46:54,Medium,Delhi
1347,17.4,151.47,2026-03-09 18:46:54,,Surat
1348,21.47,357.02,2026-03-24 16:46:54,High,Delhi
1349,29.26,500.41,2026-03-09 04:46:54,High,Ahmedabad
1350,,29.91,2026-03-07 02:46:54,Low,Mumbai
1351,6.08,115.81,2026-03-12 03:46:54,Medium,Ahmedabad
1352,5.82,93.17,2026-03-26 13:46:54,High,Mumbai
1353,7.39,141.86,2026-02-25 19:46:54,Medium,Delhi
1354,21.92,387.46,2026-02-14 14:46:54,Low,Surat
1355,13.78,220.88,2026-03-13 20:46:54,High,Delhi
1356,10.92,,2026-02-27 00:46:54,High,Mumbai
1357,22.26,285.83,2026-03-03 21:46:54,High,Delhi
1358,7.34,66.89,2026-04-07 04:46:54,Medium,Surat
1359,29.37,443.98,2026-02-24 21:46:54,Low,Ahmedabad
1360,13.41,107.83,2026-03-04 18:46:54,Low,Mumbai
1361,16.85,238.7,2026-02-13 06:46:54,Medium,Ahmedabad
1362,29.97,523.3,2026-03-23 17:46:54,High,Bangalore
1363,5.95,53.87,2026-03-17 05:46:54,Low,Bangalore
1364,4.33,58.05,2026-03-28 12:46:54,Medium,Surat
1365,5.07,79.87,2026-02-06 05:46:54,Medium,Mumbai
1366,4.87,55.93,2026-02-06 14:46:54,Medium,Delhi
1367,1.04,11.53,2026-03-26 13:46:54,High,Ahmedabad
1368,22.55,410.35,2026-02-23 16:46:54,Medium,Delhi
1369,22.3,,2026-02-14 15:46:54,Low,Surat
1370,17.92,,2026-03-23 09:46:54,High,Surat
1371,15.24,203.27,2026-02-26 14:46:54,High,Delhi
1372,14.89,181.79,2026-03-07 05:46:54,High,Ahmedabad
1373,20.82,284.42,2026-03-24 19:46:54,Low,Surat
1374,1.02,9.95,2026-04-01 15:46:54,Medium,Mumbai
1375,5.05,44.31,2026-03-07 08:46:54,Medium,Surat
1376,6.13,107.94,2026-03-27 21:46:54,High,Delhi
1377,19.54,318.07,2026-04-07 09:46:54,Low,Delhi
1378,10.17,173.19,2026-03-10 03:46:54,Low,Delhi
1379,14.85,267.31,2026-03-20 15:46:54,Low,Delhi
1380,,275.03,2026-03-04 14:46:54,Low,Surat
1381,17.17,189.25,2026-03-01 15:46:54,Low,Ahmedabad
1382,6.97,70.77,2026-03-10 10:46:54,Medium,Bangalore
1383,4.16,,2026-03-08 00:46:54,Low,Surat
1384,7.36,100.31,2026-03-23 05:46:54,High,Ahmedabad
1385,8.77,130.39,2026-03-24 07:46:54,Low,Bangalore
1386,22.91,203.87,2026-03-01 04:46:54,High,Surat
1387,4.73,52.8,2026-04-01 19:46:54,High,Delhi
1388,19.12,293.85,2026-03-09 10:46:54,High,Delhi
1389,25.41,307.64,2026-03-31 22:46:54,Medium,Delhi
1390,13.41,236.61,2026-02-18 22:46:54,Medium,Surat
1391,10.44,136.68,2026-04-07 16:46:54,Low,Surat
1392,6.13,56.2,2026-02-16 12:46:54,High,Ahmedabad
1393,29.37,365.89,2026-03-27 14:46:54,High,Ahmedabad
1394,17.52,,2026-02-18 04:46:54,Medium,Bangalore
1395,16.66,200.44,2026-03-20 03:46:54,Medium,Bangalore
1396,8.86,,2026-03-24 06:46:54,High,Mumbai
1397,17.24,,2026-02-14 18:46:54,High,Surat
1398,,162.78,2026-03-02 08:46:54,Low,Bangalore
1399,18.82,267.68,2026-03-24 05:46:54,Medium,Surat
1400,22.07,267.99,2026-03-26 07:46:54,Low,Bangalore
1401,16.03,309.91,2026-03-13 04:46:54,High,Delhi
1402,10.37,192.78,2026-02-09 15:46:54,Low,Surat
1403,9.72,133.12,2026-02-10 21:46:54,High,Delhi
1404,4.43,37.38,2026-04-01 02:46:54,Low,Ahmedabad
1405,20.44,256.41,2026-03-06 19:46:54,Low,Surat
1406,14.23,275.99,2026-02-19 22:46:54,Low,Ahmedabad
1407,8.87,150.2,2026-03-02 13:46:54,High,Bangalore
1408,29.38,586.79,2026-03-30 10:46:54,Medium,Delhi
1409,1.31,13.38,2026-03-06 23:46:54,Medium,Bangalore
1410,17.61,236.32,2026-02-27 08:46:54,Low,Surat
1411,28.5,276.67,2026-02-15 20:46:54,Low,Mumbai
1412,3.42,51.67,2026-02-15 09:46:54,,Bangalore
1413,17.75,287.24,2026-02-25 21:46:54,Medium,Surat
1414,19.49,222.44,2026-03-20 16:46:54,Medium,Mumbai
1415,23.68,329.43,2026-02-21 11:46:54,Medium,Surat
1416,25.73,446.95,2026-03-19 02:46:54,Low,Surat
1417,15.16,153.33,2026-03-08 15:46:54,Medium,Surat
1418,7.52,81.89,2026-02-16 06:46:54,Low,Mumbai
1419,12.74,,2026-02-28 22:46:54,Medium,Delhi
1420,2.39,25.8,2026-03-02 01:46:54,High,Ahmedabad
1421,2.39,23.55,2026-03-27 08:46:54,,Mumbai
1422,28.38,239.32,2026-03-05 01:46:54,High,Ahmedabad
1423,25.52,313.95,2026-02-21 17:46:54,Low,Ahmedabad
1424,6.43,54.94,2026-03-24 11:46:54,Medium,Ahmedabad
1425,7.02,96.54,2026-02-13 09:46:54,High,Ahmedabad
1426,1.26,19.19,2026-03-25 00:46:54,Low,Mumbai
1427,18.78,177.24,2026-03-21 06:46:54,Medium,Surat
1428,18.38,4671.44,2026-03-05 12:46:54,Low,Ahmedabad
1429,24.82,374.36,2026-04-05 05:46:54,High,Ahmedabad
1430,22.35,,2026-03-05 15:46:54,Medium,Delhi
1431,16.76,255.98,2026-03-30 13:46:54,Low,Ahmedabad
1432,19.64,328.47,2026-02-25 06:46:54,Low,Mumbai
1433,16.27,169.82,2026-02-08 00:46:54,Low,Bangalore
1434,11.81,140.41,2026-03-24 18:46:54,High,Bangalore
1435,22.05,284.55,2026-04-07 03:46:54,Low,Ahmedabad
1436,,423.51,2026-02-06 18:46:54,Low,Mumbai
1437,23.76,321.27,2026-02-05 18:46:54,Medium,Bangalore
1438,24.34,259.68,2026-02-18 13:46:54,High,Surat
1439,28.4,414.92,2026-02-07 19:46:54,Low,Mumbai
1440,25.8,223.89,2026-02-07 12:46:54,,Surat
1441,11.17,100.71,2026-03-31 12:46:54,High,Surat
1442,5.51,95.76,2026-03-21 20:46:54,Low,Mumbai
1443,17.64,271.39,2026-03-06 08:46:54,Medium,Bangalore
1444,22.99,,2026-02-27 18:46:54,High,Bangalore
1445,10.93,164.0,2026-03-12 17:46:54,Low,Mumbai
1446,23.13,195.86,2026-02-21 05:46:54,High,Delhi
1447,18.66,160.13,2026-03-21 16:46:54,Low,Ahmedabad
1448,20.8,174.47,2026-04-03 12:46:54,High,Ahmedabad
1449,26.87,461.91,2026-02-14 03:46:54,High,Ahmedabad
1450,26.45,420.67,2026-02-20 02:46:54,High,Delhi
1451,3.89,,2026-02-26 15:46:54,Low,Surat
1452,,449.82,2026-02-28 13:46:54,Low,Ahmedabad
1453,25.69,503.45,2026-03-20 11:46:54,Medium,Mumbai
1454,21.12,248.05,2026-04-05 07:46:54,Medium,Delhi
1455,7.38,127.48,2026-03-18 16:46:54,,Delhi
1456,17.35,305.71,2026-02-28 15:46:54,Medium,Bangalore
1457,20.47,206.82,2026-04-04 12:46:54,High,Delhi
1458,9.78,1712.6,2026-02-21 19:46:54,,Ahmedabad
1459,26.94,380.2,2026-04-07 05:46:54,High,Surat
1460,4.56,73.72,2026-03-04 22:46:54,Low,Bangalore
1461,28.38,316.08,2026-03-25 16:46:54,High,Mumbai
1462,10.19,95.7,2026-03-14 13:46:54,Medium,Mumbai
1463,25.18,216.21,2026-02-23 16:46:54,Low,Delhi
1464,9.16,,2026-03-19 12:46:54,Medium,Surat
1465,23.41,453.09,2026-03-01 23:46:54,Low,Surat
1466,,241.55,2026-02-21 06:46:54,High,Bangalore
1467,20.53,358.88,2026-02-05 22:46:54,High,Delhi
1468,15.19,188.13,2026-03-09 16:46:54,Low,Ahmedabad
1469,28.54,395.56,2026-03-26 22:46:54,Low,Surat
1470,26.72,335.82,2026-02-11 05:46:54,Medium,Mumbai
1471,26.93,269.3,2026-03-18 20:46:54,Medium,Delhi
1472,7.49,60.88,2026-03-25 07:46:54,Low,Bangalore
1473,27.12,233.52,2026-02-19 11:46:54,Low,Surat
1474,26.46,513.42,2026-02-25 12:46:54,Medium,Bangalore
1475,20.75,179.99,2026-03-26 11:46:54,Low,Ahmedabad
1476,16.41,156.85,2026-02-08 14:46:54,Medium,Delhi
1477,28.97,254.01,2026-02-23 13:46:54,Medium,Ahmedabad
1478,18.72,,2026-02-13 17:46:54,Medium,Mumbai
1479,19.52,,2026-02-28 21:46:54,Low,Ahmedabad
1480,16.46,256.11,2026-03-13 00:46:54,Low,Mumbai
1481,2.84,37.42,2026-02-25 05:46:54,High,Delhi
1482,23.22,318.0,2026-02-09 02:46:54,Medium,Ahmedabad
1483,28.73,231.7,2026-03-04 18:46:54,Low,Mumbai
1484,22.65,220.06,2026-03-22 17:46:54,High,Delhi
1485,5.61,58.89,2026-03-23 04:46:54,High,Delhi
1486,1.24,9.94,2026-03-12 08:46:54,High,Delhi
1487,13.74,242.8,2026-03-27 00:46:54,Low,Delhi
1488,,209.57,2026-04-07 14:46:54,Medium,Bangalore
1489,24.41,370.06,2026-03-15 00:46:54,Low,Ahmedabad
1490,21.86,329.5,2026-03-12 19:46:54,Low,Mumbai
1491,11.6,95.51,2026-02-24 03:46:54,Low,Ahmedabad
1492,29.16,356.9,2026-02-27 22:46:54,Low,Bangalore
1493,3.44,60.1,2026-03-09 00:46:54,Low,Surat
1494,12.6,243.49,2026-03-19 14:46:54,Medium,Ahmedabad
1495,2.32,19.38,2026-03-18 12:46:54,Low,Mumbai
1496,17.16,293.29,2026-03-13 00:46:54,Medium,Bangalore
1497,1.33,16.24,2026-03-07 02:46:54,High,Bangalore
1498,20.8,394.85,2026-03-04 15:46:54,High,Bangalore
1499,22.48,,2026-03-21 19:46:54,Low,Ahmedabad
1500,26.24,427.52,2026-03-30 06:46:54,High,Delhi
1501,18.59,322.26,2026-03-01 10:46:54,Low,Surat
1502,2.1,,2026-04-06 10:46:54,High,Mumbai
1503,16.73,322.86,2026-02-22 10:46:54,High,Mumbai
1504,,333.54,2026-03-13 02:46:54,Medium,Mumbai
1505,13.95,174.56,2026-04-05 15:46:54,Medium,Delhi
1506,11.61,132.96,2026-02-18 00:46:54,High,Bangalore
1507,10.59,157.47,2026-02-08 14:46:54,High,Delhi
1508,13.98,161.46,2026-03-03 04:46:54,Low,Bangalore
1509,22.74,378.12,2026-02-16 21:46:54,High,Mumbai
1510,16.05,234.57,2026-04-07 11:46:54,High,Mumbai
1511,6.83,104.69,2026-02-22 11:46:54,Medium,Surat
1512,,21.09,2026-03-31 05:46:54,Low,Ahmedabad
1513,,2293.44,2026-02-20 03:46:54,High,Bangalore
1514,12.21,237.99,2026-03-21 04:46:54,High,Delhi
1515,7.8,136.87,2026-02-25 07:46:54,High,Mumbai
1516,12.92,111.72,2026-02-07 02:46:54,Medium,Surat
1517,27.31,443.2,2026-04-01 21:46:54,Low,Ahmedabad
1518,17.98,234.09,2026-03-17 10:46:54,,Surat
1519,17.8,142.4,2026-04-04 02:46:54,Medium,Mumbai
1520,3.59,35.28,2026-04-03 00:46:54,High,Delhi
1521,14.6,264.72,2026-02-10 12:46:54,Low,Bangalore
1522,12.09,230.22,2026-02-07 19:46:54,Medium,Delhi
1523,5.59,87.22,2026-03-15 16:46:54,High,Surat
1524,18.21,269.94,2026-03-17 20:46:54,Medium,Ahmedabad
1525,7.58,75.37,2026-02-20 10:46:54,Medium,Bangalore
1526,21.79,,2026-02-11 03:46:54,High,Ahmedabad
1527,15.57,189.34,2026-04-06 22:46:54,High,Delhi
1528,21.94,334.46,2026-02-15 22:46:54,Medium,Mumbai
1529,4.98,69.01,2026-04-03 13:46:54,Medium,Bangalore
1530,7.78,106.73,2026-03-11 16:46:54,,Mumbai
1531,10.67,102.58,2026-03-01 22:46:54,Medium,Mumbai
1532,24.34,303.12,2026-02-26 08:46:54,Low,Surat
1533,11.16,218.95,2026-03-12 10:46:54,Low,Mumbai
1534,12.74,186.41,2026-03-11 09:46:54,High,Bangalore
1535,6.63,111.63,2026-03-04 12:46:54,Low,Delhi
1536,10.04,166.43,2026-03-10 12:46:54,Medium,Bangalore
1537,18.22,169.15,2026-03-22 16:46:54,High,Delhi
1538,28.1,3406.06,2026-03-25 07:46:54,Low,Surat
1539,19.19,293.24,2026-03-18 12:46:54,Low,Ahmedabad
1540,17.17,161.46,2026-04-07 06:46:54,Medium,Mumbai
1541,16.3,229.76,2026-04-01 06:46:54,High,Mumbai
1542,8.68,115.47,2026-03-09 07:46:54,Low,Surat
1543,15.39,178.76,2026-03-27 04:46:54,Medium,Bangalore
1544,5.33,43.73,2026-03-24 01:46:54,Medium,Mumbai
1545,3.16,25.78,2026-03-14 23:46:54,Medium,Delhi
1546,19.45,242.4,2026-02-21 18:46:54,Medium,Surat
1547,11.93,203.33,2026-03-31 08:46:54,High,Surat
1548,4.15,81.86,2026-02-11 18:46:54,High,Bangalore
1549,3.54,39.09,2026-02-28 18:46:54,Medium,Ahmedabad
1550,1.74,21.67,2026-02-22 01:46:54,Medium,Surat
1551,25.99,405.17,2026-02-25 19:46:54,High,Ahmedabad
1552,26.72,421.47,2026-04-02 01:46:54,Medium,Bangalore
1553,12.37,142.93,2026-03-04 17:46:54,High,Delhi
1554,2.37,,2026-02-18 12:46:54,Medium,Ahmedabad
1555,29.79,3416.5,2026-02-10 23:46:54,High,Surat
1556,29.81,418.05,2026-03-17 07:46:54,Low,Surat
1557,5.24,74.78,2026-02-15 20:46:54,Medium,Ahmedabad
1558,11.44,184.26,2026-03-23 10:46:54,High,Surat
1559,22.59,416.54,2026-04-06 11:46:54,High,Surat
1560,9.43,133.41,2026-02-13 17:46:54,Medium,Bangalore
1561,3.81,32.88,2026-03-14 20:46:54,Medium,Ahmedabad
1562,,277.35,2026-02-06 04:46:54,Medium,Bangalore
1563,25.81,292.04,2026-02-24 17:46:54,High,Delhi
1564,18.08,,2026-03-14 01:46:54,High,Ahmedabad
1565,8.29,86.08,2026-03-30 20:46:54,Medium,Delhi
1566,7.4,129.84,2026-03-10 12:46:54,High,Delhi
1567,22.55,277.66,2026-03-22 01:46:54,Medium,Mumbai
1568,9.61,168.51,2026-03-29 14:46:54,Medium,Mumbai
1569,21.13,331.03,2026-03-03 00:46:54,Medium,Surat
1570,14.32,192.24,2026-03-03 01:46:54,,Bangalore
1571,27.28,381.55,2026-03-11 01:46:54,Low,Delhi
1572,24.02,231.22,2026-03-17 11:46:54,Medium,Ahmedabad
1573,10.0,107.17,2026-03-21 02:46:54,Low,Bangalore
1574,29.48,331.45,2026-03-22 12:46:54,Low,Mumbai
1575,16.2,174.14,2026-03-16 07:46:54,Low,Mumbai
1576,,66.37,2026-02-15 19:46:54,High,Bangalore
1577,1.71,24.48,2026-02-27 06:46:54,Medium,Ahmedabad
1578,7.86,121.84,2026-03-15 00:46:54,Low,Delhi
1579,5.74,91.02,2026-03-26 06:46:54,High,Delhi
1580,15.61,162.46,2026-02-26 16:46:54,Medium,Delhi
1581,19.02,221.35,2026-02-25 17:46:54,Medium,Delhi
1582,3.57,48.47,2026-03-05 22:46:54,Low,Bangalore
1583,,91.69,2026-04-03 18:46:54,High,Ahmedabad
1584,,77.97,2026-03-13 17:46:54,High,Surat
1585,2.86,26.21,2026-02-28 07:46:54,Medium,Surat
1586,27.17,267.68,2026-03-12 11:46:54,Low,Ahmedabad
1587,23.47,409.45,2026-02-26 10:46:54,Medium,Mumbai
1588,15.89,303.89,2026-02-17 03:46:54,Low,Delhi
1589,11.35,206.25,2026-02-16 09:46:54,Medium,Delhi
1590,10.74,138.22,2026-03-23 16:46:54,Medium,Surat
1591,21.82,345.64,2026-03-04 07:46:54,Medium,Surat
1592,16.17,231.97,2026-03-19 07:46:54,High,Mumbai
1593,8.7,116.39,2026-03-01 16:46:54,Medium,Ahmedabad
1594,17.08,269.92,2026-03-13 22:46:54,,Ahmedabad
1595,18.52,315.34,2026-02-10 07:46:54,High,Ahmedabad
1596,20.54,316.56,2026-02-06 09:46:54,Medium,Mumbai
1597,22.13,375.09,2026-04-03 23:46:54,Medium,Bangalore
1598,20.78,225.66,2026-02-21 10:46:54,Low,Surat
1599,15.83,239.98,2026-04-01 19:46:54,,Bangalore
1600,14.39,3578.62,2026-03-15 06:46:54,High,Ahmedabad
1601,10.97,,2026-02-22 09:46:54,Low,Bangalore
1602,2.49,37.39,2026-03-16 10:46:54,Low,Delhi
1603,25.94,318.11,2026-02-28 19:46:54,Low,Ahmedabad
1604,10.48,,2026-02-25 21:46:54,Medium,Delhi
1605,24.03,,2026-03-21 17:46:54,Low,Delhi
1606,6.3,52.75,2026-03-05 09:46:54,Medium,Mumbai
1607,18.83,172.73,2026-02-12 20:46:54,High,Ahmedabad
1608,14.78,225.22,2026-03-25 08:46:54,High,Mumbai
1609,18.89,169.71,2026-03-25 17:46:54,Low,Delhi
1610,11.16,137.42,2026-03-16 08:46:54,High,Surat
1611,8.31,147.85,2026-03-31 19:46:54,Medium,Surat
1612,,491.12,2026-02-24 14:46:54,Low,Delhi
1613,11.02,182.7,2026-02-25 14:46:54,Medium,Delhi
1614,5.79,,2026-03-14 01:46:54,Medium,Delhi
1615,16.72,299.77,2026-03-03 09:46:54,High,Mumbai
1616,28.02,521.77,2026-03-10 14:46:54,Medium,Bangalore
1617,15.78,201.26,2026-02-08 23:46:54,High,Bangalore
1618,23.67,385.32,2026-03-21 09:46:54,,Bangalore
1619,27.21,458.48,2026-02-09 06:46:54,,Ahmedabad
1620,22.63,400.81,2026-03-24 13:46:54,Medium,Surat
1621,20.39,165.47,2026-03-22 13:46:54,Low,Mumbai
1622,23.29,203.74,2026-02-25 10:46:54,High,Surat
1623,2.28,30.75,2026-02-28 13:46:54,Low,Bangalore
1624,27.1,2180.24,2026-02-14 07:46:54,High,Delhi
1625,9.81,170.24,2026-03-13 22:46:54,High,Bangalore
1626,29.04,390.28,2026-03-19 15:46:54,High,Surat
1627,26.04,4050.35,2026-02-15 08:46:54,High,Mumbai
1628,8.04,159.77,2026-03-15 06:46:54,Low,Ahmedabad
1629,24.71,311.2,2026-04-04 01:46:54,Medium,Mumbai
1630,20.26,309.52,2026-03-09 01:46:54,High,Delhi
1631,25.29,428.79,2026-02-10 08:46:54,High,Ahmedabad
1632,29.56,258.78,2026-03-13 20:46:54,High,Delhi
1633,10.54,104.59,2026-03-13 20:46:54,High,Ahmedabad
1634,25.44,275.78,2026-03-23 06:46:54,Medium,Bangalore
1635,16.19,245.54,2026-03-15 12:46:54,Low,Mumbai
1636,2.36,22.3,2026-03-08 07:46:54,Low,Mumbai
1637,6.51,,2026-04-02 07:46:54,Low,Delhi
1638,,87.57,2026-03-22 02:46:54,Low,Ahmedabad
1639,6.9,130.29,2026-03-25 23:46:54,Low,Ahmedabad
1640,,204.22,2026-02-18 15:46:54,Low,Surat
1641,15.15,240.25,2026-03-30 20:46:54,Low,Surat
1642,8.37,139.05,2026-04-03 13:46:54,Low,Mumbai
1643,6.03,79.83,2026-02-06 04:46:54,Low,Bangalore
1644,23.3,263.16,2026-03-11 13:46:54,Medium,Bangalore
1645,21.54,349.14,2026-04-03 21:46:54,Low,Delhi
1646,23.28,367.17,2026-03-25 01:46:54,Medium,Surat
1647,21.65,252.72,2026-02-08 16:46:54,High,Bangalore
1648,,240.47,2026-03-04 19:46:54,Low,Surat
1649,6.67,54.69,2026-02-11 17:46:54,High,Surat
1650,29.29,506.85,2026-03-01 03:46:54,Low,Ahmedabad
1651,21.6,226.68,2026-04-03 04:46:54,Low,Bangalore
1652,14.11,199.62,2026-03-27 18:46:54,Medium,Ahmedabad
1653,10.42,208.28,2026-04-05 23:46:54,High,Ahmedabad
1654,11.07,102.91,2026-03-10 15:46:54,High,Mumbai
1655,2.94,42.95,2026-02-14 09:46:54,Medium,Surat
1656,2.47,19.79,2026-02-13 08:46:54,Medium,Mumbai
1657,21.08,419.69,2026-03-14 10:46:54,High,Delhi
1658,11.06,195.03,2026-02-11 14:46:54,High,Surat
1659,9.75,132.25,2026-03-10 14:46:54,,Surat
1660,24.81,371.71,2026-04-03 11:46:54,Low,Delhi
1661,10.35,101.69,2026-02-17 11:46:54,Medium,Delhi
1662,7.71,75.28,2026-03-15 02:46:54,,Mumbai
1663,17.99,203.74,2026-03-10 22:46:54,,Surat
1664,20.28,345.91,2026-03-25 13:46:54,High,Bangalore
1665,11.85,235.65,2026-02-06 01:46:54,Low,Surat
1666,1.74,34.42,2026-02-09 21:46:54,High,Delhi
1667,20.71,191.77,2026-03-21 11:46:54,Medium,Surat
1668,16.32,164.41,2026-04-01 09:46:54,Low,Bangalore
1669,9.91,117.96,2026-03-21 15:46:54,Medium,Delhi
1670,,,2026-04-02 05:46:54,High,Ahmedabad
1671,29.81,550.62,2026-02-07 22:46:54,High,Delhi
1672,18.96,219.89,2026-02-16 23:46:54,High,Bangalore
1673,1.9,,2026-03-14 15:46:54,Low,Mumbai
1674,21.29,376.74,2026-03-27 12:46:54,,Mumbai
1675,9.75,193.75,2026-03-06 10:46:54,Medium,Ahmedabad
1676,4.25,76.67,2026-03-09 23:46:54,High,Surat
1677,,78.91,2026-03-17 09:46:54,Low,Surat
1678,11.76,120.27,2026-03-20 04:46:54,,Delhi
1679,8.05,151.64,2026-03-24 02:46:54,High,Delhi
1680,4.31,72.56,2026-02-25 20:46:54,Low,Bangalore
1681,16.93,209.48,2026-02-23 02:46:54,,Surat
1682,10.53,96.56,2026-02-28 20:46:54,High,Ahmedabad
1683,29.26,265.56,2026-03-31 23:46:54,Low,Mumbai
1684,23.64,231.77,2026-03-15 17:46:54,Low,Delhi
1685,22.6,,2026-03-28 18:46:54,Medium,Delhi
1686,28.14,,2026-03-03 19:46:54,High,Mumbai
1687,8.48,,2026-03-17 14:46:54,Low,Surat
1688,19.08,301.49,2026-04-06 16:46:54,,Surat
1689,5.3,51.75,2026-02-23 00:46:54,Medium,Mumbai
1690,24.09,408.12,2026-03-14 23:46:54,High,Ahmedabad
1691,26.76,455.13,2026-02-19 06:46:54,High,Ahmedabad
1692,14.49,242.5,2026-03-27 08:46:54,High,Delhi
1693,4.29,,2026-03-20 20:46:54,Medium,Ahmedabad
1694,2.21,30.04,2026-02-07 04:46:54,Medium,Ahmedabad
1695,2.14,34.47,2026-03-28 06:46:54,Medium,Bangalore
1696,28.35,375.65,2026-03-06 03:46:54,Low,Bangalore
1697,1.77,,2026-03-31 15:46:54,High,Ahmedabad
1698,27.25,339.17,2026-03-01 08:46:54,,Surat
1699,16.66,222.32,2026-02-15 21:46:54,Medium,Surat
1700,27.52,324.99,2026-02-09 07:46:54,Low,Delhi
1701,5.97,83.95,2026-03-10 04:46:54,High,Bangalore
1702,24.33,400.99,2026-04-03 16:46:54,Medium,Bangalore
1703,13.44,135.91,2026-02-21 11:46:54,High,Mumbai
1704,25.92,218.28,2026-02-14 08:46:54,Medium,Surat
1705,8.83,,2026-02-16 12:46:54,Low,Ahmedabad
1706,21.43,420.07,2026-02-06 17:46:54,,Surat
1707,3.9,31.76,2026-02-20 02:46:54,,Mumbai
1708,24.57,449.93,2026-03-12 16:46:54,Low,Surat
1709,18.24,203.88,2026-02-07 17:46:54,Low,Surat
1710,18.63,,2026-03-19 19:46:54,Low,Delhi
1711,7.6,102.8,2026-02-10 15:46:54,Medium,Surat
1712,28.8,405.55,2026-02-24 20:46:54,Low,Ahmedabad
1713,12.06,211.78,2026-04-04 20:46:54,Low,Bangalore
1714,21.41,,2026-02-16 23:46:54,Medium,Bangalore
1715,,282.61,2026-02-07 09:46:54,Medium,Ahmedabad
1716,,,2026-02-09 11:46:54,High,Bangalore
1717,15.89,249.24,2026-03-29 03:46:54,Medium,Bangalore
1718,11.1,202.24,2026-02-19 22:46:54,,Ahmedabad
1719,16.94,174.3,2026-03-30 11:46:54,Medium,Delhi
1720,3.47,48.63,2026-03-10 01:46:54,Low,Bangalore
1721,14.26,258.95,2026-03-24 08:46:54,High,Mumbai
1722,12.24,112.23,2026-04-02 12:46:54,Medium,Delhi
1723,21.35,177.22,2026-03-12 18:46:54,High,Bangalore
1724,13.42,136.2,2026-02-24 04:46:54,Low,Mumbai
1725,25.47,266.87,2026-03-25 23:46:54,,Ahmedabad
1726,2.46,1202.71,2026-04-06 16:46:54,High,Bangalore
1727,4.9,44.55,2026-03-15 12:46:54,Medium,Surat
1728,13.55,227.28,2026-02-21 03:46:54,High,Mumbai
1729,15.07,230.12,2026-03-10 06:46:54,High,Delhi
1730,10.11,98.5,2026-02-10 00:46:54,Low,Surat
1731,5.4,99.5,2026-03-03 11:46:54,High,Mumbai
1732,2.14,23.8,2026-03-04 22:46:54,High,Delhi
1733,9.97,179.06,2026-03-15 13:46:54,Low,Surat
1734,10.84,134.79,2026-04-03 20:46:54,High,Mumbai
1735,12.46,139.72,2026-03-05 19:46:54,Medium,Surat
1736,13.14,178.34,2026-03-23 05:46:54,Medium,Delhi
1737,2.18,37.24,2026-02-23 01:46:54,Low,Ahmedabad
1738,9.6,89.56,2026-03-13 19:46:54,,Bangalore
1739,8.55,,2026-03-16 03:46:54,Low,Surat
1740,18.21,,2026-02-21 00:46:54,High,Bangalore
1741,13.0,259.29,2026-02-13 14:46:54,Low,Delhi
1742,21.79,342.12,2026-03-09 08:46:54,Low,Ahmedabad
1743,26.49,426.47,2026-03-25 21:46:54,Low,Bangalore
1744,1.82,35.15,2026-03-25 14:46:54,High,Ahmedabad
1745,,39.63,2026-03-21 04:46:54,Medium,Surat
1746,17.01,277.45,2026-03-19 19:46:54,Low,Bangalore
1747,26.07,337.49,2026-03-30 15:46:54,Medium,Bangalore
1748,10.35,143.6,2026-03-17 22:46:54,High,Mumbai
1749,3.78,40.53,2026-03-18 13:46:54,Medium,Mumbai
1750,25.87,444.9,2026-03-24 09:46:54,High,Ahmedabad
1751,23.55,212.36,2026-02-23 08:46:54,Low,Ahmedabad
1752,14.79,287.8,2026-03-28 15:46:54,High,Mumbai
1753,20.74,237.94,2026-03-20 16:46:54,,Delhi
1754,2.93,42.64,2026-02-11 12:46:54,High,Ahmedabad
1755,15.72,201.26,2026-03-13 20:46:54,High,Bangalore
1756,22.11,244.7,2026-02-23 08:46:54,,Bangalore
1757,16.81,261.82,2026-03-17 06:46:54,Medium,Surat
1758,16.59,,2026-03-31 11:46:54,High,Delhi
1759,25.7,458.29,2026-03-30 22:46:54,Low,Delhi
1760,4.84,58.85,2026-02-28 10:46:54,Medium,Ahmedabad
1761,8.66,,2026-03-13 17:46:54,Low,Surat
1762,16.21,150.37,2026-04-07 06:46:54,High,Delhi
1763,2.5,45.87,2026-03-20 17:46:54,Low,Delhi
1764,,197.99,2026-03-10 23:46:54,,Mumbai
1765,,331.84,2026-03-14 15:46:54,High,Surat
1766,24.07,366.72,2026-03-24 13:46:54,High,Ahmedabad
1767,20.27,211.44,2026-03-05 12:46:54,High,Surat
1768,4.42,74.74,2026-03-28 20:46:54,Low,Delhi
1769,1.28,12.88,2026-02-28 15:46:54,High,Delhi
1770,13.44,237.99,2026-03-03 07:46:54,High,Delhi
1771,3.61,30.98,2026-02-27 16:46:54,High,Ahmedabad
1772,22.72,283.01,2026-02-24 20:46:54,Medium,Ahmedabad
1773,13.92,161.11,2026-03-13 00:46:54,Low,Ahmedabad
1774,9.64,110.11,2026-02-26 15:46:54,Low,Mumbai
1775,18.57,288.76,2026-03-21 15:46:54,High,Bangalore
1776,21.85,377.11,2026-02-10 09:46:54,High,Mumbai
1777,8.63,165.38,2026-02-13 06:46:54,Medium,Delhi
1778,20.27,302.28,2026-03-30 08:46:54,Low,Bangalore
1779,8.62,108.21,2026-03-15 00:46:54,Low,Mumbai
1780,6.88,131.86,2026-04-03 11:46:54,,Mumbai
1781,28.19,312.43,2026-03-28 14:46:54,Low,Mumbai
1782,21.41,352.98,2026-03-23 02:46:54,High,Mumbai
1783,18.63,306.48,2026-03-03 12:46:54,Medium,Bangalore
1784,13.35,236.01,2026-03-25 21:46:54,High,Delhi
1785,10.4,142.86,2026-02-07 11:46:54,Medium,Surat
1786,11.16,,2026-03-12 16:46:54,Medium,Ahmedabad
1787,15.59,,2026-03-17 02:46:54,,Ahmedabad
1788,10.93,116.94,2026-02-19 15:46:54,High,Surat
1789,9.57,126.23,2026-04-07 00:46:54,Medium,Delhi
1790,3.24,38.67,2026-03-30 00:46:54,Low,Surat
1791,15.44,172.46,2026-04-02 00:46:54,Low,Bangalore
1792,20.27,228.25,2026-02-10 21:46:54,High,Delhi
1793,22.54,258.34,2026-02-21 11:46:54,Low,Mumbai
1794,24.75,373.26,2026-03-23 02:46:54,High,Bangalore
1795,9.21,147.5,2026-02-24 01:46:54,High,Mumbai
1796,22.41,438.17,2026-02-25 23:46:54,High,Surat
1797,4.25,34.24,2026-03-21 06:46:54,Low,Bangalore
1798,11.84,224.55,2026-03-08 14:46:54,Low,Delhi
1799,11.98,189.25,2026-02-22 18:46:54,Low,Delhi
1800,15.49,186.82,2026-04-07 14:46:54,Medium,Ahmedabad
1801,15.85,182.65,2026-03-03 01:46:54,High,Ahmedabad
1802,22.65,381.67,2026-02-20 07:46:54,Medium,Delhi
1803,2.44,22.5,2026-03-16 10:46:54,,Surat
1804,24.38,227.03,2026-03-18 01:46:54,,Surat
1805,17.65,160.04,2026-02-07 14:46:54,Medium,Delhi
1806,1.56,21.94,2026-03-09 09:46:54,Low,Ahmedabad
1807,14.48,174.65,2026-03-01 03:46:54,Medium,Ahmedabad
1808,2.87,33.71,2026-03-27 14:46:54,Medium,Mumbai
1809,23.78,318.64,2026-02-22 07:46:54,Low,Surat
1810,27.38,224.84,2026-03-13 09:46:54,Medium,Surat
1811,11.61,,2026-03-12 05:46:54,High,Bangalore
1812,4.38,44.64,2026-03-11 04:46:54,Medium,Bangalore
1813,20.13,395.99,2026-02-26 15:46:54,Medium,Bangalore
1814,3.87,53.63,2026-02-12 21:46:54,High,Delhi
1815,5.78,99.53,2026-03-21 13:46:54,Medium,Surat
1816,7.09,107.12,2026-03-25 01:46:54,,Mumbai
1817,8.68,139.36,2026-03-21 02:46:54,High,Mumbai
1818,3.86,,2026-02-23 19:46:54,Low,Delhi
1819,,105.55,2026-02-07 00:46:54,High,Surat
1820,25.53,205.03,2026-02-18 12:46:54,Medium,Mumbai
1821,16.86,,2026-02-08 23:46:54,Medium,Ahmedabad
1822,21.76,1178.68,2026-03-06 05:46:54,Medium,Mumbai
1823,12.63,,2026-03-19 09:46:54,Medium,Bangalore
1824,18.65,265.27,2026-03-30 07:46:54,High,Bangalore
1825,22.28,196.99,2026-02-10 05:46:54,Low,Mumbai
1826,3.61,53.65,2026-03-11 08:46:54,Low,Mumbai
1827,4.04,,2026-03-25 22:46:54,High,Bangalore
1828,4.42,47.55,2026-03-08 03:46:54,Medium,Surat
1829,3.04,49.56,2026-04-07 07:46:54,Medium,Bangalore
1830,3.81,61.72,2026-03-19 08:46:54,Medium,Mumbai
1831,2.06,22.41,2026-03-27 15:46:54,Low,Mumbai
1832,6.95,128.87,2026-02-28 13:46:54,Medium,Surat
1833,29.16,546.16,2026-02-21 01:46:54,Medium,Ahmedabad
1834,2.51,40.59,2026-03-20 20:46:54,,Ahmedabad
1835,13.96,235.25,2026-02-21 11:46:54,High,Ahmedabad
1836,20.23,194.39,2026-02-06 09:46:54,Low,Surat
1837,18.86,346.34,2026-03-04 19:46:54,Low,Delhi
1838,24.04,306.33,2026-03-28 04:46:54,Low,Surat
1839,3.49,57.5,2026-03-11 15:46:54,Low,Delhi
1840,15.76,257.83,2026-03-05 00:46:54,Medium,Surat
1841,16.22,194.94,2026-04-05 15:46:54,Medium,Delhi
1842,29.5,587.19,2026-03-31 01:46:54,,Surat
1843,22.82,182.87,2026-03-13 06:46:54,Low,Bangalore
1844,3.51,2592.83,2026-03-18 04:46:54,Medium,Ahmedabad
1845,10.33,,2026-03-01 11:46:54,Medium,Ahmedabad
1846,19.95,380.05,2026-03-16 02:46:54,Low,Surat
1847,1.53,14.0,2026-03-05 08:46:54,Low,Surat
1848,7.23,107.53,2026-02-19 00:46:54,High,Ahmedabad
1849,12.55,144.03,2026-03-20 02:46:54,Low,Surat
1850,15.81,270.19,2026-03-02 22:46:54,Medium,Surat
1851,27.94,391.68,2026-02-13 04:46:54,Low,Mumbai
1852,2.54,46.33,2026-03-06 02:46:54,Low,Mumbai
1853,6.28,124.7,2026-03-20 23:46:54,High,Mumbai
1854,27.25,381.79,2026-03-18 19:46:54,High,Mumbai
1855,22.22,380.65,2026-03-03 01:46:54,,Bangalore
1856,24.05,,2026-02-19 18:46:54,Low,Ahmedabad
1857,5.64,101.37,2026-03-09 06:46:54,Low,Surat
1858,16.53,,2026-03-15 06:46:54,High,Delhi
1859,,57.66,2026-02-27 18:46:54,Low,Ahmedabad
1860,5.79,60.25,2026-04-05 00:46:54,High,Bangalore
1861,21.29,257.41,2026-02-12 19:46:54,Low,Surat
1862,20.93,247.48,2026-02-14 03:46:54,High,Surat
1863,13.71,142.3,2026-04-03 18:46:54,Medium,Bangalore
1864,1.81,26.7,2026-02-15 16:46:54,Low,Delhi
1865,,,2026-03-23 22:46:54,Low,Mumbai
1866,12.11,218.85,2026-03-04 02:46:54,Low,Ahmedabad
1867,16.52,222.51,2026-03-31 10:46:54,High,Surat
1868,11.06,193.67,2026-03-03 11:46:54,Medium,Mumbai
1869,21.64,378.07,2026-04-02 15:46:54,Medium,Bangalore
1870,28.23,373.31,2026-03-18 16:46:54,Medium,Ahmedabad
1871,10.31,105.82,2026-03-14 02:46:54,Low,Ahmedabad
1872,10.86,121.01,2026-03-24 18:46:54,High,Bangalore
1873,12.85,177.1,2026-03-08 18:46:54,High,Delhi
1874,22.7,439.1,2026-02-11 01:46:54,Low,Ahmedabad
1875,28.01,348.77,2026-03-02 22:46:54,Low,Bangalore
1876,19.54,369.04,2026-03-04 18:46:54,High,Delhi
1877,19.3,,2026-02-23 03:46:54,High,Surat
1878,10.33,170.72,2026-02-07 00:46:54,Medium,Surat
1879,28.26,,2026-03-09 06:46:54,Low,Surat
1880,1.01,,2026-03-16 17:46:54,High,Mumbai
1881,13.38,186.67,2026-03-13 15:46:54,High,Surat
1882,25.03,341.39,2026-03-29 18:46:54,Medium,Bangalore
1883,12.35,,2026-04-01 23:46:54,Low,Ahmedabad
1884,3.09,53.71,2026-03-14 22:46:54,Low,Mumbai
1885,4.13,39.08,2026-04-05 00:46:54,Medium,Surat
1886,26.01,344.43,2026-04-03 10:46:54,Medium,Delhi
1887,27.64,462.15,2026-03-07 20:46:54,Low,Mumbai
1888,29.0,457.33,2026-02-15 11:46:54,Medium,Mumbai
1889,26.22,228.55,2026-02-05 19:46:54,High,Ahmedabad
1890,28.92,466.7,2026-03-31 15:46:54,High,Delhi
1891,16.6,209.1,2026-03-23 19:46:54,Low,Delhi
1892,11.23,192.1,2026-03-25 02:46:54,Medium,Surat
1893,28.64,,2026-03-20 11:46:54,Medium,Ahmedabad
1894,17.71,324.53,2026-04-05 07:46:54,High,Surat
1895,24.07,471.67,2026-03-05 22:46:54,High,Mumbai
1896,2.05,27.96,2026-03-19 12:46:54,Low,Mumbai
1897,23.41,214.58,2026-03-17 12:46:54,Low,Bangalore
1898,17.63,144.37,2026-04-01 09:46:54,Low,Surat
1899,11.65,124.39,2026-03-27 20:46:54,Medium,Mumbai
1900,15.0,257.01,2026-03-02 18:46:54,Low,Bangalore
1901,26.61,280.43,2026-03-31 15:46:54,Medium,Surat
1902,12.33,207.5,2026-03-06 01:46:54,Medium,Mumbai
1903,7.5,139.67,2026-03-18 10:46:54,Low,Ahmedabad
1904,6.88,61.98,2026-02-27 06:46:54,High,Bangalore
1905,9.59,82.54,2026-02-18 20:46:54,High,Surat
1906,13.1,179.45,2026-03-15 08:46:54,High,Mumbai
1907,15.0,133.68,2026-03-16 16:46:54,Low,Mumbai
1908,2.72,46.39,2026-02-08 22:46:54,High,Delhi
1909,24.1,4939.83,2026-02-16 03:46:54,Medium,Bangalore
1910,17.71,351.78,2026-03-15 16:46:54,High,Surat
1911,7.21,102.86,2026-03-31 10:46:54,Medium,Delhi
1912,27.95,247.31,2026-02-27 02:46:54,Low,Mumbai
1913,12.4,178.01,2026-03-20 08:46:54,High,Delhi
1914,4.51,50.02,2026-03-04 06:46:54,Low,Delhi
1915,4.16,72.56,2026-04-05 10:46:54,High,Bangalore
1916,1.73,33.31,2026-02-05 20:46:54,High,Ahmedabad
1917,29.67,569.36,2026-03-15 12:46:54,High,Mumbai
1918,28.08,507.92,2026-02-21 02:46:54,Low,Bangalore
1919,26.57,371.54,2026-02-08 05:46:54,Medium,Ahmedabad
1920,9.75,141.69,2026-02-28 20:46:54,Medium,Ahmedabad
1921,25.99,1202.94,2026-02-12 03:46:54,Low,Ahmedabad
1922,14.54,289.9,2026-02-09 22:46:54,High,Bangalore
1923,14.53,214.31,2026-02-20 00:46:54,Medium,Delhi
1924,,125.97,2026-03-03 11:46:54,High,Ahmedabad
1925,19.7,257.7,2026-03-06 20:46:54,Low,Ahmedabad
1926,1.64,19.75,2026-02-11 05:46:54,Low,Delhi
1927,13.35,224.91,2026-02-25 04:46:54,Medium,Mumbai
1928,10.25,139.84,2026-03-19 20:46:54,Medium,Bangalore
1929,22.94,268.26,2026-02-14 17:46:54,High,Bangalore
1930,17.63,244.2,2026-03-05 13:46:54,Low,Bangalore
1931,12.38,132.62,2026-03-02 03:46:54,Medium,Bangalore
1932,6.96,110.58,2026-03-31 13:46:54,Medium,Ahmedabad
1933,22.27,179.77,2026-03-27 10:46:54,Low,Bangalore
1934,8.42,158.35,2026-02-21 05:46:54,High,Delhi
1935,8.88,136.86,2026-03-02 23:46:54,Low,Ahmedabad
1936,5.01,43.07,2026-03-19 12:46:54,Medium,Surat
1937,2.86,40.0,2026-02-20 01:46:54,Medium,Ahmedabad
1938,14.72,122.34,2026-03-30 03:46:54,High,Surat
1939,23.0,388.34,2026-04-05 19:46:54,,Ahmedabad
1940,5.28,82.12,2026-02-18 12:46:54,Low,Mumbai
1941,25.05,382.18,2026-03-30 07:46:54,High,Delhi
1942,20.82,378.43,2026-03-06 21:46:54,Low,Ahmedabad
1943,8.03,91.2,2026-03-24 00:46:54,Medium,Mumbai
1944,18.77,279.13,2026-02-16 02:46:54,,Mumbai
1945,12.52,150.0,2026-02-22 01:46:54,High,Ahmedabad
1946,4.1,78.01,2026-03-22 19:46:54,Medium,Bangalore
1947,20.08,168.8,2026-02-07 12:46:54,High,Bangalore
1948,,116.44,2026-02-27 19:46:54,Low,Mumbai
1949,26.91,241.94,2026-02-06 06:46:54,Low,Surat
1950,8.6,119.96,2026-04-03 02:46:54,Low,Delhi
1951,,160.47,2026-02-13 14:46:54,Medium,Ahmedabad
1952,19.86,250.07,2026-02-28 20:46:54,,Mumbai
1953,18.82,181.34,2026-02-25 02:46:54,Low,Delhi
1954,29.3,489.15,2026-03-06 11:46:54,Medium,Mumbai
1955,10.08,116.57,2026-02-14 04:46:54,Medium,Bangalore
1956,1.93,,2026-03-10 00:46:54,,Ahmedabad
1957,21.19,371.62,2026-03-28 07:46:54,High,Delhi
1958,8.31,123.64,2026-03-18 08:46:54,High,Mumbai
1959,28.78,548.91,2026-03-16 07:46:54,Low,Surat
1960,12.22,144.17,2026-03-22 19:46:54,High,Delhi
1961,13.46,111.64,2026-02-26 03:46:54,Medium,Delhi
1962,14.64,290.36,2026-03-22 09:46:54,Low,Ahmedabad
1963,10.77,,2026-02-21 09:46:54,High,Ahmedabad
1964,3.1,37.69,2026-03-13 23:46:54,High,Mumbai
1965,1.73,16.04,2026-02-13 13:46:54,Low,Ahmedabad
1966,6.27,,2026-03-17 23:46:54,High,Ahmedabad
1967,11.29,195.85,2026-02-18 15:46:54,Low,Bangalore
1968,,165.75,2026-04-05 16:46:54,Low,Ahmedabad
1969,14.25,278.86,2026-03-28 18:46:54,Medium,Delhi
1970,24.88,211.86,2026-02-14 15:46:54,Low,Delhi
1971,17.26,319.71,2026-03-08 10:46:54,High,Bangalore
1972,19.36,310.61,2026-03-05 14:46:54,Low,Delhi
1973,29.79,281.76,2026-03-31 21:46:54,Medium,Surat
1974,10.47,107.15,2026-02-08 18:46:54,Low,Bangalore
1975,22.09,229.61,2026-02-27 19:46:54,Medium,Bangalore
1976,22.35,287.32,2026-02-07 10:46:54,High,Delhi
1977,1.65,26.76,2026-02-18 08:46:54,Medium,Delhi
1978,16.62,,2026-03-06 18:46:54,Low,Mumbai
1979,12.26,104.58,2026-03-02 18:46:54,Medium,Delhi
1980,26.11,279.37,2026-02-23 07:46:54,High,Ahmedabad
1981,28.53,,2026-03-25 17:46:54,,Mumbai
1982,14.14,247.39,2026-02-18 11:46:54,High,Ahmedabad
1983,13.8,143.53,2026-02-26 17:46:54,High,Delhi
1984,11.12,108.0,2026-02-05 20:46:54,High,Delhi
1985,3.27,64.75,2026-02-09 11:46:54,High,Ahmedabad
1986,13.04,202.83,2026-03-31 15:46:54,Low,Surat
1987,9.56,117.36,2026-03-03 10:46:54,Low,Surat
1988,26.94,227.47,2026-02-08 21:46:54,Low,Mumbai
1989,6.53,115.96,2026-04-05 06:46:54,Medium,Ahmedabad
1990,19.6,234.76,2026-02-17 10:46:54,,Mumbai
1991,17.59,164.36,2026-03-12 04:46:54,Medium,Ahmedabad
1992,18.86,239.95,2026-03-29 01:46:54,High,Surat
1993,22.51,413.6,2026-02-09 13:46:54,Low,Mumbai
1994,26.66,347.27,2026-04-02 07:46:54,High,Bangalore
1995,,209.72,2026-03-21 09:46:54,Medium,Delhi
1996,16.94,261.22,2026-03-03 12:46:54,Low,Ahmedabad
1997,27.47,287.02,2026-04-05 04:46:54,Low,Mumbai
1998,,405.34,2026-03-17 05:46:54,High,Ahmedabad
1999,2.37,29.04,2026-02-23 06:46:54,Medium,Mumbai
2000,19.02,181.99,2026-03-08 17:46:54,High,Delhi
2001,29.15,426.37,2026-03-31 10:46:54,High,Mumbai
2002,17.68,171.5,2026-03-31 18:46:54,High,Bangalore
2003,19.61,304.44,2026-03-26 07:46:54,Low,Delhi
2004,15.94,297.71,2026-03-03 07:46:54,Medium,Mumbai
2005,12.15,200.59,2026-03-05 14:46:54,Medium,Delhi
2006,8.03,151.57,2026-02-22 23:46:54,Medium,Ahmedabad
2007,5.73,93.81,2026-02-16 12:46:54,Medium,Surat
2008,13.62,250.32,2026-02-23 23:46:54,High,Ahmedabad
2009,2.12,,2026-03-02 18:46:54,Medium,Delhi
2010,20.35,234.73,2026-02-18 13:46:54,High,Surat
2011,28.92,463.34,2026-03-08 16:46:54,High,Bangalore
2012,,33.62,2026-03-16 04:46:54,Medium,Mumbai
2013,23.6,251.89,2026-04-05 16:46:54,High,Mumbai
2014,23.47,252.28,2026-03-07 06:46:54,Medium,Bangalore
2015,7.48,141.96,2026-02-08 16:46:54,Low,Mumbai
2016,12.4,143.01,2026-03-30 18:46:54,High,Delhi
2017,18.16,236.11,2026-02-18 09:46:54,,Delhi
2018,9.7,140.25,2026-02-18 03:46:54,Low,Bangalore
2019,7.07,87.5,2026-03-18 06:46:54,,Bangalore
2020,,310.0,2026-02-07 22:46:54,High,Mumbai
2021,2.68,37.84,2026-03-02 12:46:54,High,Ahmedabad
2022,20.19,164.01,2026-02-26 09:46:54,High,Surat
2023,19.83,177.53,2026-03-03 05:46:54,Low,Delhi
2024,7.91,72.97,2026-03-08 22:46:54,Low,Ahmedabad
2025,3.12,26.64,2026-02-06 12:46:54,Low,Surat
2026,27.26,274.35,2026-02-26 02:46:54,Low,Surat
2027,17.36,259.37,2026-02-05 23:46:54,Medium,Surat
2028,22.26,256.62,2026-04-06 07:46:54,,Ahmedabad
2029,23.63,4396.57,2026-03-15 15:46:54,Medium,Bangalore
2030,28.47,509.13,2026-03-08 17:46:54,High,Delhi
2031,25.87,450.71,2026-02-20 19:46:54,Low,Surat
2032,15.83,269.05,2026-03-08 04:46:54,Medium,Ahmedabad
2033,1.77,23.97,2026-03-19 01:46:54,Low,Surat
2034,29.33,504.16,2026-04-05 22:46:54,Medium,Bangalore
2035,21.67,183.62,2026-02-10 11:46:54,High,Surat
2036,15.53,279.92,2026-03-03 15:46:54,High,Delhi
2037,9.25,145.03,2026-03-11 16:46:54,High,Surat
2038,9.75,81.57,2026-04-07 06:46:54,High,Mumbai
2039,15.55,146.95,2026-02-15 10:46:54,Low,Ahmedabad
2040,13.84,230.69,2026-02-13 11:46:54,Medium,Bangalore
2041,2.64,51.92,2026-04-07 16:46:54,Low,Delhi
2042,18.18,247.33,2026-03-02 09:46:54,Low,Ahmedabad
2043,9.48,85.94,2026-03-21 14:46:54,High,Surat
2044,10.63,110.15,2026-02-10 10:46:54,Low,Ahmedabad
2045,12.47,233.62,2026-02-20 18:46:54,Low,Delhi
2046,21.02,397.34,2026-03-04 15:46:54,Medium,Delhi
2047,9.45,178.56,2026-03-15 10:46:54,Low,Mumbai
2048,10.37,148.98,2026-02-05 18:46:54,Low,Mumbai
2049,6.26,66.08,2026-03-10 14:46:54,Medium,Ahmedabad
2050,10.11,122.15,2026-03-30 06:46:54,High,Ahmedabad
2051,21.48,218.12,2026-02-08 00:46:54,Medium,Delhi
2052,10.96,113.55,2026-04-02 08:46:54,High,Mumbai
2053,19.06,,2026-03-15 06:46:54,Low,Delhi
2054,21.57,1486.2,2026-02-06 10:46:54,Medium,Surat
2055,25.62,305.23,2026-03-17 16:46:54,High,Ahmedabad
2056,4.14,36.94,2026-03-26 20:46:54,Low,Bangalore
2057,26.31,475.56,2026-03-13 04:46:54,High,Delhi
2058,4.85,89.05,2026-03-13 00:46:54,High,Bangalore
2059,25.41,384.68,2026-02-11 14:46:54,,Mumbai
2060,18.66,177.21,2026-02-16 00:46:54,Medium,Ahmedabad
2061,13.87,188.18,2026-02-26 09:46:54,Medium,Bangalore
2062,25.85,256.19,2026-03-31 08:46:54,Low,Delhi
2063,15.79,144.42,2026-03-04 10:46:54,Low,Bangalore
2064,7.09,104.56,2026-04-05 19:46:54,Medium,Mumbai
2065,25.05,366.57,2026-02-28 08:46:54,High,Delhi
2066,,484.17,2026-04-05 03:46:54,Low,Surat
2067,22.48,235.63,2026-03-09 01:46:54,Medium,Mumbai
2068,5.12,69.01,2026-03-21 10:46:54,High,Delhi
2069,14.5,169.8,2026-04-07 15:46:54,Medium,Ahmedabad
2070,5.67,85.09,2026-02-16 19:46:54,High,Ahmedabad
2071,5.13,58.23,2026-03-24 08:46:54,Medium,Surat
2072,15.52,237.42,2026-03-04 13:46:54,Medium,Bangalore
2073,5.36,86.7,2026-03-09 02:46:54,Low,Bangalore
2074,13.96,115.59,2026-03-02 16:46:54,Low,Ahmedabad
2075,21.14,369.85,2026-02-28 08:46:54,Medium,Bangalore
2076,18.24,222.99,2026-03-14 08:46:54,Medium,Delhi
2077,1.22,13.11,2026-03-25 10:46:54,Low,Surat
2078,19.44,,2026-03-06 15:46:54,Low,Bangalore
2079,23.43,301.75,2026-02-20 19:46:54,High,Bangalore
2080,12.46,,2026-02-16 20:46:54,Medium,Mumbai
2081,14.77,226.72,2026-03-10 07:46:54,Low,Delhi
2082,4.72,43.61,2026-03-06 02:46:54,High,Ahmedabad
2083,17.65,334.02,2026-03-03 21:46:54,High,Mumbai
2084,12.07,158.25,2026-03-29 01:46:54,Medium,Delhi
2085,12.96,127.18,2026-03-18 02:46:54,Medium,Delhi
2086,26.99,517.53,2026-03-12 09:46:54,Low,Bangalore
2087,8.94,111.46,2026-03-03 03:46:54,Low,Mumbai
2088,11.72,145.66,2026-02-27 18:46:54,Low,Bangalore
2089,17.45,162.68,2026-04-07 09:46:54,Medium,Ahmedabad
2090,19.24,334.95,2026-02-06 22:46:54,Medium,Bangalore
2091,,299.82,2026-04-03 03:46:54,High,Surat
2092,27.1,526.93,2026-04-03 07:46:54,,Mumbai
2093,12.14,221.89,2026-02-28 06:46:54,Medium,Mumbai
2094,20.82,,2026-03-23 09:46:54,High,Ahmedabad
2095,22.08,,2026-03-12 05:46:54,Low,Ahmedabad
2096,11.15,93.84,2026-04-04 09:46:54,Low,Mumbai
2097,19.39,301.83,2026-03-26 22:46:54,Low,Ahmedabad
2098,,206.59,2026-02-09 07:46:54,,Surat
2099,20.62,367.16,2026-02-06 13:46:54,High,Ahmedabad
2100,16.48,174.66,2026-03-13 02:46:54,High,Surat
2101,14.78,201.97,2026-02-23 11:46:54,Medium,Delhi
2102,17.99,357.9,2026-03-22 02:46:54,Low,Surat
2103,3.01,56.62,2026-02-23 11:46:54,High,Bangalore
2104,12.8,111.09,2026-04-04 21:46:54,High,Bangalore
2105,25.48,486.93,2026-03-10 20:46:54,Medium,Bangalore
2106,25.86,456.75,2026-03-21 08:46:54,High,Surat
2107,19.63,301.72,2026-02-24 18:46:54,,Mumbai
2108,3.96,47.3,2026-03-03 13:46:54,Low,Ahmedabad
2109,7.97,70.86,2026-04-06 18:46:54,Low,Mumbai
2110,,286.38,2026-03-01 02:46:54,Low,Delhi
2111,12.74,4198.72,2026-03-16 02:46:54,High,Ahmedabad
2112,11.25,207.07,2026-03-26 12:46:54,High,Mumbai
2113,10.31,197.54,2026-02-10 08:46:54,Low,Delhi
2114,15.83,177.36,2026-03-19 15:46:54,High,Delhi
2115,3.99,45.4,2026-02-28 15:46:54,Medium,Bangalore
2116,21.9,367.22,2026-03-29 15:46:54,High,Delhi
2117,12.24,,2026-03-09 05:46:54,Medium,Surat
2118,17.22,256.52,2026-03-26 04:46:54,High,Ahmedabad
2119,25.02,327.48,2026-03-11 21:46:54,Medium,Delhi
2120,8.91,,2026-03-10 21:46:54,Low,Bangalore
2121,27.53,441.9,2026-03-06 17:46:54,Medium,Bangalore
2122,5.85,,2026-03-11 17:46:54,Medium,Surat
2123,6.82,70.52,2026-04-01 01:46:54,,Bangalore
2124,22.65,405.43,2026-02-22 07:46:54,Low,Surat
2125,8.01,,2026-02-24 11:46:54,Medium,Mumbai
2126,3.35,56.82,2026-03-07 12:46:54,High,Delhi
2127,9.27,,2026-02-18 23:46:54,Low,Bangalore
2128,9.4,132.0,2026-03-11 03:46:54,High,Bangalore
2129,25.79,386.29,2026-03-07 10:46:54,Medium,Ahmedabad
2130,1.86,,2026-03-21 09:46:54,High,Surat
2131,6.83,71.68,2026-02-20 13:46:54,Low,Ahmedabad
2132,1.62,22.49,2026-03-01 22:46:54,High,Bangalore
2133,,125.84,2026-03-23 18:46:54,Medium,Ahmedabad
2134,7.28,127.4,2026-02-24 06:46:54,High,Surat
2135,27.54,254.27,2026-02-07 18:46:54,Low,Delhi
2136,11.46,165.1,2026-03-01 18:46:54,High,Bangalore
2137,12.35,,2026-03-07 01:46:54,Low,Surat
2138,25.28,378.34,2026-03-07 16:46:54,Low,Delhi
2139,20.99,293.51,2026-03-20 09:46:54,Low,Delhi
2140,20.67,326.58,2026-03-04 01:46:54,Medium,Delhi
2141,29.95,369.67,2026-03-17 05:46:54,Low,Surat
2142,18.98,373.15,2026-03-03 07:46:54,Medium,Bangalore
2143,24.15,325.61,2026-02-28 10:46:54,Low,Ahmedabad
2144,23.88,464.92,2026-03-16 11:46:54,Medium,Bangalore
2145,27.69,483.94,2026-03-03 10:46:54,High,Ahmedabad
2146,,459.99,2026-03-29 11:46:54,Low,Ahmedabad
2147,26.89,241.71,2026-04-03 06:46:54,Medium,Surat
2148,9.06,96.91,2026-02-16 13:46:54,High,Delhi
2149,7.9,131.13,2026-02-22 22:46:54,Low,Mumbai
2150,10.45,138.11,2026-02-24 04:46:54,Medium,Bangalore
2151,4.89,81.79,2026-02-14 16:46:54,Low,Ahmedabad
2152,24.93,317.25,2026-02-10 20:46:54,Low,Ahmedabad
2153,6.72,64.47,2026-02-12 09:46:54,Medium,Bangalore
2154,5.27,96.46,2026-02-08 15:46:54,High,Surat
2155,9.55,115.35,2026-03-23 08:46:54,Low,Mumbai
2156,11.57,123.48,2026-02-21 16:46:54,High,Mumbai
2157,,,2026-03-18 16:46:54,Medium,Ahmedabad
2158,12.04,,2026-02-15 03:46:54,High,Delhi
2159,11.65,147.91,2026-03-31 15:46:54,Low,Surat
2160,16.47,202.65,2026-02-19 16:46:54,Low,Mumbai
2161,2.27,,2026-02-26 02:46:54,Medium,Ahmedabad
2162,22.4,206.18,2026-03-08 06:46:54,Medium,Delhi
2163,1.13,22.37,2026-04-02 12:46:54,Medium,Mumbai
2164,11.8,107.01,2026-02-21 22:46:54,Low,Bangalore
2165,24.33,408.52,2026-03-01 03:46:54,High,Surat
2166,28.47,432.61,2026-03-15 15:46:54,Low,Surat
2167,22.8,182.59,2026-02-19 05:46:54,Medium,Surat
2168,22.35,,2026-02-08 06:46:54,Medium,Surat
2169,29.36,328.51,2026-02-13 17:46:54,High,Delhi
2170,15.12,197.46,2026-03-25 16:46:54,High,Surat
2171,28.42,,2026-04-06 10:46:54,High,Ahmedabad
2172,10.01,134.26,2026-03-01 09:46:54,Medium,Surat
2173,22.38,,2026-02-08 07:46:54,High,Ahmedabad
2174,10.28,122.53,2026-04-04 15:46:54,Medium,Delhi
2175,12.75,172.81,2026-02-14 17:46:54,Low,Mumbai
2176,7.03,61.73,2026-02-06 09:46:54,High,Mumbai
2177,7.17,69.42,2026-03-11 22:46:54,Medium,Surat
2178,9.57,80.3,2026-02-20 15:46:54,Low,Bangalore
2179,3.5,59.95,2026-02-26 14:46:54,Medium,Ahmedabad
2180,29.83,343.22,2026-03-17 11:46:54,Low,Delhi
2181,9.2,151.99,2026-03-12 12:46:54,High,Ahmedabad
2182,,274.61,2026-02-27 07:46:54,Low,Delhi
2183,15.39,,2026-03-04 09:46:54,Medium,Surat
2184,25.21,487.11,2026-02-08 22:46:54,Medium,Delhi
2185,10.88,142.53,2026-03-23 11:46:54,High,Ahmedabad
2186,16.71,222.97,2026-02-21 05:46:54,Low,Bangalore
2187,15.22,267.71,2026-03-04 09:46:54,High,Surat
2188,13.51,199.12,2026-02-24 10:46:54,Low,Delhi
2189,18.61,165.12,2026-03-04 04:46:54,High,Mumbai
2190,14.13,250.77,2026-03-11 15:46:54,High,Delhi
2191,28.08,258.95,2026-02-08 21:46:54,High,Surat
2192,22.6,312.98,2026-03-28 00:46:54,Low,Ahmedabad
2193,8.25,116.01,2026-02-16 22:46:54,High,Delhi
2194,29.78,,2026-02-10 18:46:54,High,Bangalore
2195,29.05,549.57,2026-03-13 19:46:54,Low,Ahmedabad
2196,19.99,229.37,2026-03-08 04:46:54,Low,Ahmedabad
2197,13.71,130.56,2026-03-25 22:46:54,Low,Ahmedabad
2198,4.23,35.15,2026-03-01 13:46:54,Low,Mumbai
2199,19.56,,2026-03-09 15:46:54,,Ahmedabad
2200,17.0,1614.71,2026-03-13 03:46:54,,Ahmedabad
2201,7.72,152.52,2026-03-18 08:46:54,Medium,Delhi
2202,3.99,77.07,2026-02-12 16:46:54,Low,Surat
2203,22.94,406.22,2026-03-16 10:46:54,Low,Mumbai
2204,7.66,73.83,2026-03-31 10:46:54,Low,Ahmedabad
2205,15.58,163.83,2026-04-06 05:46:54,Low,Surat
2206,29.52,489.59,2026-03-12 10:46:54,Low,Mumbai
2207,3.96,55.89,2026-03-05 04:46:54,Medium,Bangalore
2208,26.7,228.35,2026-03-28 18:46:54,Medium,Bangalore
2209,10.19,90.03,2026-04-03 05:46:54,High,Surat
2210,25.31,237.35,2026-03-12 20:46:54,,Surat
2211,21.05,260.71,2026-03-05 23:46:54,Medium,Bangalore
2212,15.01,124.91,2026-02-09 10:46:54,Medium,Bangalore
2213,28.18,316.38,2026-03-08 06:46:54,Medium,Bangalore
2214,3.99,76.53,2026-03-29 14:46:54,Low,Bangalore
2215,11.9,186.06,2026-02-20 11:46:54,Low,Ahmedabad
2216,2.92,31.99,2026-03-25 14:46:54,Medium,Delhi
2217,1.5,13.07,2026-02-26 07:46:54,Medium,Mumbai
2218,16.42,217.54,2026-03-19 12:46:54,Medium,Mumbai
2219,18.37,182.6,2026-03-02 18:46:54,High,Mumbai
2220,24.48,362.59,2026-02-25 00:46:54,Low,Surat
2221,17.22,272.89,2026-02-06 13:46:54,Low,Mumbai
2222,7.97,,2026-03-15 08:46:54,High,Bangalore
2223,22.41,239.59,2026-03-07 21:46:54,Low,Ahmedabad
2224,16.53,148.2,2026-03-15 00:46:54,Low,Ahmedabad
2225,8.9,157.53,2026-02-27 05:46:54,Low,Delhi
2226,2.02,22.33,2026-02-18 02:46:54,High,Mumbai
2227,14.94,276.55,2026-02-15 12:46:54,Low,Delhi
2228,1.72,24.09,2026-02-27 02:46:54,High,Bangalore
2229,6.19,99.3,2026-04-06 17:46:54,Medium,Surat
2230,14.22,168.88,2026-04-06 10:46:54,Low,Delhi
2231,25.97,471.81,2026-03-20 04:46:54,Low,Mumbai
2232,,331.11,2026-03-14 20:46:54,High,Bangalore
2233,5.17,62.08,2026-03-03 15:46:54,High,Surat
2234,12.35,,2026-03-06 20:46:54,High,Mumbai
2235,28.61,284.75,2026-03-08 07:46:54,Medium,Delhi
2236,14.33,219.26,2026-03-05 23:46:54,High,Mumbai
2237,,32.75,2026-03-11 09:46:54,High,Ahmedabad
2238,23.3,350.63,2026-02-07 07:46:54,Medium,Delhi
2239,2.77,44.05,2026-02-12 09:46:54,High,Surat
2240,26.1,1942.43,2026-02-23 07:46:54,,Delhi
2241,17.56,319.64,2026-03-10 04:46:54,Low,Delhi
2242,25.85,,2026-03-08 20:46:54,High,Surat
2243,6.37,54.1,2026-03-17 17:46:54,Medium,Surat
2244,18.52,296.15,2026-02-08 19:46:54,High,Surat
2245,16.46,221.83,2026-03-21 23:46:54,Medium,Bangalore
2246,12.01,236.6,2026-04-05 06:46:54,Medium,Bangalore
2247,20.44,370.41,2026-02-06 20:46:54,High,Ahmedabad
2248,4.43,,2026-03-30 20:46:54,Low,Surat
2249,25.16,223.17,2026-02-07 02:46:54,Medium,Ahmedabad
2250,13.96,242.3,2026-04-01 06:46:54,High,Mumbai
2251,,,2026-02-07 03:46:54,Low,Delhi
2252,14.92,126.47,2026-03-02 21:46:54,High,Mumbai
2253,3.42,29.44,2026-03-20 22:46:54,High,Ahmedabad
2254,1.58,26.15,2026-03-15 00:46:54,Medium,Bangalore
2255,13.97,185.53,2026-03-04 06:46:54,High,Surat
2256,9.55,109.84,2026-03-03 08:46:54,High,Ahmedabad
2257,11.51,115.02,2026-03-15 08:46:54,High,Delhi
2258,28.22,424.27,2026-04-05 01:46:54,Medium,Ahmedabad
2259,13.35,146.29,2026-03-10 21:46:54,High,Ahmedabad
2260,2.24,25.98,2026-02-15 05:46:54,Low,Surat
2261,26.08,293.97,2026-03-10 19:46:54,Low,Mumbai
2262,12.04,210.51,2026-02-16 10:46:54,High,Bangalore
2263,4.12,64.32,2026-03-08 10:46:54,High,Mumbai
2264,13.2,246.7,2026-03-25 06:46:54,High,Mumbai
2265,1.58,24.4,2026-03-07 11:46:54,Medium,Mumbai
2266,,180.27,2026-03-29 09:46:54,,Surat
2267,6.05,116.64,2026-02-17 21:46:54,Low,Mumbai
2268,18.05,185.31,2026-03-16 08:46:54,Medium,Mumbai
2269,,57.54,2026-03-10 01:46:54,High,Mumbai
2270,5.87,2339.42,2026-04-05 05:46:54,Low,Ahmedabad
2271,4.57,66.84,2026-03-05 22:46:54,High,Surat
2272,3.65,,2026-03-04 16:46:54,Low,Mumbai
2273,26.86,358.35,2026-02-12 10:46:54,Medium,Mumbai
2274,25.1,238.77,2026-03-28 05:46:54,High,Bangalore
2275,2.26,33.36,2026-03-12 04:46:54,Medium,Ahmedabad
2276,5.52,103.95,2026-02-08 15:46:54,Medium,Delhi
2277,17.04,147.95,2026-03-04 13:46:54,Low,Delhi
2278,,272.62,2026-03-29 12:46:54,High,Delhi
2279,7.35,80.54,2026-04-03 13:46:54,High,Ahmedabad
2280,14.09,127.86,2026-03-20 13:46:54,High,Delhi
2281,,131.62,2026-02-28 09:46:54,Medium,Bangalore
2282,19.49,156.28,2026-03-08 06:46:54,High,Delhi
2283,8.06,,2026-02-21 06:46:54,High,Surat
2284,5.04,56.4,2026-03-12 13:46:54,Medium,Bangalore
2285,18.36,273.31,2026-02-28 09:46:54,Low,Delhi
2286,26.3,344.3,2026-02-13 14:46:54,Medium,Delhi
2287,17.95,327.25,2026-03-22 10:46:54,High,Delhi
2288,23.54,445.07,2026-03-31 07:46:54,,Ahmedabad
2289,10.2,126.21,2026-02-13 16:46:54,Medium,Ahmedabad
2290,9.18,176.15,2026-04-04 00:46:54,Medium,Surat
2291,27.8,302.89,2026-02-16 16:46:54,Low,Bangalore
2292,11.99,114.38,2026-03-20 23:46:54,Medium,Bangalore
2293,27.14,232.76,2026-03-02 04:46:54,Medium,Surat
2294,6.63,89.72,2026-03-29 00:46:54,High,Mumbai
2295,18.42,311.43,2026-04-06 20:46:54,High,Delhi
2296,28.66,446.78,2026-02-25 07:46:54,Low,Mumbai
2297,,149.33,2026-04-01 18:46:54,Medium,Ahmedabad
2298,21.29,250.09,2026-03-20 04:46:54,Medium,Surat
2299,13.82,199.31,2026-03-24 03:46:54,Low,Surat
2300,28.97,259.81,2026-03-01 01:46:54,Medium,Mumbai
2301,3.34,43.06,2026-02-13 06:46:54,Low,Ahmedabad
2302,16.29,162.62,2026-03-22 09:46:54,Low,Surat
2303,20.58,186.01,2026-02-12 10:46:54,High,Mumbai
2304,1.59,29.03,2026-03-03 03:46:54,High,Bangalore
2305,26.15,1697.03,2026-03-09 14:46:54,Medium,Delhi
2306,5.82,95.13,2026-02-25 08:46:54,Low,Delhi
2307,18.88,210.49,2026-02-25 20:46:54,Medium,Ahmedabad
2308,20.99,389.1,2026-04-02 23:46:54,High,Ahmedabad
2309,2.15,37.04,2026-03-22 10:46:54,High,Delhi
2310,23.13,317.5,2026-03-27 02:46:54,Low,Surat
2311,1.59,30.05,2026-03-22 12:46:54,High,Delhi
2312,4.54,82.41,2026-02-07 06:46:54,Medium,Bangalore
2313,22.68,434.51,2026-02-18 00:46:54,Medium,Mumbai
2314,15.61,234.76,2026-02-20 10:46:54,High,Mumbai
2315,10.28,86.5,2026-02-10 08:46:54,High,Mumbai
2316,19.76,347.66,2026-02-22 01:46:54,Medium,Mumbai
2317,12.6,101.52,2026-02-07 23:46:54,Low,Mumbai
2318,1.88,25.94,2026-02-16 04:46:54,Medium,Ahmedabad
2319,13.85,271.52,2026-03-16 00:46:54,High,Mumbai
2320,27.88,358.47,2026-03-27 07:46:54,Low,Bangalore
2321,26.0,394.28,2026-03-06 22:46:54,,Ahmedabad
2322,17.64,202.05,2026-04-03 17:46:54,High,Delhi
2323,,426.92,2026-03-19 01:46:54,Low,Delhi
2324,13.77,,2026-04-02 09:46:54,Low,Delhi
2325,25.17,264.56,2026-03-16 13:46:54,Medium,Mumbai
2326,4.0,60.39,2026-03-31 12:46:54,Low,Bangalore
2327,22.99,452.65,2026-02-06 11:46:54,High,Delhi
2328,7.46,123.38,2026-02-26 04:46:54,High,Surat
2329,21.37,,2026-02-07 15:46:54,Low,Surat
2330,12.16,164.97,2026-02-18 15:46:54,,Delhi
2331,10.41,189.94,2026-03-06 23:46:54,Medium,Bangalore
2332,23.42,214.26,2026-03-05 23:46:54,Medium,Bangalore
2333,18.19,193.18,2026-03-26 23:46:54,Medium,Delhi
2334,12.32,225.78,2026-03-17 02:46:54,Low,Mumbai
2335,15.29,129.67,2026-02-13 11:46:54,,Surat
2336,29.81,,2026-02-27 04:46:54,Low,Bangalore
2337,4.38,52.56,2026-03-11 22:46:54,Medium,Bangalore
2338,15.75,,2026-02-14 18:46:54,High,Ahmedabad
2339,20.44,307.04,2026-02-23 17:46:54,,Bangalore
2340,28.2,260.37,2026-02-19 01:46:54,,Delhi
2341,22.2,388.4,2026-03-07 02:46:54,,Surat
2342,5.98,52.12,2026-03-02 09:46:54,High,Mumbai
2343,14.75,215.48,2026-03-16 17:46:54,,Delhi
2344,18.72,250.97,2026-03-04 16:46:54,High,Mumbai
2345,25.07,,2026-04-02 00:46:54,Medium,Bangalore
2346,11.65,2007.52,2026-02-12 17:46:54,High,Mumbai
2347,26.62,338.6,2026-02-13 20:46:54,Low,Bangalore
2348,2.27,20.6,2026-03-13 19:46:54,High,Bangalore
2349,2.59,39.63,2026-03-05 05:46:54,Low,Ahmedabad
2350,9.54,85.19,2026-03-15 05:46:54,High,Ahmedabad
2351,27.72,496.25,2026-03-18 11:46:54,Medium,Surat
2352,20.94,,2026-03-12 22:46:54,Medium,Mumbai
2353,27.06,539.23,2026-03-12 05:46:54,Low,Delhi
2354,26.17,493.59,2026-03-28 20:46:54,Low,Bangalore
2355,8.31,87.35,2026-03-11 22:46:54,,Ahmedabad
2356,16.83,226.65,2026-03-21 15:46:54,Medium,Bangalore
2357,18.43,335.09,2026-03-23 11:46:54,Medium,Ahmedabad
2358,17.02,154.39,2026-02-22 07:46:54,Low,Mumbai
2359,28.98,406.93,2026-03-24 08:46:54,High,Surat
2360,22.05,245.88,2026-02-20 22:46:54,High,Surat
2361,11.01,211.34,2026-03-19 13:46:54,,Surat
2362,29.88,,2026-04-01 19:46:54,,Mumbai
2363,1.82,25.33,2026-03-22 15:46:54,Medium,Mumbai
2364,10.62,,2026-03-12 19:46:54,High,Surat
2365,16.24,246.36,2026-03-02 15:46:54,High,Delhi
2366,4.55,41.68,2026-03-27 13:46:54,Medium,Mumbai
2367,27.36,414.21,2026-03-11 14:46:54,Low,Mumbai
2368,15.67,281.19,2026-03-19 14:46:54,High,Bangalore
2369,6.92,58.09,2026-03-08 00:46:54,High,Delhi
2370,3.21,58.8,2026-03-27 03:46:54,High,Bangalore
2371,13.39,141.82,2026-03-15 14:46:54,Low,Delhi
2372,22.44,202.73,2026-04-04 18:46:54,Medium,Bangalore
2373,28.74,318.82,2026-02-28 08:46:54,High,Ahmedabad
2374,17.93,172.2,2026-03-19 11:46:54,Low,Bangalore
2375,19.4,227.14,2026-02-15 03:46:54,Low,Mumbai
2376,13.78,198.15,2026-02-08 15:46:54,High,Ahmedabad
2377,,135.11,2026-03-09 12:46:54,Medium,Ahmedabad
2378,29.43,490.66,2026-04-03 17:46:54,Low,Surat
2379,6.62,86.76,2026-03-19 17:46:54,Low,Ahmedabad
2380,15.03,242.78,2026-03-24 05:46:54,Low,Delhi
2381,19.88,321.99,2026-03-14 10:46:54,Low,Ahmedabad
2382,,63.78,2026-03-06 01:46:54,High,Surat
2383,19.86,211.56,2026-03-29 19:46:54,High,Ahmedabad
2384,2.21,36.77,2026-03-14 14:46:54,Low,Bangalore
2385,11.1,,2026-03-11 15:46:54,Low,Surat
2386,25.48,367.51,2026-02-07 14:46:54,Low,Surat
2387,26.96,248.41,2026-04-02 17:46:54,Medium,Ahmedabad
2388,3.59,47.8,2026-02-13 10:46:54,Low,Delhi
2389,22.64,378.2,2026-02-11 18:46:54,High,Bangalore
2390,17.44,145.85,2026-03-21 16:46:54,Low,Bangalore
2391,20.13,250.29,2026-03-31 08:46:54,High,Mumbai
2392,21.18,190.56,2026-04-06 05:46:54,Low,Ahmedabad
2393,13.26,226.25,2026-02-27 20:46:54,Medium,Mumbai
2394,18.53,168.1,2026-03-04 05:46:54,High,Ahmedabad
2395,7.0,73.78,2026-03-18 06:46:54,Low,Mumbai
2396,11.98,151.8,2026-02-27 10:46:54,Medium,Bangalore
2397,21.87,359.42,2026-03-18 08:46:54,High,Bangalore
2398,15.52,130.42,2026-02-23 23:46:54,High,Mumbai
2399,10.83,146.98,2026-03-01 02:46:54,Medium,Delhi
2400,4.79,90.65,2026-04-07 06:46:54,High,Surat
2401,17.58,311.85,2026-02-16 12:46:54,Low,Surat
2402,29.58,518.43,2026-03-05 13:46:54,Low,Surat
2403,29.38,528.12,2026-02-20 00:46:54,High,Mumbai
2404,29.21,2879.12,2026-04-02 10:46:54,Medium,Mumbai
2405,14.35,118.93,2026-03-24 01:46:54,High,Surat
2406,29.55,,2026-02-06 15:46:54,Medium,Delhi
2407,8.83,98.28,2026-03-24 22:46:54,High,Mumbai
2408,3.59,4891.9,2026-03-30 14:46:54,High,Ahmedabad
2409,25.75,327.27,2026-03-06 15:46:54,Low,Bangalore
2410,24.16,367.76,2026-03-02 08:46:54,Low,Bangalore
2411,13.65,231.86,2026-03-14 21:46:54,High,Surat
2412,4.5,,2026-02-26 05:46:54,High,Mumbai
2413,19.63,228.22,2026-03-31 20:46:54,Medium,Ahmedabad
2414,25.48,407.69,2026-03-07 23:46:54,Low,Ahmedabad
2415,18.43,315.29,2026-02-22 13:46:54,High,Delhi
2416,12.49,141.43,2026-02-14 19:46:54,Low,Surat
2417,13.52,155.31,2026-04-05 15:46:54,High,Mumbai
2418,28.27,302.25,2026-02-26 14:46:54,High,Mumbai
2419,16.15,144.91,2026-02-11 01:46:54,Medium,Ahmedabad
2420,2.73,46.15,2026-02-08 18:46:54,High,Bangalore
2421,25.42,391.49,2026-02-12 23:46:54,Medium,Bangalore
2422,25.78,315.59,2026-03-31 06:46:54,Medium,Delhi
2423,20.09,253.07,2026-03-05 13:46:54,Medium,Delhi
2424,20.87,177.41,2026-03-01 18:46:54,Low,Mumbai
2425,19.21,,2026-02-10 16:46:54,Low,Mumbai
2426,13.63,158.82,2026-03-28 14:46:54,High,Delhi
2427,10.01,198.88,2026-03-03 01:46:54,Medium,Bangalore
2428,18.49,,2026-03-01 14:46:54,Medium,Mumbai
2429,14.14,279.63,2026-02-24 01:46:54,Medium,Surat
2430,6.4,62.68,2026-04-04 09:46:54,Medium,Mumbai
2431,,15.32,2026-03-10 13:46:54,Low,Ahmedabad
2432,5.11,82.52,2026-02-11 02:46:54,,Surat
2433,24.88,270.91,2026-03-01 04:46:54,High,Surat
2434,20.3,2968.24,2026-02-24 03:46:54,Low,Delhi
2435,6.73,65.31,2026-02-06 20:46:54,Medium,Bangalore
2436,28.94,451.35,2026-02-15 16:46:54,Medium,Bangalore
2437,13.61,127.2,2026-03-10 13:46:54,High,Ahmedabad
2438,15.34,205.78,2026-02-24 21:46:54,High,Ahmedabad
2439,12.21,120.08,2026-03-24 14:46:54,High,Surat
2440,26.05,449.32,2026-02-17 21:46:54,Low,Delhi
2441,15.2,147.49,2026-03-20 04:46:54,Medium,Delhi
2442,18.26,338.46,2026-02-07 04:46:54,High,Mumbai
2443,13.81,243.83,2026-02-27 04:46:54,Low,Bangalore
2444,10.65,98.92,2026-04-05 00:46:54,Medium,Ahmedabad
2445,16.03,175.27,2026-03-15 05:46:54,Low,Bangalore
2446,9.38,146.14,2026-03-30 06:46:54,High,Ahmedabad
2447,5.12,94.48,2026-02-27 11:46:54,Medium,Mumbai
2448,11.68,112.58,2026-03-12 05:46:54,High,Mumbai
2449,23.46,349.04,2026-02-15 03:46:54,High,Surat
2450,15.32,196.44,2026-02-09 14:46:54,High,Bangalore
2451,25.45,424.71,2026-03-02 22:46:54,Medium,Mumbai
2452,11.06,111.93,2026-03-10 08:46:54,Medium,Surat
2453,16.02,207.58,2026-02-20 01:46:54,Medium,Mumbai
2454,23.62,309.61,2026-02-19 13:46:54,Medium,Delhi
2455,4.02,34.75,2026-02-10 04:46:54,Medium,Mumbai
2456,8.91,112.09,2026-03-20 03:46:54,High,Bangalore
2457,12.29,207.77,2026-02-22 18:46:54,Medium,Mumbai
2458,13.02,206.09,2026-03-10 05:46:54,Low,Surat
2459,7.6,134.89,2026-02-09 19:46:54,Low,Delhi
2460,12.77,192.92,2026-03-16 23:46:54,Low,Delhi
2461,7.42,,2026-03-20 17:46:54,High,Delhi
2462,11.76,177.27,2026-03-20 18:46:54,Low,Delhi
2463,4.8,47.99,2026-02-15 07:46:54,Low,Mumbai
2464,2.09,,2026-02-12 05:46:54,Medium,Delhi
2465,22.15,,2026-04-04 06:46:54,Medium,Mumbai
2466,19.01,,2026-02-22 12:46:54,Medium,Surat
2467,13.19,,2026-02-07 09:46:54,High,Surat
2468,29.2,440.97,2026-02-15 03:46:54,Medium,Ahmedabad
2469,,220.54,2026-03-25 23:46:54,Medium,Delhi
2470,,50.37,2026-03-24 11:46:54,High,Mumbai
2471,28.74,555.08,2026-04-07 00:46:54,High,Bangalore
2472,20.95,351.97,2026-02-19 10:46:54,High,Ahmedabad
2473,13.1,247.28,2026-03-30 17:46:54,High,Surat
2474,3.61,49.7,2026-03-26 14:46:54,Low,Ahmedabad
2475,2.14,,2026-02-20 07:46:54,High,Bangalore
2476,16.4,143.64,2026-04-05 05:46:54,High,Ahmedabad
2477,24.14,306.27,2026-03-18 11:46:54,Low,Surat
2478,18.7,150.87,2026-03-07 10:46:54,Medium,Ahmedabad
2479,14.86,126.17,2026-03-29 09:46:54,Medium,Ahmedabad
2480,24.92,472.09,2026-04-04 01:46:54,Medium,Surat
2481,9.06,82.92,2026-03-11 09:46:54,Medium,Ahmedabad
2482,28.35,,2026-03-13 12:46:54,Low,Surat
2483,13.08,203.25,2026-03-08 11:46:54,High,Surat
2484,28.42,346.48,2026-04-04 17:46:54,High,Ahmedabad
2485,29.47,498.7,2026-03-08 16:46:54,Low,Mumbai
2486,4.73,,2026-02-06 20:46:54,Low,Ahmedabad
2487,28.46,305.85,2026-04-04 18:46:54,Low,Surat
2488,29.07,387.12,2026-02-12 19:46:54,Medium,Bangalore
2489,14.81,239.98,2026-03-17 15:46:54,Medium,Ahmedabad
2490,6.28,62.01,2026-03-12 19:46:54,Medium,Surat
2491,15.77,,2026-03-01 22:46:54,High,Surat
2492,1.6,27.27,2026-02-07 11:46:54,High,Ahmedabad
2493,27.19,466.42,2026-03-18 07:46:54,Low,Surat
2494,13.51,246.85,2026-03-27 06:46:54,Medium,Delhi
2495,17.71,205.26,2026-03-31 17:46:54,Medium,Mumbai
2496,1.69,29.9,2026-03-20 02:46:54,Medium,Surat
2497,21.52,389.62,2026-04-01 03:46:54,Medium,Surat
2498,6.69,61.76,2026-02-13 15:46:54,Medium,Delhi
2499,23.68,2126.31,2026-02-15 09:46:54,Medium,Surat
2500,,,2026-02-07 14:46:54,Low,Ahmedabad
2501,18.36,312.03,2026-03-12 10:46:54,,Bangalore
2502,8.79,85.25,2026-03-09 21:46:54,Medium,Bangalore
2503,15.27,256.03,2026-03-17 08:46:54,Medium,Mumbai
2504,26.03,,2026-02-07 16:46:54,High,Bangalore
2505,21.17,355.44,2026-03-27 11:46:54,High,Delhi
2506,12.66,131.83,2026-04-04 16:46:54,Low,Delhi
2507,7.85,95.47,2026-03-09 02:46:54,High,Mumbai
2508,12.0,170.4,2026-03-03 15:46:54,Medium,Surat
2509,23.2,224.28,2026-03-19 22:46:54,High,Delhi
2510,11.39,,2026-02-08 07:46:54,Low,Bangalore
2511,15.46,142.38,2026-02-24 01:46:54,Medium,Mumbai
2512,26.39,341.19,2026-03-01 14:46:54,Medium,Surat
2513,13.02,,2026-04-01 12:46:54,Low,Bangalore
2514,23.28,,2026-02-20 17:46:54,Low,Delhi
2515,3.51,,2026-03-10 11:46:54,High,Ahmedabad
2516,25.16,440.6,2026-04-03 22:46:54,Medium,Mumbai
2517,26.58,,2026-02-08 10:46:54,Medium,Ahmedabad
2518,9.82,,2026-03-30 05:46:54,High,Delhi
2519,24.75,,2026-03-30 16:46:54,Medium,Bangalore
2520,9.59,157.02,2026-03-16 13:46:54,High,Delhi
2521,14.37,286.14,2026-02-19 15:46:54,Medium,Ahmedabad
2522,17.45,200.18,2026-03-29 11:46:54,Medium,Ahmedabad
2523,11.65,196.3,2026-03-24 21:46:54,High,Mumbai
2524,11.9,111.51,2026-03-27 08:46:54,Low,Surat
2525,29.83,493.52,2026-03-28 19:46:54,,Bangalore
2526,4.94,67.42,2026-04-01 02:46:54,High,Surat
2527,29.44,,2026-04-01 10:46:54,High,Ahmedabad
2528,23.01,420.02,2026-02-06 17:46:54,Medium,Bangalore
2529,26.65,507.18,2026-03-07 13:46:54,High,Bangalore
2530,28.41,256.06,2026-03-09 19:46:54,High,Mumbai
2531,3.16,51.48,2026-03-27 18:46:54,Medium,Surat
2532,4.51,,2026-04-01 21:46:54,,Bangalore
2533,21.65,,2026-03-23 16:46:54,High,Bangalore
2534,7.13,107.09,2026-04-04 01:46:54,High,Surat
2535,,231.5,2026-02-19 05:46:54,High,Surat
2536,22.86,303.69,2026-02-10 19:46:54,High,Mumbai
2537,29.63,469.48,2026-03-08 03:46:54,Medium,Surat
2538,12.12,181.15,2026-02-19 02:46:54,High,Mumbai
2539,20.66,,2026-03-30 00:46:54,Low,Bangalore
2540,17.34,258.52,2026-03-20 14:46:54,Low,Mumbai
2541,10.82,181.56,2026-02-13 22:46:54,Low,Delhi
2542,15.23,248.45,2026-02-09 20:46:54,Medium,Surat
2543,4.99,80.26,2026-03-26 13:46:54,High,Ahmedabad
2544,20.22,,2026-02-26 21:46:54,High,Delhi
2545,21.41,407.1,2026-03-05 22:46:54,High,Bangalore
2546,6.53,123.54,2026-02-24 19:46:54,Low,Bangalore
2547,,129.98,2026-02-17 06:46:54,Medium,Delhi
2548,29.66,363.27,2026-03-17 21:46:54,Low,Delhi
2549,28.44,,2026-03-12 20:46:54,Medium,Bangalore
2550,3.42,67.75,2026-03-30 04:46:54,,Delhi
2551,11.85,196.24,2026-04-04 17:46:54,,Ahmedabad
2552,16.1,315.81,2026-02-12 10:46:54,Medium,Mumbai
2553,29.76,552.74,2026-03-18 01:46:54,Low,Mumbai
2554,29.02,372.44,2026-02-20 06:46:54,Medium,Delhi
2555,24.82,336.21,2026-02-20 13:46:54,Medium,Surat
2556,13.19,221.11,2026-04-04 03:46:54,Low,Mumbai
2557,13.95,227.19,2026-04-01 22:46:54,Medium,Mumbai
2558,28.56,446.9,2026-02-28 11:46:54,Low,Surat
2559,12.5,,2026-03-27 22:46:54,High,Ahmedabad
2560,26.0,253.69,2026-03-02 05:46:54,Low,Surat
2561,22.81,,2026-03-06 01:46:54,Medium,Delhi
2562,14.35,120.24,2026-02-28 13:46:54,High,Bangalore
2563,22.6,247.16,2026-03-20 02:46:54,High,Ahmedabad
2564,17.08,279.33,2026-03-04 15:46:54,Low,Bangalore
2565,29.52,411.22,2026-03-13 14:46:54,Low,Ahmedabad
2566,15.54,217.43,2026-02-20 09:46:54,High,Ahmedabad
2567,17.16,212.51,2026-02-12 21:46:54,High,Bangalore
2568,7.15,124.56,2026-02-24 15:46:54,High,Bangalore
2569,6.61,76.42,2026-03-16 04:46:54,Low,Ahmedabad
2570,12.34,171.5,2026-02-11 11:46:54,Medium,Ahmedabad
2571,23.03,456.26,2026-02-15 21:46:54,Medium,Mumbai
2572,5.48,48.59,2026-02-14 01:46:54,Medium,Bangalore
2573,3.13,,2026-02-16 14:46:54,Low,Mumbai
2574,5.92,92.17,2026-02-08 00:46:54,Low,Mumbai
2575,15.87,309.63,2026-03-26 11:46:54,Low,Mumbai
2576,21.02,169.17,2026-04-01 11:46:54,High,Ahmedabad
2577,19.34,273.65,2026-04-05 06:46:54,Medium,Mumbai
2578,13.49,191.46,2026-03-07 03:46:54,High,Ahmedabad
2579,28.04,466.5,2026-04-03 21:46:54,Medium,Delhi
2580,8.96,123.87,2026-03-07 07:46:54,Low,Bangalore
2581,21.62,317.72,2026-04-06 10:46:54,Medium,Ahmedabad
2582,11.59,194.38,2026-03-03 11:46:54,Medium,Surat
2583,13.05,113.4,2026-02-26 02:46:54,Medium,Delhi
2584,19.56,305.64,2026-03-07 14:46:54,Medium,Ahmedabad
2585,24.76,260.6,2026-02-12 17:46:54,High,Surat
2586,16.79,177.97,2026-03-27 19:46:54,Medium,Surat
2587,28.73,320.78,2026-03-14 07:46:54,Low,Surat
2588,17.58,284.07,2026-03-21 08:46:54,Medium,Bangalore
2589,9.14,120.65,2026-03-02 04:46:54,Low,Delhi
2590,16.78,290.01,2026-03-25 14:46:54,Medium,Surat
2591,22.97,2485.82,2026-02-12 02:46:54,Medium,Bangalore
2592,16.82,239.83,2026-03-13 04:46:54,High,Mumbai
2593,9.46,109.45,2026-02-27 20:46:54,,Delhi
2594,13.31,189.7,2026-03-26 13:46:54,Low,Mumbai
2595,1.24,19.29,2026-02-25 21:46:54,High,Delhi
2596,10.66,199.91,2026-02-24 11:46:54,Low,Delhi
2597,19.79,179.53,2026-02-09 18:46:54,Medium,Delhi
2598,29.14,251.74,2026-03-17 08:46:54,High,Bangalore
2599,12.79,211.8,2026-02-27 09:46:54,High,Surat
2600,20.89,,2026-03-08 21:46:54,Medium,Surat
2601,6.73,100.55,2026-03-21 14:46:54,Low,Delhi
2602,3.55,41.43,2026-02-13 02:46:54,Medium,Bangalore
2603,,177.38,2026-03-20 21:46:54,High,Delhi
2604,3.3,48.58,2026-03-21 18:46:54,Medium,Delhi
2605,10.73,146.62,2026-02-20 08:46:54,Low,Ahmedabad
2606,29.3,,2026-02-12 19:46:54,High,Delhi
2607,,41.83,2026-03-09 18:46:54,Low,Ahmedabad
2608,13.24,198.82,2026-02-18 04:46:54,High,Mumbai
2609,17.78,147.19,2026-03-19 21:46:54,Medium,Ahmedabad
2610,2.32,38.49,2026-03-04 21:46:54,Medium,Mumbai
2611,7.47,80.58,2026-02-22 22:46:54,Medium,Ahmedabad
2612,1.87,33.05,2026-04-06 18:46:54,Low,Delhi
2613,18.5,274.51,2026-03-15 21:46:54,Low,Mumbai
2614,20.23,322.96,2026-04-03 04:46:54,Medium,Ahmedabad
2615,14.34,269.73,2026-03-30 00:46:54,Medium,Mumbai
2616,1.57,28.18,2026-02-12 04:46:54,Medium,Bangalore
2617,,,2026-03-19 10:46:54,High,Surat
2618,26.98,,2026-03-21 10:46:54,High,Surat
2619,,91.02,2026-02-21 05:46:54,High,Surat
2620,28.84,320.31,2026-03-24 01:46:54,Medium,Ahmedabad
2621,3.24,64.51,2026-03-21 12:46:54,High,Mumbai
2622,2.86,,2026-02-20 11:46:54,Medium,Bangalore
2623,1.3,16.68,2026-02-11 19:46:54,High,Delhi
2624,23.17,267.31,2026-03-07 03:46:54,High,Mumbai
2625,6.53,81.28,2026-03-17 15:46:54,Medium,Surat
2626,29.01,300.59,2026-02-13 13:46:54,High,Surat
2627,11.03,155.67,2026-03-02 17:46:54,High,Surat
2628,16.29,189.94,2026-03-02 21:46:54,Medium,Bangalore
2629,13.28,227.98,2026-04-01 21:46:54,Low,Ahmedabad
2630,14.9,174.75,2026-04-01 22:46:54,High,Ahmedabad
2631,9.93,80.25,2026-03-01 09:46:54,,Delhi
2632,9.65,156.77,2026-03-17 17:46:54,Low,Bangalore
2633,18.9,180.8,2026-02-28 13:46:54,High,Delhi
2634,,278.83,2026-03-14 15:46:54,Low,Bangalore
2635,5.92,52.77,2026-02-10 09:46:54,Medium,Delhi
2636,29.34,523.68,2026-02-21 13:46:54,Medium,Ahmedabad
2637,2.17,33.99,2026-03-03 00:46:54,,Delhi
2638,28.72,482.32,2026-04-04 07:46:54,Medium,Bangalore
2639,18.01,338.47,2026-02-06 15:46:54,Low,Surat
2640,29.69,410.37,2026-03-22 06:46:54,,Delhi
2641,26.18,4704.24,2026-02-27 02:46:54,High,Bangalore
2642,20.63,186.43,2026-02-27 09:46:54,Medium,Mumbai
2643,28.84,547.07,2026-04-04 11:46:54,Low,Mumbai
2644,29.48,365.89,2026-03-04 01:46:54,High,Ahmedabad
2645,13.22,228.16,2026-02-24 20:46:54,High,Delhi
2646,23.85,465.9,2026-03-02 02:46:54,High,Ahmedabad
2647,26.93,448.64,2026-03-30 06:46:54,High,Bangalore
2648,11.39,195.24,2026-03-30 20:46:54,High,Mumbai
2649,20.47,387.39,2026-04-02 06:46:54,High,Mumbai
2650,1.43,14.5,2026-02-14 02:46:54,Medium,Mumbai
2651,13.18,149.69,2026-02-06 20:46:54,High,Delhi
2652,4.39,59.36,2026-03-02 05:46:54,High,Bangalore
2653,19.24,274.46,2026-03-26 05:46:54,Medium,Ahmedabad
2654,21.34,394.54,2026-03-19 14:46:54,,Mumbai
2655,3.51,,2026-02-24 07:46:54,Medium,Delhi
2656,15.79,314.33,2026-03-24 04:46:54,Medium,Mumbai
2657,10.91,,2026-03-16 03:46:54,Medium,Bangalore
2658,23.34,306.25,2026-02-11 20:46:54,High,Ahmedabad
2659,12.37,216.06,2026-02-05 23:46:54,Low,Bangalore
2660,13.31,122.13,2026-02-11 17:46:54,Low,Bangalore
2661,16.9,313.35,2026-03-11 23:46:54,Medium,Bangalore
2662,23.22,,2026-02-11 07:46:54,Low,Mumbai
2663,24.25,212.29,2026-02-10 20:46:54,Low,Delhi
2664,10.77,182.04,2026-04-02 11:46:54,Low,Ahmedabad
2665,9.12,111.53,2026-03-16 06:46:54,Medium,Delhi
2666,20.34,279.86,2026-02-11 13:46:54,Low,Mumbai
2667,,263.0,2026-03-01 01:46:54,High,Bangalore
2668,27.97,395.3,2026-02-16 00:46:54,High,Ahmedabad
2669,25.39,385.76,2026-03-31 01:46:54,High,Delhi
2670,18.48,284.84,2026-04-05 05:46:54,High,Bangalore
2671,11.17,152.15,2026-03-13 15:46:54,High,Delhi
2672,27.85,,2026-02-21 05:46:54,Low,Mumbai
2673,7.66,123.46,2026-02-22 12:46:54,Low,Delhi
2674,7.2,117.66,2026-03-15 18:46:54,Medium,Bangalore
2675,6.89,108.16,2026-02-28 04:46:54,High,Bangalore
2676,25.3,,2026-02-26 21:46:54,Medium,Ahmedabad
2677,12.79,206.3,2026-02-07 06:46:54,High,Ahmedabad
2678,27.91,,2026-03-01 13:46:54,High,Surat
2679,21.75,350.72,2026-03-16 08:46:54,Low,Mumbai
2680,15.3,207.55,2026-03-25 13:46:54,High,Surat
2681,29.2,384.52,2026-03-27 13:46:54,,Surat
2682,12.2,164.3,2026-03-01 13:46:54,Low,Delhi
2683,12.24,166.92,2026-03-25 05:46:54,Low,Surat
2684,16.87,220.63,2026-03-27 12:46:54,Medium,Bangalore
2685,28.11,523.12,2026-04-06 12:46:54,High,Bangalore
2686,18.61,356.94,2026-02-27 22:46:54,Medium,Ahmedabad
2687,5.38,93.4,2026-03-29 15:46:54,Medium,Mumbai
2688,16.12,229.57,2026-03-20 06:46:54,High,Surat
2689,9.26,,2026-02-25 19:46:54,Low,Mumbai
2690,10.89,174.97,2026-03-26 06:46:54,High,Surat
2691,,444.41,2026-03-23 12:46:54,Medium,Bangalore
2692,,185.27,2026-03-13 13:46:54,Medium,Surat
2693,5.66,67.55,2026-04-04 23:46:54,High,Bangalore
2694,,22.41,2026-02-18 13:46:54,High,Bangalore
2695,24.92,455.4,2026-03-15 18:46:54,Low,Ahmedabad
2696,7.31,101.73,2026-02-17 19:46:54,Low,Mumbai
2697,6.5,52.08,2026-03-20 00:46:54,High,Delhi
2698,12.54,195.77,2026-03-17 00:46:54,Low,Mumbai
2699,14.88,241.15,2026-02-19 16:46:54,Medium,Surat
2700,7.27,92.38,2026-04-06 18:46:54,Medium,Mumbai
2701,6.62,,2026-04-01 00:46:54,Medium,Mumbai
2702,1.87,16.19,2026-02-27 02:46:54,Medium,Mumbai
2703,17.8,261.51,2026-03-04 01:46:54,High,Bangalore
2704,6.07,72.01,2026-03-10 03:46:54,Medium,Bangalore
2705,26.0,489.34,2026-02-26 22:46:54,Medium,Ahmedabad
2706,4.32,72.12,2026-03-12 01:46:54,High,Mumbai
2707,22.75,384.35,2026-03-21 21:46:54,Low,Ahmedabad
2708,2.87,54.28,2026-03-11 21:46:54,High,Mumbai
2709,21.54,185.36,2026-03-18 16:46:54,Low,Delhi
2710,19.85,271.48,2026-02-18 11:46:54,Medium,Surat
2711,4.21,62.56,2026-02-19 06:46:54,,Ahmedabad
2712,5.46,90.11,2026-03-06 14:46:54,Low,Delhi
2713,22.1,342.72,2026-03-03 22:46:54,High,Surat
2714,3.4,61.39,2026-04-02 22:46:54,High,Surat
2715,17.24,189.72,2026-04-01 08:46:54,Low,Bangalore
2716,1.05,17.2,2026-03-24 14:46:54,High,Delhi
2717,16.8,291.15,2026-02-12 09:46:54,High,Mumbai
2718,29.01,523.55,2026-02-06 17:46:54,Medium,Mumbai
2719,17.2,280.15,2026-04-04 17:46:54,Low,Ahmedabad
2720,1.01,9.53,2026-03-07 20:46:54,Medium,Mumbai
2721,8.46,86.57,2026-03-18 08:46:54,Medium,Bangalore
2722,16.38,160.55,2026-03-31 06:46:54,Medium,Delhi
2723,3.03,52.55,2026-03-15 00:46:54,Medium,Bangalore
2724,23.14,250.27,2026-02-19 10:46:54,High,Surat
2725,1.03,11.55,2026-02-21 08:46:54,Medium,Delhi
2726,26.34,477.32,2026-03-03 07:46:54,,Bangalore
2727,11.32,215.31,2026-02-18 17:46:54,Medium,Delhi
2728,18.24,1677.73,2026-03-04 00:46:54,Medium,Surat
2729,21.39,227.56,2026-02-20 04:46:54,,Bangalore
2730,,63.68,2026-02-11 08:46:54,High,Bangalore
2731,6.47,104.69,2026-04-03 10:46:54,Low,Delhi
2732,4.66,74.49,2026-03-19 06:46:54,Low,Surat
2733,20.38,384.92,2026-03-11 23:46:54,Low,Mumbai
2734,12.45,102.15,2026-03-25 13:46:54,High,Mumbai
2735,,137.7,2026-03-18 05:46:54,Low,Bangalore
2736,22.11,381.57,2026-03-21 17:46:54,Low,Surat
2737,,61.62,2026-02-27 07:46:54,Low,Mumbai
2738,6.42,,2026-02-19 08:46:54,Low,Mumbai
2739,28.42,556.64,2026-02-23 04:46:54,High,Mumbai
2740,6.16,74.45,2026-03-08 17:46:54,Medium,Delhi
2741,17.34,,2026-04-06 12:46:54,Low,Delhi
2742,1.17,11.27,2026-03-08 18:46:54,Low,Mumbai
2743,13.85,150.25,2026-03-09 00:46:54,Low,Ahmedabad
2744,9.65,98.57,2026-03-05 18:46:54,Medium,Mumbai
2745,4.63,43.65,2026-02-16 04:46:54,Medium,Mumbai
2746,19.83,328.96,2026-03-04 17:46:54,Medium,Delhi
2747,6.86,131.93,2026-03-22 16:46:54,High,Bangalore
2748,,20.27,2026-02-27 18:46:54,High,Mumbai
2749,,45.91,2026-02-28 15:46:54,High,Mumbai
2750,27.46,376.21,2026-03-08 21:46:54,,Ahmedabad
2751,20.87,184.95,2026-03-18 04:46:54,Medium,Delhi
2752,27.09,511.93,2026-03-06 16:46:54,Medium,Ahmedabad
2753,,21.7,2026-03-09 19:46:54,High,Mumbai
2754,19.2,235.53,2026-02-07 01:46:54,High,Ahmedabad
2755,24.84,,2026-03-10 19:46:54,Medium,Bangalore
2756,3.32,37.47,2026-03-18 16:46:54,Low,Delhi
2757,18.88,318.01,2026-03-06 20:46:54,Medium,Mumbai
2758,4.65,88.2,2026-03-18 03:46:54,,Delhi
2759,8.63,170.53,2026-04-01 11:46:54,Low,Mumbai
2760,8.87,125.1,2026-03-07 13:46:54,Low,Ahmedabad
2761,14.88,157.86,2026-03-22 01:46:54,Low,Ahmedabad
2762,26.25,,2026-03-17 06:46:54,High,Mumbai
2763,27.85,531.17,2026-03-27 19:46:54,Low,Bangalore
2764,5.26,69.59,2026-04-06 10:46:54,Low,Bangalore
2765,10.89,117.64,2026-04-03 10:46:54,High,Mumbai
2766,27.77,377.22,2026-03-31 04:46:54,Low,Surat
2767,18.33,321.09,2026-02-16 05:46:54,,Mumbai
2768,22.53,420.13,2026-03-30 15:46:54,High,Ahmedabad
2769,16.18,292.59,2026-02-12 14:46:54,Low,Delhi
2770,25.23,4395.83,2026-03-15 16:46:54,Low,Delhi
2771,6.75,,2026-02-16 09:46:54,High,Bangalore
2772,28.53,461.64,2026-02-16 05:46:54,High,Ahmedabad
2773,24.97,351.28,2026-03-22 01:46:54,Low,Surat
2774,28.22,291.23,2026-03-01 05:46:54,Low,Surat
2775,28.77,,2026-03-09 23:46:54,High,Ahmedabad
2776,16.68,,2026-02-18 22:46:54,Low,Bangalore
2777,,444.31,2026-03-31 12:46:54,Low,Delhi
2778,15.26,266.12,2026-04-05 09:46:54,Low,Ahmedabad
2779,21.0,310.05,2026-04-05 10:46:54,Low,Surat
2780,29.34,343.33,2026-04-07 16:46:54,High,Surat
2781,13.64,211.79,2026-04-06 14:46:54,Low,Bangalore
2782,,244.88,2026-03-23 17:46:54,High,Delhi
2783,24.34,330.69,2026-02-28 01:46:54,Low,Mumbai
2784,20.2,294.33,2026-03-22 05:46:54,Medium,Delhi
2785,4.46,81.0,2026-03-09 18:46:54,Medium,Surat
2786,24.3,347.11,2026-02-13 22:46:54,Low,Ahmedabad
2787,6.85,91.41,2026-03-18 03:46:54,High,Delhi
2788,25.2,404.61,2026-02-12 21:46:54,High,Ahmedabad
2789,2.18,41.96,2026-02-22 15:46:54,Low,Mumbai
2790,17.81,151.16,2026-03-11 20:46:54,High,Ahmedabad
2791,21.83,199.45,2026-02-27 20:46:54,High,Mumbai
2792,15.08,3409.83,2026-02-18 14:46:54,High,Bangalore
2793,19.76,370.32,2026-03-16 23:46:54,Medium,Ahmedabad
2794,1.27,22.29,2026-02-10 07:46:54,High,Ahmedabad
2795,21.76,415.29,2026-04-02 14:46:54,Medium,Bangalore
2796,24.06,333.09,2026-02-14 17:46:54,High,Bangalore
2797,28.36,470.89,2026-02-08 23:46:54,Low,Surat
2798,26.71,356.85,2026-02-23 02:46:54,Low,Bangalore
2799,18.28,283.18,2026-02-07 01:46:54,Medium,Ahmedabad
2800,20.82,3662.64,2026-02-18 19:46:54,Medium,Bangalore
2801,27.29,275.83,2026-03-10 10:46:54,Low,Ahmedabad
2802,3.86,60.93,2026-03-28 03:46:54,Low,Ahmedabad
2803,20.55,386.91,2026-03-15 23:46:54,Medium,Bangalore
2804,3.23,49.12,2026-03-30 14:46:54,Low,Bangalore
2805,16.21,263.1,2026-03-01 20:46:54,Medium,Ahmedabad
2806,7.49,91.3,2026-03-02 15:46:54,High,Surat
2807,23.96,464.56,2026-03-23 08:46:54,Low,Bangalore
2808,23.82,376.15,2026-03-28 14:46:54,Low,Delhi
2809,7.9,151.93,2026-03-31 04:46:54,Medium,Surat
2810,10.63,149.38,2026-03-26 14:46:54,Low,Surat
2811,21.94,,2026-02-19 00:46:54,Medium,Ahmedabad
2812,6.54,80.78,2026-03-30 23:46:54,,Bangalore
2813,21.39,,2026-03-16 09:46:54,Medium,Surat
2814,27.74,524.9,2026-03-24 23:46:54,High,Delhi
2815,19.97,335.18,2026-02-13 14:46:54,Medium,Mumbai
2816,20.31,333.23,2026-04-07 05:46:54,High,Ahmedabad
2817,24.08,380.79,2026-03-13 22:46:54,,Bangalore
2818,3.34,48.16,2026-02-24 21:46:54,High,Mumbai
2819,20.86,398.88,2026-03-28 13:46:54,High,Bangalore
2820,28.09,472.6,2026-03-04 12:46:54,High,Ahmedabad
2821,3.91,77.0,2026-03-25 06:46:54,Low,Surat
2822,14.74,132.99,2026-02-17 19:46:54,Low,Bangalore
2823,14.37,182.08,2026-03-07 12:46:54,High,Bangalore
2824,27.2,394.09,2026-03-21 18:46:54,High,Bangalore
2825,6.28,75.67,2026-02-15 21:46:54,Low,Bangalore
2826,28.38,372.77,2026-02-13 16:46:54,Low,Delhi
2827,1.68,30.97,2026-03-04 08:46:54,High,Delhi
2828,14.5,280.99,2026-02-28 04:46:54,Medium,Delhi
2829,10.65,113.34,2026-03-17 22:46:54,Medium,Ahmedabad
2830,15.91,143.16,2026-02-11 04:46:54,High,Bangalore
2831,1.62,15.53,2026-03-12 14:46:54,High,Ahmedabad
2832,14.92,209.19,2026-02-26 02:46:54,Medium,Delhi
2833,26.57,227.65,2026-04-02 07:46:54,Medium,Mumbai
2834,,333.83,2026-02-11 03:46:54,Low,Bangalore
2835,9.91,137.23,2026-02-24 11:46:54,Low,Ahmedabad
2836,8.12,138.02,2026-03-29 05:46:54,,Surat
2837,23.8,362.16,2026-04-04 21:46:54,Medium,Surat
2838,15.21,,2026-03-13 19:46:54,Medium,Mumbai
2839,9.57,90.0,2026-04-04 23:46:54,Low,Ahmedabad
2840,15.25,252.15,2026-03-12 20:46:54,Medium,Ahmedabad
2841,25.06,357.45,2026-04-07 12:46:54,Low,Ahmedabad
2842,16.49,197.6,2026-03-27 12:46:54,High,Surat
2843,11.96,123.33,2026-02-07 11:46:54,High,Mumbai
2844,26.79,375.43,2026-02-14 21:46:54,Medium,Ahmedabad
2845,29.03,,2026-02-26 14:46:54,High,Delhi
2846,20.95,,2026-02-17 09:46:54,Low,Delhi
2847,10.18,112.88,2026-04-02 19:46:54,Low,Mumbai
2848,1.64,22.8,2026-02-18 01:46:54,Medium,Mumbai
2849,6.46,77.09,2026-02-16 11:46:54,High,Ahmedabad
2850,18.96,233.08,2026-03-04 14:46:54,Low,Mumbai
2851,23.57,377.43,2026-03-26 04:46:54,High,Delhi
2852,16.13,318.99,2026-02-20 11:46:54,Medium,Mumbai
2853,27.37,545.87,2026-04-06 21:46:54,Low,Surat
2854,10.41,145.45,2026-03-14 13:46:54,High,Mumbai
2855,17.36,,2026-03-29 12:46:54,Low,Ahmedabad
2856,21.68,3212.81,2026-02-16 08:46:54,Medium,Ahmedabad
2857,2.61,38.81,2026-03-12 18:46:54,Low,Delhi
2858,23.17,370.35,2026-02-12 07:46:54,,Bangalore
2859,14.46,193.88,2026-02-09 22:46:54,Low,Delhi
2860,6.89,59.17,2026-03-28 15:46:54,High,Bangalore
2861,8.8,138.1,2026-03-21 11:46:54,Medium,Delhi
2862,23.11,212.26,2026-03-09 23:46:54,,Bangalore
2863,1.07,11.38,2026-03-22 19:46:54,Low,Surat
2864,11.64,151.08,2026-03-26 09:46:54,High,Bangalore
2865,6.64,,2026-02-17 17:46:54,Medium,Surat
2866,15.53,202.46,2026-04-03 02:46:54,Low,Bangalore
2867,24.81,,2026-04-07 15:46:54,Medium,Delhi
2868,23.22,,2026-03-09 04:46:54,Low,Bangalore
2869,20.06,273.76,2026-03-05 13:46:54,Medium,Mumbai
2870,1.17,21.78,2026-03-06 21:46:54,High,Bangalore
2871,29.7,445.02,2026-03-25 21:46:54,Low,Delhi
2872,16.96,335.78,2026-02-22 15:46:54,Low,Delhi
2873,25.4,268.55,2026-04-04 22:46:54,Medium,Surat
2874,9.27,,2026-02-05 18:46:54,Low,Delhi
2875,5.09,3701.57,2026-03-13 23:46:54,Medium,Surat
2876,6.05,80.96,2026-04-02 21:46:54,Medium,Ahmedabad
2877,7.0,115.9,2026-02-24 19:46:54,Medium,Bangalore
2878,16.63,242.82,2026-02-14 02:46:54,High,Ahmedabad
2879,8.54,76.88,2026-02-12 22:46:54,Low,Surat
2880,24.5,245.34,2026-02-06 15:46:54,,Bangalore
2881,16.75,321.15,2026-02-18 07:46:54,Medium,Delhi
2882,26.58,517.84,2026-03-26 17:46:54,High,Surat
2883,29.57,284.2,2026-02-25 23:46:54,Low,Delhi
2884,29.51,388.06,2026-04-06 14:46:54,Low,Mumbai
2885,18.14,,2026-03-26 21:46:54,High,Ahmedabad
2886,24.93,200.37,2026-03-22 23:46:54,Medium,Mumbai
2887,19.47,197.51,2026-04-04 07:46:54,Medium,Ahmedabad
2888,24.53,454.5,2026-03-16 06:46:54,Medium,Delhi
2889,19.15,323.88,2026-02-10 12:46:54,Medium,Surat
2890,28.51,371.18,2026-03-14 10:46:54,Low,Ahmedabad
2891,27.4,529.46,2026-03-23 16:46:54,Low,Ahmedabad
2892,18.09,336.44,2026-03-11 01:46:54,Low,Ahmedabad
2893,6.81,67.81,2026-02-24 12:46:54,High,Mumbai
2894,28.98,,2026-02-06 06:46:54,Medium,Mumbai
2895,11.25,189.19,2026-02-24 00:46:54,High,Ahmedabad
2896,18.07,186.99,2026-03-12 05:46:54,Low,Bangalore
2897,5.33,74.0,2026-03-01 18:46:54,Low,Surat
2898,27.65,417.69,2026-03-22 05:46:54,High,Delhi
2899,2.84,4727.7,2026-02-20 21:46:54,Medium,Surat
2900,29.48,,2026-02-22 06:46:54,Medium,Mumbai
2901,9.67,142.49,2026-03-27 18:46:54,Low,Ahmedabad
2902,23.23,4159.81,2026-03-04 06:46:54,Medium,Delhi
2903,3.05,41.55,2026-03-19 13:46:54,Low,Mumbai
2904,5.85,62.85,2026-03-05 04:46:54,Medium,Ahmedabad
2905,,123.61,2026-03-13 17:46:54,,Ahmedabad
2906,16.18,214.23,2026-03-20 22:46:54,Low,Mumbai
2907,6.24,61.11,2026-03-17 10:46:54,Medium,Ahmedabad
2908,1.99,24.45,2026-02-25 04:46:54,Medium,Bangalore
2909,5.0,,2026-02-22 09:46:54,Medium,Mumbai
2910,13.76,252.5,2026-03-31 17:46:54,Low,Surat
2911,22.95,231.7,2026-02-16 15:46:54,Medium,Surat
2912,27.15,332.41,2026-03-20 16:46:54,Low,Delhi
2913,9.24,128.89,2026-02-16 06:46:54,Medium,Ahmedabad
2914,9.12,178.37,2026-02-28 00:46:54,Medium,Delhi
2915,26.21,286.36,2026-02-06 18:46:54,Medium,Surat
2916,24.66,408.46,2026-04-06 08:46:54,Medium,Surat
2917,15.28,197.54,2026-02-06 11:46:54,Low,Surat
2918,16.6,142.25,2026-03-18 14:46:54,Low,Bangalore
2919,14.02,249.32,2026-02-23 09:46:54,Low,Mumbai
2920,25.34,322.73,2026-03-26 02:46:54,,Ahmedabad
2921,1.84,24.84,2026-03-27 02:46:54,Medium,Surat
2922,4.15,81.37,2026-04-07 06:46:54,High,Surat
2923,28.41,,2026-03-28 11:46:54,Low,Ahmedabad
2924,27.84,363.7,2026-04-02 16:46:54,Low,Delhi
2925,17.03,285.0,2026-03-18 17:46:54,High,Delhi
2926,14.92,156.74,2026-02-07 11:46:54,Low,Delhi
2927,7.06,111.49,2026-03-23 20:46:54,Medium,Bangalore
2928,5.15,80.35,2026-03-12 09:46:54,Low,Surat
2929,20.12,354.99,2026-03-13 22:46:54,Low,Surat
2930,25.02,282.81,2026-02-06 22:46:54,High,Mumbai
2931,21.92,309.34,2026-03-05 00:46:54,High,Mumbai
2932,20.48,358.66,2026-03-03 18:46:54,Medium,Ahmedabad
2933,7.28,,2026-03-14 17:46:54,High,Surat
2934,1.84,14.77,2026-03-31 08:46:54,,Bangalore
2935,6.39,105.4,2026-04-06 15:46:54,Medium,Mumbai
2936,27.25,364.97,2026-03-25 10:46:54,Low,Ahmedabad
2937,17.3,183.99,2026-02-27 21:46:54,High,Bangalore
2938,25.36,482.97,2026-03-13 13:46:54,Low,Mumbai
2939,4.03,73.87,2026-02-25 09:46:54,Low,Mumbai
2940,25.82,412.23,2026-02-06 02:46:54,Low,Delhi
2941,1.03,9.33,2026-03-22 03:46:54,Low,Ahmedabad
2942,14.84,219.54,2026-04-05 21:46:54,High,Mumbai
2943,27.52,459.91,2026-02-11 07:46:54,Low,Bangalore
2944,26.52,346.95,2026-02-24 01:46:54,High,Mumbai
2945,18.64,260.06,2026-02-22 20:46:54,Medium,Bangalore
2946,14.39,260.56,2026-03-29 22:46:54,Medium,Ahmedabad
2947,20.61,308.31,2026-04-07 14:46:54,Low,Ahmedabad
2948,24.3,245.57,2026-03-17 03:46:54,,Delhi
2949,7.53,84.96,2026-03-09 02:46:54,Low,Delhi
2950,6.01,59.33,2026-02-27 10:46:54,Low,Surat
2951,,269.42,2026-02-14 00:46:54,High,Ahmedabad
2952,6.43,80.3,2026-03-14 06:46:54,High,Bangalore
2953,16.2,180.97,2026-02-21 23:46:54,High,Bangalore
2954,6.04,57.13,2026-03-30 10:46:54,Medium,Mumbai
2955,1.69,17.63,2026-02-17 00:46:54,Medium,Delhi
2956,7.06,91.93,2026-03-15 04:46:54,,Bangalore
2957,6.36,119.02,2026-02-11 07:46:54,Medium,Mumbai
2958,17.59,249.01,2026-02-26 02:46:54,High,Bangalore
2959,24.24,,2026-03-26 09:46:54,Low,Mumbai
2960,28.28,510.8,2026-02-21 12:46:54,High,Delhi
2961,9.39,145.35,2026-03-14 21:46:54,Low,Delhi
2962,4.83,86.5,2026-03-04 14:46:54,High,Bangalore
2963,10.7,189.9,2026-02-28 23:46:54,Medium,Bangalore
2964,17.33,319.31,2026-02-26 04:46:54,Medium,Mumbai
2965,13.91,248.85,2026-02-17 14:46:54,High,Delhi
2966,26.92,378.95,2026-04-04 06:46:54,Medium,Bangalore
2967,9.16,169.86,2026-04-06 15:46:54,High,Delhi
2968,12.48,,2026-03-12 04:46:54,High,Surat
2969,21.16,254.69,2026-02-11 15:46:54,Low,Delhi
2970,17.45,166.22,2026-03-06 10:46:54,Low,Bangalore
2971,27.88,480.52,2026-04-01 05:46:54,High,Surat
2972,21.49,,2026-03-25 10:46:54,Low,Ahmedabad
2973,2.83,35.05,2026-02-22 08:46:54,Medium,Ahmedabad
2974,29.42,530.97,2026-02-16 17:46:54,High,Surat
2975,28.21,249.06,2026-03-22 08:46:54,High,Ahmedabad
2976,15.05,186.02,2026-03-31 10:46:54,High,Mumbai
2977,4.91,48.11,2026-04-05 08:46:54,Medium,Bangalore
2978,5.74,98.2,2026-04-01 02:46:54,Medium,Delhi
2979,18.77,223.36,2026-02-22 20:46:54,Low,Surat
2980,26.54,508.47,2026-03-31 12:46:54,Low,Ahmedabad
2981,29.01,280.12,2026-02-23 03:46:54,Low,Delhi
2982,12.85,117.03,2026-02-27 06:46:54,Medium,Bangalore
2983,19.19,281.51,2026-02-06 04:46:54,,Surat
2984,29.05,401.39,2026-02-14 22:46:54,High,Mumbai
2985,2.07,17.35,2026-03-30 16:46:54,Medium,Surat
2986,20.18,397.21,2026-03-05 21:46:54,Medium,Ahmedabad
2987,3.05,31.89,2026-03-27 13:46:54,Medium,Surat
2988,7.54,132.43,2026-03-01 06:46:54,High,Bangalore
2989,7.44,113.51,2026-03-23 22:46:54,Medium,Ahmedabad
2990,19.82,,2026-02-28 21:46:54,Medium,Mumbai
2991,15.74,266.31,2026-03-15 17:46:54,Low,Ahmedabad
2992,25.6,213.6,2026-03-24 02:46:54,Low,Mumbai
2993,4.36,48.3,2026-03-12 16:46:54,High,Surat
2994,8.96,177.01,2026-02-10 07:46:54,Medium,Ahmedabad
2995,20.31,194.1,2026-02-11 06:46:54,Medium,Surat
2996,9.8,89.72,2026-03-29 06:46:54,Low,Delhi
2997,1.62,13.96,2026-03-20 02:46:54,Medium,Ahmedabad
2998,1.31,13.9,2026-02-24 10:46:54,Medium,Ahmedabad
2999,20.81,241.29,2026-04-07 09:46:54,Low,Delhi
3000,16.6,3779.72,2026-03-01 22:46:54,Low,Ahmedabad
3001,19.07,294.74,2026-02-23 19:46:54,High,Bangalore
3002,6.85,114.53,2026-02-18 20:46:54,Medium,Surat
3003,23.38,455.62,2026-03-06 09:46:54,Low,Mumbai
3004,18.82,364.95,2026-02-16 05:46:54,Medium,Surat
3005,12.58,180.98,2026-02-28 04:46:54,Medium,Bangalore
3006,6.16,91.13,2026-04-05 08:46:54,Low,Mumbai
3007,21.8,185.48,2026-03-20 23:46:54,High,Surat
3008,23.5,250.21,2026-04-06 19:46:54,Low,Bangalore
3009,27.74,239.84,2026-02-06 14:46:54,Low,Bangalore
3010,10.35,114.11,2026-03-15 23:46:54,High,Delhi
3011,25.66,321.72,2026-02-11 04:46:54,High,Surat
3012,7.98,140.25,2026-03-30 12:46:54,Medium,Bangalore
3013,21.39,382.11,2026-03-26 15:46:54,Low,Ahmedabad
3014,23.44,375.95,2026-03-02 23:46:54,Medium,Surat
3015,25.74,419.29,2026-03-29 11:46:54,Low,Ahmedabad
3016,17.33,206.88,2026-02-22 18:46:54,Low,Bangalore
3017,21.64,393.62,2026-03-31 22:46:54,Medium,Surat
3018,23.16,408.35,2026-02-08 00:46:54,Low,Delhi
3019,8.31,156.08,2026-02-20 16:46:54,Low,Mumbai
3020,3.44,33.27,2026-02-20 15:46:54,High,Bangalore
3021,17.91,352.49,2026-02-26 13:46:54,High,Ahmedabad
3022,23.15,405.05,2026-03-25 10:46:54,Medium,Surat
3023,28.51,483.16,2026-03-12 05:46:54,Medium,Delhi
3024,8.34,131.24,2026-02-14 08:46:54,Low,Ahmedabad
3025,9.34,131.79,2026-04-06 18:46:54,Low,Bangalore
3026,5.3,,2026-03-02 17:46:54,Medium,Surat
3027,,257.28,2026-03-12 11:46:54,High,Mumbai
3028,3.9,57.19,2026-02-18 03:46:54,Low,Ahmedabad
3029,6.31,123.26,2026-02-13 12:46:54,High,Delhi
3030,25.22,,2026-02-05 23:46:54,Medium,Bangalore
3031,6.31,123.04,2026-02-18 05:46:54,High,Delhi
3032,3.77,53.69,2026-02-08 03:46:54,Low,Surat
3033,23.73,,2026-03-20 18:46:54,High,Bangalore
3034,8.32,162.87,2026-03-11 15:46:54,Low,Ahmedabad
3035,9.18,167.43,2026-03-09 16:46:54,Low,Mumbai
3036,15.63,172.44,2026-02-17 02:46:54,Medium,Ahmedabad
3037,7.34,134.89,2026-03-30 14:46:54,Low,Bangalore
3038,12.86,152.09,2026-03-03 10:46:54,High,Mumbai
3039,20.76,209.64,2026-03-05 05:46:54,Medium,Delhi
3040,16.63,211.23,2026-02-28 23:46:54,High,Ahmedabad
3041,1.57,19.66,2026-03-19 17:46:54,High,Bangalore
3042,21.18,214.69,2026-02-27 14:46:54,High,Mumbai
3043,25.31,328.7,2026-03-13 07:46:54,High,Surat
3044,3.41,63.72,2026-04-01 05:46:54,High,Ahmedabad
3045,7.99,139.98,2026-03-27 05:46:54,Medium,Mumbai
3046,28.58,551.91,2026-04-06 10:46:54,Medium,Ahmedabad
3047,21.28,372.05,2026-03-08 17:46:54,Low,Mumbai
3048,3.51,,2026-02-09 08:46:54,High,Delhi
3049,17.47,,2026-02-21 12:46:54,Medium,Surat
3050,3.74,,2026-03-05 16:46:54,,Mumbai
3051,21.77,391.28,2026-02-17 13:46:54,High,Surat
3052,16.35,168.41,2026-03-02 12:46:54,Medium,Surat
3053,14.31,2070.35,2026-04-02 11:46:54,Low,Delhi
3054,11.49,131.22,2026-03-29 19:46:54,High,Bangalore
3055,18.07,199.28,2026-03-15 22:46:54,High,Ahmedabad
3056,24.33,219.55,2026-02-11 01:46:54,Medium,Ahmedabad
3057,25.56,245.84,2026-02-25 13:46:54,Medium,Bangalore
3058,29.92,584.51,2026-02-28 16:46:54,Medium,Delhi
3059,27.7,323.02,2026-04-06 00:46:54,Low,Ahmedabad
3060,2.5,,2026-04-03 13:46:54,Medium,Bangalore
3061,12.07,232.03,2026-03-25 00:46:54,High,Mumbai
3062,29.4,273.97,2026-03-22 22:46:54,Low,Mumbai
3063,23.87,297.6,2026-03-21 23:46:54,Low,Bangalore
3064,12.3,232.55,2026-03-17 16:46:54,Low,Mumbai
3065,25.76,429.68,2026-03-15 01:46:54,Medium,Delhi
3066,14.37,183.51,2026-03-17 22:46:54,Low,Ahmedabad
3067,16.77,136.58,2026-03-03 00:46:54,Medium,Surat
3068,16.78,149.95,2026-02-07 10:46:54,Low,Mumbai
3069,14.17,214.19,2026-02-08 16:46:54,Low,Mumbai
3070,20.51,294.02,2026-02-13 14:46:54,Low,Delhi
3071,10.35,110.06,2026-03-08 13:46:54,,Bangalore
3072,18.94,164.87,2026-02-08 13:46:54,Low,Mumbai
3073,28.46,323.18,2026-03-28 00:46:54,Medium,Ahmedabad
3074,21.98,383.23,2026-02-20 02:46:54,Medium,Mumbai
3075,5.87,53.03,2026-02-11 21:46:54,Low,Ahmedabad
3076,8.27,124.17,2026-03-14 02:46:54,High,Delhi
3077,19.39,247.64,2026-04-01 09:46:54,Low,Surat
3078,29.81,538.24,2026-02-07 08:46:54,Medium,Surat
3079,21.65,193.51,2026-03-20 03:46:54,High,Surat
3080,1.2,19.51,2026-03-07 12:46:54,Medium,Mumbai
3081,21.03,330.85,2026-03-08 11:46:54,High,Bangalore
3082,11.39,179.03,2026-03-31 01:46:54,High,Delhi
3083,27.99,529.71,2026-02-27 15:46:54,,Surat
3084,3.54,67.57,2026-03-14 22:46:54,,Mumbai
3085,9.33,176.94,2026-02-15 22:46:54,Medium,Delhi
3086,4.61,43.35,2026-03-07 02:46:54,High,Bangalore
3087,18.88,359.15,2026-04-04 23:46:54,Low,Delhi
3088,1.85,22.81,2026-02-15 03:46:54,,Mumbai
3089,3.18,53.21,2026-02-09 19:46:54,High,Delhi
3090,28.34,328.42,2026-04-04 12:46:54,Low,Mumbai
3091,25.14,407.95,2026-03-04 21:46:54,High,Delhi
3092,21.97,382.96,2026-03-31 05:46:54,Low,Surat
3093,22.73,414.55,2026-04-02 23:46:54,High,Surat
3094,2.25,29.16,2026-03-04 05:46:54,Medium,Ahmedabad
3095,19.61,191.64,2026-03-12 18:46:54,Medium,Bangalore
3096,11.32,102.19,2026-02-19 03:46:54,Medium,Surat
3097,1.3,14.42,2026-03-10 06:46:54,High,Mumbai
3098,13.25,240.35,2026-02-09 19:46:54,Low,Mumbai
3099,22.3,353.41,2026-03-10 23:46:54,Low,Delhi
3100,25.61,419.77,2026-02-12 05:46:54,Low,Delhi
3101,14.96,174.67,2026-02-19 03:46:54,,Delhi
3102,8.38,140.19,2026-03-09 05:46:54,High,Ahmedabad
3103,11.52,144.13,2026-04-01 10:46:54,Low,Ahmedabad
3104,26.78,399.44,2026-02-12 20:46:54,Medium,Mumbai
3105,3.82,35.75,2026-03-06 16:46:54,Medium,Mumbai
3106,25.72,277.98,2026-02-11 11:46:54,Medium,Delhi
3107,25.64,429.15,2026-03-14 21:46:54,Low,Ahmedabad
3108,17.29,253.32,2026-04-01 07:46:54,Medium,Surat
3109,25.93,405.19,2026-02-28 22:46:54,Medium,Delhi
3110,10.29,152.81,2026-03-13 10:46:54,Low,Bangalore
3111,11.33,130.27,2026-02-18 19:46:54,High,Delhi
3112,8.34,108.94,2026-03-12 13:46:54,High,Delhi
3113,19.21,225.88,2026-02-28 00:46:54,Low,Delhi
3114,13.27,4406.42,2026-02-10 22:46:54,High,Ahmedabad
3115,22.05,,2026-02-26 08:46:54,Low,Delhi
3116,22.01,433.87,2026-02-28 00:46:54,High,Bangalore
3117,18.88,314.89,2026-03-29 23:46:54,High,Surat
3118,2.06,38.39,2026-02-18 17:46:54,,Surat
3119,16.33,285.07,2026-02-08 22:46:54,High,Mumbai
3120,22.06,418.84,2026-03-14 05:46:54,High,Bangalore
3121,17.35,,2026-03-02 11:46:54,Low,Ahmedabad
3122,13.19,167.34,2026-02-12 12:46:54,Medium,Surat
3123,7.04,90.67,2026-02-15 13:46:54,High,Surat
3124,5.42,57.12,2026-03-01 13:46:54,High,Delhi
3125,23.54,238.07,2026-03-11 19:46:54,Medium,Mumbai
3126,4.22,34.19,2026-03-18 11:46:54,Medium,Ahmedabad
3127,22.16,,2026-03-25 05:46:54,Medium,Surat
3128,9.33,117.63,2026-03-05 19:46:54,Low,Bangalore
3129,8.5,120.88,2026-02-17 08:46:54,Medium,Mumbai
3130,20.75,300.61,2026-03-29 09:46:54,High,Mumbai
3131,14.5,198.46,2026-02-06 14:46:54,High,Delhi
3132,,360.39,2026-03-25 18:46:54,High,Bangalore
3133,18.25,332.54,2026-02-22 12:46:54,Medium,Bangalore
3134,18.75,301.93,2026-04-02 19:46:54,High,Ahmedabad
3135,25.33,362.3,2026-03-07 20:46:54,Medium,Surat
3136,15.13,228.02,2026-02-14 05:46:54,Medium,Surat
3137,2.55,21.45,2026-03-03 07:46:54,High,Delhi
3138,25.97,477.63,2026-03-29 15:46:54,High,Surat
3139,5.47,66.99,2026-02-16 17:46:54,Medium,Ahmedabad
3140,29.58,438.27,2026-02-23 01:46:54,High,Bangalore
3141,27.17,337.46,2026-03-29 16:46:54,Medium,Delhi
3142,3.82,55.28,2026-03-28 02:46:54,Medium,Surat
3143,17.4,183.81,2026-03-08 23:46:54,Medium,Mumbai
3144,2.51,42.9,2026-02-18 06:46:54,Medium,Bangalore
3145,19.08,3560.15,2026-03-22 04:46:54,Medium,Bangalore
3146,14.88,257.21,2026-02-17 12:46:54,High,Ahmedabad
3147,5.74,77.36,2026-04-01 12:46:54,Low,Mumbai
3148,18.03,281.12,2026-03-20 19:46:54,Low,Surat
3149,22.42,286.41,2026-02-09 14:46:54,Medium,Ahmedabad
3150,7.54,,2026-04-06 22:46:54,Medium,Ahmedabad
3151,28.71,444.04,2026-03-17 07:46:54,Medium,Bangalore
3152,22.72,353.51,2026-02-10 17:46:54,Low,Surat
3153,29.85,460.65,2026-02-16 15:46:54,Medium,Ahmedabad
3154,13.39,,2026-03-29 15:46:54,,Mumbai
3155,10.18,4862.86,2026-03-18 10:46:54,Medium,Bangalore
3156,9.21,128.28,2026-02-15 19:46:54,Medium,Delhi
3157,18.92,296.36,2026-02-14 18:46:54,Medium,Surat
3158,14.93,196.92,2026-03-27 15:46:54,Low,Surat
3159,5.83,100.71,2026-03-04 02:46:54,High,Delhi
3160,10.98,,2026-03-09 19:46:54,Low,Ahmedabad
3161,6.35,96.0,2026-02-24 19:46:54,Low,Delhi
3162,12.59,207.06,2026-03-28 07:46:54,Medium,Ahmedabad
3163,10.93,215.18,2026-03-12 17:46:54,Medium,Mumbai
3164,1.89,19.64,2026-03-08 01:46:54,High,Mumbai
3165,21.88,392.3,2026-02-27 04:46:54,Medium,Ahmedabad
3166,22.15,298.83,2026-02-12 17:46:54,Medium,Delhi
3167,5.08,68.03,2026-02-08 11:46:54,,Ahmedabad
3168,22.9,310.08,2026-02-21 00:46:54,Medium,Delhi
3169,27.25,,2026-02-24 02:46:54,Medium,Surat
3170,29.13,469.51,2026-02-16 11:46:54,High,Surat
3171,22.25,409.42,2026-03-03 19:46:54,Low,Mumbai
3172,21.43,222.64,2026-03-24 12:46:54,Medium,Bangalore
3173,,180.95,2026-02-08 08:46:54,Low,Delhi
3174,5.68,90.93,2026-03-08 15:46:54,High,Mumbai
3175,18.44,201.89,2026-02-05 19:46:54,High,Mumbai
3176,16.63,276.02,2026-03-22 22:46:54,Low,Delhi
3177,5.12,42.4,2026-03-07 04:46:54,Medium,Ahmedabad
3178,2.7,35.8,2026-03-16 16:46:54,High,Bangalore
3179,,,2026-02-25 06:46:54,High,Mumbai
3180,27.64,240.09,2026-03-13 08:46:54,Low,Mumbai
3181,14.57,206.66,2026-03-01 11:46:54,Low,Ahmedabad
3182,2.52,28.01,2026-03-25 09:46:54,Medium,Surat
3183,23.85,282.42,2026-02-20 21:46:54,High,Mumbai
3184,5.05,70.93,2026-03-15 15:46:54,,Surat
3185,,267.84,2026-03-08 22:46:54,High,Surat
3186,3.18,38.45,2026-02-19 01:46:54,Low,Ahmedabad
3187,18.9,303.37,2026-03-15 01:46:54,Low,Mumbai
3188,14.72,190.87,2026-02-08 18:46:54,Low,Ahmedabad
3189,29.21,529.61,2026-03-15 09:46:54,Medium,Surat
3190,18.82,201.17,2026-03-22 23:46:54,High,Mumbai
3191,23.06,200.94,2026-04-01 10:46:54,High,Mumbai
3192,16.39,228.19,2026-04-03 17:46:54,Low,Mumbai
3193,19.21,369.4,2026-02-11 21:46:54,Low,Delhi
3194,2.1,37.08,2026-02-22 13:46:54,High,Bangalore
3195,3.0,49.1,2026-02-22 07:46:54,High,Surat
3196,1.08,12.53,2026-03-21 13:46:54,Medium,Surat
3197,28.09,414.68,2026-03-25 20:46:54,Medium,Ahmedabad
3198,7.17,65.76,2026-03-25 23:46:54,Low,Mumbai
3199,2.45,,2026-04-06 20:46:54,High,Ahmedabad
3200,4.39,46.1,2026-03-04 23:46:54,Low,Delhi
3201,1.18,14.87,2026-02-09 22:46:54,Medium,Mumbai
3202,4.28,,2026-02-19 18:46:54,Low,Surat
3203,24.18,,2026-02-23 10:46:54,Medium,Delhi
3204,5.4,60.16,2026-03-20 17:46:54,Low,Bangalore
3205,3.38,64.9,2026-02-14 15:46:54,Medium,Bangalore
3206,28.98,256.83,2026-02-06 11:46:54,Medium,Surat
3207,19.07,269.85,2026-02-13 10:46:54,,Delhi
3208,27.9,,2026-02-10 12:46:54,Low,Bangalore
3209,29.81,337.01,2026-02-12 23:46:54,Low,Mumbai
3210,1.22,9.95,2026-03-18 20:46:54,Medium,Delhi
3211,24.24,313.75,2026-03-06 15:46:54,Low,Ahmedabad
3212,11.25,108.77,2026-03-31 06:46:54,High,Surat
3213,29.24,454.97,2026-02-11 10:46:54,Medium,Mumbai
3214,19.06,364.41,2026-03-07 04:46:54,Medium,Ahmedabad
3215,12.77,153.01,2026-03-08 17:46:54,Low,Bangalore
3216,29.44,481.81,2026-04-02 04:46:54,Medium,Mumbai
3217,9.43,106.71,2026-03-17 00:46:54,High,Bangalore
3218,9.1,107.4,2026-03-19 01:46:54,,Mumbai
3219,13.3,262.49,2026-02-13 22:46:54,Medium,Bangalore
3220,13.74,142.39,2026-02-07 05:46:54,High,Surat
3221,6.02,106.9,2026-02-10 23:46:54,High,Mumbai
3222,4.14,82.42,2026-03-27 22:46:54,Medium,Ahmedabad
3223,11.3,111.63,2026-03-02 07:46:54,Medium,Mumbai
3224,4.04,63.5,2026-03-26 06:46:54,Medium,Surat
3225,18.39,365.48,2026-03-02 14:46:54,Medium,Ahmedabad
3226,24.86,295.49,2026-02-22 07:46:54,,Surat
3227,23.73,379.69,2026-03-19 10:46:54,High,Bangalore
3228,18.72,,2026-03-12 12:46:54,Medium,Delhi
3229,7.61,132.99,2026-02-11 19:46:54,Low,Ahmedabad
3230,28.03,233.68,2026-03-31 00:46:54,High,Ahmedabad
3231,15.98,,2026-02-13 19:46:54,Medium,Mumbai
3232,5.79,85.56,2026-03-06 15:46:54,High,Ahmedabad
3233,25.18,238.21,2026-03-17 16:46:54,Low,Delhi
3234,4.19,79.93,2026-03-17 15:46:54,High,Ahmedabad
3235,20.06,216.98,2026-03-11 19:46:54,Low,Mumbai
3236,22.69,,2026-02-10 01:46:54,High,Ahmedabad
3237,20.47,386.46,2026-03-20 05:46:54,High,Mumbai
3238,19.4,281.53,2026-04-03 10:46:54,Low,Delhi
3239,18.89,3681.34,2026-03-10 20:46:54,Medium,Delhi
3240,7.22,89.69,2026-02-17 07:46:54,Low,Ahmedabad
3241,,4353.56,2026-04-01 06:46:54,Low,Surat
3242,10.13,151.38,2026-04-03 03:46:54,Low,Delhi
3243,7.1,70.7,2026-03-03 19:46:54,,Surat
3244,11.63,143.13,2026-03-11 14:46:54,,Ahmedabad
3245,1.63,24.85,2026-02-14 02:46:54,,Mumbai
3246,11.07,3908.95,2026-02-17 18:46:54,Low,Ahmedabad
3247,12.26,,2026-02-11 20:46:54,Low,Bangalore
3248,1.45,15.71,2026-03-13 15:46:54,High,Surat
3249,23.82,391.44,2026-02-19 02:46:54,Low,Surat
3250,18.07,,2026-02-19 20:46:54,Low,Ahmedabad
3251,28.66,2044.89,2026-02-18 05:46:54,High,Ahmedabad
3252,14.46,140.36,2026-02-26 19:46:54,Medium,Mumbai
3253,8.85,109.89,2026-03-04 12:46:54,Medium,Delhi
3254,3.88,49.05,2026-04-07 14:46:54,High,Mumbai
3255,,57.87,2026-03-06 21:46:54,Medium,Surat
3256,29.71,549.77,2026-02-06 02:46:54,Low,Mumbai
3257,29.98,353.19,2026-02-13 20:46:54,Medium,Delhi
3258,25.61,312.82,2026-02-13 16:46:54,High,Bangalore
3259,8.19,97.09,2026-02-09 01:46:54,Low,Mumbai
3260,3.04,37.86,2026-02-09 02:46:54,High,Bangalore
3261,10.22,167.65,2026-02-21 13:46:54,Low,Mumbai
3262,21.85,,2026-04-02 11:46:54,High,Delhi
3263,9.21,117.13,2026-03-13 17:46:54,Low,Delhi
3264,3.1,41.12,2026-02-23 19:46:54,Low,Mumbai
3265,,251.6,2026-03-17 03:46:54,Medium,Delhi
3266,21.81,185.05,2026-03-17 21:46:54,Low,Bangalore
3267,15.66,218.33,2026-02-11 06:46:54,Medium,Mumbai
3268,25.14,289.39,2026-03-23 00:46:54,Low,Mumbai
3269,12.03,178.37,2026-02-25 23:46:54,High,Bangalore
3270,17.57,217.09,2026-03-17 13:46:54,Medium,Mumbai
3271,7.12,77.75,2026-03-11 05:46:54,High,Bangalore
3272,2.68,44.57,2026-02-20 05:46:54,Medium,Mumbai
3273,16.75,212.17,2026-02-12 01:46:54,High,Bangalore
3274,19.71,241.03,2026-03-03 16:46:54,High,Ahmedabad
3275,4.87,42.97,2026-02-19 04:46:54,Medium,Surat
3276,5.95,59.59,2026-02-23 04:46:54,Low,Delhi
3277,5.71,,2026-03-21 05:46:54,Medium,Ahmedabad
3278,17.89,338.0,2026-03-09 00:46:54,Low,Surat
3279,12.52,184.15,2026-02-26 22:46:54,High,Ahmedabad
3280,13.14,235.48,2026-02-14 03:46:54,Low,Ahmedabad
3281,5.26,81.44,2026-02-05 21:46:54,High,Surat
3282,22.65,251.47,2026-03-06 10:46:54,Medium,Surat
3283,25.21,239.23,2026-02-23 16:46:54,High,Bangalore
3284,1.42,25.93,2026-02-14 01:46:54,High,Ahmedabad
3285,1.06,8.78,2026-03-29 01:46:54,High,Delhi
3286,18.53,,2026-02-15 06:46:54,Low,Bangalore
3287,26.31,501.52,2026-02-27 07:46:54,Medium,Ahmedabad
3288,1.69,28.24,2026-03-14 07:46:54,High,Surat
3289,28.66,505.32,2026-03-02 09:46:54,Medium,Delhi
3290,26.64,527.66,2026-02-09 02:46:54,High,Delhi
3291,,292.67,2026-02-12 04:46:54,Medium,Surat
3292,5.15,94.04,2026-03-01 00:46:54,Low,Ahmedabad
3293,27.13,312.64,2026-02-22 04:46:54,Low,Mumbai
3294,19.87,198.94,2026-02-11 05:46:54,Low,Ahmedabad
3295,7.45,131.47,2026-03-23 01:46:54,Medium,Mumbai
3296,19.59,248.6,2026-02-26 04:46:54,High,Surat
3297,5.97,102.59,2026-03-28 04:46:54,High,Delhi
3298,19.64,282.01,2026-02-23 07:46:54,Low,Bangalore
3299,1.79,30.6,2026-03-24 21:46:54,Medium,Bangalore
3300,15.08,252.01,2026-02-27 13:46:54,Medium,Mumbai
3301,14.56,289.66,2026-03-10 05:46:54,High,Surat
3302,21.81,204.17,2026-03-20 22:46:54,High,Bangalore
3303,3.99,63.31,2026-02-23 02:46:54,High,Bangalore
3304,16.5,185.22,2026-03-04 07:46:54,High,Surat
3305,13.66,135.66,2026-02-06 21:46:54,Medium,Delhi
3306,26.73,235.43,2026-03-04 17:46:54,Medium,Surat
3307,21.06,256.01,2026-02-17 18:46:54,Medium,Bangalore
3308,27.28,,2026-03-18 04:46:54,High,Ahmedabad
3309,11.73,125.63,2026-02-20 01:46:54,Low,Ahmedabad
3310,22.0,223.33,2026-02-07 22:46:54,High,Bangalore
3311,16.92,337.87,2026-04-04 02:46:54,Low,Delhi
3312,9.29,83.19,2026-03-09 22:46:54,Low,Mumbai
3313,4.94,58.47,2026-03-15 16:46:54,,Delhi
3314,21.56,358.98,2026-02-16 20:46:54,Low,Delhi
3315,15.82,127.52,2026-04-01 11:46:54,Low,Surat
3316,6.41,121.01,2026-03-12 10:46:54,Low,Surat
3317,2.58,,2026-04-06 20:46:54,High,Mumbai
3318,5.28,,2026-02-28 20:46:54,Medium,Bangalore
3319,2.53,31.49,2026-02-21 21:46:54,Medium,Ahmedabad
3320,19.93,199.29,2026-03-16 21:46:54,High,Bangalore
3321,25.4,421.72,2026-03-22 08:46:54,Medium,Mumbai
3322,23.49,226.46,2026-03-14 06:46:54,High,Bangalore
3323,13.48,239.52,2026-02-07 03:46:54,,Delhi
3324,14.3,2263.99,2026-03-31 00:46:54,Low,Surat
3325,13.02,107.91,2026-03-03 23:46:54,,Surat
3326,20.11,401.05,2026-02-18 19:46:54,High,Ahmedabad
3327,20.33,187.71,2026-02-10 02:46:54,Medium,Ahmedabad
3328,1.44,,2026-03-02 03:46:54,Low,Bangalore
3329,10.34,136.26,2026-02-26 21:46:54,Low,Delhi
3330,23.77,397.27,2026-03-16 09:46:54,Medium,Delhi
3331,11.03,,2026-03-16 10:46:54,Medium,Bangalore
3332,11.73,116.39,2026-02-12 16:46:54,High,Surat
3333,13.19,184.26,2026-03-26 08:46:54,Low,Delhi
3334,1.27,19.39,2026-02-06 05:46:54,Medium,Bangalore
3335,,56.45,2026-02-19 18:46:54,High,Mumbai
3336,26.28,496.78,2026-03-07 14:46:54,Low,Delhi
3337,9.83,114.42,2026-03-23 23:46:54,High,Surat
3338,22.32,342.72,2026-03-29 05:46:54,Medium,Ahmedabad
3339,23.39,312.16,2026-03-10 20:46:54,,Delhi
3340,2.34,,2026-03-26 21:46:54,Low,Surat
3341,20.1,324.29,2026-04-04 16:46:54,High,Surat
3342,22.25,253.19,2026-03-06 08:46:54,Low,Bangalore
3343,22.65,239.48,2026-02-07 00:46:54,High,Mumbai
3344,8.52,125.97,2026-04-06 13:46:54,Medium,Surat
3345,5.56,90.06,2026-02-23 12:46:54,Medium,Surat
3346,15.22,275.72,2026-03-08 09:46:54,High,Surat
3347,10.58,104.97,2026-03-17 19:46:54,Medium,Bangalore
3348,22.04,419.46,2026-03-02 05:46:54,Medium,Delhi
3349,29.22,407.05,2026-02-17 07:46:54,Low,Ahmedabad
3350,1.69,16.01,2026-03-01 01:46:54,,Bangalore
3351,9.93,122.82,2026-03-24 17:46:54,High,Bangalore
3352,29.07,248.93,2026-04-02 04:46:54,Low,Surat
3353,10.61,148.11,2026-02-28 14:46:54,Medium,Surat
3354,7.83,156.36,2026-03-17 20:46:54,High,Delhi
3355,28.81,302.96,2026-02-16 01:46:54,High,Mumbai
3356,24.14,309.77,2026-02-19 06:46:54,High,Ahmedabad
3357,13.79,186.32,2026-03-23 10:46:54,Low,Surat
3358,23.22,229.46,2026-03-31 10:46:54,Medium,Ahmedabad
3359,22.5,408.29,2026-03-22 09:46:54,High,Surat
3360,3.99,79.62,2026-02-12 12:46:54,Low,Ahmedabad
3361,5.02,96.33,2026-03-05 23:46:54,Medium,Ahmedabad
3362,12.72,160.93,2026-02-16 04:46:54,High,Delhi
3363,10.94,119.55,2026-02-25 04:46:54,High,Surat
3364,10.38,112.68,2026-02-19 13:46:54,Medium,Mumbai
3365,12.48,142.67,2026-03-15 11:46:54,High,Surat
3366,13.9,125.0,2026-04-01 07:46:54,High,Mumbai
3367,7.56,,2026-03-26 11:46:54,High,Mumbai
3368,2.54,42.19,2026-03-26 10:46:54,Medium,Bangalore
3369,11.61,97.53,2026-03-26 20:46:54,Medium,Delhi
3370,20.23,292.49,2026-02-06 22:46:54,High,Delhi
3371,14.94,289.8,2026-02-06 06:46:54,High,Ahmedabad
3372,2.81,42.31,2026-03-22 10:46:54,Medium,Surat
3373,18.03,226.59,2026-03-13 18:46:54,Low,Bangalore
3374,10.74,,2026-02-18 21:46:54,Low,Ahmedabad
3375,27.28,479.67,2026-02-10 19:46:54,,Ahmedabad
3376,13.99,,2026-03-14 13:46:54,High,Ahmedabad
3377,19.21,,2026-03-21 11:46:54,High,Bangalore
3378,20.86,256.0,2026-03-30 11:46:54,Low,Mumbai
3379,29.55,422.23,2026-04-02 21:46:54,Low,Surat
3380,11.15,136.94,2026-02-27 09:46:54,High,Bangalore
3381,,82.01,2026-03-29 21:46:54,Medium,Mumbai
3382,21.71,333.89,2026-04-03 23:46:54,Low,Delhi
3383,6.74,,2026-03-19 21:46:54,High,Surat
3384,15.27,179.15,2026-03-14 02:46:54,High,Bangalore
3385,22.58,200.96,2026-03-01 16:46:54,Low,Surat
3386,5.37,64.53,2026-03-03 08:46:54,High,Ahmedabad
3387,8.3,153.97,2026-04-05 11:46:54,Medium,Mumbai
3388,18.74,193.16,2026-02-15 08:46:54,Low,Delhi
3389,21.78,365.37,2026-03-31 02:46:54,Medium,Bangalore
3390,30.0,353.85,2026-03-08 20:46:54,Medium,Surat
3391,19.14,157.66,2026-04-03 10:46:54,Low,Mumbai
3392,10.9,114.97,2026-02-28 13:46:54,Low,Surat
3393,13.79,261.65,2026-02-06 00:46:54,Low,Bangalore
3394,7.03,65.29,2026-03-25 18:46:54,,Delhi
3395,2.9,4182.94,2026-02-09 14:46:54,Low,Mumbai
3396,11.64,3052.62,2026-02-24 07:46:54,,Bangalore
3397,15.05,148.14,2026-03-26 14:46:54,High,Surat
3398,24.72,,2026-03-25 20:46:54,Medium,Delhi
3399,1.52,12.84,2026-03-02 11:46:54,,Delhi
3400,22.09,390.42,2026-03-25 12:46:54,Low,Mumbai
3401,8.86,138.3,2026-02-15 17:46:54,High,Delhi
3402,29.84,541.22,2026-03-20 23:46:54,High,Delhi
3403,20.91,260.54,2026-02-19 15:46:54,Medium,Surat
3404,9.62,82.04,2026-03-08 22:46:54,Medium,Bangalore
3405,24.71,442.21,2026-02-18 12:46:54,High,Bangalore
3406,,414.89,2026-02-13 21:46:54,Low,Mumbai
3407,11.43,168.14,2026-02-10 21:46:54,High,Ahmedabad
3408,3.92,37.35,2026-04-02 23:46:54,High,Bangalore
3409,9.02,,2026-02-20 09:46:54,Medium,Ahmedabad
3410,17.04,,2026-03-14 11:46:54,Low,Bangalore
3411,,378.17,2026-04-06 13:46:54,Medium,Ahmedabad
3412,21.69,,2026-03-26 20:46:54,Low,Ahmedabad
3413,3.84,32.66,2026-03-01 21:46:54,Medium,Mumbai
3414,5.53,87.9,2026-03-23 09:46:54,High,Bangalore
3415,23.29,,2026-03-25 21:46:54,High,Ahmedabad
3416,,94.35,2026-02-19 17:46:54,High,Bangalore
3417,4.73,54.47,2026-04-01 22:46:54,Low,Mumbai
3418,3.45,41.6,2026-03-17 20:46:54,,Ahmedabad
3419,10.03,102.06,2026-04-02 20:46:54,High,Delhi
3420,25.29,412.61,2026-02-16 17:46:54,Low,Bangalore
3421,14.28,4029.96,2026-04-02 16:46:54,Medium,Bangalore
3422,12.03,201.63,2026-03-27 15:46:54,Low,Bangalore
3423,10.31,87.73,2026-03-09 12:46:54,High,Ahmedabad
3424,27.8,,2026-04-02 03:46:54,Low,Ahmedabad
3425,10.1,162.67,2026-02-10 04:46:54,Medium,Bangalore
3426,4.21,81.84,2026-03-14 08:46:54,Medium,Mumbai
3427,9.55,134.93,2026-03-18 23:46:54,Medium,Surat
3428,11.96,158.03,2026-03-12 03:46:54,Medium,Surat
3429,6.02,111.67,2026-03-30 20:46:54,Low,Bangalore
3430,21.72,345.96,2026-02-25 01:46:54,Low,Bangalore
3431,2.97,47.44,2026-03-19 06:46:54,High,Bangalore
3432,3.34,37.24,2026-02-22 11:46:54,Medium,Ahmedabad
3433,13.41,130.41,2026-03-30 12:46:54,,Ahmedabad
3434,26.48,352.39,2026-02-09 17:46:54,Medium,Ahmedabad
3435,13.96,160.2,2026-03-24 00:46:54,Low,Ahmedabad
3436,8.76,173.55,2026-02-20 01:46:54,Low,Bangalore
3437,21.9,435.94,2026-02-21 02:46:54,Medium,Mumbai
3438,20.72,242.33,2026-04-05 08:46:54,High,Ahmedabad
3439,15.75,191.46,2026-03-03 13:46:54,Low,Delhi
3440,15.03,248.04,2026-02-11 14:46:54,Medium,Bangalore
3441,16.82,274.49,2026-04-02 12:46:54,Low,Surat
3442,27.06,408.25,2026-02-16 13:46:54,High,Mumbai
3443,6.63,68.92,2026-03-29 10:46:54,Medium,Ahmedabad
3444,15.86,297.58,2026-03-25 16:46:54,Low,Mumbai
3445,18.44,199.22,2026-04-04 02:46:54,Medium,Bangalore
3446,7.44,95.37,2026-02-10 03:46:54,Medium,Surat
3447,,331.58,2026-03-11 16:46:54,High,Bangalore
3448,28.92,396.78,2026-03-10 13:46:54,Low,Bangalore
3449,28.39,377.2,2026-03-01 06:46:54,Medium,Bangalore
3450,27.79,275.07,2026-03-21 14:46:54,Medium,Mumbai
3451,8.28,101.38,2026-03-16 22:46:54,Medium,Delhi
3452,8.41,111.49,2026-04-07 00:46:54,High,Ahmedabad
3453,7.39,97.66,2026-03-30 11:46:54,Low,Bangalore
3454,25.94,445.29,2026-03-08 20:46:54,Low,Delhi
3455,26.41,265.29,2026-03-24 23:46:54,Medium,Surat
3456,5.9,,2026-03-29 16:46:54,High,Mumbai
3457,17.21,214.92,2026-02-24 02:46:54,High,Bangalore
3458,19.21,281.43,2026-03-29 08:46:54,Low,Delhi
3459,6.97,102.1,2026-03-03 21:46:54,High,Mumbai
3460,2.84,48.42,2026-04-06 05:46:54,High,Ahmedabad
3461,22.7,256.11,2026-03-22 09:46:54,High,Ahmedabad
3462,23.48,251.55,2026-02-12 09:46:54,Low,Mumbai
3463,23.65,339.57,2026-03-07 08:46:54,Low,Ahmedabad
3464,5.5,69.79,2026-03-16 11:46:54,Medium,Surat
3465,,422.73,2026-03-16 11:46:54,Medium,Surat
3466,10.6,209.3,2026-02-15 22:46:54,High,Bangalore
3467,13.54,231.78,2026-03-07 03:46:54,High,Mumbai
3468,7.5,115.03,2026-03-22 08:46:54,Medium,Mumbai
3469,4.57,59.67,2026-03-14 08:46:54,Low,Delhi
3470,6.6,85.75,2026-02-19 16:46:54,Medium,Surat
3471,21.37,215.0,2026-03-14 18:46:54,High,Mumbai
3472,7.44,131.43,2026-03-03 21:46:54,High,Mumbai
3473,5.14,,2026-02-11 04:46:54,Low,Ahmedabad
3474,10.88,110.87,2026-02-19 17:46:54,High,Ahmedabad
3475,19.4,381.18,2026-03-20 21:46:54,High,Bangalore
3476,24.91,283.07,2026-02-22 23:46:54,High,Ahmedabad
3477,17.74,216.88,2026-03-03 09:46:54,Medium,Surat
3478,16.66,236.04,2026-02-27 15:46:54,Low,Bangalore
3479,9.99,195.81,2026-04-06 23:46:54,Low,Mumbai
3480,19.76,234.5,2026-03-09 18:46:54,Low,Ahmedabad
3481,16.03,,2026-02-22 13:46:54,High,Delhi
3482,5.83,113.98,2026-03-05 22:46:54,Medium,Surat
3483,18.68,202.47,2026-03-25 16:46:54,Medium,Mumbai
3484,9.87,130.17,2026-02-12 08:46:54,Medium,Delhi
3485,17.52,299.47,2026-03-15 23:46:54,Medium,Bangalore
3486,15.7,1869.76,2026-02-19 22:46:54,Low,Ahmedabad
3487,24.72,437.26,2026-03-02 09:46:54,Low,Delhi
3488,20.62,229.68,2026-02-21 13:46:54,High,Ahmedabad
3489,14.5,,2026-02-22 01:46:54,Low,Surat
3490,2.46,,2026-03-10 08:46:54,Low,Bangalore
3491,11.44,131.9,2026-02-24 06:46:54,Medium,Bangalore
3492,28.7,361.05,2026-03-13 06:46:54,Low,Ahmedabad
3493,20.33,343.96,2026-03-10 18:46:54,High,Surat
3494,23.88,274.56,2026-03-19 16:46:54,Medium,Ahmedabad
3495,24.65,341.03,2026-04-04 19:46:54,Medium,Bangalore
3496,21.51,282.07,2026-02-24 13:46:54,Low,Ahmedabad
3497,23.3,290.53,2026-02-19 23:46:54,Medium,Mumbai
3498,12.08,132.77,2026-03-30 12:46:54,Medium,Mumbai
3499,,218.37,2026-02-16 23:46:54,,Surat
3500,18.26,3675.32,2026-03-23 19:46:54,Medium,Surat
3501,16.13,199.88,2026-02-25 09:46:54,High,Surat
3502,11.03,152.02,2026-03-05 09:46:54,Medium,Surat
3503,9.59,,2026-02-13 22:46:54,Medium,Delhi
3504,12.72,118.95,2026-02-28 11:46:54,High,Bangalore
3505,14.95,126.18,2026-02-12 15:46:54,High,Ahmedabad
3506,18.7,178.42,2026-02-10 08:46:54,High,Surat
3507,10.29,,2026-02-13 19:46:54,Low,Surat
3508,29.37,483.95,2026-03-09 05:46:54,Low,Delhi
3509,18.24,173.83,2026-02-27 05:46:54,Medium,Ahmedabad
3510,4.11,74.57,2026-03-08 02:46:54,Low,Delhi
3511,16.07,138.97,2026-02-16 04:46:54,High,Mumbai
3512,28.59,,2026-02-25 17:46:54,High,Mumbai
3513,12.33,232.44,2026-03-27 03:46:54,Medium,Surat
3514,25.93,306.81,2026-03-25 10:46:54,Medium,Mumbai
3515,11.21,112.06,2026-02-15 08:46:54,High,Ahmedabad
3516,23.11,233.96,2026-03-10 14:46:54,Medium,Bangalore
3517,29.68,577.82,2026-03-23 14:46:54,,Ahmedabad
3518,10.66,200.5,2026-02-16 06:46:54,Low,Ahmedabad
3519,7.4,111.8,2026-03-02 02:46:54,High,Mumbai
3520,23.32,,2026-03-08 06:46:54,High,Surat
3521,9.45,,2026-03-03 09:46:54,,Mumbai
3522,21.29,257.73,2026-02-23 13:46:54,High,Surat
3523,27.41,,2026-03-22 03:46:54,,Surat
3524,16.63,164.56,2026-02-27 14:46:54,High,Delhi
3525,3.03,55.74,2026-03-20 10:46:54,Low,Bangalore
3526,27.93,360.35,2026-02-13 23:46:54,,Mumbai
3527,12.88,220.85,2026-02-11 11:46:54,Low,Surat
3528,14.47,254.75,2026-04-06 20:46:54,Medium,Delhi
3529,29.8,267.61,2026-02-27 12:46:54,Medium,Delhi
3530,3.87,71.03,2026-02-24 23:46:54,High,Bangalore
3531,16.61,,2026-02-19 01:46:54,High,Surat
3532,19.87,336.25,2026-02-24 14:46:54,High,Ahmedabad
3533,21.96,257.28,2026-03-02 21:46:54,High,Bangalore
3534,11.69,95.27,2026-03-31 14:46:54,Medium,Ahmedabad
3535,,243.48,2026-03-20 07:46:54,Medium,Delhi
3536,24.99,325.04,2026-03-09 19:46:54,High,Delhi
3537,16.49,288.46,2026-03-05 04:46:54,Medium,Bangalore
3538,11.57,202.2,2026-02-06 05:46:54,High,Mumbai
3539,9.97,1973.41,2026-02-09 00:46:54,Low,Ahmedabad
3540,19.58,,2026-03-04 19:46:54,Low,Mumbai
3541,1.4,17.82,2026-02-27 20:46:54,Low,Mumbai
3542,24.63,210.67,2026-02-16 22:46:54,Low,Ahmedabad
3543,22.16,319.72,2026-03-11 03:46:54,Low,Delhi
3544,1.53,14.14,2026-03-08 18:46:54,High,Surat
3545,18.99,323.34,2026-02-12 21:46:54,Medium,Ahmedabad
3546,18.61,287.25,2026-02-13 11:46:54,High,Surat
3547,16.67,239.53,2026-03-02 08:46:54,Medium,Delhi
3548,27.66,376.96,2026-04-03 23:46:54,High,Mumbai
3549,,160.82,2026-02-28 05:46:54,High,Bangalore
3550,2.67,27.25,2026-03-20 02:46:54,,Surat
3551,25.81,381.75,2026-03-28 09:46:54,Medium,Bangalore
3552,3.38,60.86,2026-04-03 17:46:54,Low,Delhi
3553,20.46,196.36,2026-04-01 00:46:54,Low,Bangalore
3554,5.14,,2026-03-07 12:46:54,High,Ahmedabad
3555,2.03,25.55,2026-02-08 02:46:54,High,Delhi
3556,3.45,62.36,2026-02-18 16:46:54,Low,Delhi
3557,3.88,51.71,2026-04-02 06:46:54,High,Delhi
3558,18.81,230.52,2026-04-07 05:46:54,Low,Delhi
3559,18.47,204.92,2026-03-06 05:46:54,High,Bangalore
3560,,108.2,2026-02-27 02:46:54,High,Ahmedabad
3561,27.74,475.35,2026-02-15 22:46:54,High,Surat
3562,4.57,63.01,2026-03-18 05:46:54,High,Mumbai
3563,5.62,83.6,2026-03-23 06:46:54,Medium,Delhi
3564,4.76,59.61,2026-02-16 12:46:54,High,Mumbai
3565,9.83,178.29,2026-03-30 23:46:54,Low,Surat
3566,12.41,1474.09,2026-02-10 10:46:54,Low,Surat
3567,11.67,147.96,2026-02-24 20:46:54,High,Ahmedabad
3568,3.8,34.05,2026-02-20 20:46:54,High,Ahmedabad
3569,17.03,186.88,2026-02-06 23:46:54,Medium,Delhi
3570,14.38,251.86,2026-03-19 12:46:54,High,Mumbai
3571,25.89,438.67,2026-03-13 09:46:54,,Bangalore
3572,22.92,285.14,2026-03-11 23:46:54,Low,Bangalore
3573,27.66,451.27,2026-02-06 16:46:54,High,Bangalore
3574,,276.49,2026-03-28 04:46:54,Low,Delhi
3575,18.92,249.27,2026-03-09 17:46:54,High,Delhi
3576,24.77,300.58,2026-02-10 21:46:54,High,Surat
3577,27.39,347.47,2026-02-16 13:46:54,High,Bangalore
3578,,122.72,2026-02-19 14:46:54,High,Delhi
3579,10.55,113.73,2026-02-27 23:46:54,Medium,Mumbai
3580,1.54,18.26,2026-03-09 13:46:54,Low,Delhi
3581,5.76,103.07,2026-03-11 07:46:54,Low,Mumbai
3582,19.79,270.05,2026-03-28 23:46:54,Low,Ahmedabad
3583,18.34,226.53,2026-03-08 14:46:54,High,Surat
3584,14.78,153.29,2026-02-12 20:46:54,Medium,Surat
3585,16.59,,2026-02-20 13:46:54,Medium,Ahmedabad
3586,5.12,80.05,2026-02-28 01:46:54,High,Bangalore
3587,13.96,205.51,2026-03-21 15:46:54,Medium,Bangalore
3588,2.57,48.68,2026-03-20 20:46:54,Low,Ahmedabad
3589,10.6,,2026-04-02 03:46:54,High,Mumbai
3590,18.92,289.29,2026-03-05 07:46:54,Low,Surat
3591,20.6,252.14,2026-03-17 04:46:54,,Delhi
3592,23.31,424.36,2026-02-16 12:46:54,Medium,Surat
3593,20.8,411.24,2026-04-02 06:46:54,High,Mumbai
3594,19.0,,2026-03-21 10:46:54,Low,Surat
3595,19.23,175.41,2026-03-28 22:46:54,High,Surat
3596,16.69,259.25,2026-03-23 23:46:54,Medium,Ahmedabad
3597,22.01,,2026-03-22 03:46:54,Medium,Mumbai
3598,2.57,41.84,2026-02-20 11:46:54,Low,Surat
3599,15.83,224.3,2026-03-03 05:46:54,Low,Surat
3600,20.12,314.32,2026-03-30 07:46:54,Low,Mumbai
3601,1.48,24.54,2026-03-24 09:46:54,High,Delhi
3602,3.88,75.54,2026-02-23 05:46:54,High,Mumbai
3603,8.08,126.31,2026-03-23 06:46:54,Low,Delhi
3604,11.62,197.03,2026-04-02 17:46:54,Low,Mumbai
3605,26.11,247.3,2026-03-12 00:46:54,Low,Bangalore
3606,12.37,233.15,2026-03-08 23:46:54,High,Surat
3607,3.27,53.97,2026-04-05 13:46:54,High,Bangalore
3608,25.82,330.22,2026-02-05 20:46:54,High,Bangalore
3609,11.93,150.56,2026-03-05 10:46:54,Low,Delhi
3610,9.57,104.59,2026-02-21 13:46:54,Medium,Delhi
3611,9.97,196.14,2026-03-10 19:46:54,Medium,Mumbai
3612,5.11,73.74,2026-03-31 15:46:54,Low,Bangalore
3613,26.15,249.1,2026-03-11 08:46:54,Low,Surat
3614,22.37,430.24,2026-04-04 05:46:54,Low,Bangalore
3615,27.93,378.04,2026-02-06 22:46:54,High,Bangalore
3616,20.03,399.62,2026-03-20 16:46:54,High,Surat
3617,16.35,193.4,2026-03-03 08:46:54,Medium,Mumbai
3618,7.08,,2026-03-18 02:46:54,Low,Mumbai
3619,1.83,33.31,2026-02-22 11:46:54,Low,Surat
3620,11.27,,2026-03-14 23:46:54,High,Ahmedabad
3621,1.92,21.07,2026-02-11 03:46:54,Low,Delhi
3622,26.69,234.46,2026-03-31 19:46:54,Low,Bangalore
3623,28.33,420.78,2026-03-20 18:46:54,,Delhi
3624,2.86,53.15,2026-03-31 09:46:54,Medium,Bangalore
3625,,180.5,2026-02-14 07:46:54,Low,Ahmedabad
3626,25.67,246.12,2026-02-27 11:46:54,Medium,Bangalore
3627,29.93,449.44,2026-03-27 20:46:54,Low,Delhi
3628,19.04,373.63,2026-02-09 02:46:54,Low,Mumbai
3629,18.42,353.44,2026-03-30 22:46:54,Low,Mumbai
3630,23.34,435.53,2026-03-14 12:46:54,Low,Mumbai
3631,8.81,,2026-03-11 08:46:54,Low,Mumbai
3632,24.95,234.27,2026-02-08 21:46:54,Medium,Bangalore
3633,,381.71,2026-03-25 03:46:54,Medium,Delhi
3634,7.81,3194.37,2026-03-23 01:46:54,Low,Bangalore
3635,29.86,280.63,2026-03-28 20:46:54,Low,Surat
3636,20.03,,2026-04-05 17:46:54,Medium,Bangalore
3637,3.57,54.27,2026-02-23 06:46:54,High,Surat
3638,9.04,151.59,2026-03-26 18:46:54,Medium,Surat
3639,22.33,303.66,2026-03-01 18:46:54,Low,Surat
3640,29.34,312.56,2026-02-14 19:46:54,Low,Surat
3641,26.57,336.95,2026-03-29 14:46:54,Low,Delhi
3642,29.85,248.41,2026-02-07 01:46:54,Low,Surat
3643,,543.05,2026-03-04 08:46:54,,Bangalore
3644,23.44,395.58,2026-02-06 03:46:54,,Surat
3645,,20.49,2026-02-13 21:46:54,Medium,Surat
3646,11.05,93.51,2026-03-04 00:46:54,Low,Surat
3647,20.78,224.53,2026-03-24 11:46:54,Low,Delhi
3648,13.98,,2026-03-23 12:46:54,Low,Surat
3649,9.87,191.86,2026-03-24 15:46:54,Low,Delhi
3650,15.47,229.92,2026-02-22 23:46:54,High,Surat
3651,8.3,116.52,2026-03-31 16:46:54,Medium,Ahmedabad
3652,19.9,340.58,2026-03-31 14:46:54,Medium,Delhi
3653,22.58,355.13,2026-03-16 17:46:54,Medium,Bangalore
3654,28.7,290.66,2026-03-28 22:46:54,Low,Bangalore
3655,20.23,273.09,2026-02-18 22:46:54,Medium,Delhi
3656,22.37,215.33,2026-02-13 04:46:54,Medium,Ahmedabad
3657,22.22,191.73,2026-02-11 02:46:54,High,Ahmedabad
3658,7.84,149.51,2026-02-18 06:46:54,High,Delhi
3659,29.92,300.82,2026-03-04 07:46:54,High,Surat
3660,23.86,,2026-02-11 13:46:54,High,Mumbai
3661,13.1,,2026-02-08 01:46:54,High,Surat
3662,15.99,217.45,2026-02-18 20:46:54,Low,Ahmedabad
3663,1.07,,2026-03-03 22:46:54,Low,Delhi
3664,20.89,2885.3,2026-03-21 22:46:54,High,Surat
3665,9.43,136.43,2026-02-06 16:46:54,High,Bangalore
3666,12.55,,2026-03-25 11:46:54,High,Mumbai
3667,23.38,284.43,2026-03-25 16:46:54,Low,Surat
3668,8.66,150.79,2026-02-19 03:46:54,High,Delhi
3669,2.87,49.62,2026-03-30 06:46:54,Medium,Delhi
3670,6.99,,2026-02-13 02:46:54,Medium,Bangalore
3671,10.27,164.93,2026-03-05 00:46:54,Medium,Ahmedabad
3672,26.94,411.56,2026-02-07 08:46:54,Medium,Surat
3673,1.81,4807.34,2026-02-15 19:46:54,Medium,Mumbai
3674,25.67,255.58,2026-02-22 05:46:54,Low,Surat
3675,17.19,151.06,2026-03-04 10:46:54,Medium,Ahmedabad
3676,10.91,107.46,2026-04-07 04:46:54,High,Surat
3677,19.42,157.27,2026-04-01 14:46:54,High,Bangalore
3678,18.04,181.59,2026-03-30 13:46:54,Low,Mumbai
3679,3.78,45.55,2026-02-28 06:46:54,Low,Mumbai
3680,22.2,275.72,2026-04-05 17:46:54,Low,Mumbai
3681,24.99,385.17,2026-03-29 17:46:54,Medium,Bangalore
3682,2.66,42.48,2026-02-16 00:46:54,High,Mumbai
3683,13.63,184.34,2026-03-09 16:46:54,Medium,Delhi
3684,16.97,244.64,2026-04-06 21:46:54,Low,Mumbai
3685,23.4,461.19,2026-04-05 12:46:54,Low,Ahmedabad
3686,7.06,113.36,2026-03-01 18:46:54,Low,Surat
3687,26.73,239.45,2026-03-10 08:46:54,Medium,Delhi
3688,,190.81,2026-03-05 12:46:54,High,Ahmedabad
3689,17.58,283.92,2026-02-22 04:46:54,Low,Ahmedabad
3690,29.54,318.76,2026-02-14 15:46:54,High,Bangalore
3691,25.09,368.42,2026-02-09 00:46:54,Low,Mumbai
3692,17.71,282.14,2026-03-15 05:46:54,Medium,Mumbai
3693,25.78,359.57,2026-02-25 03:46:54,Low,Ahmedabad
3694,6.63,96.06,2026-02-09 00:46:54,Medium,Ahmedabad
3695,,212.45,2026-02-24 21:46:54,Medium,Bangalore
3696,,,2026-03-05 18:46:54,Low,Surat
3697,23.4,244.45,2026-03-10 00:46:54,Medium,Mumbai
3698,29.38,549.69,2026-02-21 12:46:54,High,Bangalore
3699,3.11,58.79,2026-02-13 22:46:54,Medium,Bangalore
3700,10.91,173.23,2026-03-23 06:46:54,High,Mumbai
3701,5.27,67.49,2026-02-20 17:46:54,Medium,Surat
3702,4.55,56.94,2026-03-26 01:46:54,Medium,Delhi
3703,12.77,113.51,2026-03-15 15:46:54,Medium,Ahmedabad
3704,8.46,137.79,2026-04-01 10:46:54,Medium,Surat
3705,2.27,31.62,2026-03-15 08:46:54,Medium,Surat
3706,20.33,380.32,2026-03-07 04:46:54,Medium,Mumbai
3707,,43.06,2026-02-24 10:46:54,Medium,Ahmedabad
3708,26.02,299.39,2026-03-16 14:46:54,Low,Delhi
3709,12.77,243.95,2026-03-27 13:46:54,Low,Ahmedabad
3710,7.58,64.53,2026-03-31 21:46:54,Low,Delhi
3711,11.72,143.66,2026-03-11 13:46:54,High,Ahmedabad
3712,24.15,263.4,2026-02-25 12:46:54,Low,Delhi
3713,10.88,118.93,2026-02-06 13:46:54,Medium,Bangalore
3714,23.51,449.97,2026-04-03 02:46:54,Low,Surat
3715,1.39,3019.38,2026-03-25 22:46:54,Medium,Mumbai
3716,3.56,67.62,2026-03-12 21:46:54,Low,Surat
3717,4.47,71.9,2026-03-13 10:46:54,High,Surat
3718,13.22,166.53,2026-03-16 19:46:54,Medium,Mumbai
3719,25.95,1738.73,2026-02-28 12:46:54,Low,Mumbai
3720,20.4,252.99,2026-02-09 22:46:54,,Mumbai
3721,29.15,540.57,2026-03-17 03:46:54,High,Delhi
3722,13.97,265.47,2026-02-25 13:46:54,Low,Ahmedabad
3723,,,2026-03-04 09:46:54,Low,Surat
3724,4.28,54.66,2026-02-20 11:46:54,Low,Mumbai
3725,7.54,60.65,2026-02-23 20:46:54,High,Bangalore
3726,18.61,331.6,2026-02-23 00:46:54,Medium,Bangalore
3727,26.74,352.63,2026-03-12 13:46:54,Low,Mumbai
3728,,32.88,2026-03-27 09:46:54,Medium,Ahmedabad
3729,4.96,,2026-03-18 09:46:54,Medium,Surat
3730,18.9,237.45,2026-03-23 22:46:54,High,Mumbai
3731,6.88,,2026-03-11 17:46:54,Low,Ahmedabad
3732,5.47,,2026-03-11 02:46:54,Low,Surat
3733,21.77,362.21,2026-03-14 03:46:54,Low,Surat
3734,21.77,328.56,2026-03-24 22:46:54,Medium,Surat
3735,8.08,,2026-02-26 20:46:54,High,Delhi
3736,25.19,263.85,2026-02-22 21:46:54,Low,Mumbai
3737,13.91,,2026-03-19 05:46:54,Low,Bangalore
3738,5.33,90.76,2026-02-18 08:46:54,High,Bangalore
3739,20.01,361.86,2026-02-24 19:46:54,High,Bangalore
3740,15.72,186.08,2026-04-07 05:46:54,High,Bangalore
3741,5.41,67.98,2026-03-02 06:46:54,High,Bangalore
3742,27.92,408.62,2026-03-27 01:46:54,Low,Delhi
3743,8.61,132.39,2026-02-14 21:46:54,Low,Mumbai
3744,28.7,528.0,2026-03-30 11:46:54,Medium,Surat
3745,5.52,71.44,2026-03-22 23:46:54,High,Mumbai
3746,3.61,62.06,2026-03-24 23:46:54,High,Ahmedabad
3747,28.74,411.8,2026-04-03 20:46:54,Medium,Ahmedabad
3748,12.75,229.42,2026-02-25 15:46:54,Medium,Bangalore
3749,9.49,189.1,2026-02-27 23:46:54,Low,Surat
3750,16.63,223.44,2026-03-19 14:46:54,Medium,Bangalore
3751,,50.08,2026-03-25 20:46:54,Medium,Delhi
3752,22.58,403.71,2026-03-18 00:46:54,Low,Delhi
3753,,472.43,2026-03-02 16:46:54,Medium,Ahmedabad
3754,23.84,214.5,2026-03-05 05:46:54,Low,Delhi
3755,14.6,148.26,2026-04-01 10:46:54,Low,Mumbai
3756,16.13,,2026-03-31 04:46:54,Medium,Mumbai
3757,10.97,160.71,2026-04-06 11:46:54,Low,Delhi
3758,5.25,54.1,2026-02-17 07:46:54,High,Mumbai
3759,15.84,191.88,2026-02-28 18:46:54,Low,Bangalore
3760,23.12,373.19,2026-03-05 19:46:54,High,Ahmedabad
3761,13.29,233.66,2026-02-26 03:46:54,High,Bangalore
3762,19.63,286.02,2026-04-02 20:46:54,Low,Delhi
3763,1.32,22.08,2026-03-16 04:46:54,,Ahmedabad
3764,,95.29,2026-03-16 22:46:54,Low,Mumbai
3765,29.7,256.74,2026-02-26 20:46:54,High,Ahmedabad
3766,29.68,334.32,2026-04-05 04:46:54,High,Mumbai
3767,,92.29,2026-02-07 15:46:54,High,Ahmedabad
3768,3.16,57.31,2026-03-31 17:46:54,High,Delhi
3769,15.4,305.51,2026-02-18 12:46:54,Low,Bangalore
3770,8.11,96.82,2026-03-15 05:46:54,High,Bangalore
3771,27.57,341.04,2026-02-10 20:46:54,Medium,Bangalore
3772,22.19,350.88,2026-02-23 20:46:54,High,Ahmedabad
3773,17.19,149.9,2026-02-08 22:46:54,High,Mumbai
3774,19.86,241.6,2026-03-16 01:46:54,Low,Ahmedabad
3775,19.99,235.31,2026-03-28 02:46:54,Medium,Ahmedabad
3776,22.35,196.49,2026-03-25 04:46:54,High,Mumbai
3777,20.9,290.28,2026-03-04 12:46:54,High,Surat
3778,1.44,17.82,2026-04-06 17:46:54,High,Ahmedabad
3779,14.27,176.92,2026-03-18 15:46:54,Low,Delhi
3780,,289.27,2026-03-29 23:46:54,Low,Bangalore
3781,22.21,,2026-02-26 06:46:54,Medium,Ahmedabad
3782,14.01,279.53,2026-03-01 12:46:54,High,Surat
3783,17.69,327.26,2026-03-13 14:46:54,High,Bangalore
3784,2.82,38.16,2026-03-13 13:46:54,Low,Ahmedabad
3785,10.54,127.65,2026-03-30 10:46:54,Low,Ahmedabad
3786,29.78,566.79,2026-03-31 07:46:54,High,Ahmedabad
3787,28.86,,2026-03-07 20:46:54,High,Surat
3788,21.5,377.07,2026-03-11 22:46:54,Medium,Mumbai
3789,9.69,130.2,2026-02-15 16:46:54,High,Surat
3790,6.93,103.67,2026-02-14 11:46:54,Medium,Mumbai
3791,19.53,318.16,2026-02-16 20:46:54,Low,Mumbai
3792,24.16,468.91,2026-02-07 04:46:54,Medium,Mumbai
3793,5.43,77.77,2026-02-25 10:46:54,Low,Delhi
3794,24.6,236.5,2026-03-22 09:46:54,,Bangalore
3795,12.91,208.16,2026-03-24 11:46:54,Medium,Mumbai
3796,25.95,350.33,2026-03-28 20:46:54,High,Mumbai
3797,18.57,204.87,2026-03-08 01:46:54,High,Ahmedabad
3798,6.64,,2026-02-11 20:46:54,Medium,Mumbai
3799,8.62,126.47,2026-03-09 22:46:54,Medium,Delhi
3800,18.44,333.26,2026-03-14 05:46:54,Low,Mumbai
3801,2.02,19.4,2026-03-05 10:46:54,Low,Delhi
3802,5.5,108.25,2026-02-18 08:46:54,Medium,Delhi
3803,12.85,208.02,2026-03-20 14:46:54,High,Surat
3804,26.04,486.72,2026-04-03 00:46:54,High,Mumbai
3805,15.61,310.73,2026-03-11 06:46:54,Medium,Delhi
3806,15.3,227.26,2026-02-20 08:46:54,Medium,Delhi
3807,,35.07,2026-03-04 16:46:54,Low,Mumbai
3808,24.57,,2026-02-11 09:46:54,High,Ahmedabad
3809,14.93,279.05,2026-03-08 11:46:54,Low,Ahmedabad
3810,1.61,25.96,2026-02-19 06:46:54,High,Ahmedabad
3811,6.55,,2026-02-08 09:46:54,Low,Ahmedabad
3812,21.25,264.54,2026-02-24 07:46:54,Medium,Mumbai
3813,10.62,173.29,2026-02-27 15:46:54,Medium,Mumbai
3814,25.93,484.27,2026-04-02 17:46:54,Low,Ahmedabad
3815,,410.67,2026-04-07 11:46:54,Medium,Bangalore
3816,10.76,168.68,2026-03-22 20:46:54,Low,Surat
3817,15.37,231.9,2026-03-04 18:46:54,Medium,Ahmedabad
3818,22.79,196.17,2026-03-06 13:46:54,Medium,Surat
3819,24.31,252.54,2026-03-13 17:46:54,Low,Mumbai
3820,14.7,273.86,2026-02-09 17:46:54,High,Mumbai
3821,3.02,45.25,2026-02-25 01:46:54,Low,Surat
3822,17.47,173.01,2026-03-01 22:46:54,Medium,Surat
3823,28.23,493.46,2026-03-29 15:46:54,High,Surat
3824,12.55,161.75,2026-04-04 15:46:54,Medium,Ahmedabad
3825,12.56,144.76,2026-02-12 17:46:54,High,Delhi
3826,21.15,367.53,2026-03-31 19:46:54,Medium,Delhi
3827,8.71,80.04,2026-03-09 13:46:54,High,Ahmedabad
3828,19.29,170.89,2026-02-12 21:46:54,Medium,Ahmedabad
3829,25.69,269.9,2026-02-22 20:46:54,Medium,Surat
3830,11.4,144.74,2026-02-12 04:46:54,Medium,Delhi
3831,7.57,142.92,2026-03-08 23:46:54,Medium,Bangalore
3832,20.21,236.66,2026-02-12 04:46:54,Low,Ahmedabad
3833,28.7,518.33,2026-02-23 11:46:54,Low,Bangalore
3834,26.77,374.27,2026-02-09 21:46:54,Medium,Delhi
3835,4.69,45.71,2026-03-02 11:46:54,Medium,Ahmedabad
3836,15.15,194.54,2026-03-22 19:46:54,High,Mumbai
3837,8.15,,2026-02-14 16:46:54,High,Ahmedabad
3838,23.83,241.13,2026-03-08 14:46:54,High,Delhi
3839,27.35,244.64,2026-03-10 13:46:54,High,Bangalore
3840,29.33,451.56,2026-03-20 19:46:54,High,Delhi
3841,2.41,48.04,2026-03-16 22:46:54,Low,Ahmedabad
3842,6.6,95.5,2026-02-14 23:46:54,High,Ahmedabad
3843,11.61,205.38,2026-02-14 00:46:54,Low,Mumbai
3844,17.07,154.03,2026-02-07 10:46:54,Medium,Mumbai
3845,20.15,296.37,2026-04-04 06:46:54,Low,Ahmedabad
3846,27.43,295.27,2026-03-17 15:46:54,Low,Bangalore
3847,15.7,225.6,2026-03-10 11:46:54,Low,Mumbai
3848,25.94,297.24,2026-02-08 03:46:54,High,Bangalore
3849,11.42,166.93,2026-02-25 17:46:54,Low,Bangalore
3850,29.93,,2026-03-28 06:46:54,Low,Ahmedabad
3851,8.98,76.13,2026-02-11 23:46:54,Low,Ahmedabad
3852,25.44,308.81,2026-03-12 01:46:54,High,Mumbai
3853,20.56,348.55,2026-02-14 19:46:54,Low,Surat
3854,20.97,316.1,2026-04-06 15:46:54,Low,Bangalore
3855,8.1,79.65,2026-02-07 05:46:54,High,Surat
3856,28.64,283.97,2026-03-09 03:46:54,Low,Surat
3857,,417.84,2026-02-28 15:46:54,Low,Delhi
3858,2.53,20.58,2026-02-26 01:46:54,Medium,Bangalore
3859,17.41,321.52,2026-02-23 17:46:54,Low,Surat
3860,5.18,57.94,2026-02-18 01:46:54,Medium,Bangalore
3861,18.76,218.8,2026-03-27 04:46:54,High,Mumbai
3862,19.93,397.99,2026-02-17 05:46:54,Low,Bangalore
3863,2.99,27.75,2026-03-08 00:46:54,High,Ahmedabad
3864,17.91,224.01,2026-03-11 23:46:54,Low,Mumbai
3865,16.3,172.45,2026-03-07 13:46:54,Medium,Mumbai
3866,27.63,470.99,2026-04-04 10:46:54,High,Bangalore
3867,21.93,225.58,2026-04-05 16:46:54,Medium,Ahmedabad
3868,28.68,256.38,2026-03-17 16:46:54,High,Delhi
3869,9.04,165.24,2026-02-15 08:46:54,High,Ahmedabad
3870,8.8,112.98,2026-03-04 23:46:54,High,Mumbai
3871,23.83,218.88,2026-02-19 23:46:54,Medium,Bangalore
3872,4.38,50.95,2026-03-24 13:46:54,High,Ahmedabad
3873,7.26,80.49,2026-02-28 20:46:54,Medium,Surat
3874,26.19,2146.24,2026-02-12 18:46:54,Low,Bangalore
3875,21.06,288.64,2026-03-19 19:46:54,Medium,Delhi
3876,9.7,117.87,2026-04-03 04:46:54,High,Ahmedabad
3877,18.35,330.3,2026-03-13 19:46:54,Low,Ahmedabad
3878,29.37,274.54,2026-03-17 20:46:54,Medium,Bangalore
3879,3.92,59.93,2026-02-11 10:46:54,High,Mumbai
3880,5.77,,2026-02-19 00:46:54,Medium,Mumbai
3881,6.75,77.78,2026-02-19 05:46:54,,Surat
3882,26.45,323.13,2026-02-19 03:46:54,Medium,Bangalore
3883,10.7,174.36,2026-03-15 00:46:54,Medium,Surat
3884,22.75,282.33,2026-03-28 09:46:54,High,Surat
3885,12.89,141.48,2026-03-08 18:46:54,Low,Bangalore
3886,23.63,283.66,2026-02-28 21:46:54,High,Ahmedabad
3887,4.56,48.41,2026-03-27 13:46:54,High,Delhi
3888,21.18,,2026-03-16 19:46:54,Low,Mumbai
3889,22.28,251.3,2026-03-12 06:46:54,Medium,Surat
3890,,74.21,2026-02-22 13:46:54,High,Surat
3891,25.79,273.42,2026-04-04 17:46:54,Medium,Delhi
3892,,31.67,2026-02-22 22:46:54,Medium,Ahmedabad
3893,12.02,219.37,2026-04-03 18:46:54,,Ahmedabad
3894,10.3,142.99,2026-02-24 16:46:54,Low,Delhi
3895,22.83,429.77,2026-02-24 03:46:54,Medium,Mumbai
3896,8.77,115.41,2026-03-25 01:46:54,Low,Mumbai
3897,28.53,456.52,2026-02-26 03:46:54,High,Bangalore
3898,10.87,106.47,2026-02-18 04:46:54,High,Surat
3899,13.18,136.38,2026-03-09 08:46:54,Medium,Mumbai
3900,19.69,388.88,2026-04-01 20:46:54,Medium,Surat
3901,14.34,241.49,2026-04-05 19:46:54,High,Mumbai
3902,22.35,331.15,2026-03-11 10:46:54,High,Delhi
3903,,,2026-03-05 09:46:54,Medium,Bangalore
3904,4.37,,2026-03-19 18:46:54,High,Ahmedabad
3905,13.36,263.26,2026-03-05 19:46:54,High,Surat
3906,,60.21,2026-03-18 22:46:54,Medium,Ahmedabad
3907,1.64,15.13,2026-02-21 15:46:54,High,Bangalore
3908,23.21,,2026-03-20 20:46:54,Medium,Delhi
3909,29.64,323.59,2026-02-27 07:46:54,High,Bangalore
3910,2.76,27.41,2026-03-28 13:46:54,High,Delhi
3911,8.33,130.61,2026-02-11 08:46:54,Medium,Mumbai
3912,26.56,,2026-03-17 22:46:54,Medium,Surat
3913,5.41,52.63,2026-03-02 05:46:54,Low,Ahmedabad
3914,3.24,,2026-02-11 14:46:54,,Ahmedabad
3915,13.81,262.71,2026-04-06 16:46:54,High,Surat
3916,8.05,88.58,2026-02-19 22:46:54,Low,Surat
3917,5.74,113.52,2026-03-26 20:46:54,Low,Mumbai
3918,12.27,240.25,2026-03-21 14:46:54,Medium,Mumbai
3919,,405.93,2026-03-21 04:46:54,High,Delhi
3920,10.77,195.33,2026-04-05 21:46:54,Medium,Delhi
3921,9.26,142.85,2026-03-13 17:46:54,High,Delhi
3922,8.51,138.79,2026-03-03 23:46:54,Medium,Bangalore
3923,8.81,,2026-03-11 07:46:54,High,Ahmedabad
3924,2.09,35.72,2026-02-08 22:46:54,High,Mumbai
3925,11.81,218.84,2026-02-27 04:46:54,Low,Surat
3926,16.84,336.74,2026-04-05 17:46:54,Low,Ahmedabad
3927,6.57,109.14,2026-04-03 15:46:54,Low,Ahmedabad
3928,29.15,553.34,2026-03-23 12:46:54,High,Bangalore
3929,20.95,,2026-03-17 17:46:54,Low,Bangalore
3930,5.9,80.7,2026-03-06 21:46:54,Medium,Delhi
3931,20.41,280.44,2026-02-13 11:46:54,High,Bangalore
3932,29.95,488.32,2026-03-01 01:46:54,Medium,Surat
3933,,523.12,2026-02-11 21:46:54,Low,Surat
3934,27.99,484.75,2026-02-19 20:46:54,Medium,Surat
3935,18.13,256.25,2026-03-10 22:46:54,Low,Mumbai
3936,12.34,162.55,2026-04-04 21:46:54,Medium,Mumbai
3937,7.08,119.41,2026-04-02 18:46:54,Medium,Bangalore
3938,23.25,,2026-02-20 18:46:54,Medium,Bangalore
3939,19.95,334.73,2026-02-22 06:46:54,Low,Mumbai
3940,13.64,233.91,2026-03-14 15:46:54,Low,Surat
3941,29.14,306.62,2026-03-10 20:46:54,Medium,Bangalore
3942,12.73,206.67,2026-04-06 18:46:54,Medium,Ahmedabad
3943,24.47,,2026-02-22 18:46:54,Low,Delhi
3944,3.4,37.37,2026-03-08 04:46:54,Medium,Bangalore
3945,20.98,188.8,2026-03-28 15:46:54,Medium,Mumbai
3946,22.81,274.51,2026-02-24 13:46:54,Medium,Surat
3947,3.89,66.64,2026-03-03 10:46:54,Medium,Delhi
3948,11.42,118.73,2026-03-01 20:46:54,Medium,Delhi
3949,27.72,249.47,2026-03-30 22:46:54,High,Delhi
3950,18.76,291.75,2026-03-02 04:46:54,Low,Ahmedabad
3951,7.53,133.23,2026-03-14 18:46:54,Medium,Ahmedabad
3952,10.21,130.37,2026-02-25 09:46:54,Low,Bangalore
3953,11.11,,2026-02-13 02:46:54,Low,Ahmedabad
3954,9.85,143.32,2026-02-18 20:46:54,High,Mumbai
3955,,366.95,2026-03-15 09:46:54,Medium,Mumbai
3956,18.27,174.25,2026-03-23 09:46:54,Low,Ahmedabad
3957,21.47,376.78,2026-02-15 05:46:54,Medium,Ahmedabad
3958,26.32,447.63,2026-04-01 20:46:54,High,Ahmedabad
3959,5.6,101.05,2026-02-18 22:46:54,,Delhi
3960,10.17,150.6,2026-02-11 15:46:54,Low,Delhi
3961,21.75,340.7,2026-03-17 05:46:54,High,Delhi
3962,2.89,,2026-02-23 23:46:54,High,Mumbai
3963,3.61,32.08,2026-02-19 21:46:54,High,Delhi
3964,2.01,26.11,2026-02-14 19:46:54,Medium,Mumbai
3965,1.86,18.05,2026-02-26 18:46:54,Medium,Mumbai
3966,21.05,225.37,2026-03-01 20:46:54,Low,Delhi
3967,21.74,183.48,2026-02-19 17:46:54,Low,Ahmedabad
3968,11.68,118.68,2026-02-20 14:46:54,Low,Delhi
3969,6.79,70.75,2026-03-23 05:46:54,Low,Surat
3970,18.47,263.09,2026-03-14 18:46:54,High,Delhi
3971,21.82,222.58,2026-02-14 13:46:54,Medium,Delhi
3972,8.65,145.44,2026-02-13 22:46:54,Low,Delhi
3973,17.24,328.53,2026-03-09 06:46:54,Low,Bangalore
3974,4.07,72.93,2026-03-24 04:46:54,High,Bangalore
3975,5.27,101.38,2026-03-10 03:46:54,Low,Surat
3976,9.47,,2026-02-10 22:46:54,Medium,Bangalore
3977,13.46,214.35,2026-03-14 20:46:54,Medium,Mumbai
3978,28.13,239.27,2026-03-12 23:46:54,High,Delhi
3979,9.63,111.25,2026-02-13 13:46:54,Medium,Bangalore
3980,28.47,509.05,2026-03-14 05:46:54,High,Delhi
3981,26.25,455.24,2026-03-09 19:46:54,Medium,Surat
3982,8.71,158.32,2026-02-17 17:46:54,High,Mumbai
3983,9.94,174.02,2026-04-03 17:46:54,High,Bangalore
3984,18.72,318.08,2026-03-05 04:46:54,Medium,Delhi
3985,8.6,89.37,2026-03-06 10:46:54,Low,Bangalore
3986,13.12,238.89,2026-03-03 09:46:54,Low,Delhi
3987,17.75,277.82,2026-02-27 17:46:54,High,Mumbai
3988,2.18,31.97,2026-03-10 08:46:54,Medium,Mumbai
3989,23.76,254.14,2026-02-20 14:46:54,High,Surat
3990,3.37,63.81,2026-02-28 02:46:54,Low,Delhi
3991,21.38,303.94,2026-03-03 20:46:54,Low,Mumbai
3992,17.63,184.85,2026-04-06 18:46:54,Medium,Delhi
3993,11.87,2920.85,2026-03-04 22:46:54,Low,Ahmedabad
3994,13.27,143.87,2026-03-13 11:46:54,Medium,Bangalore
3995,19.72,276.35,2026-03-28 22:46:54,High,Bangalore
3996,2.79,40.22,2026-03-28 13:46:54,High,Bangalore
3997,28.16,347.73,2026-03-18 21:46:54,Low,Ahmedabad
3998,,330.71,2026-04-03 07:46:54,Medium,Delhi
3999,16.47,227.13,2026-02-20 12:46:54,Low,Bangalore
4000,2.23,,2026-03-31 02:46:54,Medium,Ahmedabad
4001,14.1,,2026-03-04 22:46:54,Low,Bangalore
4002,6.74,63.61,2026-02-22 23:46:54,Medium,Mumbai
4003,17.07,336.48,2026-03-23 05:46:54,Low,Delhi
4004,13.41,173.06,2026-02-06 14:46:54,,Mumbai
4005,1.3,13.88,2026-03-16 11:46:54,Medium,Delhi
4006,14.35,196.76,2026-03-19 02:46:54,Medium,Surat
4007,20.45,289.92,2026-03-04 14:46:54,Medium,Delhi
4008,18.7,363.55,2026-03-11 17:46:54,Low,Delhi
4009,12.34,183.27,2026-03-18 11:46:54,High,Ahmedabad
4010,22.2,432.33,2026-02-11 16:46:54,Medium,Ahmedabad
4011,16.0,211.76,2026-03-16 13:46:54,High,Surat
4012,26.39,500.28,2026-02-24 01:46:54,Medium,Mumbai
4013,25.63,270.33,2026-03-24 22:46:54,Medium,Ahmedabad
4014,21.06,270.64,2026-03-19 12:46:54,High,Mumbai
4015,15.87,,2026-04-01 20:46:54,High,Ahmedabad
4016,9.26,77.8,2026-03-06 14:46:54,Low,Bangalore
4017,9.25,,2026-03-08 21:46:54,Low,Surat
4018,29.2,332.63,2026-03-21 08:46:54,High,Bangalore
4019,1.06,,2026-03-19 06:46:54,Low,Mumbai
4020,26.81,270.13,2026-02-26 15:46:54,High,Bangalore
4021,2.36,28.6,2026-03-07 12:46:54,Medium,Ahmedabad
4022,11.24,121.66,2026-03-06 21:46:54,High,Bangalore
4023,13.73,1760.57,2026-04-06 18:46:54,Medium,Bangalore
4024,13.94,151.22,2026-02-08 19:46:54,Low,Surat
4025,1.41,14.25,2026-02-25 12:46:54,Low,Delhi
4026,26.62,235.94,2026-02-16 21:46:54,Low,Bangalore
4027,6.41,,2026-03-21 22:46:54,Low,Delhi
4028,10.0,123.54,2026-02-19 04:46:54,Low,Surat
4029,13.43,248.39,2026-03-19 02:46:54,High,Surat
4030,5.16,77.28,2026-02-22 22:46:54,Low,Ahmedabad
4031,15.08,123.76,2026-02-12 04:46:54,Medium,Mumbai
4032,2.56,28.9,2026-03-29 00:46:54,,Mumbai
4033,19.06,294.99,2026-03-26 17:46:54,Medium,Mumbai
4034,10.03,160.21,2026-04-06 21:46:54,High,Mumbai
4035,6.13,98.55,2026-02-14 20:46:54,High,Ahmedabad
4036,11.83,227.39,2026-03-05 22:46:54,Low,Mumbai
4037,26.49,415.17,2026-03-27 15:46:54,High,Bangalore
4038,26.23,347.35,2026-03-23 23:46:54,Medium,Bangalore
4039,16.37,134.03,2026-03-19 16:46:54,High,Mumbai
4040,14.5,,2026-03-24 16:46:54,High,Ahmedabad
4041,2.75,53.46,2026-03-28 23:46:54,High,Bangalore
4042,14.43,201.5,2026-02-26 13:46:54,High,Delhi
4043,5.08,62.61,2026-03-20 18:46:54,,Ahmedabad
4044,14.52,124.35,2026-02-23 19:46:54,High,Mumbai
4045,29.09,566.12,2026-04-03 13:46:54,Low,Bangalore
4046,23.84,,2026-02-23 04:46:54,Low,Surat
4047,14.31,160.62,2026-02-27 23:46:54,Medium,Ahmedabad
4048,27.53,447.12,2026-03-01 19:46:54,Medium,Mumbai
4049,28.09,303.37,2026-03-16 11:46:54,High,Ahmedabad
4050,10.04,93.92,2026-03-18 02:46:54,Medium,Surat
4051,25.86,273.21,2026-03-16 22:46:54,High,Delhi
4052,28.39,396.79,2026-04-04 22:46:54,Low,Mumbai
4053,7.79,116.93,2026-02-08 14:46:54,Low,Bangalore
4054,4.45,45.9,2026-02-08 10:46:54,High,Mumbai
4055,13.37,162.03,2026-02-23 12:46:54,Low,Surat
4056,12.24,121.09,2026-03-11 22:46:54,Low,Delhi
4057,26.8,528.31,2026-03-04 10:46:54,Medium,Surat
4058,18.64,200.93,2026-03-13 14:46:54,Low,Mumbai
4059,7.06,105.48,2026-03-08 13:46:54,,Surat
4060,21.72,251.75,2026-02-15 16:46:54,High,Bangalore
4061,9.05,95.26,2026-02-22 16:46:54,Medium,Ahmedabad
4062,20.93,228.54,2026-04-05 11:46:54,High,Bangalore
4063,28.21,301.91,2026-02-14 22:46:54,Medium,Delhi
4064,4.97,82.17,2026-03-03 12:46:54,,Surat
4065,19.85,351.13,2026-03-26 13:46:54,Medium,Mumbai
4066,22.75,342.72,2026-02-26 16:46:54,Medium,Bangalore
4067,23.87,280.9,2026-03-28 06:46:54,Low,Surat
4068,,334.58,2026-03-26 01:46:54,Low,Delhi
4069,25.3,392.9,2026-03-22 01:46:54,High,Delhi
4070,13.6,193.54,2026-02-17 19:46:54,High,Delhi
4071,2.35,19.27,2026-03-26 05:46:54,Medium,Mumbai
4072,1.82,32.99,2026-03-10 05:46:54,Low,Surat
4073,3.72,69.95,2026-04-03 22:46:54,,Mumbai
4074,29.27,304.62,2026-03-12 05:46:54,Medium,Surat
4075,22.5,417.66,2026-03-10 17:46:54,Low,Ahmedabad
4076,,32.39,2026-03-26 05:46:54,Low,Surat
4077,28.63,383.47,2026-02-06 22:46:54,Low,Ahmedabad
4078,16.05,139.66,2026-03-23 03:46:54,Medium,Mumbai
4079,10.54,98.84,2026-03-25 20:46:54,Medium,Bangalore
4080,27.52,,2026-02-26 04:46:54,Medium,Surat
4081,13.78,240.3,2026-04-02 15:46:54,High,Delhi
4082,28.51,278.78,2026-02-28 15:46:54,Low,Mumbai
4083,9.07,153.15,2026-02-27 18:46:54,High,Ahmedabad
4084,,161.37,2026-04-06 20:46:54,Medium,Delhi
4085,4.84,81.66,2026-03-20 04:46:54,Medium,Delhi
4086,11.07,141.02,2026-03-20 23:46:54,Medium,Delhi
4087,11.54,139.61,2026-03-31 02:46:54,Medium,Surat
4088,2.35,28.9,2026-02-19 08:46:54,High,Surat
4089,18.9,241.76,2026-04-03 08:46:54,Medium,Mumbai
4090,10.85,126.15,2026-02-08 16:46:54,Medium,Delhi
4091,16.9,234.66,2026-02-22 06:46:54,,Mumbai
4092,29.02,545.19,2026-02-12 18:46:54,Medium,Surat
4093,11.19,,2026-03-19 23:46:54,Low,Bangalore
4094,28.27,513.25,2026-03-27 02:46:54,Low,Ahmedabad
4095,10.36,113.17,2026-02-17 22:46:54,Low,Surat
4096,7.19,88.29,2026-03-09 02:46:54,Low,Mumbai
4097,17.07,185.89,2026-03-05 12:46:54,Low,Delhi
4098,22.56,404.4,2026-03-13 17:46:54,,Delhi
4099,5.88,75.79,2026-04-03 03:46:54,Low,Bangalore
4100,9.94,195.15,2026-03-28 17:46:54,High,Delhi
4101,29.2,410.13,2026-03-13 13:46:54,,Mumbai
4102,19.79,256.83,2026-04-03 15:46:54,Medium,Bangalore
4103,5.06,68.77,2026-03-31 20:46:54,Medium,Delhi
4104,29.47,365.36,2026-03-11 06:46:54,High,Ahmedabad
4105,12.47,136.24,2026-04-06 13:46:54,High,Bangalore
4106,11.65,137.81,2026-02-23 16:46:54,High,Surat
4107,5.81,52.3,2026-03-14 02:46:54,Low,Ahmedabad
4108,6.58,,2026-04-01 15:46:54,Low,Bangalore
4109,19.58,381.24,2026-03-22 19:46:54,Medium,Mumbai
4110,18.3,357.73,2026-03-11 02:46:54,Medium,Mumbai
4111,,,2026-02-11 04:46:54,Medium,Surat
4112,13.87,193.18,2026-04-02 07:46:54,Low,Surat
4113,16.21,,2026-04-03 10:46:54,High,Bangalore
4114,6.28,72.02,2026-03-01 00:46:54,High,Ahmedabad
4115,3.74,52.77,2026-03-15 18:46:54,High,Ahmedabad
4116,26.52,299.55,2026-02-07 23:46:54,Low,Surat
4117,22.2,358.78,2026-03-02 19:46:54,Medium,Delhi
4118,5.91,,2026-02-28 08:46:54,High,Delhi
4119,3.08,38.8,2026-02-16 18:46:54,Low,Delhi
4120,2.96,58.06,2026-02-12 22:46:54,Low,Ahmedabad
4121,22.08,382.28,2026-03-15 15:46:54,High,Delhi
4122,19.88,229.87,2026-03-21 05:46:54,Low,Mumbai
4123,10.02,125.79,2026-02-11 16:46:54,Low,Ahmedabad
4124,12.79,195.96,2026-03-24 12:46:54,High,Delhi
4125,16.48,275.97,2026-02-17 16:46:54,Medium,Bangalore
4126,20.86,370.92,2026-02-25 21:46:54,Low,Bangalore
4127,24.05,202.15,2026-02-19 05:46:54,High,Delhi
4128,17.25,211.62,2026-03-29 20:46:54,Medium,Bangalore
4129,22.77,410.91,2026-02-15 13:46:54,Medium,Surat
4130,7.04,99.62,2026-03-05 01:46:54,Medium,Mumbai
4131,21.21,295.97,2026-03-11 08:46:54,High,Surat
4132,5.21,75.58,2026-03-17 07:46:54,Low,Delhi
4133,8.74,117.22,2026-02-17 18:46:54,Low,Mumbai
4134,3.44,59.67,2026-02-15 19:46:54,High,Delhi
4135,21.43,215.65,2026-03-23 00:46:54,Medium,Mumbai
4136,25.63,336.06,2026-03-22 21:46:54,Medium,Mumbai
4137,14.49,232.39,2026-03-10 10:46:54,High,Ahmedabad
4138,10.97,116.31,2026-02-11 17:46:54,Low,Delhi
4139,5.91,115.6,2026-03-30 23:46:54,Low,Mumbai
4140,28.48,,2026-03-01 21:46:54,Medium,Mumbai
4141,19.38,307.22,2026-02-11 23:46:54,High,Ahmedabad
4142,27.67,545.26,2026-02-06 08:46:54,Low,Ahmedabad
4143,5.39,55.11,2026-04-01 21:46:54,Medium,Surat
4144,4.42,59.28,2026-03-22 18:46:54,Medium,Delhi
4145,12.47,214.34,2026-02-20 19:46:54,Low,Surat
4146,3.09,48.37,2026-03-05 18:46:54,Medium,Bangalore
4147,,71.61,2026-03-26 16:46:54,Medium,Delhi
4148,16.35,191.54,2026-03-12 19:46:54,,Ahmedabad
4149,2.83,50.57,2026-03-23 07:46:54,Medium,Bangalore
4150,10.74,138.32,2026-02-14 09:46:54,High,Surat
4151,9.26,114.07,2026-02-21 22:46:54,Medium,Mumbai
4152,21.98,377.66,2026-03-10 19:46:54,Low,Bangalore
4153,20.83,173.18,2026-03-08 22:46:54,Medium,Delhi
4154,9.68,3672.57,2026-02-12 15:46:54,Low,Mumbai
4155,16.37,211.94,2026-02-14 02:46:54,Medium,Surat
4156,28.89,522.6,2026-02-07 16:46:54,Medium,Surat
4157,27.78,407.26,2026-03-26 04:46:54,High,Ahmedabad
4158,14.58,273.95,2026-02-09 19:46:54,Low,Ahmedabad
4159,14.69,216.14,2026-02-24 14:46:54,Low,Mumbai
4160,9.91,170.23,2026-03-27 12:46:54,High,Delhi
4161,10.43,,2026-03-17 19:46:54,Medium,Mumbai
4162,2.72,38.03,2026-02-17 07:46:54,High,Delhi
4163,12.67,,2026-03-17 00:46:54,High,Mumbai
4164,22.43,199.27,2026-03-25 02:46:54,High,Ahmedabad
4165,24.68,218.83,2026-02-28 17:46:54,High,Mumbai
4166,9.76,171.76,2026-03-17 20:46:54,Low,Mumbai
4167,21.59,258.26,2026-03-26 12:46:54,Low,Ahmedabad
4168,10.55,105.33,2026-02-09 05:46:54,Medium,Delhi
4169,6.04,113.22,2026-03-10 13:46:54,Medium,Delhi
4170,12.98,158.42,2026-02-13 22:46:54,Medium,Bangalore
4171,23.11,189.34,2026-02-22 00:46:54,Medium,Surat
4172,7.03,109.02,2026-02-06 18:46:54,,Surat
4173,7.81,150.37,2026-03-25 13:46:54,High,Mumbai
4174,28.14,487.27,2026-03-07 06:46:54,High,Ahmedabad
4175,18.19,164.97,2026-02-23 21:46:54,High,Ahmedabad
4176,20.81,235.75,2026-03-31 11:46:54,,Mumbai
4177,4.29,68.51,2026-02-15 07:46:54,Low,Surat
4178,20.16,301.99,2026-02-27 23:46:54,Low,Surat
4179,16.04,280.02,2026-03-15 00:46:54,High,Delhi
4180,20.24,285.09,2026-02-28 22:46:54,Medium,Ahmedabad
4181,26.1,223.92,2026-03-24 05:46:54,High,Delhi
4182,5.86,79.7,2026-02-22 16:46:54,Low,Bangalore
4183,2.49,26.1,2026-02-16 17:46:54,Low,Bangalore
4184,25.76,372.91,2026-02-08 23:46:54,Low,Delhi
4185,5.85,110.09,2026-04-06 00:46:54,Medium,Delhi
4186,28.69,457.01,2026-03-13 07:46:54,Low,Bangalore
4187,18.81,282.66,2026-03-28 05:46:54,Medium,Ahmedabad
4188,26.13,475.6,2026-02-23 13:46:54,High,Mumbai
4189,5.48,54.2,2026-03-23 12:46:54,Low,Mumbai
4190,20.82,361.63,2026-02-21 21:46:54,High,Mumbai
4191,24.28,,2026-02-18 14:46:54,Low,Bangalore
4192,15.86,305.86,2026-04-07 04:46:54,Low,Delhi
4193,27.88,241.27,2026-04-07 14:46:54,Medium,Bangalore
4194,5.19,67.6,2026-03-12 03:46:54,Low,Ahmedabad
4195,7.97,150.88,2026-02-11 10:46:54,Medium,Mumbai
4196,29.2,451.1,2026-03-02 11:46:54,Medium,Bangalore
4197,27.71,326.06,2026-03-04 18:46:54,Medium,Ahmedabad
4198,18.05,288.74,2026-02-19 23:46:54,Low,Delhi
4199,14.38,176.49,2026-03-11 23:46:54,Low,Bangalore
4200,12.63,208.83,2026-02-14 06:46:54,Medium,Ahmedabad
4201,14.44,119.99,2026-02-12 02:46:54,Medium,Bangalore
4202,8.83,3755.5,2026-02-18 23:46:54,High,Mumbai
4203,9.3,128.7,2026-03-04 00:46:54,Low,Delhi
4204,17.55,254.05,2026-04-02 00:46:54,Low,Bangalore
4205,12.66,239.12,2026-02-27 14:46:54,Medium,Ahmedabad
4206,26.32,276.46,2026-03-29 14:46:54,Medium,Surat
4207,3.39,42.64,2026-03-26 07:46:54,Low,Surat
4208,10.62,203.54,2026-03-27 11:46:54,Medium,Mumbai
4209,20.38,168.73,2026-02-26 02:46:54,High,Bangalore
4210,25.09,368.63,2026-03-13 05:46:54,High,Ahmedabad
4211,22.82,275.62,2026-02-13 22:46:54,Medium,Surat
4212,3.86,,2026-02-10 01:46:54,High,Surat
4213,27.07,336.97,2026-04-04 04:46:54,High,Bangalore
4214,20.44,349.95,2026-04-06 21:46:54,Low,Mumbai
4215,2.05,38.71,2026-02-06 17:46:54,Medium,Bangalore
4216,17.02,147.82,2026-03-11 14:46:54,Low,Bangalore
4217,22.2,222.41,2026-02-18 00:46:54,Medium,Bangalore
4218,24.83,479.06,2026-02-11 06:46:54,High,Mumbai
4219,17.62,168.75,2026-03-12 17:46:54,Low,Ahmedabad
4220,23.95,333.9,2026-02-14 13:46:54,Medium,Surat
4221,,129.88,2026-03-02 10:46:54,Medium,Surat
4222,2.3,44.7,2026-02-11 13:46:54,,Mumbai
4223,,,2026-03-22 20:46:54,High,Delhi
4224,16.22,322.01,2026-02-27 18:46:54,Medium,Mumbai
4225,27.87,,2026-03-14 07:46:54,Medium,Surat
4226,24.13,369.79,2026-03-04 13:46:54,,Bangalore
4227,13.78,252.63,2026-03-25 21:46:54,Low,Surat
4228,13.8,114.88,2026-04-07 12:46:54,,Delhi
4229,4.75,45.79,2026-03-03 01:46:54,Low,Mumbai
4230,8.38,121.97,2026-02-15 16:46:54,Medium,Mumbai
4231,13.99,226.59,2026-03-08 22:46:54,High,Mumbai
4232,8.03,105.69,2026-03-12 10:46:54,High,Surat
4233,19.98,391.56,2026-02-24 15:46:54,High,Ahmedabad
4234,12.14,140.82,2026-02-14 23:46:54,High,Ahmedabad
4235,12.27,204.55,2026-03-22 10:46:54,Low,Ahmedabad
4236,29.35,432.9,2026-03-21 01:46:54,Medium,Ahmedabad
4237,24.18,333.68,2026-02-22 03:46:54,Medium,Bangalore
4238,18.13,281.05,2026-03-05 05:46:54,Medium,Bangalore
4239,29.64,305.27,2026-04-06 20:46:54,Medium,Bangalore
4240,14.5,,2026-02-09 07:46:54,Medium,Mumbai
4241,18.64,331.73,2026-04-06 01:46:54,High,Ahmedabad
4242,8.46,,2026-04-03 02:46:54,Medium,Bangalore
4243,3.94,48.84,2026-03-20 01:46:54,Medium,Ahmedabad
4244,25.17,,2026-04-05 16:46:54,High,Mumbai
4245,7.93,104.49,2026-03-19 21:46:54,Medium,Surat
4246,12.5,,2026-03-31 17:46:54,High,Mumbai
4247,21.36,418.1,2026-03-16 22:46:54,Medium,Bangalore
4248,12.09,182.82,2026-02-19 05:46:54,High,Ahmedabad
4249,8.14,,2026-04-06 05:46:54,High,Ahmedabad
4250,25.1,208.7,2026-03-01 03:46:54,Medium,Bangalore
4251,27.55,322.0,2026-03-07 01:46:54,Medium,Surat
4252,28.99,,2026-03-27 02:46:54,Low,Delhi
4253,23.71,356.35,2026-03-30 12:46:54,Medium,Bangalore
4254,11.09,103.52,2026-03-22 01:46:54,Low,Mumbai
4255,26.88,442.03,2026-03-21 07:46:54,Low,Bangalore
4256,,300.58,2026-02-10 09:46:54,High,Surat
4257,6.8,114.87,2026-03-02 07:46:54,Medium,Surat
4258,17.46,182.69,2026-02-11 15:46:54,Low,Surat
4259,19.33,268.31,2026-03-09 05:46:54,Medium,Ahmedabad
4260,24.78,347.56,2026-03-04 05:46:54,High,Ahmedabad
4261,1.3,23.48,2026-02-25 18:46:54,High,Mumbai
4262,19.32,377.29,2026-03-19 13:46:54,High,Ahmedabad
4263,26.02,335.41,2026-04-01 06:46:54,High,Bangalore
4264,,20.84,2026-04-03 18:46:54,Low,Delhi
4265,20.82,,2026-03-23 17:46:54,Medium,Delhi
4266,27.94,349.59,2026-03-16 00:46:54,High,Bangalore
4267,3.37,59.99,2026-03-05 06:46:54,Low,Surat
4268,6.96,128.2,2026-02-28 11:46:54,High,Mumbai
4269,15.45,179.16,2026-03-17 06:46:54,High,Ahmedabad
4270,7.36,95.31,2026-03-23 11:46:54,Low,Delhi
4271,17.82,270.73,2026-03-16 00:46:54,Low,Delhi
4272,11.18,191.53,2026-02-18 20:46:54,Low,Ahmedabad
4273,4.23,45.4,2026-03-27 16:46:54,High,Delhi
4274,4.66,64.89,2026-02-06 19:46:54,Low,Delhi
4275,9.32,156.61,2026-03-21 05:46:54,Low,Surat
4276,5.6,77.33,2026-02-05 18:46:54,Low,Bangalore
4277,1.09,11.17,2026-03-21 16:46:54,Medium,Bangalore
4278,18.09,185.63,2026-03-25 02:46:54,High,Surat
4279,19.58,205.73,2026-03-29 13:46:54,High,Ahmedabad
4280,29.76,578.29,2026-02-06 12:46:54,Medium,Mumbai
4281,11.53,171.82,2026-04-03 16:46:54,Low,Ahmedabad
4282,25.36,501.27,2026-03-15 05:46:54,Medium,Ahmedabad
4283,23.54,429.43,2026-03-22 09:46:54,High,Delhi
4284,4.57,52.51,2026-04-06 10:46:54,High,Bangalore
4285,11.86,156.27,2026-02-07 04:46:54,High,Delhi
4286,25.83,289.81,2026-02-11 02:46:54,Low,Delhi
4287,7.77,86.57,2026-02-25 19:46:54,Low,Mumbai
4288,6.25,58.88,2026-03-03 10:46:54,Low,Delhi
4289,19.77,370.84,2026-03-22 14:46:54,Medium,Bangalore
4290,4.84,95.66,2026-03-31 10:46:54,Medium,Bangalore
4291,19.21,247.08,2026-02-22 04:46:54,Low,Delhi
4292,29.67,,2026-03-22 07:46:54,Low,Delhi
4293,14.43,212.4,2026-02-17 08:46:54,Low,Delhi
4294,8.67,86.48,2026-02-24 16:46:54,Medium,Delhi
4295,28.63,532.08,2026-03-04 23:46:54,Low,Bangalore
4296,8.23,,2026-03-24 14:46:54,Medium,Bangalore
4297,2.28,41.44,2026-02-14 11:46:54,Medium,Delhi
4298,23.34,420.17,2026-04-04 02:46:54,Low,Bangalore
4299,2.31,37.53,2026-02-26 13:46:54,High,Mumbai
4300,28.12,239.48,2026-04-02 16:46:54,High,Bangalore
4301,24.35,372.45,2026-04-02 10:46:54,Low,Bangalore
4302,23.81,402.05,2026-03-06 14:46:54,High,Mumbai
4303,19.14,,2026-03-29 17:46:54,High,Delhi
4304,18.25,253.4,2026-03-06 07:46:54,Medium,Surat
4305,17.18,161.81,2026-02-13 00:46:54,Low,Bangalore
4306,22.87,257.69,2026-02-12 13:46:54,High,Mumbai
4307,10.53,156.88,2026-02-24 02:46:54,High,Bangalore
4308,24.25,390.94,2026-03-06 16:46:54,Medium,Mumbai
4309,17.83,273.73,2026-02-18 15:46:54,Low,Bangalore
4310,28.76,570.41,2026-04-06 19:46:54,High,Bangalore
4311,14.76,285.64,2026-02-17 22:46:54,Low,Mumbai
4312,15.44,244.02,2026-02-14 00:46:54,High,Bangalore
4313,17.73,216.5,2026-02-17 06:46:54,Low,Surat
4314,27.72,,2026-02-12 03:46:54,Medium,Delhi
4315,19.87,243.98,2026-03-29 16:46:54,High,Surat
4316,9.9,,2026-03-26 11:46:54,High,Surat
4317,,135.94,2026-02-19 16:46:54,Medium,Surat
4318,23.33,408.29,2026-03-16 19:46:54,Low,Ahmedabad
4319,13.73,,2026-03-12 09:46:54,Medium,Surat
4320,19.08,303.82,2026-03-07 00:46:54,Low,Bangalore
4321,14.85,1609.47,2026-02-15 17:46:54,Medium,Surat
4322,13.82,120.73,2026-02-09 06:46:54,,Surat
4323,7.7,82.67,2026-02-13 16:46:54,High,Surat
4324,16.45,4640.83,2026-02-21 01:46:54,Low,Bangalore
4325,18.67,229.69,2026-03-21 09:46:54,Low,Ahmedabad
4326,,96.22,2026-02-28 23:46:54,Low,Surat
4327,20.15,170.69,2026-03-15 08:46:54,Medium,Surat
4328,10.29,,2026-02-12 20:46:54,Low,Ahmedabad
4329,17.05,164.91,2026-03-27 16:46:54,Low,Ahmedabad
4330,,111.87,2026-02-18 17:46:54,Low,Delhi
4331,19.71,228.88,2026-03-31 05:46:54,Medium,Ahmedabad
4332,10.95,109.42,2026-03-10 06:46:54,High,Surat
4333,,311.74,2026-02-19 15:46:54,Low,Bangalore
4334,8.82,157.41,2026-03-23 17:46:54,Low,Surat
4335,8.61,143.23,2026-02-13 12:46:54,Medium,Delhi
4336,4.82,53.5,2026-02-16 11:46:54,Low,Ahmedabad
4337,19.22,199.97,2026-04-06 23:46:54,Medium,Surat
4338,14.2,217.85,2026-02-09 08:46:54,Medium,Delhi
4339,3.08,58.15,2026-02-11 21:46:54,Medium,Delhi
4340,5.52,,2026-02-15 22:46:54,High,Surat
4341,,132.74,2026-03-24 01:46:54,Low,Surat
4342,18.59,192.02,2026-02-18 11:46:54,Medium,Delhi
4343,18.22,,2026-02-23 15:46:54,Medium,Bangalore
4344,2.32,32.2,2026-04-05 00:46:54,Medium,Surat
4345,23.78,293.22,2026-03-22 12:46:54,High,Ahmedabad
4346,1.49,23.33,2026-03-16 04:46:54,Low,Ahmedabad
4347,5.68,103.92,2026-02-08 02:46:54,Medium,Mumbai
4348,17.56,209.3,2026-03-15 11:46:54,Low,Bangalore
4349,23.03,376.43,2026-02-14 07:46:54,Medium,Surat
4350,1.42,17.22,2026-03-20 19:46:54,Medium,Bangalore
4351,24.93,433.23,2026-03-26 07:46:54,Medium,Bangalore
4352,19.48,303.06,2026-02-22 09:46:54,High,Ahmedabad
4353,29.62,489.16,2026-03-19 09:46:54,Low,Mumbai
4354,28.39,550.4,2026-03-23 09:46:54,Medium,Mumbai
4355,8.64,82.31,2026-02-19 03:46:54,Low,Bangalore
4356,17.8,169.55,2026-02-19 23:46:54,Low,Bangalore
4357,7.2,76.7,2026-04-05 06:46:54,High,Surat
4358,20.95,305.07,2026-04-06 03:46:54,Low,Delhi
4359,21.5,299.71,2026-02-22 11:46:54,Low,Surat
4360,14.72,133.28,2026-02-20 03:46:54,Medium,Ahmedabad
4361,27.65,435.03,2026-02-06 14:46:54,Medium,Mumbai
4362,1.8,20.34,2026-02-07 09:46:54,High,Ahmedabad
4363,27.76,397.65,2026-02-18 03:46:54,Medium,Delhi
4364,28.27,341.32,2026-03-22 22:46:54,High,Mumbai
4365,17.82,167.82,2026-03-21 04:46:54,High,Ahmedabad
4366,29.53,589.88,2026-02-25 11:46:54,High,Mumbai
4367,22.48,253.86,2026-03-18 06:46:54,High,Surat
4368,6.32,82.19,2026-03-31 05:46:54,,Surat
4369,19.42,159.49,2026-02-18 00:46:54,Medium,Delhi
4370,27.34,497.41,2026-03-30 10:46:54,High,Mumbai
4371,6.71,55.32,2026-02-14 22:46:54,High,Surat
4372,4.96,39.74,2026-02-06 22:46:54,High,Ahmedabad
4373,10.08,155.54,2026-04-07 04:46:54,Medium,Mumbai
4374,28.23,517.04,2026-02-20 06:46:54,Low,Ahmedabad
4375,3.27,59.21,2026-03-06 22:46:54,Medium,Ahmedabad
4376,5.85,84.34,2026-03-28 19:46:54,Medium,Bangalore
4377,11.07,205.29,2026-03-02 09:46:54,Medium,Bangalore
4378,20.3,231.97,2026-04-03 15:46:54,High,Bangalore
4379,4.29,67.49,2026-02-12 12:46:54,Medium,Bangalore
4380,15.21,145.27,2026-02-24 13:46:54,Medium,Mumbai
4381,2.81,,2026-03-31 06:46:54,High,Bangalore
4382,27.69,360.28,2026-03-15 13:46:54,High,Surat
4383,12.77,224.45,2026-03-26 08:46:54,Low,Mumbai
4384,23.24,318.73,2026-02-20 17:46:54,Medium,Bangalore
4385,21.07,182.09,2026-02-11 22:46:54,Low,Mumbai
4386,4.76,38.83,2026-03-14 04:46:54,,Bangalore
4387,23.72,424.58,2026-03-14 12:46:54,Medium,Mumbai
4388,17.43,150.27,2026-04-07 13:46:54,Low,Surat
4389,23.39,305.82,2026-03-09 10:46:54,High,Ahmedabad
4390,15.51,210.56,2026-03-17 06:46:54,Medium,Mumbai
4391,7.79,125.99,2026-02-10 17:46:54,High,Ahmedabad
4392,2.4,46.24,2026-03-23 08:46:54,Medium,Bangalore
4393,21.72,185.46,2026-03-29 23:46:54,High,Bangalore
4394,11.41,123.71,2026-03-11 16:46:54,Low,Ahmedabad
4395,17.23,140.11,2026-04-06 10:46:54,Low,Bangalore
4396,7.95,114.63,2026-02-22 03:46:54,Medium,Delhi
4397,26.22,406.71,2026-02-08 04:46:54,High,Mumbai
4398,10.61,111.54,2026-02-26 03:46:54,Medium,Bangalore
4399,,365.12,2026-02-25 15:46:54,Medium,Mumbai
4400,,159.97,2026-02-07 18:46:54,Medium,Bangalore
4401,21.63,201.31,2026-02-06 11:46:54,High,Delhi
4402,4.41,75.81,2026-02-21 12:46:54,Medium,Delhi
4403,18.42,312.39,2026-03-29 14:46:54,Medium,Surat
4404,23.54,390.46,2026-02-08 07:46:54,Medium,Bangalore
4405,10.99,144.1,2026-03-14 12:46:54,High,Bangalore
4406,13.23,233.98,2026-03-20 14:46:54,Low,Bangalore
4407,26.41,458.71,2026-03-17 08:46:54,Medium,Surat
4408,19.26,281.07,2026-02-24 19:46:54,Low,Mumbai
4409,3.05,54.15,2026-02-06 09:46:54,High,Surat
4410,3.34,61.33,2026-02-26 08:46:54,Low,Delhi
4411,7.82,94.09,2026-03-30 03:46:54,High,Mumbai
4412,19.18,260.24,2026-03-19 19:46:54,Medium,Bangalore
4413,29.19,240.93,2026-02-14 06:46:54,Low,Mumbai
4414,17.81,334.99,2026-03-11 14:46:54,Medium,Ahmedabad
4415,1.34,24.53,2026-02-17 08:46:54,Medium,Delhi
4416,21.01,404.11,2026-02-19 03:46:54,High,Bangalore
4417,11.93,170.76,2026-02-13 19:46:54,Medium,Ahmedabad
4418,26.97,424.57,2026-03-19 22:46:54,High,Mumbai
4419,20.78,207.72,2026-03-31 09:46:54,Low,Delhi
4420,10.61,153.65,2026-02-23 06:46:54,Low,Delhi
4421,5.12,85.92,2026-04-03 21:46:54,Low,Surat
4422,21.22,,2026-03-25 07:46:54,High,Delhi
4423,18.48,302.02,2026-03-20 00:46:54,Medium,Ahmedabad
4424,23.0,,2026-03-06 20:46:54,Medium,Bangalore
4425,11.05,120.48,2026-02-19 05:46:54,,Mumbai
4426,2.84,32.44,2026-02-20 17:46:54,Low,Mumbai
4427,6.95,131.78,2026-03-08 16:46:54,Medium,Delhi
4428,1.04,14.13,2026-03-06 15:46:54,Medium,Mumbai
4429,23.52,315.53,2026-02-25 09:46:54,Medium,Mumbai
4430,6.66,,2026-04-03 14:46:54,High,Delhi
4431,16.59,214.52,2026-02-23 13:46:54,Medium,Ahmedabad
4432,26.13,443.58,2026-03-03 20:46:54,High,Surat
4433,17.1,212.29,2026-02-12 22:46:54,,Mumbai
4434,27.51,374.16,2026-02-07 00:46:54,High,Delhi
4435,21.35,220.7,2026-03-12 01:46:54,High,Mumbai
4436,20.1,264.73,2026-03-07 16:46:54,Low,Surat
4437,18.08,154.47,2026-03-09 22:46:54,Medium,Mumbai
4438,21.59,403.21,2026-03-24 23:46:54,High,Mumbai
4439,18.93,240.67,2026-03-18 08:46:54,Medium,Surat
4440,3.29,59.72,2026-03-02 09:46:54,High,Delhi
4441,11.24,130.39,2026-03-09 01:46:54,Medium,Mumbai
4442,4.34,62.61,2026-03-20 08:46:54,Low,Bangalore
4443,,194.91,2026-03-23 17:46:54,Medium,Surat
4444,18.13,,2026-02-16 05:46:54,Medium,Bangalore
4445,28.91,269.42,2026-03-24 06:46:54,Low,Delhi
4446,27.42,263.34,2026-03-12 08:46:54,Medium,Ahmedabad
4447,19.02,302.88,2026-02-23 13:46:54,High,Surat
4448,21.93,,2026-03-03 09:46:54,,Delhi
4449,16.25,324.61,2026-02-12 23:46:54,Medium,Ahmedabad
4450,29.92,503.98,2026-02-13 02:46:54,Medium,Surat
4451,,20.61,2026-02-16 07:46:54,Low,Surat
4452,2.14,25.28,2026-04-01 01:46:54,High,Delhi
4453,18.18,244.5,2026-02-15 00:46:54,Low,Surat
4454,6.08,55.1,2026-03-23 03:46:54,Medium,Delhi
4455,20.78,353.4,2026-02-23 21:46:54,Medium,Ahmedabad
4456,17.15,260.28,2026-03-06 05:46:54,High,Mumbai
4457,,240.4,2026-04-01 10:46:54,Low,Bangalore
4458,21.05,372.67,2026-02-06 01:46:54,Low,Bangalore
4459,,186.96,2026-03-01 16:46:54,Low,Mumbai
4460,29.69,535.76,2026-03-22 10:46:54,High,Delhi
4461,4.69,77.11,2026-04-04 01:46:54,High,Mumbai
4462,15.44,288.75,2026-03-28 12:46:54,Medium,Delhi
4463,23.62,329.73,2026-02-06 08:46:54,Low,Surat
4464,20.28,212.15,2026-02-28 07:46:54,High,Delhi
4465,10.14,150.86,2026-03-25 23:46:54,Low,Delhi
4466,8.72,172.59,2026-02-17 06:46:54,Medium,Mumbai
4467,3.5,67.81,2026-04-01 10:46:54,High,Bangalore
4468,6.03,106.68,2026-03-12 07:46:54,Medium,Mumbai
4469,23.03,253.92,2026-02-17 21:46:54,Medium,Ahmedabad
4470,29.47,364.84,2026-02-20 19:46:54,High,Bangalore
4471,11.75,189.71,2026-02-26 08:46:54,Medium,Surat
4472,17.04,245.3,2026-03-23 10:46:54,Medium,Mumbai
4473,6.29,94.28,2026-03-11 19:46:54,High,Mumbai
4474,8.15,122.49,2026-03-27 04:46:54,Medium,Mumbai
4475,9.58,187.08,2026-04-02 02:46:54,Low,Bangalore
4476,10.3,83.58,2026-03-02 00:46:54,Medium,Ahmedabad
4477,20.56,306.75,2026-03-11 01:46:54,Medium,Ahmedabad
4478,18.64,,2026-03-10 05:46:54,Medium,Bangalore
4479,28.77,365.34,2026-02-21 10:46:54,High,Delhi
4480,1.55,24.01,2026-03-22 14:46:54,Low,Ahmedabad
4481,22.57,384.62,2026-03-14 16:46:54,High,Mumbai
4482,24.41,437.06,2026-03-02 10:46:54,Low,Ahmedabad
4483,7.18,80.24,2026-02-10 18:46:54,High,Surat
4484,24.01,386.12,2026-02-27 19:46:54,High,Mumbai
4485,,408.46,2026-02-24 16:46:54,High,Surat
4486,16.99,250.63,2026-02-26 23:46:54,,Surat
4487,17.53,250.13,2026-03-11 16:46:54,Low,Ahmedabad
4488,8.23,72.93,2026-02-17 18:46:54,Medium,Ahmedabad
4489,15.57,196.64,2026-03-01 23:46:54,Medium,Surat
4490,29.28,239.21,2026-02-27 07:46:54,Low,Ahmedabad
4491,3.23,33.02,2026-03-29 09:46:54,Low,Ahmedabad
4492,27.14,389.43,2026-03-22 02:46:54,High,Bangalore
4493,17.64,352.04,2026-02-26 13:46:54,Low,Mumbai
4494,27.68,461.68,2026-02-11 11:46:54,Medium,Mumbai
4495,5.7,92.96,2026-03-06 10:46:54,Low,Bangalore
4496,24.75,368.73,2026-02-21 05:46:54,High,Delhi
4497,28.78,2550.4,2026-02-13 10:46:54,Medium,Mumbai
4498,11.78,,2026-02-15 05:46:54,High,Bangalore
4499,23.97,251.04,2026-03-02 12:46:54,Low,Delhi
4500,24.53,271.61,2026-02-18 08:46:54,Medium,Delhi
4501,26.91,306.31,2026-02-09 23:46:54,Low,Ahmedabad
4502,16.62,142.53,2026-04-05 23:46:54,Low,Delhi
4503,25.86,477.12,2026-03-26 22:46:54,High,Surat
4504,4.59,64.35,2026-02-18 05:46:54,Medium,Surat
4505,13.14,132.66,2026-04-02 09:46:54,Medium,Ahmedabad
4506,,533.73,2026-03-08 12:46:54,Medium,Ahmedabad
4507,29.54,450.18,2026-02-19 09:46:54,Low,Delhi
4508,14.34,218.15,2026-03-12 03:46:54,Low,Mumbai
4509,2.02,25.27,2026-02-18 03:46:54,Low,Surat
4510,25.22,318.12,2026-03-05 12:46:54,Medium,Surat
4511,1.3,10.49,2026-03-08 22:46:54,Low,Ahmedabad
4512,10.0,121.05,2026-02-25 02:46:54,Medium,Surat
4513,7.28,137.01,2026-03-30 12:46:54,Medium,Surat
4514,10.71,199.13,2026-02-10 11:46:54,High,Bangalore
4515,3.66,33.13,2026-02-08 06:46:54,Low,Delhi
4516,11.9,,2026-02-10 22:46:54,,Bangalore
4517,21.45,317.7,2026-02-06 13:46:54,Low,Surat
4518,20.32,388.51,2026-02-23 03:46:54,Low,Ahmedabad
4519,9.5,3036.89,2026-03-04 23:46:54,Medium,Mumbai
4520,9.58,95.16,2026-03-16 22:46:54,Medium,Delhi
4521,2.08,17.21,2026-04-06 12:46:54,High,Ahmedabad
4522,12.1,,2026-03-08 18:46:54,Medium,Surat
4523,20.28,365.26,2026-03-13 12:46:54,Medium,Bangalore
4524,22.55,428.1,2026-03-16 18:46:54,Low,Delhi
4525,6.95,,2026-02-21 21:46:54,Medium,Ahmedabad
4526,28.67,497.95,2026-02-07 22:46:54,Low,Surat
4527,21.94,292.34,2026-04-05 12:46:54,Low,Mumbai
4528,7.2,60.73,2026-03-25 04:46:54,Medium,Mumbai
4529,4.48,2054.15,2026-02-28 03:46:54,High,Bangalore
4530,1.32,,2026-03-24 00:46:54,Low,Bangalore
4531,4.66,68.12,2026-02-28 05:46:54,Medium,Delhi
4532,20.05,205.47,2026-02-09 16:46:54,High,Mumbai
4533,29.29,471.73,2026-03-28 23:46:54,High,Delhi
4534,18.05,176.37,2026-03-06 06:46:54,,Surat
4535,3.39,49.73,2026-04-05 15:46:54,High,Surat
4536,5.55,74.66,2026-03-09 14:46:54,Medium,Bangalore
4537,18.56,331.23,2026-03-16 04:46:54,Medium,Mumbai
4538,4.06,,2026-03-06 03:46:54,High,Delhi
4539,,108.2,2026-02-06 09:46:54,Low,Delhi
4540,29.15,416.17,2026-04-07 02:46:54,Low,Mumbai
4541,28.78,249.62,2026-03-21 19:46:54,Medium,Bangalore
4542,1.84,33.18,2026-03-01 11:46:54,High,Mumbai
4543,10.45,167.62,2026-03-05 11:46:54,Low,Mumbai
4544,,122.56,2026-02-25 13:46:54,High,Surat
4545,17.44,274.93,2026-03-27 07:46:54,High,Bangalore
4546,27.61,238.45,2026-02-19 06:46:54,High,Surat
4547,12.68,167.88,2026-02-15 03:46:54,Low,Mumbai
4548,16.42,148.42,2026-02-06 19:46:54,Medium,Surat
4549,16.51,150.7,2026-03-01 00:46:54,,Ahmedabad
4550,5.49,1940.62,2026-03-21 23:46:54,Low,Delhi
4551,6.27,58.54,2026-04-07 15:46:54,,Bangalore
4552,8.23,154.0,2026-04-02 17:46:54,High,Mumbai
4553,,143.51,2026-02-23 02:46:54,Medium,Mumbai
4554,17.52,274.23,2026-02-21 01:46:54,High,Ahmedabad
4555,18.82,166.63,2026-03-24 08:46:54,High,Surat
4556,13.14,189.59,2026-04-05 22:46:54,Low,Ahmedabad
4557,7.86,125.2,2026-03-16 22:46:54,High,Mumbai
4558,4.22,51.08,2026-03-07 01:46:54,Low,Surat
4559,25.37,277.71,2026-03-16 20:46:54,Medium,Surat
4560,3.12,60.12,2026-02-21 05:46:54,Low,Ahmedabad
4561,4.73,4520.12,2026-03-10 20:46:54,High,Ahmedabad
4562,,244.24,2026-04-04 09:46:54,Low,Ahmedabad
4563,29.14,382.33,2026-02-18 04:46:54,Low,Mumbai
4564,11.09,213.1,2026-03-11 23:46:54,Medium,Mumbai
4565,22.89,,2026-03-13 19:46:54,Low,Surat
4566,12.55,,2026-03-08 04:46:54,High,Delhi
4567,9.52,177.63,2026-04-06 20:46:54,High,Surat
4568,15.66,147.79,2026-03-01 03:46:54,,Mumbai
4569,5.57,,2026-03-26 17:46:54,Low,Bangalore
4570,6.97,90.07,2026-03-12 07:46:54,,Ahmedabad
4571,11.5,187.27,2026-03-28 23:46:54,Low,Mumbai
4572,4.9,65.43,2026-03-26 12:46:54,Low,Delhi
4573,11.78,116.73,2026-03-24 12:46:54,Medium,Surat
4574,20.75,2819.57,2026-02-22 00:46:54,High,Delhi
4575,20.7,205.21,2026-02-18 22:46:54,,Delhi
4576,2.91,42.33,2026-02-10 09:46:54,High,Surat
4577,23.27,299.01,2026-02-20 05:46:54,Medium,Ahmedabad
4578,15.32,233.55,2026-02-06 06:46:54,Low,Surat
4579,,340.41,2026-03-28 23:46:54,High,Ahmedabad
4580,22.37,206.49,2026-03-15 05:46:54,High,Delhi
4581,11.25,204.2,2026-02-14 21:46:54,Medium,Ahmedabad
4582,21.99,,2026-02-26 22:46:54,High,Mumbai
4583,21.26,377.04,2026-03-11 01:46:54,High,Ahmedabad
4584,15.2,,2026-02-10 09:46:54,Low,Bangalore
4585,5.3,45.41,2026-03-17 02:46:54,Medium,Surat
4586,17.58,267.64,2026-03-31 07:46:54,Low,Mumbai
4587,9.46,,2026-02-23 16:46:54,Low,Mumbai
4588,15.51,2747.99,2026-03-31 12:46:54,Medium,Ahmedabad
4589,20.3,4868.42,2026-02-13 20:46:54,Low,Mumbai
4590,28.08,,2026-03-17 22:46:54,Low,Mumbai
4591,2.29,34.06,2026-02-12 19:46:54,Medium,Surat
4592,19.17,199.47,2026-03-23 19:46:54,High,Mumbai
4593,20.01,202.7,2026-03-28 13:46:54,Low,Surat
4594,2.42,37.58,2026-02-16 03:46:54,High,Ahmedabad
4595,14.17,217.69,2026-02-19 10:46:54,High,Delhi
4596,3.62,61.5,2026-03-06 13:46:54,Low,Delhi
4597,23.53,330.2,2026-02-24 21:46:54,Medium,Surat
4598,25.81,213.03,2026-02-08 12:46:54,Low,Ahmedabad
4599,5.29,94.63,2026-02-18 05:46:54,Medium,Mumbai
4600,3.3,,2026-02-21 23:46:54,High,Ahmedabad
4601,2.29,,2026-02-09 02:46:54,Low,Bangalore
4602,12.48,245.55,2026-03-03 02:46:54,Low,Mumbai
4603,20.48,362.92,2026-03-30 08:46:54,High,Ahmedabad
4604,28.41,303.69,2026-03-17 08:46:54,Medium,Ahmedabad
4605,13.8,195.51,2026-02-27 01:46:54,Medium,Bangalore
4606,,201.4,2026-03-12 00:46:54,Medium,Delhi
4607,26.94,,2026-02-27 00:46:54,Low,Ahmedabad
4608,7.7,136.1,2026-03-27 08:46:54,Medium,Surat
4609,16.0,237.49,2026-02-28 02:46:54,Low,Surat
4610,16.2,4030.46,2026-02-21 02:46:54,Low,Ahmedabad
4611,3.48,50.84,2026-04-04 20:46:54,High,Ahmedabad
4612,11.08,209.2,2026-02-26 01:46:54,High,Mumbai
4613,15.53,185.62,2026-03-07 16:46:54,High,Ahmedabad
4614,5.24,93.73,2026-03-21 17:46:54,Medium,Surat
4615,11.98,102.19,2026-03-27 07:46:54,High,Delhi
4616,14.74,241.05,2026-03-03 05:46:54,Medium,Mumbai
4617,13.09,196.8,2026-02-12 13:46:54,Low,Mumbai
4618,25.3,419.07,2026-03-02 05:46:54,Medium,Delhi
4619,11.14,144.22,2026-02-22 11:46:54,Low,Surat
4620,7.77,145.51,2026-02-10 22:46:54,,Ahmedabad
4621,14.24,201.91,2026-03-17 23:46:54,High,Delhi
4622,6.62,99.05,2026-03-22 05:46:54,Medium,Surat
4623,20.48,229.04,2026-04-06 00:46:54,High,Surat
4624,11.05,101.7,2026-02-12 16:46:54,High,Delhi
4625,4.45,71.57,2026-03-21 17:46:54,High,Surat
4626,27.7,519.49,2026-03-13 09:46:54,High,Bangalore
4627,10.59,184.11,2026-02-08 07:46:54,Medium,Bangalore
4628,26.85,361.24,2026-02-26 09:46:54,Low,Bangalore
4629,7.56,109.68,2026-03-17 22:46:54,High,Delhi
4630,26.04,316.71,2026-02-27 17:46:54,Medium,Delhi
4631,4.24,66.33,2026-02-12 12:46:54,High,Bangalore
4632,3.76,37.3,2026-03-06 18:46:54,High,Bangalore
4633,12.99,157.64,2026-02-18 02:46:54,High,Mumbai
4634,,542.38,2026-03-01 08:46:54,Medium,Delhi
4635,24.17,426.71,2026-03-13 15:46:54,Medium,Surat
4636,21.8,432.99,2026-03-17 02:46:54,Low,Ahmedabad
4637,1.52,,2026-02-09 16:46:54,High,Surat
4638,23.18,235.34,2026-02-22 22:46:54,Medium,Bangalore
4639,6.02,70.76,2026-02-11 06:46:54,,Ahmedabad
4640,5.71,90.28,2026-02-23 15:46:54,Medium,Ahmedabad
4641,20.08,361.83,2026-02-23 11:46:54,Low,Bangalore
4642,13.03,235.82,2026-02-26 07:46:54,Medium,Delhi
4643,18.2,318.83,2026-02-05 20:46:54,Low,Surat
4644,27.99,499.92,2026-03-19 17:46:54,,Bangalore
4645,11.26,158.9,2026-03-15 17:46:54,High,Surat
4646,16.89,305.73,2026-02-19 01:46:54,Medium,Mumbai
4647,2.94,23.88,2026-03-08 02:46:54,Low,Mumbai
4648,2.95,54.12,2026-03-26 23:46:54,High,Surat
4649,,28.05,2026-03-01 05:46:54,Medium,Delhi
4650,1.23,11.4,2026-04-01 08:46:54,Medium,Bangalore
4651,2.97,36.39,2026-02-20 21:46:54,Medium,Ahmedabad
4652,22.04,246.15,2026-04-07 13:46:54,Medium,Mumbai
4653,26.11,288.37,2026-02-07 09:46:54,High,Ahmedabad
4654,8.42,146.7,2026-03-11 11:46:54,Low,Ahmedabad
4655,7.12,81.84,2026-03-30 13:46:54,High,Surat
4656,19.39,210.2,2026-02-14 12:46:54,Medium,Bangalore
4657,11.95,119.34,2026-03-23 09:46:54,Medium,Mumbai
4658,27.26,420.39,2026-02-25 04:46:54,High,Bangalore
4659,1.47,19.4,2026-02-28 18:46:54,,Ahmedabad
4660,28.02,280.04,2026-03-24 18:46:54,Low,Ahmedabad
4661,6.99,,2026-04-05 03:46:54,Medium,Surat
4662,25.97,426.48,2026-03-13 02:46:54,High,Mumbai
4663,24.95,373.81,2026-02-10 16:46:54,Low,Ahmedabad
4664,20.09,174.97,2026-02-24 03:46:54,Low,Ahmedabad
4665,10.05,192.72,2026-03-08 18:46:54,Low,Bangalore
4666,4.47,57.46,2026-03-07 17:46:54,High,Delhi
4667,16.7,177.71,2026-03-24 13:46:54,High,Bangalore
4668,13.96,,2026-04-06 17:46:54,Low,Ahmedabad
4669,8.18,69.14,2026-04-02 04:46:54,High,Surat
4670,27.9,392.99,2026-02-28 05:46:54,Medium,Surat
4671,25.52,482.24,2026-04-04 13:46:54,High,Bangalore
4672,17.85,157.88,2026-04-05 00:46:54,High,Ahmedabad
4673,12.25,120.57,2026-03-16 01:46:54,High,Mumbai
4674,23.18,370.93,2026-02-08 15:46:54,Low,Mumbai
4675,,18.26,2026-02-16 04:46:54,Low,Bangalore
4676,,21.77,2026-03-05 13:46:54,Low,Ahmedabad
4677,8.66,74.13,2026-02-13 16:46:54,,Surat
4678,16.41,288.19,2026-02-19 02:46:54,Medium,Delhi
4679,7.56,118.33,2026-03-01 03:46:54,High,Mumbai
4680,9.01,103.42,2026-02-13 04:46:54,Low,Ahmedabad
4681,5.44,61.59,2026-03-18 21:46:54,Medium,Delhi
4682,1.07,15.94,2026-03-09 20:46:54,Low,Ahmedabad
4683,14.97,133.15,2026-03-03 22:46:54,Low,Mumbai
4684,16.28,315.69,2026-03-06 05:46:54,Low,Ahmedabad
4685,23.28,225.38,2026-03-31 17:46:54,Medium,Bangalore
4686,12.98,201.75,2026-02-09 02:46:54,Medium,Delhi
4687,6.34,104.73,2026-03-03 02:46:54,High,Bangalore
4688,25.1,485.59,2026-02-12 15:46:54,Medium,Ahmedabad
4689,2.52,23.0,2026-02-18 18:46:54,Medium,Bangalore
4690,18.63,216.59,2026-03-27 23:46:54,Medium,Surat
4691,13.45,157.57,2026-02-07 20:46:54,High,Ahmedabad
4692,6.21,95.31,2026-04-05 06:46:54,Medium,Mumbai
4693,1.66,,2026-04-05 12:46:54,Low,Bangalore
4694,15.54,125.98,2026-02-18 06:46:54,Low,Delhi
4695,26.98,4910.81,2026-04-04 01:46:54,High,Ahmedabad
4696,29.9,474.23,2026-03-12 21:46:54,,Mumbai
4697,26.13,273.53,2026-02-09 06:46:54,Low,Mumbai
4698,16.48,199.02,2026-03-23 09:46:54,Medium,Delhi
4699,19.94,373.13,2026-02-21 07:46:54,High,Surat
4700,23.57,457.12,2026-02-26 19:46:54,Low,Delhi
4701,25.04,246.84,2026-02-19 19:46:54,Medium,Surat
4702,21.99,330.51,2026-03-24 07:46:54,Low,Delhi
4703,20.43,345.34,2026-03-07 12:46:54,,Mumbai
4704,29.79,516.7,2026-03-28 11:46:54,High,Bangalore
4705,10.02,168.51,2026-02-12 11:46:54,Low,Ahmedabad
4706,19.83,290.87,2026-03-05 04:46:54,Medium,Bangalore
4707,27.79,523.62,2026-04-01 09:46:54,Low,Ahmedabad
4708,23.18,255.99,2026-03-22 16:46:54,,Delhi
4709,6.08,55.53,2026-03-18 08:46:54,Medium,Mumbai
4710,,307.17,2026-02-19 14:46:54,High,Ahmedabad
4711,19.67,216.72,2026-02-24 18:46:54,Medium,Ahmedabad
4712,7.25,60.79,2026-03-31 13:46:54,Low,Delhi
4713,20.46,215.93,2026-03-05 07:46:54,Low,Mumbai
4714,7.62,101.02,2026-02-22 06:46:54,Low,Surat
4715,10.56,209.82,2026-03-24 00:46:54,Low,Delhi
4716,6.82,88.44,2026-02-16 06:46:54,Low,Mumbai
4717,16.37,149.04,2026-03-08 00:46:54,Low,Bangalore
4718,27.5,292.19,2026-03-10 19:46:54,,Delhi
4719,4.21,36.58,2026-02-26 14:46:54,Low,Mumbai
4720,18.9,310.68,2026-03-09 08:46:54,High,Delhi
4721,2.43,29.0,2026-02-22 21:46:54,Medium,Bangalore
4722,3.66,52.52,2026-03-24 02:46:54,Low,Bangalore
4723,29.48,,2026-03-26 16:46:54,High,Mumbai
4724,,64.19,2026-03-16 06:46:54,,Surat
4725,28.86,463.64,2026-04-04 03:46:54,Medium,Surat
4726,,13.29,2026-03-12 09:46:54,Low,Ahmedabad
4727,12.44,200.32,2026-03-26 18:46:54,Low,Ahmedabad
4728,8.22,4170.22,2026-03-19 05:46:54,Medium,Delhi
4729,,407.55,2026-02-27 08:46:54,Medium,Ahmedabad
4730,9.99,198.51,2026-03-20 01:46:54,Low,Mumbai
4731,26.52,232.04,2026-03-12 06:46:54,High,Bangalore
4732,2.0,31.34,2026-03-07 20:46:54,High,Bangalore
4733,20.15,381.63,2026-02-15 17:46:54,Medium,Delhi
4734,8.41,149.15,2026-03-15 23:46:54,Medium,Surat
4735,15.33,129.0,2026-03-05 02:46:54,High,Surat
4736,3.74,37.61,2026-04-01 13:46:54,Low,Surat
4737,27.21,318.48,2026-03-02 14:46:54,Medium,Delhi
4738,29.87,539.27,2026-02-08 14:46:54,Low,Delhi
4739,24.26,387.6,2026-02-28 13:46:54,Low,Mumbai
4740,27.0,285.78,2026-03-08 14:46:54,Low,Bangalore
4741,11.67,117.12,2026-04-01 06:46:54,Low,Mumbai
4742,11.5,130.73,2026-03-31 05:46:54,Medium,Delhi
4743,11.86,214.05,2026-03-18 20:46:54,Low,Surat
4744,11.03,94.24,2026-03-22 07:46:54,Low,Delhi
4745,13.49,237.78,2026-04-02 20:46:54,,Delhi
4746,5.29,103.58,2026-03-14 03:46:54,Medium,Surat
4747,26.95,499.89,2026-02-22 22:46:54,,Surat
4748,27.79,369.97,2026-02-14 18:46:54,Low,Mumbai
4749,20.11,284.14,2026-03-22 22:46:54,Medium,Ahmedabad
4750,23.17,322.52,2026-03-28 01:46:54,Low,Bangalore
4751,18.76,259.04,2026-02-22 15:46:54,Medium,Bangalore
4752,1.05,13.95,2026-03-23 06:46:54,,Ahmedabad
4753,9.77,158.44,2026-04-03 06:46:54,Low,Delhi
4754,4.57,49.27,2026-03-21 15:46:54,Medium,Delhi
4755,8.58,101.04,2026-03-06 05:46:54,High,Delhi
4756,14.25,202.06,2026-03-01 18:46:54,Medium,Surat
4757,13.49,117.69,2026-02-08 09:46:54,Medium,Mumbai
4758,29.36,441.91,2026-03-18 20:46:54,Medium,Surat
4759,3.09,36.07,2026-03-11 01:46:54,,Ahmedabad
4760,17.07,,2026-03-11 17:46:54,Low,Delhi
4761,9.18,,2026-03-19 08:46:54,High,Surat
4762,7.03,75.89,2026-02-13 14:46:54,High,Bangalore
4763,15.78,,2026-02-14 06:46:54,Low,Bangalore
4764,13.3,207.77,2026-03-19 23:46:54,Low,Bangalore
4765,12.54,165.78,2026-04-03 07:46:54,Medium,Surat
4766,18.98,310.4,2026-02-28 03:46:54,,Mumbai
4767,14.2,,2026-02-25 16:46:54,Low,Mumbai
4768,11.34,126.01,2026-03-31 02:46:54,High,Delhi
4769,17.02,175.9,2026-02-16 16:46:54,Low,Bangalore
4770,9.49,112.87,2026-02-11 00:46:54,High,Surat
4771,28.0,,2026-02-15 07:46:54,Low,Bangalore
4772,25.62,333.18,2026-02-08 13:46:54,High,Surat
4773,3.17,,2026-02-18 07:46:54,Medium,Mumbai
4774,23.07,409.36,2026-03-12 05:46:54,High,Mumbai
4775,29.99,330.94,2026-03-17 20:46:54,High,Bangalore
4776,5.29,44.12,2026-02-17 21:46:54,High,Ahmedabad
4777,18.28,339.39,2026-02-08 17:46:54,Low,Ahmedabad
4778,14.08,242.82,2026-02-19 06:46:54,High,Surat
4779,3.85,54.68,2026-03-13 01:46:54,High,Mumbai
4780,19.59,167.67,2026-03-14 01:46:54,High,Ahmedabad
4781,1.05,9.28,2026-03-28 20:46:54,High,Delhi
4782,3.77,57.74,2026-02-28 20:46:54,Low,Ahmedabad
4783,29.73,,2026-03-03 00:46:54,Low,Delhi
4784,17.1,198.72,2026-02-15 11:46:54,High,Mumbai
4785,15.05,182.13,2026-02-14 05:46:54,Low,Bangalore
4786,20.43,257.37,2026-03-29 23:46:54,Medium,Bangalore
4787,13.25,234.96,2026-02-18 15:46:54,Medium,Ahmedabad
4788,18.48,,2026-02-07 05:46:54,High,Surat
4789,29.65,1739.68,2026-04-04 13:46:54,Low,Mumbai
4790,21.35,301.69,2026-03-19 03:46:54,Low,Bangalore
4791,11.12,197.97,2026-04-06 15:46:54,Low,Delhi
4792,15.53,255.36,2026-02-27 20:46:54,Medium,Delhi
4793,4.5,44.82,2026-02-08 16:46:54,High,Bangalore
4794,16.88,161.42,2026-03-21 22:46:54,High,Delhi
4795,9.78,104.76,2026-02-26 19:46:54,Low,Mumbai
4796,23.54,406.6,2026-02-14 09:46:54,High,Mumbai
4797,10.69,115.28,2026-04-07 11:46:54,High,Surat
4798,1.34,12.15,2026-04-04 06:46:54,Low,Bangalore
4799,16.83,290.77,2026-02-28 19:46:54,Medium,Surat
4800,21.91,404.07,2026-02-17 21:46:54,Low,Delhi
4801,8.91,167.51,2026-03-31 22:46:54,High,Surat
4802,14.88,243.17,2026-03-08 18:46:54,High,Ahmedabad
4803,2.31,41.75,2026-03-29 23:46:54,Medium,Mumbai
4804,21.35,330.62,2026-02-11 12:46:54,Low,Ahmedabad
4805,19.66,336.57,2026-03-02 15:46:54,High,Mumbai
4806,27.07,330.53,2026-02-22 10:46:54,,Bangalore
4807,23.53,275.91,2026-04-01 23:46:54,,Mumbai
4808,17.96,188.79,2026-03-09 04:46:54,Low,Delhi
4809,27.18,474.06,2026-03-20 19:46:54,High,Delhi
4810,5.11,64.11,2026-04-01 16:46:54,Medium,Mumbai
4811,4.63,,2026-03-11 02:46:54,Medium,Mumbai
4812,25.1,487.77,2026-04-02 21:46:54,High,Ahmedabad
4813,7.4,105.91,2026-02-12 14:46:54,Medium,Delhi
4814,21.94,253.07,2026-03-19 08:46:54,High,Delhi
4815,25.19,225.8,2026-02-26 02:46:54,High,Bangalore
4816,3.36,39.1,2026-03-13 01:46:54,High,Ahmedabad
4817,1.54,24.35,2026-03-08 07:46:54,,Delhi
4818,9.8,78.47,2026-02-17 14:46:54,Medium,Ahmedabad
4819,18.98,4298.84,2026-03-27 08:46:54,High,Bangalore
4820,25.5,322.37,2026-04-02 04:46:54,High,Delhi
4821,24.45,349.88,2026-03-23 10:46:54,High,Bangalore
4822,15.68,191.47,2026-03-23 02:46:54,Medium,Surat
4823,23.38,335.91,2026-03-13 22:46:54,Medium,Delhi
4824,7.23,118.31,2026-03-28 04:46:54,High,Delhi
4825,2.67,45.9,2026-02-21 15:46:54,Medium,Ahmedabad
4826,16.66,233.06,2026-02-27 23:46:54,High,Delhi
4827,3.45,56.98,2026-02-25 16:46:54,Low,Mumbai
4828,19.29,342.04,2026-04-02 16:46:54,Medium,Surat
4829,4.69,64.1,2026-04-04 11:46:54,Medium,Bangalore
4830,12.36,210.72,2026-03-17 20:46:54,High,Mumbai
4831,28.84,494.2,2026-03-28 05:46:54,High,Surat
4832,5.04,97.91,2026-04-01 21:46:54,,Surat
4833,26.64,408.28,2026-03-03 13:46:54,,Mumbai
4834,19.35,344.36,2026-03-02 06:46:54,Low,Bangalore
4835,,208.93,2026-02-07 21:46:54,High,Ahmedabad
4836,26.3,325.69,2026-02-05 18:46:54,Medium,Mumbai
4837,19.19,248.0,2026-03-20 18:46:54,Low,Delhi
4838,11.89,142.18,2026-02-05 19:46:54,High,Mumbai
4839,13.86,168.31,2026-03-06 07:46:54,Medium,Surat
4840,4.11,65.33,2026-02-23 12:46:54,High,Bangalore
4841,22.97,401.75,2026-03-26 10:46:54,Medium,Delhi
4842,6.89,86.23,2026-03-02 09:46:54,Medium,Delhi
4843,15.37,127.24,2026-02-17 04:46:54,High,Surat
4844,17.28,295.26,2026-03-30 18:46:54,Medium,Ahmedabad
4845,19.42,354.16,2026-04-01 01:46:54,High,Delhi
4846,28.14,,2026-03-05 16:46:54,High,Delhi
4847,10.31,200.93,2026-02-14 17:46:54,Low,Surat
4848,17.31,345.93,2026-02-09 16:46:54,High,Mumbai
4849,24.36,379.44,2026-03-10 22:46:54,High,Bangalore
4850,3.03,40.42,2026-03-13 18:46:54,Medium,Delhi
4851,,154.39,2026-02-19 07:46:54,,Ahmedabad
4852,19.09,371.53,2026-03-06 10:46:54,High,Surat
4853,18.13,258.76,2026-02-19 11:46:54,Low,Surat
4854,9.13,,2026-02-23 13:46:54,High,Mumbai
4855,18.95,214.18,2026-03-11 08:46:54,Medium,Delhi
4856,16.08,188.34,2026-02-13 12:46:54,High,Surat
4857,5.78,62.71,2026-02-06 11:46:54,Low,Delhi
4858,29.68,487.99,2026-03-13 22:46:54,Low,Delhi
4859,11.12,204.13,2026-03-31 03:46:54,Low,Ahmedabad
4860,6.19,88.3,2026-03-03 22:46:54,Medium,Bangalore
4861,3.66,42.36,2026-03-06 05:46:54,Medium,Delhi
4862,16.72,236.18,2026-02-28 11:46:54,,Surat
4863,8.18,90.79,2026-03-16 01:46:54,Low,Ahmedabad
4864,18.99,356.81,2026-02-17 02:46:54,High,Mumbai
4865,23.45,406.88,2026-02-09 16:46:54,Low,Bangalore
4866,1.64,17.82,2026-04-01 03:46:54,Medium,Bangalore
4867,15.76,298.0,2026-02-09 22:46:54,High,Bangalore
4868,19.16,308.93,2026-03-12 16:46:54,High,Surat
4869,23.35,279.89,2026-02-06 16:46:54,Medium,Bangalore
4870,14.21,230.34,2026-02-21 10:46:54,Medium,Ahmedabad
4871,22.04,313.06,2026-03-11 19:46:54,High,Delhi
4872,9.64,184.56,2026-02-22 11:46:54,Medium,Mumbai
4873,10.43,,2026-03-09 19:46:54,Low,Delhi
4874,,275.66,2026-03-27 09:46:54,High,Delhi
4875,10.12,177.7,2026-04-07 13:46:54,High,Mumbai
4876,25.06,462.8,2026-03-18 00:46:54,Low,Mumbai
4877,9.77,,2026-03-24 08:46:54,,Ahmedabad
4878,29.1,3884.49,2026-03-31 07:46:54,Medium,Delhi
4879,19.05,152.58,2026-03-28 09:46:54,High,Delhi
4880,25.54,429.16,2026-02-28 13:46:54,Low,Mumbai
4881,11.71,141.04,2026-03-19 17:46:54,Medium,Surat
4882,27.99,266.51,2026-03-19 07:46:54,Low,Mumbai
4883,26.54,370.76,2026-03-22 10:46:54,High,Surat
4884,19.79,267.18,2026-03-22 23:46:54,High,Ahmedabad
4885,6.73,76.0,2026-03-09 08:46:54,Medium,Ahmedabad
4886,5.29,91.56,2026-03-28 09:46:54,Medium,Mumbai
4887,8.77,140.8,2026-03-25 17:46:54,Medium,Surat
4888,13.25,257.52,2026-03-06 07:46:54,High,Delhi
4889,13.22,236.85,2026-03-06 01:46:54,Low,Bangalore
4890,16.39,246.95,2026-03-27 20:46:54,Low,Surat
4891,,,2026-03-03 14:46:54,Low,Delhi
4892,23.24,359.27,2026-03-03 19:46:54,Medium,Delhi
4893,27.6,503.88,2026-03-23 19:46:54,Medium,Surat
4894,4.94,64.01,2026-04-07 00:46:54,Low,Mumbai
4895,22.17,281.56,2026-04-01 03:46:54,High,Surat
4896,,257.44,2026-02-18 13:46:54,Low,Mumbai
4897,17.49,4710.57,2026-02-24 16:46:54,Medium,Delhi
4898,13.11,200.66,2026-02-06 00:46:54,,Mumbai
4899,3.22,29.25,2026-02-09 08:46:54,Low,Bangalore
4900,15.02,157.59,2026-03-27 19:46:54,High,Ahmedabad
4901,5.87,61.5,2026-03-31 15:46:54,Low,Surat
4902,8.75,,2026-02-23 13:46:54,High,Mumbai
4903,26.26,330.2,2026-02-20 13:46:54,Medium,Mumbai
4904,6.07,63.36,2026-04-04 13:46:54,Low,Ahmedabad
4905,2.57,25.22,2026-03-05 06:46:54,Low,Bangalore
4906,8.42,95.92,2026-04-07 10:46:54,High,Bangalore
4907,13.46,135.67,2026-02-11 07:46:54,Medium,Surat
4908,12.89,235.59,2026-03-25 11:46:54,High,Surat
4909,16.31,3363.86,2026-02-25 23:46:54,,Surat
4910,1.71,20.09,2026-04-06 09:46:54,High,Bangalore
4911,16.9,257.37,2026-03-04 07:46:54,Low,Surat
4912,28.11,469.6,2026-03-28 06:46:54,Low,Mumbai
4913,12.21,,2026-03-30 12:46:54,High,Ahmedabad
4914,2.72,30.8,2026-04-06 23:46:54,Low,Mumbai
4915,25.46,456.76,2026-03-19 00:46:54,High,Surat
4916,5.87,87.38,2026-03-19 00:46:54,Low,Delhi
4917,9.96,118.04,2026-04-01 12:46:54,High,Delhi
4918,25.73,,2026-03-14 21:46:54,High,Bangalore
4919,16.08,278.17,2026-03-29 08:46:54,High,Ahmedabad
4920,24.5,255.2,2026-03-08 13:46:54,Low,Surat
4921,,310.24,2026-03-18 11:46:54,High,Mumbai
4922,9.72,158.81,2026-02-18 22:46:54,Medium,Surat
4923,11.43,133.13,2026-03-12 01:46:54,High,Ahmedabad
4924,29.94,,2026-03-16 19:46:54,Medium,Bangalore
4925,24.48,477.26,2026-02-12 09:46:54,Low,Ahmedabad
4926,20.43,,2026-04-05 18:46:54,Medium,Delhi
4927,,501.69,2026-03-24 20:46:54,High,Delhi
4928,25.3,259.78,2026-04-03 10:46:54,Low,Delhi
4929,15.01,,2026-03-04 20:46:54,Medium,Bangalore
4930,16.59,260.72,2026-02-22 15:46:54,Medium,Mumbai
4931,6.72,116.08,2026-03-05 10:46:54,Low,Mumbai
4932,4.65,39.41,2026-03-01 14:46:54,Medium,Ahmedabad
4933,10.8,163.83,2026-02-28 16:46:54,High,Mumbai
4934,21.15,280.51,2026-02-10 16:46:54,Medium,Mumbai
4935,18.34,354.75,2026-02-18 14:46:54,Low,Mumbai
4936,6.45,115.6,2026-03-23 23:46:54,Low,Delhi
4937,9.05,118.95,2026-02-16 11:46:54,Medium,Surat
4938,14.82,177.1,2026-03-06 17:46:54,Low,Surat
4939,23.54,247.87,2026-03-22 07:46:54,High,Ahmedabad
4940,12.41,165.48,2026-04-03 01:46:54,Low,Delhi
4941,12.37,185.6,2026-02-13 17:46:54,Low,Mumbai
4942,1.4,13.55,2026-02-12 01:46:54,High,Mumbai
4943,14.68,221.53,2026-03-15 09:46:54,High,Bangalore
4944,16.89,241.96,2026-03-16 06:46:54,High,Surat
4945,28.67,322.49,2026-03-25 04:46:54,,Delhi
4946,8.49,168.16,2026-04-07 06:46:54,Low,Delhi
4947,16.08,174.35,2026-03-22 01:46:54,Low,Ahmedabad
4948,6.97,74.52,2026-02-07 08:46:54,Medium,Mumbai
4949,24.85,322.19,2026-02-12 02:46:54,Medium,Ahmedabad
4950,3.05,,2026-03-13 18:46:54,Low,Surat
4951,11.13,154.07,2026-02-20 22:46:54,Low,Surat
4952,18.43,256.07,2026-04-04 16:46:54,Medium,Delhi
4953,24.66,,2026-03-10 21:46:54,High,Delhi
4954,29.87,319.97,2026-02-20 06:46:54,Low,Delhi
4955,1.42,16.34,2026-02-14 17:46:54,High,Bangalore
4956,2.75,3665.47,2026-02-19 03:46:54,Medium,Delhi
4957,14.68,190.27,2026-03-23 16:46:54,High,Mumbai
4958,,413.57,2026-04-03 06:46:54,Low,Ahmedabad
4959,4.72,89.62,2026-03-20 06:46:54,Low,Bangalore
4960,15.3,139.68,2026-02-28 03:46:54,High,Ahmedabad
4961,12.27,236.06,2026-03-09 15:46:54,Medium,Ahmedabad
4962,12.2,170.43,2026-03-26 05:46:54,Low,Ahmedabad
4963,5.53,77.93,2026-03-25 22:46:54,Low,Delhi
4964,14.77,215.13,2026-03-18 21:46:54,Medium,Ahmedabad
4965,,173.4,2026-03-07 15:46:54,High,Bangalore
4966,13.72,119.58,2026-03-20 20:46:54,Low,Mumbai
4967,12.02,186.55,2026-03-18 00:46:54,Medium,Delhi
4968,21.36,280.8,2026-03-03 22:46:54,High,Surat
4969,17.2,,2026-02-25 12:46:54,High,Ahmedabad
4970,1.53,15.31,2026-03-29 10:46:54,High,Mumbai
4971,5.27,71.29,2026-03-15 19:46:54,High,Bangalore
4972,1.93,30.45,2026-03-18 12:46:54,Medium,Delhi
4973,29.47,277.82,2026-03-08 11:46:54,High,Bangalore
4974,16.27,282.09,2026-03-15 02:46:54,Low,Mumbai
4975,17.49,314.57,2026-03-26 00:46:54,High,Bangalore
4976,17.55,268.62,2026-02-15 12:46:54,High,Delhi
4977,10.43,166.24,2026-03-14 06:46:54,High,Ahmedabad
4978,18.01,259.1,2026-02-08 13:46:54,Low,Delhi
4979,16.91,263.06,2026-02-12 16:46:54,Medium,Delhi
4980,25.15,242.06,2026-03-06 09:46:54,Medium,Ahmedabad
4981,14.19,167.95,2026-02-26 11:46:54,High,Mumbai
4982,7.47,105.2,2026-03-19 20:46:54,Low,Mumbai
4983,14.7,156.82,2026-03-15 19:46:54,Low,Delhi
4984,13.56,270.32,2026-02-07 10:46:54,Low,Mumbai
4985,11.4,155.81,2026-03-19 21:46:54,Medium,Bangalore
4986,14.02,157.02,2026-02-09 05:46:54,Low,Bangalore
4987,29.6,261.54,2026-02-08 08:46:54,Medium,Surat
4988,19.92,201.56,2026-02-22 01:46:54,Medium,Bangalore
4989,27.9,548.57,2026-03-21 05:46:54,Low,Surat
4990,27.37,281.64,2026-03-01 01:46:54,Low,Delhi
4991,19.18,259.53,2026-03-11 14:46:54,High,Delhi
4992,1.85,26.22,2026-03-06 04:46:54,Low,Delhi
4993,,216.18,2026-02-09 00:46:54,Low,Delhi
4994,20.85,263.91,2026-02-24 22:46:54,Medium,Delhi
4995,25.07,445.49,2026-02-11 22:46:54,Low,Surat
4996,2.22,33.03,2026-04-06 17:46:54,Low,Ahmedabad
4997,28.37,230.77,2026-03-29 10:46:54,Medium,Delhi
4998,12.97,252.67,2026-03-16 20:46:54,Medium,Mumbai
4999,10.41,197.99,2026-03-31 19:46:54,Low,Mumbai
5000,,320.22,2026-02-06 13:46:54,Medium,Bangalore
