trip_id,rider_id,distance_km,duration_min,fare_amount,ride_date,surge_flag,fare_z,distance_z,hour,day_of_week,month,payment_mode_Cash,payment_mode_Credit Card,payment_mode_UPI,payment_mode_Wallet,zone_Zone_1,zone_Zone_10,zone_Zone_2,zone_Zone_3,zone_Zone_4,zone_Zone_5,zone_Zone_6,zone_Zone_7,zone_Zone_8,zone_Zone_9,log_fare,log_distance,sqrt_duration,is_peak_hour,name,age,gender,city,signup_date,total_rides,cancelled_rides,avg_rating,gender_encoded,ride_frequency,ride_frequency_level,avg_ride_distance,avg_ride_fare,days_since_signup,zone_name,population_density,traffic_index,avg_speed_kmph,zone_type
T00001,R0037,11.83,74.59,104.88,11/13/2023,0,-0.347604261,0.805111877,0,Monday,November,1,0,0,0,0,1,0,0,0,0,0,0,0,0,4.662306377,2.551786179,8.636550237,0,Aadhya Iyer,32,Other,Ahmedabad,11/21/2020,489,6,3.36,2,8,Medium,9.76125,164.3325,2119,Zone_10,2440,1.54,35.4,Industrial
T00002,R0104,3.86,35.59,40.48,7/28/2023,0,-1.100815296,-0.985983272,0,Friday,July,1,0,0,0,0,0,0,0,0,0,0,0,0,1,3.725211383,1.581038438,5.965735495,0,Diya Gupta,52,Male,Kolkata,5/27/2021,328,1,3.7,1,9,Medium,5.187777778,85.04333333,1932,Zone_9,11037,1.83,56.1,Mixed
T00003,R0045,4.7,31.03,46.39,1/14/2024,0,-1.031692979,-0.797210383,0,Sunday,January,1,0,0,0,0,0,0,0,0,0,0,0,1,0,3.858411236,1.740466175,5.570457791,0,Saanvi Iyer,34,Other,Ahmedabad,7/12/2023,100,16,4.88,2,9,Medium,9.725555556,169.9833333,1156,Zone_8,4516,1.93,31,Business
T00004,R0089,11.06,59.48,257.64,12/13/2023,1,1.43904974,0.632070062,0,Wednesday,December,1,0,0,0,0,0,1,0,0,0,0,0,0,0,5.555437133,2.489894191,7.712327794,0,Saanvi Reddy,48,Other,Surat,9/21/2022,308,6,3.91,2,9,Medium,9.981111111,157.2833333,1450,Zone_2,6371,0.91,58.4,Residential
T00005,R0003,7.28,67.59,72.74,3/15/2023,0,-0.723508029,-0.217407938,0,Wednesday,March,0,0,1,0,0,0,0,0,0,1,0,0,0,0,4.300545393,2.113842968,8.221313764,0,Kavya Reddy,34,Male,Pune,5/4/2023,45,9,3.76,1,10,Medium,6.768,97.171,1225,Zone_5,2590,1.31,43.9,Business
T00006,R0255,14.58,80.74,282.52,2/10/2024,0,1.730041829,1.423118359,0,Saturday,February,0,0,1,0,0,0,1,0,0,0,0,0,0,0,5.647282667,2.74598804,8.985543946,0,Reyansh Sharma,37,Female,Bengaluru,7/6/2021,475,42,3.12,0,8,Medium,9.0025,157.7775,1892,Zone_2,6371,0.91,58.4,Residential
T00007,R0224,4.48,40.07,58.38,8/21/2023,0,-0.891460055,-0.846650902,0,Monday,August,0,1,0,0,0,0,0,0,1,0,0,0,0,0,4.083957469,1.701105101,6.330086887,0,Ishaan Sharma,29,Female,Ahmedabad,8/4/2020,200,1,4.31,0,7,Medium,5.958571429,73.44857143,2228,Zone_4,4038,2.46,48.2,Business
T00008,R0039,11.75,96.11,102.35,3/10/2024,0,-0.377194694,0.787133507,0,Sunday,March,0,0,0,1,0,0,0,1,0,0,0,0,0,0,4.638121286,2.545531272,9.803570778,0,Aadhya Iyer,24,Male,Chennai,11/18/2023,190,14,4.2,1,7,Medium,4.837142857,72.58,1027,Zone_3,12971,2.11,38,Business
T00009,R0223,9.71,66.61,175.75,5/20/2024,0,0.481278752,0.328685062,0,Monday,May,0,1,0,0,0,0,0,0,0,1,0,0,0,0,5.174736305,2.371177884,8.161494961,0,Meera Ghosh,30,Female,Surat,11/29/2019,158,10,4.04,0,8,Medium,7.05,123.40125,2477,Zone_5,2590,1.31,43.9,Business
T00010,R0236,7.37,51.09,98.34,3/1/2023,0,-0.424094947,-0.197182272,0,Wednesday,March,0,0,1,0,0,0,0,0,0,1,0,0,0,0,4.59854831,2.124653885,7.147726911,0,Arjun Gupta,28,Male,Ahmedabad,8/10/2020,61,1,3.36,1,11,High,4.546363636,69.86727273,2222,Zone_5,2590,1.31,43.9,Business
T00011,R0191,13.88,88.3,172.04,9/9/2023,0,0.437887247,1.265807618,0,Saturday,September,0,1,0,0,0,1,0,0,0,0,0,0,0,0,5.153522782,2.700018029,9.396807969,0,Meera Gupta,33,Other,Surat,8/14/2020,87,6,4.56,2,11,High,7.560909091,120.5927273,2218,Zone_10,2440,1.54,35.4,Industrial
T00012,R0199,11.4,64.9,139.35,12/15/2023,0,0.055550776,0.708478136,0,Friday,December,0,0,0,1,1,0,0,0,0,0,0,0,0,0,4.944139303,2.517696473,8.056053624,0,Aarav Das,29,Male,Ahmedabad,8/3/2021,344,27,3.91,1,10,Medium,8.515,160.05,1864,Zone_1,4921,2.43,30.9,Residential
T00013,R0248,2.98,18.82,37.95,12/12/2023,0,-1.130405729,-1.183745346,0,Tuesday,December,0,0,0,1,0,0,0,0,0,0,1,0,0,0,3.662278772,1.381281819,4.338202393,0,Vivaan Ghosh,18,Female,Chennai,10/24/2021,104,12,3.65,0,7,Medium,8.245714286,134.2371429,1782,Zone_6,14627,0.54,37.6,Mixed
T00014,R0300,11.2,70.93,249.44,8/10/2024,1,1.343143987,0.66353221,0,Saturday,August,1,0,0,0,0,0,1,0,0,0,0,0,0,0,5.523219371,2.501435952,8.421995013,0,Saanvi Iyer,38,Female,Kolkata,7/8/2023,291,7,3.67,0,6,Medium,9.146666667,166.1283333,1160,Zone_2,6371,0.91,58.4,Residential
T00015,R0270,14.87,91.83,265.53,8/24/2023,0,1.531329788,1.488289951,0,Thursday,August,0,1,0,0,0,1,0,0,0,0,0,0,0,0,5.585486808,2.764430535,9.582797086,0,Aadhya Reddy,35,Male,Hyderabad,1/2/2022,455,64,3.08,1,8,Medium,7.38,137.69125,1712,Zone_10,2440,1.54,35.4,Industrial
T00016,R0216,7.35,63.51,145.73,8/4/2024,0,0.13017013,-0.201676864,0,Sunday,August,1,0,0,0,0,0,1,0,0,0,0,0,0,0,4.988594163,2.122261539,7.969316156,0,Ishaan Ghosh,44,Female,Chennai,8/1/2019,335,24,3.4,0,5,Low,5.928,99.776,2597,Zone_2,6371,0.91,58.4,Residential
T00017,R0168,6.76,56.32,83.57,12/3/2023,0,-0.59684226,-0.334267346,0,Sunday,December,1,0,0,0,0,0,0,1,0,0,0,0,0,0,4.437579594,2.048982334,7.504665216,0,Diya Das,23,Male,Pune,10/8/2019,471,74,4.03,1,5,Low,7.004,113.862,2529,Zone_3,12971,2.11,38,Business
T00018,R0126,4.65,39.61,69.81,1/19/2024,0,-0.757776792,-0.808446865,0,Friday,January,0,0,1,0,0,0,0,0,0,0,1,0,0,0,4.260000234,1.731655545,6.293647591,0,Diya Reddy,29,Female,Surat,9/25/2022,411,20,3.65,0,6,Medium,5.95,69.15333333,1446,Zone_6,14627,0.54,37.6,Mixed
T00019,R0255,7.93,62.56,100.85,5/26/2023,0,-0.39473843,-0.071333679,0,Friday,May,0,1,0,0,1,0,0,0,0,0,0,0,0,0,4.623501143,2.189416395,7.909487973,0,Reyansh Sharma,37,Female,Bengaluru,7/6/2021,475,42,3.12,0,8,Medium,9.0025,157.7775,1892,Zone_1,4921,2.43,30.9,Residential
T00020,R0061,11.43,81.48,227.77,6/19/2023,0,1.089695491,0.715220025,0,Monday,June,0,0,1,0,0,0,1,0,0,0,0,0,0,0,5.432717132,2.520112906,9.026627277,0,Meera Reddy,25,Male,Mumbai,8/20/2020,168,25,3.69,1,4,Low,8.6175,149.185,2212,Zone_2,6371,0.91,58.4,Residential
T00021,R0289,3.91,32.07,79,8/15/2024,1,-0.650292174,-0.974746791,0,Thursday,August,1,0,0,0,0,0,0,0,1,0,0,0,0,0,4.382026635,1.591273942,5.663038054,0,Aarav Gupta,21,Other,Chennai,9/30/2021,322,14,4.17,2,8,Medium,8.26625,154.31,1806,Zone_4,4038,2.46,48.2,Business
T00022,R0112,1.27,9.05,17.63,3/28/2024,0,-1.368064863,-1.568033013,0,Thursday,March,0,1,0,0,0,1,0,0,0,0,0,0,0,0,2.924773185,0.819779831,3.008321791,0,Meera Nair,41,Female,Delhi,11/13/2020,311,11,3.24,0,10,Medium,8.953,115.027,2127,Zone_10,2440,1.54,35.4,Industrial
T00023,R0153,6.12,47.77,118.69,2/26/2024,0,-0.186084938,-0.478094309,0,Monday,February,0,0,1,0,0,0,0,1,0,0,0,0,0,0,4.784905067,1.962907725,6.911584478,0,Aadhya Ghosh,20,Male,Mumbai,5/4/2020,76,14,4.54,1,5,Low,5.768,92.19,2320,Zone_3,12971,2.11,38,Business
T00024,R0214,1.1,10.71,13.4,1/10/2023,0,-1.417538197,-1.60623705,0,Tuesday,January,1,0,0,0,0,0,0,1,0,0,0,0,0,0,2.667228207,0.741937345,3.272613634,0,Aarav Kumar,20,Female,Kolkata,9/14/2022,210,2,4.53,0,6,Medium,6.793333333,113.615,1457,Zone_3,12971,2.11,38,Business
T00025,R0272,10.62,56.33,170.34,1/15/2023,0,0.418004347,0.533189025,0,Sunday,January,0,0,1,0,0,0,1,0,0,0,0,0,0,0,5.143649887,2.452727751,7.505331438,0,Kavya Ghosh,21,Male,Kolkata,1/15/2020,432,4,4.79,1,7,Medium,5.755714286,98.82285714,2430,Zone_2,6371,0.91,58.4,Residential
T00026,R0045,5.87,48.76,86.71,2/14/2024,0,-0.560117374,-0.534276716,0,Wednesday,February,0,1,0,0,0,0,0,1,0,0,0,0,0,0,4.474035918,1.927164106,6.9828361,0,Saanvi Iyer,34,Other,Ahmedabad,7/12/2023,100,16,4.88,2,9,Medium,9.725555556,169.9833333,1156,Zone_3,12971,2.11,38,Business
T00027,R0096,0.78,5.31,10.51,1/12/2023,0,-1.451339127,-1.678150532,0,Thursday,January,0,0,1,0,0,0,0,0,0,0,0,0,0,1,2.443216223,0.576613364,2.304343724,0,Reyansh Das,40,Female,Kolkata,12/28/2019,121,3,4.46,0,5,Low,5.482,70.99,2448,Zone_9,11037,1.83,56.1,Mixed
T00028,R0191,6.26,58.43,134.46,5/14/2023,1,-0.001641801,-0.446632161,0,Sunday,May,0,0,1,0,1,0,0,0,0,0,0,0,0,0,4.908676394,1.982379829,7.643951858,0,Meera Gupta,33,Other,Surat,8/14/2020,87,6,4.56,2,11,High,7.560909091,120.5927273,2218,Zone_1,4921,2.43,30.9,Residential
T00029,R0197,7.04,42.69,72.84,6/13/2024,0,-0.722338447,-0.27134305,0,Thursday,June,0,1,0,0,0,0,0,0,0,0,1,0,0,0,4.30190059,2.084429083,6.53375849,0,Saanvi Das,29,Female,Bengaluru,10/8/2020,475,87,3.87,0,10,Medium,7.108,97.3,2163,Zone_6,14627,0.54,37.6,Mixed
T00030,R0284,10.25,88.43,216.17,3/15/2024,1,0.954023939,0.450039062,0,Friday,March,1,0,0,0,1,0,0,0,0,0,0,0,0,0,5.380680457,2.420368129,9.403722667,0,Vivaan Das,28,Female,Surat,7/31/2019,135,19,4.95,0,7,Medium,8.701428571,140.9042857,2598,Zone_1,4921,2.43,30.9,Residential
T00031,R0251,7.27,44.39,170.59,4/8/2023,1,0.420928303,-0.219655235,0,Saturday,April,0,1,0,0,1,0,0,0,0,0,0,0,0,0,5.14510791,2.112634509,6.662582082,0,Vivaan Iyer,46,Female,Mumbai,1/13/2020,213,26,4.48,0,5,Low,7.682,152.516,2432,Zone_1,4921,2.43,30.9,Residential
T00032,R0228,17.34,154.38,192.42,11/30/2023,0,0.67624813,2.043372137,0,Thursday,November,0,0,1,0,0,0,0,0,0,1,0,0,0,0,5.26486399,2.909084467,12.42497485,0,Kavya Ghosh,21,Female,Pune,5/18/2020,10,0,4.84,0,4,Low,9.61,168.805,2306,Zone_5,2590,1.31,43.9,Business
T00033,R0083,5.41,34.07,133.62,4/19/2024,1,-0.011466293,-0.637652346,0,Friday,April,1,0,0,0,0,1,0,0,0,0,0,0,0,0,4.902455995,1.857859271,5.836951259,0,Kavya Patel,45,Female,Mumbai,12/31/2021,475,39,4.4,0,10,Medium,9.262,141.533,1714,Zone_10,2440,1.54,35.4,Industrial
T00034,R0105,7.69,72.38,65.12,6/21/2024,0,-0.812630204,-0.12526879,0,Friday,June,0,0,1,0,0,0,0,0,0,0,0,0,1,0,4.191471273,2.162172939,8.507643622,0,Diya Das,31,Female,Jaipur,9/28/2020,346,9,3.69,0,12,High,7.933333333,108.4266667,2173,Zone_8,4516,1.93,31,Business
T00035,R0221,7.49,44.42,65.75,8/15/2023,0,-0.805261835,-0.170214716,0,Tuesday,August,0,1,0,0,0,0,0,0,1,0,0,0,0,0,4.200954297,2.138889,6.664833081,0,Diya Patel,21,Female,Delhi,1/13/2021,106,1,4.41,0,8,Medium,7.34125,114.16125,2066,Zone_4,4038,2.46,48.2,Business
T00036,R0081,6.59,49.9,125.55,7/29/2023,0,-0.105851589,-0.372471383,0,Saturday,July,0,1,0,0,1,0,0,0,0,0,0,0,0,0,4.840637487,2.026831591,7.063993205,0,Diya Reddy,42,Other,Mumbai,1/31/2022,114,2,3.9,2,6,Medium,8.82,135.345,1683,Zone_1,4921,2.43,30.9,Residential
T00037,R0067,8.71,57.85,106.26,6/7/2024,0,-0.331464024,0.103955432,0,Friday,June,1,0,0,0,0,1,0,0,0,0,0,0,0,0,4.675255794,2.273156282,7.605918748,0,Saanvi Iyer,32,Male,Pune,7/24/2022,348,9,3.38,1,13,High,8.697692308,142.0623077,1509,Zone_10,2440,1.54,35.4,Industrial
T00038,R0026,10.71,65.12,172.96,10/27/2023,0,0.448647404,0.553414692,0,Friday,October,1,0,0,0,1,0,0,0,0,0,0,0,0,0,5.158825388,2.460443178,8.069696401,0,Aarav Kumar,26,Female,Surat,4/17/2020,44,5,3.17,0,9,Medium,8.81,108.1322222,2337,Zone_1,4921,2.43,30.9,Residential
T00039,R0077,14.7,144.74,322.96,3/7/2024,1,2.203020932,1.450085914,0,Thursday,March,0,0,0,1,0,0,0,0,0,1,0,0,0,0,5.780620051,2.753660712,12.03079382,0,Reyansh Das,28,Male,Mumbai,9/7/2019,406,72,3.79,1,14,High,10.49,167.4157143,2560,Zone_5,2590,1.31,43.9,Business
T00040,R0110,0.15,1.26,3.27,8/15/2024,1,-1.559291578,-1.819730198,0,Thursday,August,0,0,1,0,0,0,0,0,0,0,0,0,0,1,1.451613827,0.139761942,1.122497216,0,Vivaan Patel,19,Female,Kolkata,2/4/2023,224,28,4.43,0,7,Medium,8.502857143,135.24,1314,Zone_9,11037,1.83,56.1,Mixed
T00041,R0056,5.45,34.13,108.87,2/24/2024,0,-0.300937925,-0.628663161,0,Saturday,February,1,0,0,0,1,0,0,0,0,0,0,0,0,0,4.699297849,1.864080131,5.842088668,0,Meera Patel,40,Other,Hyderabad,2/26/2021,93,13,3.25,2,9,Medium,7.357777778,103.0877778,2022,Zone_1,4921,2.43,30.9,Residential
T00042,R0120,5.76,45.5,57.73,2/25/2024,0,-0.89906234,-0.558996976,0,Sunday,February,0,1,0,0,0,0,0,0,1,0,0,0,0,0,4.07295067,1.91102289,6.745368782,0,Ishaan Gupta,18,Other,Surat,7/12/2020,311,15,4.55,2,8,Medium,8.525,126.74375,2251,Zone_4,4038,2.46,48.2,Business
T00043,R0178,12.69,71.08,174.11,8/7/2023,0,0.462097601,0.998379358,0,Monday,August,1,0,0,0,0,0,1,0,0,0,0,0,0,0,5.165414348,2.616665639,8.430895563,0,Saanvi Ghosh,27,Male,Delhi,5/15/2021,56,7,3.13,1,7,Medium,9.037142857,148.6485714,1944,Zone_2,6371,0.91,58.4,Residential
T00044,R0164,6.22,35.17,149.59,4/2/2024,1,0.175316009,-0.455621346,0,Tuesday,April,0,0,1,0,0,0,0,1,0,0,0,0,0,0,5.014560912,1.976854953,5.930430001,0,Aadhya Ghosh,37,Other,Ahmedabad,7/6/2022,249,23,4.02,2,12,High,8.356666667,146.5408333,1527,Zone_3,12971,2.11,38,Business
T00045,R0221,1.48,7.57,22.98,7/11/2024,0,-1.305492207,-1.520839791,0,Thursday,July,0,1,0,0,0,0,0,0,0,0,0,0,0,1,3.17722015,0.90825856,2.751363298,0,Diya Patel,21,Female,Delhi,1/13/2021,106,1,4.41,0,8,Medium,7.34125,114.16125,2066,Zone_9,11037,1.83,56.1,Mixed
T00046,R0247,8.44,82.23,70.49,8/13/2023,0,-0.749823632,0.043278432,0,Sunday,August,1,0,0,0,0,0,1,0,0,0,0,0,0,0,4.26955758,2.24495598,9.068075871,0,Aadhya Das,37,Male,Bengaluru,5/11/2021,249,47,4.92,1,13,High,10.26769231,182.1107692,1948,Zone_2,6371,0.91,58.4,Residential
T00047,R0207,7.83,61.12,158.67,9/3/2023,1,0.281514086,-0.093806642,0,Sunday,September,1,0,0,0,1,0,0,0,0,0,0,0,0,0,5.073109185,2.178155015,7.817928114,0,Ishaan Iyer,31,Male,Mumbai,12/6/2023,47,3,3.93,1,8,Medium,7.93375,153.9325,1009,Zone_1,4921,2.43,30.9,Residential
T00048,R0077,8.9,76.5,91.12,8/3/2023,0,-0.508538793,0.146654062,0,Thursday,August,0,0,0,1,0,1,0,0,0,0,0,0,0,0,4.523092075,2.292534757,8.746427842,0,Reyansh Das,28,Male,Mumbai,9/7/2019,406,72,3.79,1,14,High,10.49,167.4157143,2560,Zone_10,2440,1.54,35.4,Industrial
T00049,R0115,2.8,27.94,33.7,8/8/2024,0,-1.180112979,-1.22419668,0,Thursday,August,0,0,1,0,0,0,0,0,0,0,1,0,0,0,3.546739687,1.335001067,5.285830115,0,Aarav Ghosh,40,Female,Bengaluru,3/1/2020,170,15,4.4,0,11,High,7.589090909,129.6336364,2384,Zone_6,14627,0.54,37.6,Mixed
T00050,R0010,16.6,90.94,193.05,3/20/2023,0,0.683616499,1.877072211,0,Monday,March,1,0,0,0,0,0,0,1,0,0,0,0,0,0,5.268115858,2.867898902,9.536246641,0,Vivaan Gupta,25,Female,Surat,5/14/2023,173,1,3.38,0,9,Medium,9.472222222,133.8344444,1215,Zone_3,12971,2.11,38,Business
T00051,R0230,6.38,47.94,95.38,7/18/2023,0,-0.458714584,-0.419664605,0,Tuesday,July,0,0,0,1,0,0,0,1,0,0,0,0,0,0,4.568298711,1.998773639,6.923871749,0,Kavya Gupta,32,Male,Chennai,11/22/2022,183,23,3.65,1,8,Medium,7.3325,113.5275,1388,Zone_3,12971,2.11,38,Business
T00052,R0032,7.06,36.36,101.01,5/24/2024,0,-0.392867098,-0.266848457,0,Friday,May,0,0,1,0,1,0,0,0,0,0,0,0,0,0,4.625070848,2.086913557,6.029925373,0,Kavya Reddy,18,Female,Mumbai,9/20/2023,213,24,4,0,7,Medium,9.455714286,196.97,1086,Zone_1,4921,2.43,30.9,Residential
T00053,R0082,3.5,24.24,60.44,7/22/2024,0,-0.867366658,-1.066885939,0,Monday,July,0,1,0,0,0,0,0,1,0,0,0,0,0,0,4.118061089,1.504077397,4.92341345,0,Kavya Singh,26,Other,Pune,12/27/2022,274,23,3.15,2,3,Low,8.206666667,99.22,1353,Zone_3,12971,2.11,38,Business
T00054,R0228,3.34,32.09,80.26,1/13/2023,1,-0.635555436,-1.10284268,0,Friday,January,0,0,1,0,0,0,0,0,0,0,0,1,0,0,4.397653891,1.467874348,5.664803615,0,Kavya Ghosh,21,Female,Pune,5/18/2020,10,0,4.84,0,4,Low,9.61,168.805,2306,Zone_7,11070,0.64,45.2,Industrial
T00055,R0266,1.89,14.21,45.33,1/23/2024,1,-1.044090552,-1.428700643,0,Tuesday,January,0,1,0,0,0,0,0,0,0,0,0,0,0,1,3.835789699,1.061256502,3.769615365,0,Diya Reddy,29,Other,Chennai,9/25/2020,98,13,3.9,2,9,Medium,8.107777778,138.6055556,2176,Zone_9,11037,1.83,56.1,Mixed
T00056,R0158,6.03,42.1,137.35,8/5/2023,1,0.032159129,-0.498319976,0,Saturday,August,1,0,0,0,0,0,0,1,0,0,0,0,0,0,4.929786706,1.950186706,6.488451279,0,Aarav Iyer,27,Male,Ahmedabad,7/26/2020,441,60,3.57,1,4,Low,6.365,96.2175,2237,Zone_3,12971,2.11,38,Business
T00057,R0154,3.21,21.26,61.28,1/5/2023,0,-0.857542166,-1.132057531,0,Thursday,January,0,0,0,1,0,0,0,0,0,1,0,0,0,0,4.131640347,1.437462648,4.610856753,0,Kavya Patel,18,Other,Kolkata,3/25/2019,466,79,4.68,2,13,High,10.66307692,158.4246154,2726,Zone_5,2590,1.31,43.9,Business
T00058,R0020,18.28,161.83,161.65,1/26/2024,0,0.31636764,2.254617989,0,Friday,January,1,0,0,0,0,1,0,0,0,0,0,0,0,0,5.091600653,2.959068289,12.72124208,0,Diya Das,35,Female,Chennai,9/17/2019,274,21,4.03,0,7,Medium,7.692857143,106.58,2550,Zone_10,2440,1.54,35.4,Industrial
T00059,R0043,1.44,8.19,13.38,12/21/2023,0,-1.417772113,-1.529828976,0,Thursday,December,0,0,1,0,0,1,0,0,0,0,0,0,0,0,2.665838352,0.891998039,2.861817604,0,Diya Kumar,28,Male,Ahmedabad,12/10/2021,85,16,4.68,1,9,Medium,7.462222222,95.83333333,1735,Zone_10,2440,1.54,35.4,Industrial
T00060,R0146,2.36,17.35,27.83,3/25/2024,0,-1.248767463,-1.323077717,0,Monday,March,0,0,1,0,0,0,0,0,1,0,0,0,0,0,3.361416512,1.211940974,4.16533312,0,Kavya Gupta,30,Male,Surat,4/15/2020,80,11,3.89,1,7,Medium,9.634285714,134.0671429,2339,Zone_4,4038,2.46,48.2,Business
T00061,R0235,5.99,44.78,54.34,2/15/2024,0,-0.938711182,-0.507309161,0,Thursday,February,0,1,0,0,0,0,0,0,0,0,0,0,1,0,4.013495974,1.944480556,6.69178601,0,Aarav Ghosh,34,Other,Delhi,2/15/2021,284,8,4.06,2,8,Medium,6.95625,105.7575,2033,Zone_8,4516,1.93,31,Business
T00062,R0292,11.37,99.93,252.52,4/4/2023,1,1.379167124,0.701736247,0,Tuesday,April,0,0,1,0,0,0,0,1,0,0,0,0,0,0,5.535442715,2.515274186,9.996499387,0,Diya Patel,37,Female,Jaipur,6/28/2020,141,19,4.39,0,9,Medium,8.817777778,126.4322222,2265,Zone_3,12971,2.11,38,Business
T00063,R0143,5.93,33.28,124.07,7/9/2023,1,-0.123161408,-0.520792939,0,Sunday,July,0,0,0,1,0,0,0,0,0,0,0,1,0,0,4.828873581,1.935859813,5.768882041,0,Meera Kumar,42,Other,Kolkata,3/28/2023,74,13,4.56,2,8,Medium,6.13875,107.915,1262,Zone_7,11070,0.64,45.2,Industrial
T00064,R0243,11.38,101.38,252.89,2/10/2023,1,1.383494578,0.703983544,0,Friday,February,1,0,0,0,0,0,0,0,0,0,0,1,0,0,5.536901102,2.516082267,10.06876358,0,Ishaan Patel,33,Male,Jaipur,2/6/2023,315,11,3.7,1,7,Medium,7.901428571,135.5042857,1312,Zone_7,11070,0.64,45.2,Industrial
T00065,R0215,3.07,22.86,73.11,4/15/2024,1,-0.719180574,-1.16351968,0,Monday,April,0,0,1,0,0,0,0,0,0,0,0,1,0,0,4.305550476,1.403642999,4.781213235,0,Saanvi Gupta,26,Female,Hyderabad,2/28/2020,438,48,3.24,0,5,Low,3.63,74.42,2386,Zone_7,11070,0.64,45.2,Industrial
T00066,R0207,8.3,62.92,184.22,1/26/2023,1,0.580342377,0.011816284,0,Thursday,January,0,1,0,0,0,0,0,1,0,0,0,0,0,0,5.221544308,2.2300144,7.932212806,0,Ishaan Iyer,31,Male,Mumbai,12/6/2023,47,3,3.93,1,8,Medium,7.93375,153.9325,1009,Zone_3,12971,2.11,38,Business
T00067,R0032,16.72,100.34,379.63,5/3/2024,1,3.039038397,1.904039766,0,Friday,May,0,0,0,1,0,0,0,0,0,0,1,0,0,0,5.941827775,2.874693945,10.01698557,0,Kavya Reddy,18,Female,Mumbai,9/20/2023,213,24,4,0,7,Medium,9.455714286,196.97,1086,Zone_6,14627,0.54,37.6,Mixed
T00068,R0211,3.16,20.03,65.53,1/5/2023,1,-0.807834916,-1.143294013,0,Thursday,January,0,0,1,0,0,0,0,0,0,0,1,0,0,0,4.197652974,1.425515074,4.4754888,0,Arjun Reddy,36,Female,Mumbai,4/4/2021,435,17,3.63,0,7,Medium,6.582857143,92.26857143,1985,Zone_6,14627,0.54,37.6,Mixed
T00069,R0077,10.1,58.97,178.77,2/3/2023,0,0.516600139,0.416329617,0,Friday,February,1,0,0,0,0,1,0,0,0,0,0,0,0,0,5.191678256,2.406945108,7.679192666,0,Reyansh Das,28,Male,Mumbai,9/7/2019,406,72,3.79,1,14,High,10.49,167.4157143,2560,Zone_10,2440,1.54,35.4,Industrial
T00070,R0156,9.03,63.18,120.06,8/31/2023,0,-0.17006166,0.175868914,0,Thursday,August,1,0,0,0,0,0,0,0,0,0,0,0,0,1,4.79628629,2.305580602,7.94858478,0,Ishaan Iyer,33,Female,Jaipur,7/7/2022,255,18,4.28,0,3,Low,8.06,161.41,1526,Zone_9,11037,1.83,56.1,Mixed
T00071,R0232,3.26,29.24,56.16,3/1/2024,0,-0.917424783,-1.12082105,0,Friday,March,0,0,0,1,0,0,1,0,0,0,0,0,0,0,4.045854353,1.44926916,5.407402334,0,Meera Das,38,Male,Jaipur,12/8/2022,172,15,3.94,1,13,High,7.169230769,114.68,1372,Zone_2,6371,0.91,58.4,Residential
T00072,R0263,5.06,48.17,44.44,7/21/2023,0,-1.054499834,-0.716307716,0,Friday,July,0,0,1,0,0,0,0,0,0,0,0,0,0,1,3.816392774,1.8017098,6.94046108,0,Ishaan Das,31,Other,Chennai,12/30/2020,297,21,3.84,2,12,High,8.718333333,128.9725,2080,Zone_9,11037,1.83,56.1,Mixed
T00073,R0025,13.66,115.24,116.48,2/23/2024,0,-0.211932708,1.216367099,0,Friday,February,1,0,0,0,0,0,0,0,0,0,0,0,0,1,4.766268106,2.685122696,10.73498952,0,Meera Das,21,Female,Mumbai,10/22/2021,42,3,4.01,0,5,Low,9.45,143.886,1784,Zone_9,11037,1.83,56.1,Mixed
T00074,R0048,8.68,58.17,87.92,10/9/2023,0,-0.545965428,0.097213543,0,Monday,October,0,0,0,1,0,0,0,0,0,0,0,1,0,0,4.487737089,2.270061901,7.626925986,0,Kavya Sharma,35,Male,Hyderabad,5/31/2019,207,1,3.02,1,5,Low,5.826,101.256,2659,Zone_7,11070,0.64,45.2,Industrial
T00075,R0008,1.94,14.17,31.82,1/4/2023,0,-1.202101127,-1.417464161,0,Wednesday,January,1,0,0,0,0,0,0,0,0,1,0,0,0,0,3.491038086,1.078409581,3.764306045,0,Ishaan Ghosh,28,Female,Jaipur,10/1/2022,215,23,4.02,0,8,Medium,6.03125,111.65875,1440,Zone_5,2590,1.31,43.9,Business
T00076,R0055,11.45,113.56,134.34,11/11/2023,0,-0.0030453,0.719714618,0,Saturday,November,1,0,0,0,1,0,0,0,0,0,0,0,0,0,4.907790131,2.521720623,10.65645344,0,Kavya Singh,32,Male,Delhi,11/7/2021,425,12,4.19,1,8,Medium,8.9625,138.695,1768,Zone_1,4921,2.43,30.9,Residential
T00077,R0115,5.6,54.45,54.1,11/26/2023,0,-0.941518179,-0.594953716,0,Sunday,November,0,0,0,1,0,0,0,0,1,0,0,0,0,0,4.009149716,1.887069649,7.379024326,0,Aarav Ghosh,40,Female,Bengaluru,3/1/2020,170,15,4.4,0,11,High,7.589090909,129.6336364,2384,Zone_4,4038,2.46,48.2,Business
T00078,R0220,9.8,70.64,194.44,6/2/2024,0,0.699873693,0.348910729,0,Sunday,June,0,1,0,0,0,0,0,0,1,0,0,0,0,0,5.275253427,2.379546134,8.404760556,0,Meera Ghosh,32,Female,Kolkata,4/18/2023,491,63,3.78,0,5,Low,11.16,223.066,1241,Zone_4,4038,2.46,48.2,Business
T00079,R0080,9.88,54.31,143.26,3/23/2023,0,0.101281446,0.366889099,0,Thursday,March,0,1,0,0,0,1,0,0,0,0,0,0,0,0,4.971617227,2.386926241,7.369531871,0,Reyansh Kumar,19,Female,Mumbai,5/15/2021,34,6,4.6,0,6,Medium,9.185,140.6133333,1944,Zone_10,2440,1.54,35.4,Industrial
T00080,R0020,2.41,13.57,55.01,8/16/2023,1,-0.93087498,-1.311841235,0,Wednesday,August,0,1,0,0,0,0,1,0,0,0,0,0,0,0,4.025530246,1.226712291,3.683748091,0,Diya Das,35,Female,Chennai,9/17/2019,274,21,4.03,0,7,Medium,7.692857143,106.58,2550,Zone_2,6371,0.91,58.4,Residential
T00081,R0278,11.95,92.3,279.75,1/6/2023,1,1.697644398,0.832079432,0,Friday,January,0,0,1,0,0,0,0,0,0,1,0,0,0,0,5.637464594,2.561095788,9.6072889,0,Aarav Reddy,20,Female,Mumbai,9/2/2021,382,58,4.27,0,9,Medium,10.83888889,234.5955556,1834,Zone_5,2590,1.31,43.9,Business
T00082,R0264,2.96,24.84,67.86,8/3/2023,1,-0.780583648,-1.188239939,0,Thursday,August,0,1,0,0,0,0,0,0,0,0,0,0,0,1,4.232075458,1.376244025,4.983974318,0,Aadhya Das,27,Other,Delhi,2/6/2019,401,54,3.59,2,3,Low,4.146666667,63.37,2773,Zone_9,11037,1.83,56.1,Mixed
T00083,R0213,1.47,10.77,19.52,1/22/2023,0,-1.345959757,-1.523087087,0,Sunday,January,1,0,0,0,1,0,0,0,0,0,0,0,0,0,3.02140002,0.904218151,3.281767816,0,Kavya Ghosh,29,Female,Chennai,6/4/2019,456,26,3.74,0,9,Medium,6.787777778,118.2666667,2655,Zone_1,4921,2.43,30.9,Residential
T00084,R0129,3.59,30.5,29.92,10/16/2023,0,-1.224323192,-1.046660272,0,Monday,October,1,0,0,0,0,0,0,0,0,0,0,1,0,0,3.431403224,1.523880024,5.522680509,0,Vivaan Singh,35,Male,Hyderabad,10/8/2022,158,10,3.9,1,11,High,8.170909091,137.1181818,1433,Zone_7,11070,0.64,45.2,Industrial
T00085,R0042,6.27,52.47,156.34,1/22/2023,1,0.254262817,-0.444384864,0,Sunday,January,1,0,0,0,0,0,0,1,0,0,0,0,0,0,5.058409069,1.983756292,7.243617881,0,Arjun Reddy,18,Female,Chennai,5/20/2021,23,4,3.03,0,5,Low,9.232,147.696,1939,Zone_3,12971,2.11,38,Business
T00086,R0254,8.55,54.29,70.74,1/20/2023,0,-0.746899676,0.067998691,0,Friday,January,0,0,0,1,0,0,1,0,0,0,0,0,0,0,4.273048472,2.256541154,7.368174808,0,Meera Kumar,18,Male,Delhi,3/9/2020,363,70,3.68,1,7,Medium,11.76714286,173.5142857,2376,Zone_2,6371,0.91,58.4,Residential
T00087,R0227,4.14,37.02,34.19,4/3/2023,0,-1.174382026,-0.923058976,0,Monday,April,0,1,0,0,0,0,0,0,0,0,0,1,0,0,3.560761951,1.637053079,6.084406298,0,Arjun Nair,25,Other,Pune,7/11/2020,320,23,4.12,2,5,Low,5.664,101.642,2252,Zone_7,11070,0.64,45.2,Industrial
T00088,R0145,11.72,88.45,158.4,11/29/2023,0,0.278356214,0.780391618,0,Wednesday,November,0,1,0,0,0,0,0,1,0,0,0,0,0,0,5.071416766,2.543175558,9.404786016,0,Saanvi Nair,36,Female,Jaipur,12/9/2022,222,43,4.3,0,4,Low,11.585,163.665,1371,Zone_3,12971,2.11,38,Business
T00089,R0154,9.26,64.5,184.33,2/15/2023,0,0.581628918,0.227556728,0,Wednesday,February,0,1,0,0,0,0,0,1,0,0,0,0,0,0,5.22213802,2.32825284,8.031189202,0,Kavya Patel,18,Other,Kolkata,3/25/2019,466,79,4.68,2,13,High,10.66307692,158.4246154,2726,Zone_3,12971,2.11,38,Business
T00090,R0009,4.53,39.15,79.95,7/12/2024,0,-0.639181141,-0.83541442,0,Friday,July,1,0,0,0,0,0,0,0,0,0,0,1,0,0,4.39383168,1.710187816,6.256996084,0,Diya Patel,42,Female,Ahmedabad,12/15/2019,172,21,4.11,0,7,Medium,9.268571429,130.9128571,2461,Zone_7,11070,0.64,45.2,Industrial
T00091,R0205,12.44,87.74,134.42,2/27/2023,0,-0.002109634,0.942196951,0,Monday,February,0,0,0,1,1,0,0,0,0,0,0,0,0,0,4.90838106,2.598235335,9.366963222,0,Diya Singh,31,Other,Surat,5/12/2019,100,14,4.66,2,4,Low,6.3875,66.475,2678,Zone_1,4921,2.43,30.9,Residential
T00092,R0059,13.81,120.47,115.41,1/22/2024,0,-0.224447239,1.250076544,0,Monday,January,1,0,0,0,0,0,0,0,1,0,0,0,0,0,4.757118442,2.695302628,10.97588265,0,Aarav Sharma,43,Male,Delhi,8/2/2021,357,11,3.27,1,4,Low,8.75,133.695,1865,Zone_4,4038,2.46,48.2,Business
T00093,R0119,7.51,47.47,142.75,4/21/2024,0,0.095316576,-0.165720124,0,Sunday,April,0,0,1,0,0,0,0,0,1,0,0,0,0,0,4.96807568,2.141241943,6.889847604,0,Saanvi Iyer,47,Male,Hyderabad,5/5/2023,30,1,4.39,1,5,Low,5.846,81.1,1224,Zone_4,4038,2.46,48.2,Business
T00094,R0271,6.93,58.93,105.07,4/18/2024,0,-0.345382054,-0.296063309,0,Thursday,April,0,0,0,1,0,0,0,0,0,0,0,1,0,0,4.664099254,2.070653036,7.676587784,0,Saanvi Iyer,22,Male,Bengaluru,10/7/2022,58,6,4.37,1,8,Medium,8.1275,116.0975,1434,Zone_7,11070,0.64,45.2,Industrial
T00095,R0004,0.87,6.04,16.87,4/9/2024,0,-1.376953689,-1.657924865,0,Tuesday,April,0,0,1,0,0,0,0,1,0,0,0,0,0,0,2.883123329,0.625938431,2.457641145,0,Aarav Nair,19,Other,Kolkata,7/28/2019,464,5,3.19,2,6,Medium,6.201666667,113.8383333,2601,Zone_3,12971,2.11,38,Business
T00096,R0298,5.96,50.55,107.7,2/16/2023,0,-0.314622039,-0.51405105,0,Thursday,February,1,0,0,0,0,0,0,0,0,1,0,0,0,0,4.688591794,1.940179474,7.109852319,0,Vivaan Singh,35,Female,Ahmedabad,3/25/2020,65,11,3.88,0,7,Medium,9.027142857,143.2014286,2360,Zone_5,2590,1.31,43.9,Business
T00097,R0061,6.54,53.61,149.53,12/24/2023,1,0.174614259,-0.383707864,0,Sunday,December,0,0,1,0,0,0,0,0,1,0,0,0,0,0,5.0141624,2.020222182,7.321885003,0,Meera Reddy,25,Male,Mumbai,8/20/2020,168,25,3.69,1,4,Low,8.6175,149.185,2212,Zone_4,4038,2.46,48.2,Business
T00098,R0127,9.23,58.17,197.25,9/7/2023,1,0.732738958,0.22081484,0,Thursday,September,0,0,0,1,0,0,0,0,0,0,0,0,1,0,5.289528861,2.32532458,7.626925986,0,Vivaan Kumar,38,Male,Chennai,3/17/2020,43,2,4.83,1,9,Medium,7.867777778,155.6077778,2368,Zone_8,4516,1.93,31,Business
T00099,R0290,7.16,64.31,116.82,7/1/2023,0,-0.207956128,-0.244375494,0,Saturday,July,0,1,0,0,0,0,1,0,0,0,0,0,0,0,4.769158036,2.099244169,8.019351595,0,Saanvi Kumar,34,Other,Chennai,5/6/2020,169,4,4.28,2,9,Medium,7.58,119.7411111,2318,Zone_2,6371,0.91,58.4,Residential
T00100,R0127,9.22,64.89,200.69,4/2/2023,1,0.77297259,0.218567543,0,Sunday,April,0,0,0,1,0,0,0,0,1,0,0,0,0,0,5.306731865,2.324346585,8.055432949,0,Vivaan Kumar,38,Male,Chennai,3/17/2020,43,2,4.83,1,9,Medium,7.867777778,155.6077778,2368,Zone_4,4038,2.46,48.2,Business
T00101,R0296,15.67,121.5,379.63,1/11/2024,1,2.963717294,1.668073655,0,Thursday,January,1,0,0,0,0,0,0,0,0,0,0,1,0,0,5.941827775,2.813610697,11.02270384,0,Reyansh Patel,37,Other,Hyderabad,2/20/2021,390,58,3.97,2,7,Medium,11.35142857,186.6371429,2028,Zone_7,11070,0.64,45.2,Industrial
T00102,R0088,5.35,53.28,125.86,5/10/2023,1,-0.102225883,-0.651136124,0,Wednesday,May,0,1,0,0,0,0,0,0,0,1,0,0,0,0,4.843084116,1.848454813,7.299315036,0,Diya Iyer,22,Other,Jaipur,7/7/2019,438,0,4.78,2,8,Medium,7.78125,111.72,2622,Zone_5,2590,1.31,43.9,Business
T00103,R0247,5.55,40.75,125.3,4/15/2024,1,-0.108775545,-0.606190198,0,Monday,April,0,0,1,0,0,0,0,0,0,1,0,0,0,0,4.838660029,1.87946505,6.383572667,0,Aadhya Das,37,Male,Bengaluru,5/11/2021,249,47,4.92,1,13,High,10.26769231,182.1107692,1948,Zone_5,2590,1.31,43.9,Business
T00104,R0021,1.45,8.94,13.26,6/28/2023,0,-1.419175612,-1.52758168,0,Wednesday,June,0,0,1,0,1,0,0,0,0,0,0,0,0,0,2.657458415,0.896088025,2.989983278,0,Diya Ghosh,37,Female,Pune,5/8/2019,380,17,3.91,0,4,Low,8.68,169.61,2682,Zone_1,4921,2.43,30.9,Residential
T00105,R0210,7.96,45.79,63.84,6/22/2024,0,-0.827600858,-0.06459179,0,Saturday,June,0,0,1,0,0,0,0,0,0,1,0,0,0,0,4.171922697,2.192770227,6.766830868,0,Meera Iyer,34,Other,Mumbai,1/2/2022,94,5,3.4,2,4,Low,10.135,129.5475,1712,Zone_5,2590,1.31,43.9,Business
T00106,R0073,12.88,86.01,193.62,10/13/2023,0,0.690283118,1.041077988,0,Friday,October,0,0,0,1,1,0,0,0,0,0,0,0,0,0,5.271048939,2.630448955,9.274157644,0,Meera Das,41,Other,Ahmedabad,6/19/2021,490,30,3.01,2,9,Medium,8.734444444,141.7444444,1909,Zone_1,4921,2.43,30.9,Residential
T00107,R0051,0.76,6.83,9.71,5/22/2023,0,-1.460695785,-1.682645124,0,Monday,May,0,1,0,0,0,0,0,1,0,0,0,0,0,0,2.371177884,0.565313809,2.613426869,0,Aarav Nair,21,Male,Kolkata,4/5/2020,213,14,4.02,1,10,Medium,5.918,110.102,2349,Zone_3,12971,2.11,38,Business
T00108,R0185,4.67,31.35,52.05,2/3/2024,0,-0.965494617,-0.803952272,0,Saturday,February,1,0,0,0,0,0,0,0,0,1,0,0,0,0,3.971234865,1.735189118,5.599107072,0,Vivaan Sharma,27,Male,Delhi,8/27/2021,201,12,4.05,1,7,Medium,6.247142857,106.2971429,1840,Zone_5,2590,1.31,43.9,Business
T00109,R0162,8.18,49.59,93.5,1/14/2024,0,-0.480702733,-0.015151272,0,Sunday,January,0,1,0,0,0,0,1,0,0,0,0,0,0,0,4.548599834,2.217027205,7.042016757,0,Meera Patel,30,Male,Hyderabad,8/14/2023,394,38,4.28,1,6,Medium,8.855,156.15,1123,Zone_2,6371,0.91,58.4,Residential
T00110,R0075,12.25,116.83,202.81,6/30/2023,0,0.797767736,0.899498321,0,Friday,June,0,1,0,0,0,0,0,0,1,0,0,0,0,0,5.317188187,2.583997552,10.80879272,0,Diya Reddy,18,Female,Mumbai,4/30/2021,108,7,4.83,0,4,Low,11.7875,176.2025,1959,Zone_4,4038,2.46,48.2,Business
T00111,R0046,9.91,84.04,230.69,3/31/2023,1,1.123847296,0.373630988,0,Friday,March,0,0,0,1,0,0,0,0,0,0,0,0,1,0,5.445400271,2.3896798,9.167333309,0,Vivaan Singh,31,Female,Kolkata,8/16/2019,31,4,3.87,0,8,Medium,10.0025,162.0525,2582,Zone_8,4516,1.93,31,Business
T00112,R0148,9.63,81.74,205.35,7/23/2024,1,0.827475128,0.310706691,0,Tuesday,July,1,0,0,0,1,0,0,0,0,0,0,0,0,0,5.329573756,2.363680192,9.041017642,0,Aarav Kumar,44,Male,Ahmedabad,9/30/2019,412,34,3.36,1,4,Low,5.7975,102.1575,2537,Zone_1,4921,2.43,30.9,Residential
T00113,R0100,6.88,66.15,85.07,4/29/2024,0,-0.579298525,-0.30729979,0,Monday,April,0,1,0,0,0,0,0,0,0,1,0,0,0,0,4.455160919,2.064327904,8.133265027,0,Ishaan Gupta,28,Male,Delhi,5/24/2021,383,60,3.79,1,12,High,8.454166667,138.1241667,1935,Zone_5,2590,1.31,43.9,Business
T00114,R0038,10.41,99.21,165.03,12/29/2023,0,0.355899524,0.485995803,0,Friday,December,0,0,0,1,0,0,0,1,0,0,0,0,0,0,5.112168495,2.434490164,9.960421678,0,Aarav Singh,37,Other,Kolkata,2/11/2023,68,7,4.07,2,5,Low,5.946,90.766,1307,Zone_3,12971,2.11,38,Business
T00115,R0165,13.07,83.36,253.42,7/7/2024,0,1.389693365,1.083776618,0,Sunday,July,0,1,0,0,0,0,0,0,0,0,0,1,0,0,5.538986445,2.644044871,9.130169768,0,Meera Reddy,37,Female,Kolkata,12/9/2021,34,5,3.27,0,6,Medium,7.785,129.95,1736,Zone_7,11070,0.64,45.2,Industrial
T00116,R0215,0.54,3.96,5.27,12/9/2023,0,-1.512625242,-1.732085643,0,Saturday,December,0,0,1,0,0,0,1,0,0,0,0,0,0,0,1.835776355,0.431782416,1.989974874,0,Saanvi Gupta,26,Female,Hyderabad,2/28/2020,438,48,3.24,0,5,Low,3.63,74.42,2386,Zone_2,6371,0.91,58.4,Residential
T00117,R0093,11.64,60.74,173.51,8/16/2024,0,0.455080107,0.762413247,0,Friday,August,0,1,0,0,0,0,0,0,0,1,0,0,0,0,5.161982047,2.536866389,7.793587107,0,Diya Patel,33,Other,Surat,5/30/2019,119,18,3.77,2,6,Medium,11.925,198.315,2660,Zone_5,2590,1.31,43.9,Business
T00118,R0266,7.51,43.35,88.93,5/2/2023,0,-0.534152646,-0.165720124,0,Tuesday,May,1,0,0,0,0,0,1,0,0,0,0,0,0,0,4.49903159,2.141241943,6.584071689,0,Diya Reddy,29,Other,Chennai,9/25/2020,98,13,3.9,2,9,Medium,8.107777778,138.6055556,2176,Zone_2,6371,0.91,58.4,Residential
T00119,R0108,5.35,31.23,133.14,6/30/2023,1,-0.017080288,-0.651136124,0,Friday,June,0,0,0,1,0,0,0,0,0,0,0,1,0,0,4.898884031,1.848454813,5.588380803,0,Reyansh Gupta,18,Male,Pune,5/31/2019,184,32,4.88,1,7,Medium,6.228571429,124.9842857,2659,Zone_7,11070,0.64,45.2,Industrial
T00120,R0175,4.22,29.16,40.82,3/4/2024,0,-1.096838716,-0.905080605,0,Monday,March,1,0,0,0,0,0,1,0,0,0,0,0,0,0,3.733374694,1.652497402,5.4,0,Diya Patel,35,Male,Chennai,8/18/2022,98,8,3.48,1,8,Medium,8.7825,158.37875,1484,Zone_2,6371,0.91,58.4,Residential
T00121,R0236,1.1,6.91,17.89,12/29/2023,0,-1.365023949,-1.60623705,0,Friday,December,0,0,0,1,0,0,0,0,0,1,0,0,0,0,2.938632682,0.741937345,2.628687886,0,Arjun Gupta,28,Male,Ahmedabad,8/10/2020,61,1,3.36,1,11,High,4.546363636,69.86727273,2222,Zone_5,2590,1.31,43.9,Business
T00122,R0278,16.49,126.69,379.63,11/14/2023,1,2.952372345,1.852351951,0,Tuesday,November,1,0,0,0,1,0,0,0,0,0,0,0,0,0,5.941827775,2.861629289,11.25566524,0,Aarav Reddy,20,Female,Mumbai,9/2/2021,382,58,4.27,0,9,Medium,10.83888889,234.5955556,1834,Zone_1,4921,2.43,30.9,Residential
T00123,R0009,4.56,34.92,49.82,10/27/2023,0,-0.991576304,-0.828672531,0,Friday,October,0,1,0,0,0,1,0,0,0,0,0,0,0,0,3.928289978,1.715598108,5.909314681,0,Diya Patel,42,Female,Ahmedabad,12/15/2019,172,21,4.11,0,7,Medium,9.268571429,130.9128571,2461,Zone_10,2440,1.54,35.4,Industrial
T00124,R0297,2.58,13.39,49.39,5/25/2024,0,-0.996605508,-1.273637198,0,Saturday,May,0,0,1,0,0,0,0,0,0,0,0,0,1,0,3.919792743,1.2753628,3.659234893,0,Saanvi Gupta,47,Male,Pune,9/20/2023,396,46,3.87,1,4,Low,5.93,100.645,1086,Zone_8,4516,1.93,31,Business
T00125,R0002,5.72,41.44,129.43,3/30/2024,1,-0.060471794,-0.567986161,0,Saturday,March,0,1,0,0,0,0,0,0,0,0,0,0,0,1,4.870836684,1.905088155,6.437390776,0,Ishaan Nair,39,Female,Mumbai,11/23/2019,70,5,4.12,0,7,Medium,10.81285714,167.9442857,2483,Zone_9,11037,1.83,56.1,Mixed
T00126,R0287,4.27,31.04,69.77,7/13/2023,0,-0.758244625,-0.893844124,0,Thursday,July,1,0,0,0,1,0,0,0,0,0,0,0,0,0,4.259435182,1.662030363,5.571355311,0,Saanvi Singh,18,Other,Delhi,12/17/2021,320,34,3.33,2,6,Medium,6.713333333,123.5566667,1728,Zone_1,4921,2.43,30.9,Residential
T00127,R0098,8.62,43.67,118.52,4/15/2024,0,-0.188073228,0.083729765,0,Monday,April,0,0,1,0,0,0,0,0,0,0,0,0,1,0,4.783483721,2.263844265,6.608328079,0,Diya Singh,21,Other,Bengaluru,4/29/2023,286,56,3.5,2,8,Medium,8.85875,133.96875,1230,Zone_8,4516,1.93,31,Business
T00128,R0113,15.58,134.76,327.97,8/23/2024,1,2.261617008,1.647847988,0,Friday,August,0,0,0,1,0,1,0,0,0,0,0,0,0,0,5.795966561,2.80819715,11.60861749,0,Aadhya Singh,26,Other,Chennai,3/9/2019,423,26,4.61,2,8,Medium,6.8775,137.03625,2742,Zone_10,2440,1.54,35.4,Industrial
T00129,R0047,5.07,29.05,108.85,3/14/2023,1,-0.301171842,-0.71406042,0,Tuesday,March,0,0,0,1,0,0,0,0,1,0,0,0,0,0,4.699115799,1.803358605,5.389805191,0,Reyansh Iyer,51,Female,Bengaluru,10/7/2021,69,3,4.86,0,7,Medium,8.89,163.5528571,1799,Zone_4,4038,2.46,48.2,Business
T00130,R0297,8.77,55.57,193.03,1/21/2024,1,0.683382582,0.11743921,0,Sunday,January,0,0,1,0,0,0,0,0,0,0,1,0,0,0,5.268012786,2.279316466,7.454528825,0,Saanvi Gupta,47,Male,Pune,9/20/2023,396,46,3.87,1,4,Low,5.93,100.645,1086,Zone_6,14627,0.54,37.6,Mixed
T00131,R0246,2.26,19.77,54.11,4/15/2024,1,-0.941401221,-1.34555068,0,Monday,April,0,0,0,1,1,0,0,0,0,0,0,0,0,0,4.009331188,1.181727195,4.446346815,0,Vivaan Das,29,Other,Mumbai,3/31/2021,240,34,4.79,2,12,High,6.978333333,129.2125,1989,Zone_1,4921,2.43,30.9,Residential
T00132,R0220,15.6,79.16,238.5,1/24/2023,0,1.215191678,1.652342581,0,Tuesday,January,0,1,0,0,1,0,0,0,0,0,0,0,0,0,5.478553417,2.809402695,8.897190568,0,Meera Ghosh,32,Female,Kolkata,4/18/2023,491,63,3.78,0,5,Low,11.16,223.066,1241,Zone_1,4921,2.43,30.9,Residential
T00133,R0060,8.95,80.7,77.22,7/28/2023,0,-0.671110739,0.157890543,0,Friday,July,1,0,0,0,0,0,0,0,1,0,0,0,0,0,4.359525369,2.297572551,8.983317873,0,Aarav Nair,40,Female,Hyderabad,8/1/2023,123,7,4.57,0,6,Medium,7.876666667,122.0633333,1136,Zone_4,4038,2.46,48.2,Business
T00134,R0039,2.59,13.62,50.28,7/30/2023,0,-0.986196225,-1.271389902,0,Sunday,July,0,0,1,0,0,0,0,0,0,0,0,0,0,1,3.937300813,1.278152203,3.690528417,0,Aadhya Iyer,24,Male,Chennai,11/18/2023,190,14,4.2,1,7,Medium,4.837142857,72.58,1027,Zone_9,11037,1.83,56.1,Mixed
T00135,R0233,12.52,86.28,309,1/13/2024,1,2.039747236,0.960175321,0,Saturday,January,0,1,0,0,0,0,0,0,0,0,0,0,0,1,5.736572297,2.604170071,9.288702816,0,Ishaan Iyer,30,Other,Hyderabad,11/23/2023,469,41,4.37,2,7,Medium,12.75285714,226.1757143,1022,Zone_9,11037,1.83,56.1,Mixed
T00136,R0009,14,100.64,155.38,3/17/2023,0,0.243034827,1.292775173,0,Friday,March,0,1,0,0,0,0,0,1,0,0,0,0,0,0,5.052288943,2.708050201,10.03194896,0,Diya Patel,42,Female,Ahmedabad,12/15/2019,172,21,4.11,0,7,Medium,9.268571429,130.9128571,2461,Zone_3,12971,2.11,38,Business
T00137,R0003,8.81,55.8,71.01,1/25/2023,0,-0.743741804,0.126428395,0,Wednesday,January,0,0,1,0,0,1,0,0,0,0,0,0,0,0,4.276804998,2.283402274,7.469939759,0,Kavya Reddy,34,Male,Pune,5/4/2023,45,9,3.76,1,10,Medium,6.768,97.171,1225,Zone_10,2440,1.54,35.4,Industrial
T00138,R0132,0.2,1.98,3.5,12/18/2023,0,-1.533326849,-1.808493717,0,Monday,December,0,0,0,1,1,0,0,0,0,0,0,0,0,0,1.504077397,0.182321557,1.407124728,0,Aadhya Iyer,23,Male,Surat,12/9/2022,484,25,3.32,1,11,High,6.309090909,99.27181818,1371,Zone_1,4921,2.43,30.9,Residential
T00139,R0053,16.93,85.55,323.75,3/9/2023,0,2.212260633,1.951232989,0,Thursday,March,0,0,1,0,0,0,0,0,0,0,0,1,0,0,5.783055656,2.886475288,9.2493243,0,Arjun Reddy,45,Female,Delhi,9/16/2019,63,7,4.85,0,4,Low,11,178.26,2551,Zone_7,11070,0.64,45.2,Industrial
T00140,R0101,9.55,63.77,164.23,7/18/2024,0,0.346542865,0.292728321,0,Thursday,July,0,1,0,0,0,0,1,0,0,0,0,0,0,0,5.107338443,2.35612586,7.985612062,0,Aarav Singh,37,Female,Delhi,11/1/2020,228,29,3.03,0,5,Low,9.058,134.272,2139,Zone_2,6371,0.91,58.4,Residential
T00141,R0112,13.85,137.6,135.59,8/24/2023,0,0.011574479,1.259065729,0,Thursday,August,1,0,0,0,0,0,0,0,1,0,0,0,0,0,4.916983738,2.697999865,11.73030264,0,Meera Nair,41,Female,Delhi,11/13/2020,311,11,3.24,0,10,Medium,8.953,115.027,2127,Zone_4,4038,2.46,48.2,Business
T00142,R0277,5.25,37.61,93.01,2/11/2023,0,-0.486433686,-0.673609087,0,Saturday,February,1,0,0,0,0,0,0,0,0,0,0,0,1,0,4.54340116,1.832581464,6.132699243,0,Kavya Gupta,42,Female,Jaipur,1/22/2021,433,16,3.06,0,9,Medium,9.658888889,155.8666667,2057,Zone_8,4516,1.93,31,Business
T00143,R0278,6.01,35.02,140.33,1/21/2024,1,0.067012683,-0.502814568,0,Sunday,January,1,0,0,0,1,0,0,0,0,0,0,0,0,0,4.951097581,1.947337701,5.91776985,0,Aarav Reddy,20,Female,Mumbai,9/2/2021,382,58,4.27,0,9,Medium,10.83888889,234.5955556,1834,Zone_1,4921,2.43,30.9,Residential
T00144,R0227,8.55,47.24,140.57,5/11/2023,0,0.06981968,0.067998691,0,Thursday,May,0,1,0,0,0,0,1,0,0,0,0,0,0,0,4.952794294,2.256541154,6.873136111,0,Arjun Nair,25,Other,Pune,7/11/2020,320,23,4.12,2,5,Low,5.664,101.642,2252,Zone_2,6371,0.91,58.4,Residential
T00145,R0182,13.57,111.94,176.46,9/26/2023,0,0.489582787,1.196141433,0,Tuesday,September,0,0,1,0,0,0,0,0,0,0,1,0,0,0,5.178745231,2.67896462,10.58017013,0,Meera Patel,43,Male,Jaipur,9/30/2020,8,0,4.4,1,5,Low,9.906,167.162,2171,Zone_6,14627,0.54,37.6,Mixed
T00146,R0288,8.71,64.91,143,7/17/2024,0,0.098240532,0.103955432,0,Wednesday,July,0,0,0,1,0,0,1,0,0,0,0,0,0,0,4.9698133,2.273156282,8.056674252,0,Diya Ghosh,42,Male,Ahmedabad,8/30/2021,43,5,4.56,1,8,Medium,6.51,99.45,1837,Zone_2,6371,0.91,58.4,Residential
T00147,R0043,1.72,11,28.33,8/4/2023,0,-1.242919551,-1.46690468,0,Friday,August,0,0,0,1,0,0,0,0,0,0,1,0,0,0,3.378610883,1.00063188,3.31662479,0,Diya Kumar,28,Male,Ahmedabad,12/10/2021,85,16,4.68,1,9,Medium,7.462222222,95.83333333,1735,Zone_6,14627,0.54,37.6,Mixed
T00148,R0162,9.31,67.23,101.61,6/10/2023,0,-0.385849604,0.23879321,0,Saturday,June,0,1,0,0,0,0,0,1,0,0,0,0,0,0,4.630935394,2.333114298,8.199390221,0,Meera Patel,30,Male,Hyderabad,8/14/2023,394,38,4.28,1,6,Medium,8.855,156.15,1123,Zone_3,12971,2.11,38,Business
T00149,R0232,16.15,114.77,160.8,9/24/2023,0,0.30642619,1.775943877,0,Sunday,September,0,1,0,0,0,0,0,0,1,0,0,0,0,0,5.086361005,2.841998174,10.71307612,0,Meera Das,38,Male,Jaipur,12/8/2022,172,15,3.94,1,13,High,7.169230769,114.68,1372,Zone_4,4038,2.46,48.2,Business
T00150,R0240,8.33,48.26,75.22,6/12/2023,0,-0.694502387,0.018558173,0,Monday,June,0,0,0,1,0,0,0,0,0,0,0,0,0,1,4.333623895,2.233235015,6.946941773,0,Aarav Iyer,30,Male,Delhi,5/18/2020,174,2,4.07,1,8,Medium,11.515,152.68375,2306,Zone_9,11037,1.83,56.1,Mixed
T00151,R0260,8.65,81.15,195.04,5/30/2023,1,0.706891188,0.090471654,0,Tuesday,May,0,0,0,1,0,0,0,0,0,0,1,0,0,0,5.27831872,2.266957915,9.008329479,0,Reyansh Das,55,Other,Mumbai,7/17/2019,63,3,4.24,2,6,Medium,6.298333333,114.8766667,2612,Zone_6,14627,0.54,37.6,Mixed
T00152,R0238,1.69,9.88,31.89,1/25/2023,0,-1.20128242,-1.473646569,0,Wednesday,January,0,0,1,0,0,0,0,0,0,0,0,1,0,0,3.49316866,0.989541194,3.143246729,0,Reyansh Patel,30,Other,Pune,4/22/2019,362,56,4.91,2,6,Medium,6.455,98.33833333,2698,Zone_7,11070,0.64,45.2,Industrial
T00153,R0252,0.99,7.74,20.96,2/6/2023,1,-1.329117771,-1.630957309,0,Monday,February,0,0,1,0,0,1,0,0,0,0,0,0,0,0,3.089222617,0.688134639,2.782085549,0,Reyansh Gupta,38,Other,Ahmedabad,9/23/2020,392,47,4.83,2,16,High,6.275625,105.128125,2178,Zone_10,2440,1.54,35.4,Industrial
T00154,R0096,4.81,27.53,43.26,5/1/2023,0,-1.068300906,-0.772490124,0,Monday,May,0,0,1,0,0,0,0,0,0,0,0,0,1,0,3.790081335,1.759580571,5.246903849,0,Reyansh Das,40,Female,Kolkata,12/28/2019,121,3,4.46,0,5,Low,5.482,70.99,2448,Zone_8,4516,1.93,31,Business
T00155,R0134,6.37,46.88,146.78,1/8/2024,1,0.142450745,-0.421911901,0,Monday,January,1,0,0,0,0,0,0,1,0,0,0,0,0,0,4.995724681,1.997417706,6.846897107,0,Aadhya Singh,34,Male,Jaipur,7/30/2022,410,29,4.59,1,7,Medium,7.974285714,154.9142857,1503,Zone_3,12971,2.11,38,Business
T00156,R0272,8.52,83.6,139.92,2/14/2023,0,0.062217395,0.061256802,0,Tuesday,February,1,0,0,0,0,1,0,0,0,0,0,0,0,0,4.948192353,2.253394849,9.143303561,0,Kavya Ghosh,21,Male,Kolkata,1/15/2020,432,4,4.79,1,7,Medium,5.755714286,98.82285714,2430,Zone_10,2440,1.54,35.4,Industrial
T00157,R0191,8.83,65.91,137.29,2/1/2023,0,0.031457379,0.130922988,0,Wednesday,February,0,0,0,1,0,0,0,1,0,0,0,0,0,0,4.929352929,2.285438934,8.118497398,0,Meera Gupta,33,Other,Surat,8/14/2020,87,6,4.56,2,11,High,7.560909091,120.5927273,2218,Zone_3,12971,2.11,38,Business
T00158,R0193,16.01,120,245.9,3/14/2024,0,1.301740772,1.744481729,0,Thursday,March,1,0,0,0,0,0,0,0,1,0,0,0,0,0,5.508983396,2.833801406,10.95445115,0,Kavya Singh,33,Female,Chennai,1/3/2022,389,68,4.41,0,7,Medium,8.012857143,143.6628571,1711,Zone_4,4038,2.46,48.2,Business
T00159,R0156,8.29,54.53,194.79,2/27/2024,1,0.703967232,0.009568988,0,Tuesday,February,0,0,0,1,0,0,0,0,0,0,0,0,0,1,5.277042656,2.228938553,7.384443107,0,Ishaan Iyer,33,Female,Jaipur,7/7/2022,255,18,4.28,0,3,Low,8.06,161.41,1526,Zone_9,11037,1.83,56.1,Mixed
T00160,R0284,13.32,86.84,297.22,7/4/2023,1,1.901970435,1.139959025,0,Tuesday,July,0,0,0,1,0,0,0,0,0,0,1,0,0,0,5.697831469,2.661657162,9.318798206,0,Vivaan Das,28,Female,Surat,7/31/2019,135,19,4.95,0,7,Medium,8.701428571,140.9042857,2598,Zone_6,14627,0.54,37.6,Mixed
T00161,R0052,7.8,77.99,101.69,11/24/2023,0,-0.384913938,-0.100548531,0,Friday,November,0,0,1,0,0,0,0,0,0,0,0,0,0,1,4.631714741,2.174751721,8.83119471,0,Reyansh Singh,23,Other,Hyderabad,3/9/2021,40,7,4.74,2,3,Low,10.19666667,171.5533333,2011,Zone_9,11037,1.83,56.1,Mixed
T00162,R0040,15.24,117.92,127.82,11/5/2023,0,-0.079302069,1.571439914,0,Sunday,November,0,1,0,0,0,0,0,0,0,0,0,0,1,0,4.858416081,2.787477335,10.85909757,0,Aarav Gupta,34,Other,Surat,5/5/2023,485,36,4.41,2,10,Medium,8.045,114.075,1224,Zone_8,4516,1.93,31,Business
T00163,R0200,1.35,10.81,33.27,12/31/2023,1,-1.185142183,-1.550054643,0,Sunday,December,1,0,0,0,0,0,1,0,0,0,0,0,0,0,3.534270336,0.854415328,3.287856445,0,Kavya Kumar,30,Other,Bengaluru,11/15/2021,443,87,3.6,2,4,Low,9.9925,122.3625,1760,Zone_2,6371,0.91,58.4,Residential
T00164,R0098,5.01,36.18,75.78,1/26/2023,0,-0.687952725,-0.727544198,0,Thursday,January,0,0,0,1,0,0,0,0,0,0,0,0,0,1,4.34094419,1.793424749,6.014981297,0,Diya Singh,21,Other,Bengaluru,4/29/2023,286,56,3.5,2,8,Medium,8.85875,133.96875,1230,Zone_9,11037,1.83,56.1,Mixed
T00165,R0055,12.92,113.26,307.72,4/22/2024,1,2.024776582,1.050067173,0,Monday,April,0,0,0,1,0,0,0,1,0,0,0,0,0,0,5.732434717,2.633326655,10.64236816,0,Kavya Singh,32,Male,Delhi,11/7/2021,425,12,4.19,1,8,Medium,8.9625,138.695,1768,Zone_3,12971,2.11,38,Business
T00166,R0230,7.14,50.26,122.74,2/24/2023,0,-0.138716853,-0.248870087,0,Friday,February,1,0,0,0,0,0,0,0,0,0,0,0,1,0,4.81818259,2.09679018,7.08942875,0,Kavya Gupta,32,Male,Chennai,11/22/2022,183,23,3.65,1,8,Medium,7.3325,113.5275,1388,Zone_8,4516,1.93,31,Business
T00167,R0287,12.66,78.42,300.95,3/27/2024,1,1.945595857,0.99163747,0,Wednesday,March,0,0,1,0,0,0,0,0,0,0,0,0,0,1,5.710261441,2.614471854,8.855506761,0,Saanvi Singh,18,Other,Delhi,12/17/2021,320,34,3.33,2,6,Medium,6.713333333,123.5566667,1728,Zone_9,11037,1.83,56.1,Mixed
T00168,R0131,9.93,63.88,156.99,1/19/2024,0,0.261865103,0.37812558,0,Friday,January,1,0,0,0,0,0,0,0,0,0,0,0,0,1,5.06253174,2.391511302,7.992496481,0,Reyansh Ghosh,24,Male,Surat,10/22/2019,99,7,3.6,1,5,Low,5.394,87.046,2515,Zone_9,11037,1.83,56.1,Mixed
T00169,R0043,12.73,83.5,211.73,3/9/2024,0,0.902094482,1.007368544,0,Saturday,March,0,0,0,1,1,0,0,0,0,0,0,0,0,0,5.360023756,2.61958322,9.137833441,0,Diya Kumar,28,Male,Ahmedabad,12/10/2021,85,16,4.68,1,9,Medium,7.462222222,95.83333333,1735,Zone_1,4921,2.43,30.9,Residential
T00170,R0120,11.07,101.93,252.84,8/5/2024,1,1.382909787,0.634317358,0,Monday,August,0,0,0,1,0,1,0,0,0,0,0,0,0,0,5.536704147,2.490723035,10.09603883,0,Ishaan Gupta,18,Other,Surat,7/12/2020,311,15,4.55,2,8,Medium,8.525,126.74375,2251,Zone_10,2440,1.54,35.4,Industrial
T00171,R0279,11.37,105.02,253.41,10/17/2023,1,1.389576406,0.701736247,0,Tuesday,October,0,1,0,0,0,0,0,0,0,0,0,1,0,0,5.538947139,2.515274186,10.24792662,0,Diya Singh,25,Other,Pune,4/21/2022,454,84,3.73,2,5,Low,8.31,139.814,1603,Zone_7,11070,0.64,45.2,Industrial
T00172,R0084,15.46,79.01,340.61,7/23/2023,1,2.409452217,1.620880433,0,Sunday,July,1,0,0,0,0,0,0,0,0,0,0,0,0,1,5.833669735,2.800933195,8.888756943,0,Kavya Sharma,38,Male,Jaipur,7/21/2019,366,6,4.67,1,8,Medium,9.3625,179.48,2608,Zone_9,11037,1.83,56.1,Mixed
T00173,R0015,12.93,82.38,257.06,8/31/2023,0,1.432266162,1.05231447,0,Thursday,August,0,0,1,0,0,0,0,0,0,0,0,1,0,0,5.553192116,2.634044788,9.076342876,0,Saanvi Patel,28,Other,Chennai,12/19/2022,46,1,3.87,2,5,Low,6,119.57,1361,Zone_7,11070,0.64,45.2,Industrial
T00174,R0080,12.97,93.21,158.32,9/23/2023,0,0.277420548,1.061303655,0,Saturday,September,0,1,0,0,0,0,0,0,0,0,0,1,0,0,5.070914758,2.636912173,9.654532614,0,Reyansh Kumar,19,Female,Mumbai,5/15/2021,34,6,4.6,0,6,Medium,9.185,140.6133333,1944,Zone_7,11070,0.64,45.2,Industrial
T00175,R0300,8.1,68.75,147.3,10/2/2023,0,0.148532573,-0.033129642,0,Monday,October,0,0,0,1,0,0,1,0,0,0,0,0,0,0,4.999237249,2.208274414,8.291561976,0,Saanvi Iyer,38,Female,Kolkata,7/8/2023,291,7,3.67,0,6,Medium,9.146666667,166.1283333,1160,Zone_2,6371,0.91,58.4,Residential
T00176,R0040,5.09,29.36,48.22,9/4/2023,0,-1.010289622,-0.709565828,0,Monday,September,1,0,0,0,1,0,0,0,0,0,0,0,0,0,3.896300045,1.806648082,5.418486874,0,Aarav Gupta,34,Other,Surat,5/5/2023,485,36,4.41,2,10,Medium,8.045,114.075,1224,Zone_1,4921,2.43,30.9,Residential
T00177,R0147,4.7,29.3,99.31,6/6/2023,1,-0.412749998,-0.797210383,0,Tuesday,June,1,0,0,0,0,1,0,0,0,0,0,0,0,0,4.608265391,1.740466175,5.412947441,0,Saanvi Nair,35,Other,Mumbai,8/29/2022,239,21,3.91,2,8,Medium,7.94375,127.725,1473,Zone_10,2440,1.54,35.4,Industrial
T00178,R0019,11.75,101.41,164.45,4/26/2023,0,0.349115946,0.787133507,0,Wednesday,April,1,0,0,0,0,0,0,1,0,0,0,0,0,0,5.108669034,2.545531272,10.07025322,0,Kavya Patel,40,Other,Mumbai,4/2/2023,266,24,4.08,2,5,Low,7.75,126.598,1257,Zone_3,12971,2.11,38,Business
T00179,R0270,4.19,36.56,98.82,1/2/2024,1,-0.418480951,-0.911822494,0,Tuesday,January,0,1,0,0,0,0,0,1,0,0,0,0,0,0,4.603368564,1.646733697,6.046486583,0,Aadhya Reddy,35,Male,Hyderabad,1/2/2022,455,64,3.08,1,8,Medium,7.38,137.69125,1712,Zone_3,12971,2.11,38,Business
T00180,R0281,1.46,11.89,33,5/23/2023,1,-1.188300056,-1.525334383,0,Tuesday,May,0,0,0,1,0,0,0,0,0,0,0,1,0,0,3.526360525,0.90016135,3.44818793,0,Arjun Iyer,21,Female,Jaipur,10/15/2020,268,17,4.74,0,5,Low,7.626,109.926,2156,Zone_7,11070,0.64,45.2,Industrial
T00181,R0057,3.18,19.42,75.71,3/9/2024,1,-0.688771433,-1.13879942,0,Saturday,March,0,1,0,0,0,1,0,0,0,0,0,0,0,0,4.340032078,1.430311247,4.406812907,0,Aadhya Reddy,39,Male,Bengaluru,6/4/2023,407,11,3.66,1,13,High,7.716923077,121.8546154,1194,Zone_10,2440,1.54,35.4,Industrial
T00182,R0051,6.76,49.58,154.69,7/18/2023,1,0.234964709,-0.334267346,0,Tuesday,July,0,1,0,0,0,0,0,0,0,0,0,0,1,0,5.047866851,2.048982334,7.041306697,0,Aarav Nair,21,Male,Kolkata,4/5/2020,213,14,4.02,1,10,Medium,5.918,110.102,2349,Zone_8,4516,1.93,31,Business
T00183,R0023,5.16,48.34,100.06,3/11/2024,0,-0.40397813,-0.693834753,0,Monday,March,0,1,0,0,0,0,0,0,0,0,0,1,0,0,4.6157144,1.818076778,6.952697318,0,Meera Iyer,24,Other,Jaipur,10/9/2019,176,32,3.21,2,8,Medium,8.11375,149.4525,2528,Zone_7,11070,0.64,45.2,Industrial
T00184,R0125,14.29,104.09,309.14,9/12/2023,1,2.041384651,1.357946766,0,Tuesday,September,0,0,0,1,0,0,0,0,0,0,0,1,0,0,5.737023808,2.72719902,10.20245069,0,Saanvi Ghosh,44,Male,Ahmedabad,4/22/2023,99,19,3.89,1,6,Medium,9.295,186.1266667,1237,Zone_7,11070,0.64,45.2,Industrial
T00185,R0103,11,74.86,89.96,3/8/2023,0,-0.522105948,0.618586284,0,Wednesday,March,0,0,1,0,0,0,0,0,1,0,0,0,0,0,4.510419849,2.48490665,8.652167359,0,Ishaan Gupta,37,Other,Surat,11/24/2022,175,14,3.07,2,9,Medium,7.936666667,137.3822222,1386,Zone_4,4038,2.46,48.2,Business
T00186,R0222,17.92,173.85,213.11,7/25/2024,0,0.918234719,2.173715322,0,Thursday,July,0,0,0,1,0,0,0,0,0,0,1,0,0,0,5.366489902,2.940219564,13.185219,0,Aarav Singh,27,Male,Surat,8/28/2022,475,12,3.44,1,8,Medium,9.88125,165.70375,1474,Zone_6,14627,0.54,37.6,Mixed
T00187,R0282,13.31,103.62,240.96,5/1/2024,0,1.243963404,1.137711729,0,Wednesday,May,0,0,0,1,0,0,0,0,0,0,0,0,0,1,5.488772423,2.660958594,10.17939094,0,Reyansh Kumar,22,Other,Bengaluru,5/2/2022,319,3,4.47,2,9,Medium,10.31888889,155.5277778,1592,Zone_9,11037,1.83,56.1,Mixed
T00188,R0050,13.15,88.72,164.35,8/14/2024,0,0.347946364,1.101754988,0,Wednesday,August,0,0,1,0,1,0,0,0,0,0,0,0,0,0,5.108064439,2.649714624,9.419129471,0,Diya Das,49,Male,Ahmedabad,10/6/2022,330,41,3.42,1,7,Medium,8.585714286,130.83,1435,Zone_1,4921,2.43,30.9,Residential
T00189,R0076,19.25,97.76,276.55,6/21/2024,0,1.660217763,2.47260573,0,Friday,June,1,0,0,0,0,1,0,0,0,0,0,0,0,0,5.626001097,3.008154794,9.887365675,0,Reyansh Reddy,40,Male,Bengaluru,1/2/2022,137,13,3.34,1,5,Low,11.354,172.962,1712,Zone_10,2440,1.54,35.4,Industrial
T00190,R0115,5.15,36.77,125.32,12/2/2023,1,-0.108541628,-0.69608205,0,Saturday,December,0,0,1,0,0,0,0,0,0,0,1,0,0,0,4.83881837,1.816452082,6.063827174,0,Aarav Ghosh,40,Female,Bengaluru,3/1/2020,170,15,4.4,0,11,High,7.589090909,129.6336364,2384,Zone_6,14627,0.54,37.6,Mixed
T00191,R0272,0.48,4.4,11.34,7/1/2024,1,-1.441631593,-1.745569421,0,Monday,July,0,0,1,0,0,0,0,0,0,0,0,0,0,1,2.512846018,0.392042088,2.097617696,0,Kavya Ghosh,21,Male,Kolkata,1/15/2020,432,4,4.79,1,7,Medium,5.755714286,98.82285714,2430,Zone_9,11037,1.83,56.1,Mixed
T00192,R0110,6.84,51.48,83.3,3/24/2023,0,-0.600000132,-0.316288975,0,Friday,March,1,0,0,0,0,0,1,0,0,0,0,0,0,0,4.434381865,2.059238834,7.174956446,0,Vivaan Patel,19,Female,Kolkata,2/4/2023,224,28,4.43,0,7,Medium,8.502857143,135.24,1314,Zone_2,6371,0.91,58.4,Residential
T00193,R0158,3.88,31.14,76.98,10/18/2023,0,-0.673917737,-0.98148868,0,Wednesday,October,1,0,0,0,0,0,0,0,0,0,0,1,0,0,4.356452384,1.58514522,5.580322571,0,Aarav Iyer,27,Male,Ahmedabad,7/26/2020,441,60,3.57,1,4,Low,6.365,96.2175,2237,Zone_7,11070,0.64,45.2,Industrial
T00194,R0189,6.72,37.27,98.74,7/9/2023,0,-0.419416617,-0.343256531,0,Sunday,July,0,1,0,0,0,1,0,0,0,0,0,0,0,0,4.6025668,2.043814364,6.104916052,0,Reyansh Gupta,29,Female,Delhi,9/16/2019,238,42,3.28,0,8,Medium,9.00375,185.0875,2551,Zone_10,2440,1.54,35.4,Industrial
T00195,R0223,2.75,20.37,46.02,2/5/2024,0,-1.036020433,-1.235433161,0,Monday,February,0,0,0,1,0,0,0,0,0,0,0,0,0,1,3.850573043,1.32175584,4.513313639,0,Meera Ghosh,30,Female,Surat,11/29/2019,158,10,4.04,0,8,Medium,7.05,123.40125,2477,Zone_9,11037,1.83,56.1,Mixed
T00196,R0185,10.84,92.85,164.56,6/22/2024,0,0.350402487,0.582629543,0,Saturday,June,0,0,1,0,0,0,0,0,0,0,0,1,0,0,5.109333667,2.471483629,9.635870485,0,Vivaan Sharma,27,Male,Delhi,8/27/2021,201,12,4.05,1,7,Medium,6.247142857,106.2971429,1840,Zone_7,11070,0.64,45.2,Industrial
T00197,R0187,10.56,80.12,167.39,5/24/2023,0,0.383501667,0.519705247,0,Wednesday,May,1,0,0,0,0,0,0,0,0,1,0,0,0,0,5.126282718,2.447550863,8.9509776,0,Saanvi Reddy,27,Other,Surat,8/5/2022,357,38,4.71,2,7,Medium,10.79714286,194.7628571,1497,Zone_5,2590,1.31,43.9,Business
T00198,R0247,7.87,60.68,112.59,5/13/2023,0,-0.257429462,-0.084817457,0,Saturday,May,0,0,1,0,0,0,0,0,1,0,0,0,0,0,4.732595474,2.182674796,7.789736838,0,Aadhya Das,37,Male,Bengaluru,5/11/2021,249,47,4.92,1,13,High,10.26769231,182.1107692,1948,Zone_4,4038,2.46,48.2,Business
T00199,R0051,9.56,52.34,228.89,2/2/2024,1,1.102794814,0.294975617,0,Friday,February,0,0,1,0,0,0,0,0,0,0,1,0,0,0,5.437600934,2.357073278,7.234638899,0,Aarav Nair,21,Male,Kolkata,4/5/2020,213,14,4.02,1,10,Medium,5.918,110.102,2349,Zone_6,14627,0.54,37.6,Mixed
T00200,R0223,7.29,64.81,133.2,5/16/2023,0,-0.016378539,-0.215160642,0,Tuesday,May,0,1,0,0,1,0,0,0,0,0,0,0,0,0,4.899331225,2.115049969,8.050465825,0,Meera Ghosh,30,Female,Surat,11/29/2019,158,10,4.04,0,8,Medium,7.05,123.40125,2477,Zone_1,4921,2.43,30.9,Residential
T00201,R0100,11.76,78.75,188.51,12/12/2023,0,0.63051746,0.789380803,0,Tuesday,December,0,0,1,0,0,1,0,0,0,0,0,0,0,0,5.244441794,2.546315278,8.874119675,0,Ishaan Gupta,28,Male,Delhi,5/24/2021,383,60,3.79,1,12,High,8.454166667,138.1241667,1935,Zone_10,2440,1.54,35.4,Industrial
T00202,R0295,8.35,45.08,97.01,8/8/2024,0,-0.439650392,0.023052765,0,Thursday,August,1,0,0,0,0,0,1,0,0,0,0,0,0,0,4.585069514,2.235376343,6.714164133,0,Kavya Gupta,18,Female,Delhi,5/29/2019,98,18,3.59,0,9,Medium,4.974444444,58.22666667,2661,Zone_2,6371,0.91,58.4,Residential
T00203,R0098,6.67,55.29,86.4,3/21/2023,0,-0.56374308,-0.354493013,0,Tuesday,March,1,0,0,0,1,0,0,0,0,0,0,0,0,0,4.470495283,2.037316615,7.435724578,0,Diya Singh,21,Other,Bengaluru,4/29/2023,286,56,3.5,2,8,Medium,8.85875,133.96875,1230,Zone_1,4921,2.43,30.9,Residential
T00204,R0124,12.65,71.89,238.72,2/11/2024,0,1.217764759,0.989390173,0,Sunday,February,0,1,0,0,0,0,0,0,0,0,1,0,0,0,5.479471576,2.613739522,8.478797084,0,Aadhya Das,37,Other,Hyderabad,6/9/2022,419,25,3.59,2,5,Low,8.516,128.67,1554,Zone_6,14627,0.54,37.6,Mixed
T00205,R0024,14.3,71.55,222.77,8/6/2024,0,1.031216374,1.360194062,0,Tuesday,August,0,0,1,0,0,0,1,0,0,0,0,0,0,0,5.410618739,2.727852828,8.458723308,0,Meera Kumar,41,Other,Chennai,7/10/2019,140,16,3.49,2,4,Low,7.7425,119.4725,2619,Zone_2,6371,0.91,58.4,Residential
T00206,R0167,14.69,126.65,200.33,6/23/2023,0,0.768762094,1.447838618,0,Friday,June,0,0,0,1,0,0,0,0,0,1,0,0,0,0,5.304945353,2.753023567,11.25388822,0,Kavya Nair,44,Male,Hyderabad,8/25/2022,117,5,4.75,1,7,Medium,9.187142857,153.65,1477,Zone_5,2590,1.31,43.9,Business
T00207,R0246,3.05,27.75,62.86,7/6/2024,1,-0.839062765,-1.168014272,0,Saturday,July,1,0,0,0,0,0,1,0,0,0,0,0,0,0,4.156693187,1.398716881,5.267826876,0,Vivaan Das,29,Other,Mumbai,3/31/2021,240,34,4.79,2,12,High,6.978333333,129.2125,1989,Zone_2,6371,0.91,58.4,Residential
T00208,R0287,5.33,52.14,47.6,9/15/2023,0,-1.017541032,-0.655630716,0,Friday,September,1,0,0,0,0,0,0,0,0,1,0,0,0,0,3.883623531,1.845300236,7.220803279,0,Saanvi Singh,18,Other,Delhi,12/17/2021,320,34,3.33,2,6,Medium,6.713333333,123.5566667,1728,Zone_5,2590,1.31,43.9,Business
T00209,R0284,0.51,2.85,10.2,8/11/2023,0,-1.454964832,-1.738827532,0,Friday,August,0,0,0,1,0,0,0,0,0,0,0,1,0,0,2.415913778,0.412109651,1.688194302,0,Vivaan Das,28,Female,Surat,7/31/2019,135,19,4.95,0,7,Medium,8.701428571,140.9042857,2598,Zone_7,11070,0.64,45.2,Industrial
T00210,R0065,6.81,66.23,169.57,4/24/2024,1,0.408998563,-0.323030864,0,Wednesday,April,0,0,1,0,0,1,0,0,0,0,0,0,0,0,5.13914577,2.055404964,8.138181615,0,Meera Nair,43,Other,Mumbai,6/28/2023,180,32,4.52,2,3,Low,8.173333333,142.2366667,1170,Zone_10,2440,1.54,35.4,Industrial
T00211,R0092,10.08,81.12,86.38,7/11/2024,0,-0.563976996,0.411835025,0,Thursday,July,0,0,0,1,0,1,0,0,0,0,0,0,0,0,4.470266424,2.405141681,9.006664199,0,Aarav Nair,21,Male,Surat,7/18/2019,252,23,4.51,1,5,Low,11.438,172.134,2611,Zone_10,2440,1.54,35.4,Industrial
T00212,R0193,7.34,58.06,132.45,1/16/2023,0,-0.025150407,-0.203924161,0,Monday,January,0,0,0,1,0,0,0,0,0,1,0,0,0,0,4.893726876,2.121063216,7.619711281,0,Kavya Singh,33,Female,Chennai,1/3/2022,389,68,4.41,0,7,Medium,8.012857143,143.6628571,1711,Zone_5,2590,1.31,43.9,Business
T00213,R0070,17.65,151.29,379.63,8/14/2023,1,2.927343283,2.113038322,0,Monday,August,1,0,0,0,1,0,0,0,0,0,0,0,0,0,5.941827775,2.925846146,12.3,0,Meera Reddy,33,Male,Bengaluru,1/3/2023,310,6,3.54,1,7,Medium,12.83,236.3842857,1346,Zone_1,4921,2.43,30.9,Residential
T00214,R0127,5.97,42.78,71.24,9/4/2023,0,-0.741051764,-0.511803753,0,Monday,September,0,1,0,0,0,0,0,0,0,1,0,0,0,0,4.279993909,1.941615225,6.54064217,0,Vivaan Kumar,38,Male,Chennai,3/17/2020,43,2,4.83,1,9,Medium,7.867777778,155.6077778,2368,Zone_5,2590,1.31,43.9,Business
T00215,R0132,2.56,18.78,54.82,2/12/2023,1,-0.933097186,-1.278131791,0,Sunday,February,0,0,0,1,0,0,0,0,0,0,0,1,0,0,4.022132228,1.269760545,4.333589736,0,Aadhya Iyer,23,Male,Surat,12/9/2022,484,25,3.32,1,11,High,6.309090909,99.27181818,1371,Zone_7,11070,0.64,45.2,Industrial
T00216,R0266,10.84,100.15,237.72,7/1/2023,1,1.206068935,0.582629543,0,Saturday,July,0,0,0,1,0,0,0,0,0,0,1,0,0,0,5.475291317,2.471483629,10.00749719,0,Diya Reddy,29,Other,Chennai,9/25/2020,98,13,3.9,2,9,Medium,8.107777778,138.6055556,2176,Zone_6,14627,0.54,37.6,Mixed
T00217,R0149,8.75,46.78,158.78,12/3/2023,0,0.282800627,0.112944617,0,Sunday,December,0,0,0,1,0,0,0,0,1,0,0,0,0,0,5.073797869,2.277267285,6.839590631,0,Diya Reddy,30,Male,Jaipur,9/14/2019,89,8,4.57,1,7,Medium,6.06,94.44571429,2553,Zone_4,4038,2.46,48.2,Business
T00218,R0091,10.75,99.03,209.14,5/9/2023,0,0.871802299,0.562403877,0,Tuesday,May,1,0,0,0,0,1,0,0,0,0,0,0,0,0,5.347773975,2.463853241,9.951381814,0,Meera Das,41,Other,Surat,4/16/2022,334,43,3.4,2,7,Medium,7.125714286,129.0871429,1608,Zone_10,2440,1.54,35.4,Industrial
T00219,R0273,9.52,62.91,231.76,2/9/2024,1,1.136361827,0.285986432,0,Friday,February,0,0,1,0,0,0,0,0,0,0,0,0,1,0,5.45000788,2.353278207,7.93158244,0,Aadhya Nair,43,Male,Delhi,9/17/2022,289,48,3.76,1,6,Medium,12.475,159.5783333,1454,Zone_8,4516,1.93,31,Business
T00220,R0166,9.22,87.28,208.55,4/6/2024,1,0.864901763,0.218567543,0,Saturday,April,0,1,0,0,1,0,0,0,0,0,0,0,0,0,5.344962374,2.324346585,9.342376571,0,Reyansh Sharma,24,Other,Chennai,3/16/2021,349,63,4.29,2,4,Low,10.79,157.0025,2004,Zone_1,4921,2.43,30.9,Residential
T00221,R0270,2.61,18.59,38.99,10/26/2023,0,-1.118242073,-1.266895309,0,Thursday,October,0,0,1,0,1,0,0,0,0,0,0,0,0,0,3.688629423,1.283707772,4.311612227,0,Aadhya Reddy,35,Male,Hyderabad,1/2/2022,455,64,3.08,1,8,Medium,7.38,137.69125,1712,Zone_1,4921,2.43,30.9,Residential
T00222,R0283,4.37,22.07,62.46,3/4/2024,0,-0.843741095,-0.871371161,0,Monday,March,0,0,1,0,1,0,0,0,0,0,0,0,0,0,4.150409786,1.680827909,4.697871859,0,Diya Nair,19,Male,Surat,6/15/2023,245,45,3.55,1,7,Medium,7.995714286,144.7471429,1183,Zone_1,4921,2.43,30.9,Residential
T00223,R0260,5.05,27.22,67.14,6/16/2023,0,-0.789004641,-0.718555013,0,Friday,June,0,0,0,1,0,0,0,0,0,0,0,0,1,0,4.221564412,1.800058272,5.217278984,0,Reyansh Das,55,Other,Mumbai,7/17/2019,63,3,4.24,2,6,Medium,6.298333333,114.8766667,2612,Zone_8,4516,1.93,31,Business
T00224,R0084,6.26,43.28,123.04,3/13/2023,0,-0.135208106,-0.446632161,0,Monday,March,1,0,0,0,1,0,0,0,0,0,0,0,0,0,4.820604094,1.982379829,6.578753681,0,Kavya Sharma,38,Male,Jaipur,7/21/2019,366,6,4.67,1,8,Medium,9.3625,179.48,2608,Zone_1,4921,2.43,30.9,Residential
T00225,R0230,5.76,28.81,115.75,1/7/2024,1,-0.220470659,-0.558996976,0,Sunday,January,0,0,1,0,0,0,0,0,0,0,0,0,1,0,4.760034897,1.91102289,5.36749476,0,Kavya Gupta,32,Male,Chennai,11/22/2022,183,23,3.65,1,8,Medium,7.3325,113.5275,1388,Zone_8,4516,1.93,31,Business
T00226,R0282,10.06,93.03,113.24,8/30/2023,0,-0.249827176,0.407340432,0,Wednesday,August,0,0,1,0,0,0,0,0,0,0,0,0,1,0,4.738301499,2.403334996,9.645206063,0,Reyansh Kumar,22,Other,Bengaluru,5/2/2022,319,3,4.47,2,9,Medium,10.31888889,155.5277778,1592,Zone_8,4516,1.93,31,Business
T00227,R0067,11,56.68,274.82,7/18/2023,1,1.639983988,0.618586284,0,Tuesday,July,0,0,1,0,0,0,0,0,0,0,1,0,0,0,5.619748479,2.48490665,7.52861209,0,Saanvi Iyer,32,Male,Pune,7/24/2022,348,9,3.38,1,13,High,8.697692308,142.0623077,1509,Zone_6,14627,0.54,37.6,Mixed
T00228,R0139,2.34,21.45,50.18,12/16/2023,1,-0.987365807,-1.327572309,0,Saturday,December,0,0,1,0,0,0,0,0,0,0,0,0,0,1,3.935348831,1.205970807,4.631414471,0,Diya Gupta,44,Other,Kolkata,10/9/2023,155,7,4.39,2,8,Medium,7.365,125.27875,1067,Zone_9,11037,1.83,56.1,Mixed
T00229,R0202,11.43,101.31,137.08,5/27/2024,0,0.029001256,0.715220025,0,Monday,May,1,0,0,0,0,0,1,0,0,0,0,0,0,0,4.927833227,2.520112906,10.06528688,0,Aadhya Reddy,27,Male,Ahmedabad,10/28/2021,317,0,4.72,1,8,Medium,9.2125,113.6425,1778,Zone_2,6371,0.91,58.4,Residential
T00230,R0040,10.93,60.73,105.22,8/23/2023,0,-0.343627681,0.60285521,0,Wednesday,August,0,0,1,0,0,0,0,0,0,1,0,0,0,0,4.665512415,2.479056236,7.792945528,0,Aarav Gupta,34,Other,Surat,5/5/2023,485,36,4.41,2,10,Medium,8.045,114.075,1224,Zone_5,2590,1.31,43.9,Business
T00231,R0026,10.33,93.77,103.48,8/22/2023,0,-0.363978414,0.468017432,0,Tuesday,August,1,0,0,0,0,0,0,0,0,1,0,0,0,0,4.648995666,2.427454075,9.683491106,0,Aarav Kumar,26,Female,Surat,4/17/2020,44,5,3.17,0,9,Medium,8.81,108.1322222,2337,Zone_5,2590,1.31,43.9,Business
T00232,R0263,0.91,5.48,15.01,9/17/2023,0,-1.398707921,-1.64893568,0,Sunday,September,0,0,0,1,0,0,0,0,0,0,0,0,1,0,2.773213527,0.647103242,2.340939982,0,Ishaan Das,31,Other,Chennai,12/30/2020,297,21,3.84,2,12,High,8.718333333,128.9725,2080,Zone_8,4516,1.93,31,Business
T00233,R0089,10.2,86.91,111.34,12/14/2023,0,-0.272049241,0.43880258,0,Thursday,December,1,0,0,0,0,0,1,0,0,0,0,0,0,0,4.721529987,2.415913778,9.322553298,0,Saanvi Reddy,48,Other,Surat,9/21/2022,308,6,3.91,2,9,Medium,9.981111111,157.2833333,1450,Zone_2,6371,0.91,58.4,Residential
T00234,R0169,8.41,64.65,179.19,3/2/2024,1,0.521512385,0.036536543,0,Saturday,March,1,0,0,0,0,0,0,0,0,0,1,0,0,0,5.19401185,2.241772954,8.040522371,0,Reyansh Kumar,32,Male,Delhi,2/21/2023,497,81,4.19,1,7,Medium,10.05857143,201.7728571,1297,Zone_6,14627,0.54,37.6,Mixed
T00235,R0133,12.8,120.24,107.26,9/22/2023,0,-0.319768201,1.023099618,0,Friday,September,1,0,0,0,0,0,0,0,0,0,0,1,0,0,4.684535741,2.624668592,10.96540013,0,Diya Kumar,25,Female,Delhi,7/13/2019,155,11,4.4,0,9,Medium,7.21,90.80777778,2616,Zone_7,11070,0.64,45.2,Industrial
T00236,R0067,16.92,98.41,247.24,8/31/2023,0,1.317413175,1.948985692,0,Thursday,August,0,0,1,0,0,0,1,0,0,0,0,0,0,0,5.51439602,2.885917408,9.92018145,0,Saanvi Iyer,32,Male,Pune,7/24/2022,348,9,3.38,1,13,High,8.697692308,142.0623077,1509,Zone_2,6371,0.91,58.4,Residential
T00237,R0176,15.94,123.81,128.13,12/22/2023,0,-0.075676364,1.728750655,0,Friday,December,1,0,0,0,0,0,0,0,0,0,0,0,1,0,4.860819649,2.829677689,11.1269942,0,Kavya Gupta,43,Male,Mumbai,5/24/2019,260,13,3.95,1,6,Medium,15.17666667,273.0116667,2666,Zone_8,4516,1.93,31,Business
T00238,R0073,8.56,81.63,170.79,12/27/2023,0,0.423267467,0.070245988,0,Wednesday,December,0,1,0,0,0,0,0,0,1,0,0,0,0,0,5.146272801,2.257587727,9.034932208,0,Meera Das,41,Other,Ahmedabad,6/19/2021,490,30,3.01,2,9,Medium,8.734444444,141.7444444,1909,Zone_4,4038,2.46,48.2,Business
T00239,R0121,7.99,55.69,194.69,7/22/2024,1,0.702797649,-0.057849901,0,Monday,July,0,0,1,0,1,0,0,0,0,0,0,0,0,0,5.276531774,2.196112848,7.462573283,0,Diya Iyer,29,Male,Pune,7/13/2023,378,10,4.17,1,11,High,7.996363636,133.1254545,1155,Zone_1,4921,2.43,30.9,Residential
T00240,R0062,11.16,77.6,131.63,3/19/2023,0,-0.034740982,0.654543025,0,Sunday,March,0,1,0,0,0,0,0,0,0,0,0,0,1,0,4.887563297,2.498151877,8.809086218,0,Kavya Sharma,38,Male,Jaipur,5/13/2019,57,3,3.58,1,7,Medium,9.435714286,127.0728571,2677,Zone_8,4516,1.93,31,Business
T00241,R0057,2.42,24.09,30.44,9/24/2023,0,-1.218241364,-1.309593939,0,Sunday,September,0,0,1,0,0,0,1,0,0,0,0,0,0,0,3.448080968,1.229640551,4.908156477,0,Aadhya Reddy,39,Male,Bengaluru,6/4/2023,407,11,3.66,1,13,High,7.716923077,121.8546154,1194,Zone_2,6371,0.91,58.4,Residential
T00242,R0252,0.75,4.34,7.02,2/8/2024,0,-1.492157551,-1.684892421,0,Thursday,February,0,0,1,0,0,0,1,0,0,0,0,0,0,0,2.081938422,0.559615788,2.083266666,0,Reyansh Gupta,38,Other,Ahmedabad,9/23/2020,392,47,4.83,2,16,High,6.275625,105.128125,2178,Zone_2,6371,0.91,58.4,Residential
T00243,R0162,5.64,46.77,85.06,12/22/2023,0,-0.579415483,-0.585964531,0,Friday,December,0,0,1,0,0,0,1,0,0,0,0,0,0,0,4.455044727,1.893111963,6.838859554,0,Meera Patel,30,Male,Hyderabad,8/14/2023,394,38,4.28,1,6,Medium,8.855,156.15,1123,Zone_2,6371,0.91,58.4,Residential
T00244,R0076,14.1,117.87,299.16,9/25/2023,1,1.924660332,1.315248136,0,Monday,September,0,0,1,0,1,0,0,0,0,0,0,0,0,0,5.704315666,2.714694744,10.85679511,0,Reyansh Reddy,40,Male,Bengaluru,1/2/2022,137,13,3.34,1,5,Low,11.354,172.962,1712,Zone_1,4921,2.43,30.9,Residential
T00245,R0202,6.34,58.22,58.89,1/25/2023,0,-0.885495185,-0.42865379,0,Wednesday,January,0,0,1,0,0,0,0,0,1,0,0,0,0,0,4.092509546,1.993338843,7.630203143,0,Aadhya Reddy,27,Male,Ahmedabad,10/28/2021,317,0,4.72,1,8,Medium,9.2125,113.6425,1778,Zone_4,4038,2.46,48.2,Business
T00246,R0157,15.51,145.17,288.59,12/16/2023,0,1.801035478,1.632116914,0,Saturday,December,0,1,0,0,0,0,0,0,0,0,0,0,1,0,5.66846613,2.803966258,12.04865138,0,Kavya Nair,36,Female,Hyderabad,11/23/2021,319,27,4.65,0,10,Medium,11.39,187.593,1752,Zone_8,4516,1.93,31,Business
T00247,R0056,5.94,56.15,62.89,3/13/2023,0,-0.838711891,-0.518545642,0,Monday,March,1,0,0,0,1,0,0,0,0,0,0,0,0,0,4.157162855,1.937301775,7.493330368,0,Meera Patel,40,Other,Hyderabad,2/26/2021,93,13,3.25,2,9,Medium,7.357777778,103.0877778,2022,Zone_1,4921,2.43,30.9,Residential
T00248,R0011,0.06,0.36,3.27,10/12/2023,1,-1.565958197,-1.839955865,0,Thursday,October,1,0,0,0,0,0,0,0,0,0,0,1,0,0,1.451613827,0.058268908,0.6,0,Vivaan Nair,26,Male,Chennai,4/14/2020,208,34,4,1,10,Medium,8.896,163.378,2340,Zone_7,11070,0.64,45.2,Industrial
T00249,R0082,7.38,41.21,121.67,9/12/2023,0,-0.151231384,-0.194934975,0,Tuesday,September,1,0,0,0,0,0,0,0,0,1,0,0,0,0,4.809497823,2.125847914,6.419501538,0,Kavya Singh,26,Other,Pune,12/27/2022,274,23,3.15,2,3,Low,8.206666667,99.22,1353,Zone_5,2590,1.31,43.9,Business
T00250,R0019,12.44,100.53,277.71,10/23/2023,1,1.673784918,0.942196951,0,Monday,October,0,0,0,1,0,0,1,0,0,0,0,0,0,0,5.630171815,2.598235335,10.02646498,0,Kavya Patel,40,Other,Mumbai,4/2/2023,266,24,4.08,2,5,Low,7.75,126.598,1257,Zone_2,6371,0.91,58.4,Residential
T00251,R0098,7.65,60.38,105.72,1/16/2024,0,-0.337779769,-0.134257975,0,Tuesday,January,0,1,0,0,0,0,0,0,0,0,0,0,1,0,4.670208582,2.157559321,7.770456872,0,Diya Singh,21,Other,Bengaluru,4/29/2023,286,56,3.5,2,8,Medium,8.85875,133.96875,1230,Zone_8,4516,1.93,31,Business
T00252,R0095,7.52,46.67,157.71,4/18/2024,1,0.270286096,-0.163472827,0,Thursday,April,0,1,0,0,0,0,0,0,0,0,0,0,0,1,5.067078638,2.142416341,6.831544481,0,Kavya Iyer,29,Female,Chennai,10/7/2020,481,77,4.26,0,13,High,8.826923077,144.5853846,2164,Zone_9,11037,1.83,56.1,Mixed
T00253,R0183,7.39,49.26,151.29,5/18/2024,1,0.195198909,-0.192687679,0,Saturday,May,0,0,1,0,0,0,1,0,0,0,0,0,0,0,5.025786598,2.12704052,7.018546858,0,Arjun Patel,43,Other,Jaipur,8/27/2022,406,66,3.79,2,8,Medium,7.2225,106.3925,1475,Zone_2,6371,0.91,58.4,Residential
T00254,R0199,0.81,7.51,9.48,12/30/2023,0,-1.463385825,-1.671408643,0,Saturday,December,0,0,0,1,0,0,0,0,0,1,0,0,0,0,2.349468679,0.593326845,2.740437921,0,Aarav Das,29,Male,Ahmedabad,8/3/2021,344,27,3.91,1,10,Medium,8.515,160.05,1864,Zone_5,2590,1.31,43.9,Business
T00255,R0189,13.79,108.02,332.1,11/18/2023,1,2.309920759,1.245581951,0,Saturday,November,0,1,0,0,0,0,0,1,0,0,0,0,0,0,5.808442745,2.693951277,10.39326705,0,Reyansh Gupta,29,Female,Delhi,9/16/2019,238,42,3.28,0,8,Medium,9.00375,185.0875,2551,Zone_3,12971,2.11,38,Business
T00256,R0089,4.59,37.26,55.71,2/14/2024,0,-0.922687903,-0.821930642,0,Wednesday,February,0,0,1,0,0,0,0,0,0,0,0,0,0,1,4.037950562,1.720979287,6.104096985,0,Saanvi Reddy,48,Other,Surat,9/21/2022,308,6,3.91,2,9,Medium,9.981111111,157.2833333,1450,Zone_9,11037,1.83,56.1,Mixed
T00257,R0248,13.45,76.93,208.47,6/24/2023,0,0.863966097,1.169173877,0,Saturday,June,0,0,0,1,0,0,0,0,0,1,0,0,0,0,5.344580531,2.670694415,8.77097486,0,Vivaan Ghosh,18,Female,Chennai,10/24/2021,104,12,3.65,0,7,Medium,8.245714286,134.2371429,1782,Zone_5,2590,1.31,43.9,Business
T00258,R0036,7.65,72.54,96.95,7/5/2024,0,-0.440352141,-0.134257975,0,Friday,July,0,1,0,0,0,0,0,0,0,1,0,0,0,0,4.584457144,2.157559321,8.51704174,0,Aadhya Das,30,Female,Surat,3/16/2022,177,15,4.9,0,7,Medium,9.31,148.7885714,1639,Zone_5,2590,1.31,43.9,Business
T00259,R0277,13.34,120.48,265.12,4/28/2024,0,1.5265345,1.144453618,0,Sunday,April,0,1,0,0,0,0,0,0,0,0,0,0,1,0,5.583947335,2.663052835,10.97633819,0,Kavya Gupta,42,Female,Jaipur,1/22/2021,433,16,3.06,0,9,Medium,9.658888889,155.8666667,2057,Zone_8,4516,1.93,31,Business
T00260,R0030,9.72,89.48,187.93,1/22/2024,0,0.623733882,0.330932358,0,Monday,January,0,0,1,0,0,0,0,0,0,0,0,0,1,0,5.241376576,2.372111156,9.459386872,0,Saanvi Patel,25,Other,Mumbai,1/8/2021,442,58,3.72,2,11,High,7.368181818,144.1136364,2071,Zone_8,4516,1.93,31,Business
T00261,R0297,7.47,64.32,112.52,3/15/2023,0,-0.258248169,-0.174709309,0,Wednesday,March,0,0,1,0,0,0,0,0,0,0,0,1,0,0,4.731979033,2.136530509,8.019975062,0,Saanvi Gupta,47,Male,Pune,9/20/2023,396,46,3.87,1,4,Low,5.93,100.645,1086,Zone_7,11070,0.64,45.2,Industrial
T00262,R0258,9.13,74.19,153.15,10/21/2023,0,0.21695314,0.198341877,0,Saturday,October,0,0,0,1,0,0,0,0,1,0,0,0,0,0,5.037926154,2.315501318,8.613361713,0,Vivaan Nair,32,Female,Jaipur,1/29/2020,313,39,3.76,0,5,Low,5.846,99.87,2416,Zone_4,4038,2.46,48.2,Business
T00263,R0171,0.64,4.35,8.82,4/14/2024,0,-1.471105068,-1.70961268,0,Sunday,April,0,0,1,0,0,0,0,0,0,1,0,0,0,0,2.284421122,0.494696242,2.085665361,0,Kavya Singh,23,Female,Jaipur,5/13/2019,276,19,4.3,0,4,Low,3.03,35.78,2677,Zone_5,2590,1.31,43.9,Business
T00264,R0194,8.03,50.32,196.06,8/26/2023,1,0.718820928,-0.048860716,0,Saturday,August,0,0,0,1,0,0,0,0,0,0,0,0,1,0,5.283508251,2.200552367,7.09365914,0,Arjun Iyer,30,Other,Jaipur,2/10/2023,10,2,4.06,2,6,Medium,7.268333333,114.0916667,1308,Zone_8,4516,1.93,31,Business
T00265,R0247,16.58,92.71,367.35,2/15/2023,1,2.722198538,1.872577618,0,Wednesday,February,1,0,0,0,0,1,0,0,0,0,0,0,0,0,5.909033573,2.866761892,9.628603222,0,Aadhya Das,37,Male,Bengaluru,5/11/2021,249,47,4.92,1,13,High,10.26769231,182.1107692,1948,Zone_10,2440,1.54,35.4,Industrial
T00266,R0029,14.54,94.52,264.43,8/18/2023,0,1.518464382,1.414129174,0,Friday,August,0,0,0,1,0,0,0,0,0,0,0,1,0,0,5.581351152,2.743417345,9.722139682,0,Kavya Iyer,30,Male,Surat,7/24/2022,4,0,3.69,1,6,Medium,9.961666667,189.6283333,1509,Zone_7,11070,0.64,45.2,Industrial
T00267,R0276,3.07,28.47,50.2,7/26/2023,0,-0.987131891,-1.16351968,0,Wednesday,July,1,0,0,0,0,0,0,1,0,0,0,0,0,0,3.935739532,1.403642999,5.335728629,0,Aadhya Ghosh,26,Other,Chennai,11/7/2022,196,1,3.63,2,6,Medium,5.083333333,83.37,1403,Zone_3,12971,2.11,38,Business
T00268,R0181,10.53,91.09,114.62,9/16/2023,0,-0.23368694,0.512963358,0,Saturday,September,0,0,0,1,0,0,0,0,0,0,0,0,0,1,4.750308952,2.444952334,9.54410813,0,Arjun Patel,32,Male,Hyderabad,1/9/2019,349,32,3.75,1,3,Low,9.89,154.6633333,2801,Zone_9,11037,1.83,56.1,Mixed
T00269,R0234,9.24,82.63,141.91,8/9/2023,0,0.085492084,0.223062136,0,Wednesday,August,0,1,0,0,0,0,0,0,0,0,0,1,0,0,4.962215061,2.32630162,9.09010451,0,Saanvi Nair,32,Other,Pune,12/1/2022,183,31,3.98,2,9,Medium,7.051111111,126.5277778,1379,Zone_7,11070,0.64,45.2,Industrial
T00270,R0129,12.09,107.4,169.03,5/25/2023,0,0.402682818,0.863541581,0,Thursday,May,0,1,0,0,0,0,0,0,1,0,0,0,0,0,5.135974892,2.57184858,10.36339713,0,Vivaan Singh,35,Male,Hyderabad,10/8/2022,158,10,3.9,1,11,High,8.170909091,137.1181818,1433,Zone_4,4038,2.46,48.2,Business
T00271,R0186,8.47,61.46,150.05,11/14/2023,0,0.180696087,0.050020321,0,Tuesday,November,0,0,0,1,0,0,0,0,0,0,0,0,0,1,5.017610908,2.248128907,7.839642849,0,Ishaan Sharma,18,Other,Hyderabad,12/11/2020,373,19,3.26,2,7,Medium,9.797142857,134.1171429,2099,Zone_9,11037,1.83,56.1,Mixed
T00272,R0268,6.83,55.86,110.21,6/12/2024,0,-0.285265522,-0.318536272,0,Wednesday,June,0,1,0,0,0,0,0,0,0,1,0,0,0,0,4.711420306,2.05796251,7.473954776,0,Ishaan Kumar,34,Male,Chennai,10/16/2022,10,0,4.6,1,5,Low,8.504,145.216,1425,Zone_5,2590,1.31,43.9,Business
T00273,R0157,14.65,125.74,288.9,3/18/2023,0,1.804661183,1.438849433,0,Saturday,March,0,0,1,0,0,0,0,0,0,0,0,0,0,1,5.669536036,2.750470917,11.21338486,0,Kavya Nair,36,Female,Hyderabad,11/23/2021,319,27,4.65,0,10,Medium,11.39,187.593,1752,Zone_9,11037,1.83,56.1,Mixed
T00274,R0088,9.08,47.12,207.15,11/8/2023,1,0.84852761,0.187105395,0,Wednesday,November,0,1,0,0,0,1,0,0,0,0,0,0,0,0,5.338258974,2.310553263,6.864400921,0,Diya Iyer,22,Other,Jaipur,7/7/2019,438,0,4.78,2,8,Medium,7.78125,111.72,2622,Zone_10,2440,1.54,35.4,Industrial
T00275,R0018,14.28,111.85,278.59,7/3/2024,0,1.684077243,1.35569947,0,Wednesday,July,1,0,0,0,0,0,0,0,0,0,0,1,0,0,5.633324244,2.726544784,10.57591604,0,Aarav Reddy,49,Female,Delhi,1/9/2023,446,86,3.29,0,6,Medium,9.031666667,174.055,1340,Zone_7,11070,0.64,45.2,Industrial
T00276,R0099,12.87,123.91,270.61,3/13/2024,1,1.590744571,1.038830692,0,Wednesday,March,0,0,0,1,0,0,0,1,0,0,0,0,0,0,5.604367214,2.629728234,11.13148687,0,Diya Gupta,35,Other,Mumbai,8/21/2021,80,8,3.7,2,9,Medium,7.707777778,142.5177778,1846,Zone_3,12971,2.11,38,Business
T00277,R0250,6.38,48.44,91.22,9/27/2023,0,-0.50736921,-0.419664605,0,Wednesday,September,0,0,0,1,0,1,0,0,0,0,0,0,0,0,4.524177027,1.998773639,6.959885057,0,Aadhya Iyer,34,Female,Jaipur,2/1/2021,163,31,4.63,0,9,Medium,8.368888889,125.2566667,2047,Zone_10,2440,1.54,35.4,Industrial
T00278,R0045,7.16,58.69,62.36,2/2/2023,0,-0.844910677,-0.244375494,0,Thursday,February,0,1,0,0,0,0,0,0,0,0,1,0,0,0,4.148832748,2.099244169,7.66093989,0,Saanvi Iyer,34,Other,Ahmedabad,7/12/2023,100,16,4.88,2,9,Medium,9.725555556,169.9833333,1156,Zone_6,14627,0.54,37.6,Mixed
T00279,R0254,17.65,102.86,180.18,2/16/2023,0,0.53309125,2.113038322,0,Thursday,February,0,0,1,0,0,0,1,0,0,0,0,0,0,0,5.199491012,2.925846146,10.14199191,0,Meera Kumar,18,Male,Delhi,3/9/2020,363,70,3.68,1,7,Medium,11.76714286,173.5142857,2376,Zone_2,6371,0.91,58.4,Residential
T00280,R0006,8.96,56.76,197.75,2/4/2023,1,0.738586869,0.16013784,0,Saturday,February,1,0,0,0,0,0,0,0,0,0,0,0,1,0,5.292047754,2.298577072,7.533923281,0,Aarav Das,45,Female,Jaipur,6/30/2023,248,13,4.64,0,7,Medium,9.034285714,156.49,1168,Zone_8,4516,1.93,31,Business
T00281,R0173,4.21,33.25,38.42,7/13/2023,0,-1.124908692,-0.907327902,0,Thursday,July,0,0,1,0,0,0,0,1,0,0,0,0,0,0,3.674273302,1.650579856,5.766281297,0,Saanvi Ghosh,26,Other,Mumbai,1/15/2020,389,55,4.28,2,7,Medium,7.148571429,123.0671429,2430,Zone_3,12971,2.11,38,Business
T00282,R0234,2,17.63,21.3,1/11/2024,0,-1.325141191,-1.403980383,0,Thursday,January,0,0,0,1,0,0,0,0,0,0,0,0,1,0,3.104586678,1.098612289,4.198809355,0,Saanvi Nair,32,Other,Pune,12/1/2022,183,31,3.98,2,9,Medium,7.051111111,126.5277778,1379,Zone_8,4516,1.93,31,Business
T00283,R0232,12.87,74.19,128.37,3/24/2024,0,-0.072869366,1.038830692,0,Sunday,March,0,1,0,0,0,0,1,0,0,0,0,0,0,0,4.862676516,2.629728234,8.613361713,0,Meera Das,38,Male,Jaipur,12/8/2022,172,15,3.94,1,13,High,7.169230769,114.68,1372,Zone_2,6371,0.91,58.4,Residential
T00284,R0129,8.8,75.07,115.67,1/3/2024,0,-0.221406325,0.124181099,0,Wednesday,January,0,0,0,1,1,0,0,0,0,0,0,0,0,0,4.759349437,2.282382386,8.664294547,0,Vivaan Singh,35,Male,Hyderabad,10/8/2022,158,10,3.9,1,11,High,8.170909091,137.1181818,1433,Zone_1,4921,2.43,30.9,Residential
T00285,R0133,4.04,28.1,81.2,6/12/2024,1,-0.624561362,-0.945531939,0,Wednesday,June,0,1,0,0,0,0,0,0,0,0,0,0,0,1,4.409155302,1.617406082,5.300943312,0,Diya Kumar,25,Female,Delhi,7/13/2019,155,11,4.4,0,9,Medium,7.21,90.80777778,2616,Zone_9,11037,1.83,56.1,Mixed
T00286,R0127,11.37,66.58,179.05,8/23/2024,0,0.51987497,0.701736247,0,Friday,August,0,1,0,0,0,0,0,0,1,0,0,0,0,0,5.19323459,2.515274186,8.159656856,0,Vivaan Kumar,38,Male,Chennai,3/17/2020,43,2,4.83,1,9,Medium,7.867777778,155.6077778,2368,Zone_4,4038,2.46,48.2,Business
T00287,R0237,8.8,81.48,147.6,9/2/2023,0,0.15204132,0.124181099,0,Saturday,September,0,1,0,0,0,0,0,0,0,1,0,0,0,0,5.001258132,2.282382386,9.026627277,0,Aadhya Nair,40,Male,Chennai,12/13/2022,36,3,3.71,1,10,Medium,9.737,175.97,1367,Zone_5,2590,1.31,43.9,Business
T00288,R0180,0.3,2.4,6.82,1/7/2024,1,-1.494496715,-1.786020754,0,Sunday,January,0,1,0,0,0,0,1,0,0,0,0,0,0,0,2.056684555,0.262364264,1.549193338,0,Diya Kumar,33,Male,Hyderabad,12/3/2019,44,4,4.53,1,3,Low,1.883333333,28.29666667,2473,Zone_2,6371,0.91,58.4,Residential
T00289,R0277,10.94,104.91,138.1,8/15/2024,0,0.040930996,0.605102506,0,Thursday,August,0,1,0,0,1,0,0,0,0,0,0,0,0,0,4.935193099,2.479894108,10.24255827,0,Kavya Gupta,42,Female,Jaipur,1/22/2021,433,16,3.06,0,9,Medium,9.658888889,155.8666667,2057,Zone_1,4921,2.43,30.9,Residential
T00290,R0068,14.67,124.27,256.47,4/21/2024,0,1.425365626,1.443344025,0,Sunday,April,0,0,0,1,1,0,0,0,0,0,0,0,0,0,5.550903208,2.751748056,11.14764549,0,Meera Singh,30,Female,Ahmedabad,8/31/2022,456,70,4.97,0,9,Medium,7.977777778,122.2922222,1471,Zone_1,4921,2.43,30.9,Residential
T00291,R0169,20.8,164.64,379.11,2/18/2023,0,2.859741423,2.820936656,0,Saturday,February,0,0,1,0,0,1,0,0,0,0,0,0,0,0,5.940460685,3.08190997,12.83121195,0,Reyansh Kumar,32,Male,Delhi,2/21/2023,497,81,4.19,1,7,Medium,10.05857143,201.7728571,1297,Zone_10,2440,1.54,35.4,Industrial
T00292,R0190,8.17,66.73,198.59,8/5/2024,1,0.748411361,-0.017398568,0,Monday,August,1,0,0,0,0,0,0,0,1,0,0,0,0,0,5.296265262,2.215937286,8.168843247,0,Saanvi Iyer,35,Other,Surat,9/25/2020,274,47,4.12,2,9,Medium,7.776666667,124.2133333,2176,Zone_4,4038,2.46,48.2,Business
T00293,R0109,9.16,66.29,213.82,5/12/2023,1,0.926538753,0.205083766,0,Friday,May,0,0,1,0,0,1,0,0,0,0,0,0,0,0,5.369800468,2.318458442,8.141867108,0,Vivaan Kumar,35,Female,Delhi,11/19/2022,62,5,3.35,0,4,Low,10.81,172.5975,1391,Zone_10,2440,1.54,35.4,Industrial
T00294,R0094,16.03,147.85,146.27,1/12/2023,0,0.136485875,1.748976322,0,Thursday,January,0,0,0,1,0,0,0,0,0,0,1,0,0,0,4.992267637,2.834976495,12.15935854,0,Diya Iyer,41,Other,Delhi,4/13/2023,480,62,4.87,2,6,Medium,7.953333333,124.9333333,1246,Zone_6,14627,0.54,37.6,Mixed
T00295,R0229,8.84,79.58,96.2,4/8/2023,0,-0.449124009,0.133170284,0,Saturday,April,0,0,0,1,1,0,0,0,0,0,0,0,0,0,4.576770711,2.286455711,8.920762299,0,Reyansh Ghosh,22,Female,Mumbai,11/23/2020,146,16,4.43,0,5,Low,7.736,137.7,2117,Zone_1,4921,2.43,30.9,Residential
T00296,R0084,9.38,67.84,183,12/18/2023,0,0.566073472,0.254524284,0,Monday,December,1,0,0,0,0,0,0,0,0,1,0,0,0,0,5.214935758,2.339880878,8.236504113,0,Kavya Sharma,38,Male,Jaipur,7/21/2019,366,6,4.67,1,8,Medium,9.3625,179.48,2608,Zone_5,2590,1.31,43.9,Business
T00297,R0013,4.85,41.88,92.68,12/7/2023,0,-0.490293308,-0.763500939,0,Thursday,December,0,0,0,1,0,0,0,0,0,0,0,1,0,0,4.539884719,1.766441661,6.471475875,0,Ishaan Gupta,43,Female,Kolkata,4/1/2019,6,0,3.91,0,9,Medium,8.945555556,159.2044444,2719,Zone_7,11070,0.64,45.2,Industrial
T00298,R0222,1.03,6.71,22.09,8/10/2023,1,-1.31590149,-1.621968124,0,Thursday,August,0,0,0,1,0,1,0,0,0,0,0,0,0,0,3.139399623,0.708035793,2.590366769,0,Aarav Singh,27,Male,Surat,8/28/2022,475,12,3.44,1,8,Medium,9.88125,165.70375,1474,Zone_10,2440,1.54,35.4,Industrial
T00299,R0110,12.56,73.2,187.1,12/7/2023,0,0.614026349,0.969164507,0,Thursday,December,0,0,0,1,0,0,0,1,0,0,0,0,0,0,5.236973736,2.607124283,8.555699854,0,Vivaan Patel,19,Female,Kolkata,2/4/2023,224,28,4.43,0,7,Medium,8.502857143,135.24,1314,Zone_3,12971,2.11,38,Business
T00300,R0030,1.63,9.91,36.07,9/8/2023,1,-1.152393877,-1.487130346,0,Friday,September,0,0,1,0,0,1,0,0,0,0,0,0,0,0,3.612808017,0.966983846,3.148015248,0,Saanvi Patel,25,Other,Mumbai,1/8/2021,442,58,3.72,2,11,High,7.368181818,144.1136364,2071,Zone_10,2440,1.54,35.4,Industrial
T00301,R0037,13.7,92.43,300.6,1/21/2024,1,1.941502318,1.225356285,0,Sunday,January,0,0,0,1,0,1,0,0,0,0,0,0,0,0,5.709101636,2.687847494,9.614052215,0,Aadhya Iyer,32,Other,Ahmedabad,11/21/2020,489,6,3.36,2,8,Medium,9.76125,164.3325,2119,Zone_10,2440,1.54,35.4,Industrial
T00302,R0191,4.06,26.03,73.11,5/7/2023,0,-0.719180574,-0.941037346,0,Sunday,May,0,1,0,0,0,0,0,0,0,0,0,0,1,0,4.305550476,1.621366483,5.101960408,0,Meera Gupta,33,Other,Surat,8/14/2020,87,6,4.56,2,11,High,7.560909091,120.5927273,2218,Zone_8,4516,1.93,31,Business
T00303,R0047,9.33,90.48,95.23,1/23/2024,0,-0.460468958,0.243287803,0,Tuesday,January,1,0,0,0,0,0,1,0,0,0,0,0,0,0,4.566741159,2.335052283,9.51209756,0,Reyansh Iyer,51,Female,Bengaluru,10/7/2021,69,3,4.86,0,7,Medium,8.89,163.5528571,1799,Zone_2,6371,0.91,58.4,Residential
T00304,R0153,6.14,51.22,62.16,6/15/2023,0,-0.847249842,-0.473599716,0,Thursday,June,1,0,0,0,0,0,0,0,1,0,0,0,0,0,4.145671189,1.965712776,7.156814934,0,Aadhya Ghosh,20,Male,Mumbai,5/4/2020,76,14,4.54,1,5,Low,5.768,92.19,2320,Zone_4,4038,2.46,48.2,Business
T00305,R0037,13.87,104.8,212.4,5/15/2023,0,0.909930684,1.263560322,0,Monday,May,0,0,1,0,0,0,0,0,0,0,1,0,0,0,5.363168339,2.69934576,10.23718711,0,Aadhya Iyer,32,Other,Ahmedabad,11/21/2020,489,6,3.36,2,8,Medium,9.76125,164.3325,2119,Zone_6,14627,0.54,37.6,Mixed
T00306,R0164,9.5,52.89,128.05,1/14/2024,0,-0.07661203,0.28149184,0,Sunday,January,0,0,1,0,0,1,0,0,0,0,0,0,0,0,4.860199926,2.351375257,7.272551134,0,Aadhya Ghosh,37,Other,Ahmedabad,7/6/2022,249,23,4.02,2,12,High,8.356666667,146.5408333,1527,Zone_10,2440,1.54,35.4,Industrial
T00307,R0090,17.8,146.74,379.63,3/8/2024,1,3.519268911,2.146747766,0,Friday,March,0,0,0,1,0,0,0,0,1,0,0,0,0,0,5.941827775,2.93385687,12.11362869,0,Kavya Iyer,33,Female,Mumbai,1/31/2021,152,25,4.51,0,10,Medium,10.813,191.988,2048,Zone_4,4038,2.46,48.2,Business
T00308,R0074,2.58,22.59,36.36,4/16/2023,0,-1.149002089,-1.273637198,0,Sunday,April,0,1,0,0,0,0,0,1,0,0,0,0,0,0,3.620600613,1.2753628,4.752893855,0,Vivaan Ghosh,23,Male,Kolkata,9/11/2023,199,22,4.89,1,7,Medium,6.598571429,116.7528571,1095,Zone_3,12971,2.11,38,Business
T00309,R0080,10.07,64.41,162.79,1/19/2023,0,0.329700879,0.409587729,0,Thursday,January,0,0,0,1,0,0,0,0,1,0,0,0,0,0,5.098585119,2.404238747,8.025584091,0,Reyansh Kumar,19,Female,Mumbai,5/15/2021,34,6,4.6,0,6,Medium,9.185,140.6133333,1944,Zone_4,4038,2.46,48.2,Business
T00310,R0004,8.24,60.17,80.25,7/23/2024,0,-0.635672394,-0.001667494,0,Tuesday,July,0,0,1,0,0,0,0,0,0,1,0,0,0,0,4.397530821,2.223541886,7.756932383,0,Aarav Nair,19,Other,Kolkata,7/28/2019,464,5,3.19,2,6,Medium,6.201666667,113.8383333,2601,Zone_5,2590,1.31,43.9,Business
T00311,R0007,9.4,56.5,111.17,6/17/2023,0,-0.274037531,0.259018877,0,Saturday,June,0,1,0,0,1,0,0,0,0,0,0,0,0,0,4.720015578,2.341805806,7.516648189,0,Ishaan Ghosh,18,Female,Mumbai,3/26/2021,458,82,4.03,0,6,Medium,6.603333333,99.48666667,1994,Zone_1,4921,2.43,30.9,Residential
T00312,R0027,15.98,118.94,161.91,2/26/2023,0,0.319408554,1.73773984,0,Sunday,February,1,0,0,0,0,0,0,0,0,1,0,0,0,0,5.093197901,2.832036181,10.90596167,0,Ishaan Iyer,39,Male,Jaipur,10/5/2019,403,61,3.98,1,8,Medium,7.22875,103.41,2532,Zone_5,2590,1.31,43.9,Business
T00313,R0017,10.93,83.99,142.44,12/1/2023,0,0.09169087,0.60285521,0,Friday,December,0,0,1,0,0,0,0,0,0,0,0,0,1,0,4.965916829,2.479056236,9.164605829,0,Meera Das,49,Female,Mumbai,3/18/2023,288,21,3.83,0,7,Medium,7.997142857,116.0442857,1272,Zone_8,4516,1.93,31,Business
T00314,R0173,2.26,18.32,40.95,6/22/2023,0,-1.095318259,-1.34555068,0,Thursday,June,0,0,1,0,0,0,0,1,0,0,0,0,0,0,3.736478433,1.181727195,4.280186912,0,Saanvi Ghosh,26,Other,Mumbai,1/15/2020,389,55,4.28,2,7,Medium,7.148571429,123.0671429,2430,Zone_3,12971,2.11,38,Business
T00315,R0080,10.67,101.39,221.3,8/25/2023,1,1.014023513,0.544425506,0,Friday,August,1,0,0,0,0,0,0,0,0,1,0,0,0,0,5.404027821,2.457021446,10.06926015,0,Reyansh Kumar,19,Female,Mumbai,5/15/2021,34,6,4.6,0,6,Medium,9.185,140.6133333,1944,Zone_5,2590,1.31,43.9,Business
T00316,R0212,5.92,31.63,94.3,5/5/2024,0,-0.471346074,-0.523040235,0,Sunday,May,0,0,1,0,1,0,0,0,0,0,0,0,0,0,4.557029811,1.93441577,5.624055476,0,Aadhya Iyer,36,Female,Ahmedabad,9/11/2023,73,12,3.22,0,7,Medium,8.368571429,161.2128571,1095,Zone_1,4921,2.43,30.9,Residential
T00317,R0113,5.63,55.52,108.99,8/23/2024,0,-0.299534426,-0.588211827,0,Friday,August,0,0,0,1,0,0,0,0,1,0,0,0,0,0,4.700389453,1.891604804,7.451174404,0,Aadhya Singh,26,Other,Chennai,3/9/2019,423,26,4.61,2,8,Medium,6.8775,137.03625,2742,Zone_4,4038,2.46,48.2,Business
T00318,R0102,13.23,79.32,207.3,8/18/2023,0,0.850281984,1.119733359,0,Friday,August,0,0,0,1,0,0,0,0,0,0,0,0,1,0,5.338979348,2.655352412,8.906177631,0,Aarav Nair,18,Female,Chennai,5/13/2023,123,22,4.1,0,4,Low,8.9575,120.825,1216,Zone_8,4516,1.93,31,Business
T00319,R0178,4.99,39.38,106.51,12/24/2023,1,-0.328540069,-0.732038791,0,Sunday,December,1,0,0,0,0,0,1,0,0,0,0,0,0,0,4.677583866,1.790091412,6.275348596,0,Saanvi Ghosh,27,Male,Delhi,5/15/2021,56,7,3.13,1,7,Medium,9.037142857,148.6485714,1944,Zone_2,6371,0.91,58.4,Residential
T00320,R0294,6.1,41.42,74.02,1/15/2023,0,-0.708537375,-0.482588901,0,Sunday,January,0,0,1,0,0,0,0,0,0,0,1,0,0,0,4.317754745,1.960094784,6.435837164,0,Arjun Reddy,24,Male,Surat,4/2/2021,41,7,3.2,1,7,Medium,8.097142857,119.3428571,1987,Zone_6,14627,0.54,37.6,Mixed
T00321,R0040,8.16,74.12,71.85,2/3/2024,0,-0.733917312,-0.019645864,0,Saturday,February,0,1,0,0,0,0,0,0,0,0,0,1,0,0,4.288402533,2.214846179,8.6092973,0,Aarav Gupta,34,Other,Surat,5/5/2023,485,36,4.41,2,10,Medium,8.045,114.075,1224,Zone_7,11070,0.64,45.2,Industrial
T00322,R0094,12.73,115.69,253.21,7/11/2023,0,1.387237242,1.007368544,0,Tuesday,July,0,0,1,0,0,0,0,0,0,0,0,1,0,0,5.538160697,2.61958322,10.7559286,0,Diya Iyer,41,Other,Delhi,4/13/2023,480,62,4.87,2,6,Medium,7.953333333,124.9333333,1246,Zone_7,11070,0.64,45.2,Industrial
T00323,R0150,10.91,87.34,95.48,4/17/2024,0,-0.457545002,0.598360618,0,Wednesday,April,1,0,0,0,0,0,0,0,0,0,0,1,0,0,4.569335733,2.477378383,9.345587194,0,Ishaan Gupta,33,Male,Pune,2/27/2022,215,16,4.95,1,7,Medium,7.922857143,107.6914286,1656,Zone_7,11070,0.64,45.2,Industrial
T00324,R0074,6.83,40.8,78.43,11/3/2023,0,-0.656958793,-0.318536272,0,Friday,November,1,0,0,0,0,0,1,0,0,0,0,0,0,0,4.374876131,2.05796251,6.387487769,0,Vivaan Ghosh,23,Male,Kolkata,9/11/2023,199,22,4.89,1,7,Medium,6.598571429,116.7528571,1095,Zone_2,6371,0.91,58.4,Residential
T00325,R0075,6.64,33.91,133.09,2/28/2024,1,-0.017665079,-0.361234901,0,Wednesday,February,0,0,1,0,0,0,0,0,0,0,1,0,0,0,4.898511216,2.033397603,5.823229345,0,Diya Reddy,18,Female,Mumbai,4/30/2021,108,7,4.83,0,4,Low,11.7875,176.2025,1959,Zone_6,14627,0.54,37.6,Mixed
T00326,R0038,2.2,17.29,35.33,6/10/2024,0,-1.161048787,-1.359034457,0,Monday,June,0,0,1,0,0,0,0,1,0,0,0,0,0,0,3.592643846,1.16315081,4.158124577,0,Aarav Singh,37,Other,Kolkata,2/11/2023,68,7,4.07,2,5,Low,5.946,90.766,1307,Zone_3,12971,2.11,38,Business
T00327,R0059,4.2,31.26,68.6,11/23/2023,0,-0.771928738,-0.909575198,0,Thursday,November,0,0,0,1,0,0,0,0,0,0,0,0,1,0,4.242764567,1.648658626,5.591064299,0,Aarav Sharma,43,Male,Delhi,8/2/2021,357,11,3.27,1,4,Low,8.75,133.695,1865,Zone_8,4516,1.93,31,Business
T00328,R0096,4.73,37.52,89.79,8/10/2023,0,-0.524094238,-0.790468494,0,Thursday,August,0,0,1,0,0,0,0,0,0,0,0,0,0,1,4.508549147,1.745715531,6.125357132,0,Reyansh Das,40,Female,Kolkata,12/28/2019,121,3,4.46,0,5,Low,5.482,70.99,2448,Zone_9,11037,1.83,56.1,Mixed
T00329,R0195,7.25,40.59,150.9,7/6/2024,1,0.190637537,-0.224149827,0,Saturday,July,0,1,0,0,0,0,0,0,0,0,0,1,0,0,5.02322241,2.1102132,6.371028174,0,Aadhya Reddy,33,Male,Kolkata,5/27/2021,72,10,4.97,1,9,Medium,7.813333333,116.0188889,1932,Zone_7,11070,0.64,45.2,Industrial
T00330,R0233,17.93,155.66,164.79,8/1/2023,0,0.353092526,2.175962618,0,Tuesday,August,1,0,0,0,0,0,0,0,0,0,0,0,1,0,5.110721927,2.940747965,12.47637768,0,Ishaan Iyer,30,Other,Hyderabad,11/23/2023,469,41,4.37,2,7,Medium,12.75285714,226.1757143,1022,Zone_8,4516,1.93,31,Business
T00331,R0014,4.62,33.69,68.83,7/22/2023,0,-0.769238699,-0.815188754,0,Saturday,July,0,1,0,0,0,0,0,0,0,1,0,0,0,0,4.246063717,1.726331664,5.804308744,0,Aarav Das,26,Female,Ahmedabad,6/8/2021,325,53,3,0,6,Medium,7.031666667,146.8333333,1920,Zone_5,2590,1.31,43.9,Business
T00332,R0067,6.52,63.41,59.94,6/29/2023,0,-0.87321457,-0.388202457,0,Thursday,June,0,0,1,0,0,0,0,1,0,0,0,0,0,0,4.109889774,2.017566138,7.963039621,0,Saanvi Iyer,32,Male,Pune,7/24/2022,348,9,3.38,1,13,High,8.697692308,142.0623077,1509,Zone_3,12971,2.11,38,Business
T00333,R0256,2.26,18.78,22.4,7/21/2024,0,-1.312275785,-1.34555068,0,Sunday,July,0,1,0,0,0,0,0,1,0,0,0,0,0,0,3.152736022,1.181727195,4.333589736,0,Aadhya Sharma,31,Female,Delhi,3/25/2021,265,8,3.65,0,6,Medium,6.908333333,125.6333333,1995,Zone_3,12971,2.11,38,Business
T00334,R0178,11,61.05,200.36,1/27/2024,0,0.769112969,0.618586284,0,Saturday,January,1,0,0,0,0,1,0,0,0,0,0,0,0,0,5.305094351,2.48490665,7.813449942,0,Saanvi Ghosh,27,Male,Delhi,5/15/2021,56,7,3.13,1,7,Medium,9.037142857,148.6485714,1944,Zone_10,2440,1.54,35.4,Industrial
T00335,R0170,0.11,1.02,3.27,5/14/2024,1,-1.553677582,-1.828719384,0,Tuesday,May,0,0,1,0,0,0,1,0,0,0,0,0,0,0,1.451613827,0.104360015,1.009950494,0,Saanvi Kumar,29,Other,Bengaluru,5/20/2020,28,3,3.68,2,7,Medium,7.644285714,134.8157143,2304,Zone_2,6371,0.91,58.4,Residential
T00336,R0224,3.47,17.54,72.48,1/8/2023,1,-0.726548943,-1.073627828,0,Sunday,January,1,0,0,0,0,0,1,0,0,0,0,0,0,0,4.29701326,1.497388409,4.188078318,0,Ishaan Sharma,29,Female,Ahmedabad,8/4/2020,200,1,4.31,0,7,Medium,5.958571429,73.44857143,2228,Zone_2,6371,0.91,58.4,Residential
T00337,R0115,13.21,99.53,292.15,5/15/2024,1,1.84267261,1.115238766,0,Wednesday,May,0,0,0,1,0,0,0,0,0,0,0,0,1,0,5.680684423,2.653945942,9.976472322,0,Aarav Ghosh,40,Female,Bengaluru,3/1/2020,170,15,4.4,0,11,High,7.589090909,129.6336364,2384,Zone_8,4516,1.93,31,Business
T00338,R0136,2.52,16.42,53.39,2/11/2023,1,-0.949822214,-1.287120976,0,Saturday,February,1,0,0,0,1,0,0,0,0,0,0,0,0,0,3.996180313,1.25846099,4.052159918,0,Diya Ghosh,34,Male,Hyderabad,1/19/2019,339,11,3.82,1,4,Low,6.715,85.6975,2791,Zone_1,4921,2.43,30.9,Residential
T00339,R0152,8.48,84.12,165.16,5/8/2024,0,0.357419981,0.052267617,0,Wednesday,May,0,0,1,0,0,0,0,0,0,1,0,0,0,0,5.11295118,2.249184316,9.17169559,0,Arjun Patel,34,Female,Bengaluru,5/4/2021,143,24,3.91,0,5,Low,9.706,182.912,1955,Zone_5,2590,1.31,43.9,Business
T00340,R0223,12,90.38,197.57,9/14/2023,0,0.736481621,0.843315914,0,Thursday,September,0,0,0,1,1,0,0,0,0,0,0,0,0,0,5.291141683,2.564949357,9.506839643,0,Meera Ghosh,30,Female,Surat,11/29/2019,158,10,4.04,0,8,Medium,7.05,123.40125,2477,Zone_1,4921,2.43,30.9,Residential
T00341,R0054,15.63,117.8,255.15,8/12/2023,0,1.409927139,1.65908447,0,Saturday,August,1,0,0,0,0,0,0,0,0,1,0,0,0,0,5.54576321,2.811208293,10.85357084,0,Meera Iyer,25,Other,Mumbai,6/30/2021,267,22,3.58,2,1,Low,15.63,255.15,1898,Zone_5,2590,1.31,43.9,Business
T00342,R0105,3.4,31.54,36.83,2/12/2023,0,-1.143505051,-1.089358902,0,Sunday,February,0,1,0,0,0,0,0,0,0,1,0,0,0,0,3.633102439,1.481604541,5.616048433,0,Diya Das,31,Female,Jaipur,9/28/2020,346,9,3.69,0,12,High,7.933333333,108.4266667,2173,Zone_5,2590,1.31,43.9,Business
T00343,R0232,4.88,42.08,121.38,6/8/2024,1,-0.154623173,-0.75675905,0,Saturday,June,0,0,1,0,0,0,0,0,0,0,0,1,0,0,4.807130958,1.771556762,6.486909896,0,Meera Das,38,Male,Jaipur,12/8/2022,172,15,3.94,1,13,High,7.169230769,114.68,1372,Zone_7,11070,0.64,45.2,Industrial
T00344,R0036,17.02,161.82,174.34,8/24/2023,0,0.464787641,1.971458655,0,Thursday,August,1,0,0,0,0,0,0,0,0,0,0,0,1,0,5.166726946,2.891482252,12.72084903,0,Aadhya Das,30,Female,Surat,3/16/2022,177,15,4.9,0,7,Medium,9.31,148.7885714,1639,Zone_8,4516,1.93,31,Business
T00345,R0174,7.87,67.67,133.1,1/22/2023,0,-0.017548121,-0.084817457,0,Sunday,January,1,0,0,0,0,0,0,0,0,0,0,0,0,1,4.89858579,2.182674796,8.226177727,0,Aadhya Patel,32,Male,Kolkata,2/7/2019,320,7,3.8,1,7,Medium,8.877142857,131.6842857,2772,Zone_9,11037,1.83,56.1,Mixed
T00346,R0051,4.32,22.26,93.22,5/4/2023,1,-0.483977563,-0.882607642,0,Thursday,May,0,1,0,0,1,0,0,0,0,0,0,0,0,0,4.545632473,1.671473303,4.718050445,0,Aarav Nair,21,Male,Kolkata,4/5/2020,213,14,4.02,1,10,Medium,5.918,110.102,2349,Zone_1,4921,2.43,30.9,Residential
T00347,R0140,4.41,35.96,40.09,2/8/2023,0,-1.105376667,-0.862381976,0,Wednesday,February,0,0,1,0,0,0,0,0,1,0,0,0,0,0,3.715764783,1.688249093,5.99666574,0,Aadhya Nair,29,Female,Delhi,4/17/2020,499,45,4.92,0,5,Low,6.962,123.622,2337,Zone_4,4038,2.46,48.2,Business
T00348,R0155,3.14,26.64,33.21,6/30/2023,0,-1.185843933,-1.147788606,0,Friday,June,0,0,0,1,0,0,0,1,0,0,0,0,0,0,3.532517999,1.420695788,5.16139516,0,Meera Reddy,23,Male,Hyderabad,2/10/2019,353,8,3.14,1,8,Medium,7.61375,116.46375,2769,Zone_3,12971,2.11,38,Business
T00349,R0018,5.8,30.14,46.49,4/28/2023,0,-1.030523396,-0.55000779,0,Friday,April,0,0,0,1,0,0,0,0,0,0,0,0,0,1,3.860519163,1.916922612,5.489990893,0,Aarav Reddy,49,Female,Delhi,1/9/2023,446,86,3.29,0,6,Medium,9.031666667,174.055,1340,Zone_9,11037,1.83,56.1,Mixed
T00350,R0184,13.44,90.43,219.56,10/19/2023,0,0.99367278,1.166926581,0,Thursday,October,1,0,0,0,1,0,0,0,0,0,0,0,0,0,5.396169767,2.670002133,9.509468965,0,Meera Nair,29,Female,Surat,3/4/2020,285,27,3.97,0,8,Medium,8.645,151.59,2381,Zone_1,4921,2.43,30.9,Residential
T00351,R0278,12.44,86.85,295.14,5/17/2024,1,1.877643122,0.942196951,0,Friday,May,0,0,1,0,0,0,0,0,0,0,0,1,0,0,5.690832315,2.598235335,9.31933474,0,Aarav Reddy,20,Female,Mumbai,9/2/2021,382,58,4.27,0,9,Medium,10.83888889,234.5955556,1834,Zone_7,11070,0.64,45.2,Industrial
T00352,R0190,2.13,11.74,23.56,7/31/2024,0,-1.29870863,-1.374765532,0,Wednesday,July,0,0,0,1,1,0,0,0,0,0,0,0,0,0,3.201119103,1.141033005,3.42636834,0,Saanvi Iyer,35,Other,Surat,9/25/2020,274,47,4.12,2,9,Medium,7.776666667,124.2133333,2176,Zone_1,4921,2.43,30.9,Residential
T00353,R0066,9.07,47.59,170.17,6/11/2023,0,0.416016057,0.184858099,0,Sunday,June,0,1,0,0,1,0,0,0,0,0,0,0,0,0,5.142657215,2.309560707,6.898550572,0,Arjun Patel,38,Female,Bengaluru,6/3/2022,167,28,4.72,0,4,Low,10.6175,144.035,1560,Zone_1,4921,2.43,30.9,Residential
T00354,R0094,5.99,57.23,112.32,10/3/2023,0,-0.260587334,-0.507309161,0,Tuesday,October,1,0,0,0,0,0,0,0,0,1,0,0,0,0,4.730215675,1.944480556,7.565051223,0,Diya Iyer,41,Other,Delhi,4/13/2023,480,62,4.87,2,6,Medium,7.953333333,124.9333333,1246,Zone_5,2590,1.31,43.9,Business
T00355,R0042,11.91,74.32,100.52,7/1/2024,0,-0.398598051,0.823090247,0,Monday,July,1,0,0,0,0,0,0,1,0,0,0,0,0,0,4.620255823,2.558002205,8.620904825,0,Arjun Reddy,18,Female,Chennai,5/20/2021,23,4,3.03,0,5,Low,9.232,147.696,1939,Zone_3,12971,2.11,38,Business
T00356,R0252,7.22,71.74,179.88,1/30/2023,1,0.529582503,-0.230891716,0,Monday,January,0,0,1,0,0,0,0,0,0,0,1,0,0,0,5.197833828,2.106570209,8.469946871,0,Reyansh Gupta,38,Other,Ahmedabad,9/23/2020,392,47,4.83,2,16,High,6.275625,105.128125,2178,Zone_6,14627,0.54,37.6,Mixed
T00357,R0070,9.86,84.18,174.1,2/3/2023,0,0.461980643,0.362394506,0,Friday,February,0,0,1,0,0,0,1,0,0,0,0,0,0,0,5.165357239,2.385086315,9.17496594,0,Meera Reddy,33,Male,Bengaluru,1/3/2023,310,6,3.54,1,7,Medium,12.83,236.3842857,1346,Zone_2,6371,0.91,58.4,Residential
T00358,R0262,7.21,64.54,104.14,10/29/2023,0,-0.35625917,-0.233139012,0,Sunday,October,0,0,1,0,0,0,0,0,1,0,0,0,0,0,4.655292795,2.105352923,8.033679107,0,Meera Singh,30,Male,Ahmedabad,4/21/2019,6,0,3.35,1,9,Medium,6.624444444,107.4844444,2699,Zone_4,4038,2.46,48.2,Business
T00359,R0266,2.94,23.28,30.06,1/22/2024,0,-1.222685777,-1.192734531,0,Monday,January,0,0,1,0,0,0,0,0,0,0,1,0,0,0,3.435920818,1.371180723,4.824935233,0,Diya Reddy,29,Other,Chennai,9/25/2020,98,13,3.9,2,9,Medium,8.107777778,138.6055556,2176,Zone_6,14627,0.54,37.6,Mixed
T00360,R0135,8.24,46.06,136.7,8/6/2024,0,0.024556843,-0.001667494,0,Tuesday,August,0,1,0,0,0,0,0,0,0,0,0,0,1,0,4.925077406,2.223541886,6.7867518,0,Reyansh Patel,38,Female,Ahmedabad,2/24/2022,153,8,3.47,0,8,Medium,8.325,124.01625,1659,Zone_8,4516,1.93,31,Business
T00361,R0205,1.64,12.3,18.88,4/13/2024,0,-1.353445084,-1.48488305,0,Saturday,April,0,1,0,0,0,0,0,0,0,0,0,0,1,0,2.989714201,0.970778917,3.507135583,0,Diya Singh,31,Other,Surat,5/12/2019,100,14,4.66,2,4,Low,6.3875,66.475,2678,Zone_8,4516,1.93,31,Business
T00362,R0011,11.74,95.8,271.65,4/20/2024,1,1.602908227,0.78488621,0,Saturday,April,0,0,1,0,0,0,0,0,0,0,0,0,1,0,5.608188921,2.54474665,9.787747443,0,Vivaan Nair,26,Male,Chennai,4/14/2020,208,34,4,1,10,Medium,8.896,163.378,2340,Zone_8,4516,1.93,31,Business
T00363,R0163,4.6,41.6,101.86,1/9/2023,1,-0.382925648,-0.819683346,0,Monday,January,0,0,0,1,0,0,0,0,0,0,0,0,0,1,4.63336884,1.722766598,6.449806199,0,Kavya Gupta,33,Other,Ahmedabad,2/20/2020,302,21,3.56,2,3,Low,6.263333333,108.2266667,2394,Zone_9,11037,1.83,56.1,Mixed
T00364,R0289,4.97,39.77,98.47,10/20/2023,0,-0.42257449,-0.736533383,0,Friday,October,0,1,0,0,0,0,1,0,0,0,0,0,0,0,4.599856091,1.786746927,6.30634601,0,Aarav Gupta,21,Other,Chennai,9/30/2021,322,14,4.17,2,8,Medium,8.26625,154.31,1806,Zone_2,6371,0.91,58.4,Residential
T00365,R0025,7.96,43.83,195.74,3/19/2024,1,0.715078264,-0.06459179,0,Tuesday,March,0,1,0,0,0,0,0,0,0,0,1,0,0,0,5.28188306,2.192770227,6.620422947,0,Meera Das,21,Female,Mumbai,10/22/2021,42,3,4.01,0,5,Low,9.45,143.886,1784,Zone_6,14627,0.54,37.6,Mixed
T00366,R0096,10.89,105.07,117.8,1/16/2024,0,-0.196494221,0.593866025,0,Tuesday,January,0,1,0,0,0,0,0,0,0,0,1,0,0,0,4.777441407,2.475697711,10.25036585,0,Reyansh Das,40,Female,Kolkata,12/28/2019,121,3,4.46,0,5,Low,5.482,70.99,2448,Zone_6,14627,0.54,37.6,Mixed
T00367,R0289,7.15,66.44,145.31,5/24/2024,1,0.125257884,-0.24662279,0,Friday,May,0,1,0,0,0,0,1,0,0,0,0,0,0,0,4.985727658,2.098017927,8.151073549,0,Aarav Gupta,21,Other,Chennai,9/30/2021,322,14,4.17,2,8,Medium,8.26625,154.31,1806,Zone_2,6371,0.91,58.4,Residential
T00368,R0046,16.21,93.77,326.52,4/29/2024,1,2.244658064,1.789427655,0,Monday,April,1,0,0,0,0,0,0,0,0,1,0,0,0,0,5.791549122,2.84549061,9.683491106,0,Vivaan Singh,31,Female,Kolkata,8/16/2019,31,4,3.87,0,8,Medium,10.0025,162.0525,2582,Zone_5,2590,1.31,43.9,Business
T00369,R0176,16.24,81.44,229.65,7/10/2024,0,1.11168364,1.796169544,0,Wednesday,July,0,1,0,0,0,0,0,1,0,0,0,0,0,0,5.44090141,2.847232265,9.024411338,0,Kavya Gupta,43,Male,Mumbai,5/24/2019,260,13,3.95,1,6,Medium,15.17666667,273.0116667,2666,Zone_3,12971,2.11,38,Business
T00370,R0263,16.58,129.55,182.4,7/30/2023,0,0.559055978,1.872577618,0,Sunday,July,0,0,1,0,0,0,0,0,0,0,0,0,1,0,5.21166956,2.866761892,11.38200334,0,Ishaan Das,31,Other,Chennai,12/30/2020,297,21,3.84,2,12,High,8.718333333,128.9725,2080,Zone_8,4516,1.93,31,Business
T00371,R0122,6.83,37.86,114.4,4/9/2023,0,-0.236260021,-0.318536272,0,Sunday,April,0,0,0,1,0,0,1,0,0,0,0,0,0,0,4.748404354,2.05796251,6.153048025,0,Ishaan Patel,27,Female,Kolkata,11/22/2022,324,17,4.98,0,2,Low,8.26,175.995,1388,Zone_2,6371,0.91,58.4,Residential
T00372,R0039,0.59,3.19,9.63,8/2/2023,0,-1.461631451,-1.720849161,0,Wednesday,August,0,0,1,0,0,0,0,0,0,1,0,0,0,0,2.363680192,0.463734016,1.78605711,0,Aadhya Iyer,24,Male,Chennai,11/18/2023,190,14,4.2,1,7,Medium,4.837142857,72.58,1027,Zone_5,2590,1.31,43.9,Business
T00373,R0056,14.1,122.83,199.13,4/20/2024,0,0.754727106,1.315248136,0,Saturday,April,0,1,0,0,0,0,0,0,0,0,0,1,0,0,5.298967155,2.714694744,11.08286966,0,Meera Patel,40,Other,Hyderabad,2/26/2021,93,13,3.25,2,9,Medium,7.357777778,103.0877778,2022,Zone_7,11070,0.64,45.2,Industrial
T00374,R0168,5.92,56.52,144.08,2/27/2023,1,0.110872021,-0.523040235,0,Monday,February,1,0,0,0,0,0,0,0,0,0,0,0,1,0,4.977285314,1.93441577,7.517978452,0,Diya Das,23,Male,Pune,10/8/2019,471,74,4.03,1,5,Low,7.004,113.862,2529,Zone_8,4516,1.93,31,Business
T00375,R0129,8.19,65.45,127.35,11/11/2023,0,-0.084799106,-0.012903975,0,Saturday,November,0,0,0,1,0,0,1,0,0,0,0,0,0,0,4.854760907,2.218115936,8.090117428,0,Vivaan Singh,35,Male,Hyderabad,10/8/2022,158,10,3.9,1,11,High,8.170909091,137.1181818,1433,Zone_2,6371,0.91,58.4,Residential
T00376,R0110,11.14,68.08,170.22,5/7/2024,0,0.416600848,0.650048432,0,Tuesday,May,1,0,0,0,1,0,0,0,0,0,0,0,0,0,5.142949279,2.496505786,8.251060538,0,Vivaan Patel,19,Female,Kolkata,2/4/2023,224,28,4.43,0,7,Medium,8.502857143,135.24,1314,Zone_1,4921,2.43,30.9,Residential
T00377,R0197,0.02,0.19,3.27,3/11/2024,1,-1.571338276,-1.84894505,0,Monday,March,0,0,1,0,0,0,0,0,1,0,0,0,0,0,1.451613827,0.019802627,0.435889894,0,Saanvi Das,29,Female,Bengaluru,10/8/2020,475,87,3.87,0,10,Medium,7.108,97.3,2163,Zone_4,4038,2.46,48.2,Business
T00378,R0053,16.15,86.4,233.26,6/30/2023,0,1.153905563,1.775943877,0,Friday,June,0,1,0,0,0,0,0,0,0,0,1,0,0,0,5.45643161,2.841998174,9.295160031,0,Arjun Reddy,45,Female,Delhi,9/16/2019,63,7,4.85,0,4,Low,11,178.26,2551,Zone_6,14627,0.54,37.6,Mixed
T00379,R0288,12.37,74.24,206.15,4/21/2023,0,0.836831787,0.926465877,0,Friday,April,0,0,1,0,0,0,0,0,0,1,0,0,0,0,5.333443169,2.593013391,8.616263691,0,Diya Ghosh,42,Male,Ahmedabad,8/30/2021,43,5,4.56,1,8,Medium,6.51,99.45,1837,Zone_5,2590,1.31,43.9,Business
T00380,R0095,9.76,91.81,107.79,6/20/2024,0,-0.313569414,0.339921543,0,Thursday,June,0,0,0,1,0,0,0,1,0,0,0,0,0,0,4.689419418,2.375835555,9.581753493,0,Kavya Iyer,29,Female,Chennai,10/7/2020,481,77,4.26,0,13,High,8.826923077,144.5853846,2164,Zone_3,12971,2.11,38,Business
T00381,R0184,12.45,65.64,223.92,1/16/2023,0,1.044666571,0.944444247,0,Monday,January,0,1,0,0,0,1,0,0,0,0,0,0,0,0,5.415744783,2.598979106,8.10185164,0,Meera Nair,29,Female,Surat,3/4/2020,285,27,3.97,0,8,Medium,8.645,151.59,2381,Zone_10,2440,1.54,35.4,Industrial
T00382,R0012,10.78,83.18,92.76,5/25/2023,0,-0.489357642,0.569145766,0,Thursday,May,0,0,1,0,0,0,0,0,0,0,0,1,0,0,4.540738326,2.466403178,9.120307012,0,Aarav Das,31,Female,Hyderabad,1/19/2022,248,11,3.31,0,5,Low,5.822,70.552,1695,Zone_7,11070,0.64,45.2,Industrial
T00383,R0195,8.58,81.92,159.71,11/28/2023,0,0.293677743,0.07474058,0,Tuesday,November,0,1,0,0,0,0,0,0,0,0,1,0,0,0,5.079601499,2.259677592,9.050966799,0,Aadhya Reddy,33,Male,Kolkata,5/27/2021,72,10,4.97,1,9,Medium,7.813333333,116.0188889,1932,Zone_6,14627,0.54,37.6,Mixed
T00384,R0067,6.46,58.17,128.32,1/28/2023,0,-0.073454158,-0.401686235,0,Saturday,January,0,1,0,0,0,0,0,0,1,0,0,0,0,0,4.862289953,2.009555414,7.626925986,0,Saanvi Iyer,32,Male,Pune,7/24/2022,348,9,3.38,1,13,High,8.697692308,142.0623077,1509,Zone_4,4038,2.46,48.2,Business
T00385,R0110,4.3,21.99,82.52,4/30/2024,0,-0.609122875,-0.887102235,0,Tuesday,April,1,0,0,0,0,0,0,1,0,0,0,0,0,0,4.425086124,1.667706821,4.689349635,0,Vivaan Patel,19,Female,Kolkata,2/4/2023,224,28,4.43,0,7,Medium,8.502857143,135.24,1314,Zone_3,12971,2.11,38,Business
T00386,R0009,9.44,90.19,229.79,8/8/2023,1,1.113321055,0.268008062,0,Tuesday,August,0,0,1,0,0,0,1,0,0,0,0,0,0,0,5.441508206,2.345644582,9.49684158,0,Diya Patel,42,Female,Ahmedabad,12/15/2019,172,21,4.11,0,7,Medium,9.268571429,130.9128571,2461,Zone_2,6371,0.91,58.4,Residential
T00387,R0275,9.81,51.13,99.7,3/4/2024,0,-0.408188627,0.351158025,0,Monday,March,0,1,0,0,0,0,0,1,0,0,0,0,0,0,4.6121458,2.380471632,7.150524456,0,Ishaan Das,21,Other,Jaipur,10/4/2022,247,17,3.07,2,4,Low,8.4625,81.5175,1437,Zone_3,12971,2.11,38,Business
T00388,R0112,13.42,97.7,132.57,8/7/2024,0,-0.023746908,1.162431988,0,Wednesday,August,0,1,0,0,0,0,0,0,0,0,0,1,0,0,4.894625685,2.668616132,9.884331035,0,Meera Nair,41,Female,Delhi,11/13/2020,311,11,3.24,0,10,Medium,8.953,115.027,2127,Zone_7,11070,0.64,45.2,Industrial
T00389,R0198,9,71.82,152.12,5/25/2023,0,0.204906442,0.169127025,0,Thursday,May,0,0,0,1,0,0,0,1,0,0,0,0,0,0,5.031221928,2.302585093,8.474668135,0,Vivaan Kumar,31,Other,Mumbai,12/10/2021,202,23,3.85,2,4,Low,9.7775,147.1275,1735,Zone_3,12971,2.11,38,Business
T00390,R0296,3.73,22.49,81.24,1/10/2024,1,-0.624093529,-1.015198124,0,Wednesday,January,0,0,1,0,0,1,0,0,0,0,0,0,0,0,4.409641802,1.553925203,4.742362281,0,Reyansh Patel,37,Other,Hyderabad,2/20/2021,390,58,3.97,2,7,Medium,11.35142857,186.6371429,2028,Zone_10,2440,1.54,35.4,Industrial
T00391,R0094,0.12,0.86,3.27,5/15/2024,1,-1.561747701,-1.826472087,0,Wednesday,May,0,1,0,0,0,0,1,0,0,0,0,0,0,0,1.451613827,0.113328685,0.92736185,0,Diya Iyer,41,Other,Delhi,4/13/2023,480,62,4.87,2,6,Medium,7.953333333,124.9333333,1246,Zone_2,6371,0.91,58.4,Residential
T00392,R0014,7.36,66.1,171.59,5/7/2023,1,0.432624126,-0.199429568,0,Sunday,May,0,0,0,1,1,0,0,0,0,0,0,0,0,0,5.15091884,2.123458427,8.13019065,0,Aarav Das,26,Female,Ahmedabad,6/8/2021,325,53,3,0,6,Medium,7.031666667,146.8333333,1920,Zone_1,4921,2.43,30.9,Residential
T00393,R0173,7.86,54.7,159.7,6/3/2023,1,0.293560784,-0.087064753,0,Saturday,June,0,1,0,0,0,0,0,0,0,0,0,1,0,0,5.079539273,2.181546765,7.395944835,0,Saanvi Ghosh,26,Other,Mumbai,1/15/2020,389,55,4.28,2,7,Medium,7.148571429,123.0671429,2430,Zone_7,11070,0.64,45.2,Industrial
T00394,R0068,7.51,70.61,110.17,5/28/2023,0,-0.285733355,-0.165720124,0,Sunday,May,1,0,0,0,0,0,0,0,1,0,0,0,0,0,4.711060561,2.141241943,8.402975663,0,Meera Singh,30,Female,Ahmedabad,8/31/2022,456,70,4.97,0,9,Medium,7.977777778,122.2922222,1471,Zone_4,4038,2.46,48.2,Business
T00395,R0051,0.35,2.22,3.27,8/15/2024,0,-1.536016889,-1.774784272,0,Thursday,August,1,0,0,0,0,0,0,0,0,0,0,0,0,1,1.451613827,0.300104592,1.489966443,0,Aarav Nair,21,Male,Kolkata,4/5/2020,213,14,4.02,1,10,Medium,5.918,110.102,2349,Zone_9,11037,1.83,56.1,Mixed
T00396,R0208,13.37,91.14,196.06,1/22/2023,0,0.718820928,1.151195507,0,Sunday,January,0,1,0,0,0,0,0,1,0,0,0,0,0,0,5.283508251,2.6651427,9.546727188,0,Aadhya Iyer,24,Other,Chennai,1/8/2020,356,53,4.75,2,6,Medium,8.236666667,100.355,2437,Zone_3,12971,2.11,38,Business
T00397,R0256,13.36,71.18,261.94,7/8/2024,0,1.489341781,1.14894821,0,Monday,July,0,0,1,0,1,0,0,0,0,0,0,0,0,0,5.571925869,2.664446564,8.436824047,0,Aadhya Sharma,31,Female,Delhi,3/25/2021,265,8,3.65,0,6,Medium,6.908333333,125.6333333,1995,Zone_1,4921,2.43,30.9,Residential
T00398,R0124,3.88,37.71,93.97,10/2/2023,1,-0.475205696,-0.98148868,0,Monday,October,1,0,0,0,0,1,0,0,0,0,0,0,0,0,4.553561052,1.58514522,6.140846847,0,Aadhya Das,37,Other,Hyderabad,6/9/2022,419,25,3.59,2,5,Low,8.516,128.67,1554,Zone_10,2440,1.54,35.4,Industrial
T00399,R0129,12.03,83.87,251.96,6/25/2024,1,1.372617462,0.850057803,0,Tuesday,June,0,0,0,1,0,0,0,0,0,0,1,0,0,0,5.533231373,2.567254391,9.158056562,0,Vivaan Singh,35,Male,Hyderabad,10/8/2022,158,10,3.9,1,11,High,8.170909091,137.1181818,1433,Zone_6,14627,0.54,37.6,Mixed
T00400,R0254,12.76,94.88,248.24,1/1/2024,0,1.329108999,1.014110433,0,Monday,January,0,0,1,0,0,0,0,1,0,0,0,0,0,0,5.518416288,2.621765833,9.74063653,0,Meera Kumar,18,Male,Delhi,3/9/2020,363,70,3.68,1,7,Medium,11.76714286,173.5142857,2376,Zone_3,12971,2.11,38,Business
T00401,R0273,8.19,69.1,106.28,1/29/2024,0,-0.331230108,-0.012903975,0,Monday,January,0,0,1,0,0,0,1,0,0,0,0,0,0,0,4.675442239,2.218115936,8.312640976,0,Aadhya Nair,43,Male,Delhi,9/17/2022,289,48,3.76,1,6,Medium,12.475,159.5783333,1454,Zone_2,6371,0.91,58.4,Residential
T00402,R0258,3.26,29.49,44.3,6/20/2024,0,-1.05613725,-1.12082105,0,Thursday,June,0,0,0,1,0,0,0,0,0,0,1,0,0,0,3.813307032,1.44926916,5.430469593,0,Vivaan Nair,32,Female,Jaipur,1/29/2020,313,39,3.76,0,5,Low,5.846,99.87,2416,Zone_6,14627,0.54,37.6,Mixed
T00403,R0009,16.07,154.61,132.04,3/8/2024,0,-0.029945694,1.757965507,0,Friday,March,0,1,0,0,0,0,0,1,0,0,0,0,0,0,4.890649835,2.837322537,12.43422696,0,Diya Patel,42,Female,Ahmedabad,12/15/2019,172,21,4.11,0,7,Medium,9.268571429,130.9128571,2461,Zone_3,12971,2.11,38,Business
T00404,R0266,9.9,93.13,150.23,5/2/2023,0,0.182801336,0.371383692,0,Tuesday,May,0,0,1,0,0,0,0,0,1,0,0,0,0,0,5.018801857,2.388762789,9.650388593,0,Diya Reddy,29,Other,Chennai,9/25/2020,98,13,3.9,2,9,Medium,8.107777778,138.6055556,2176,Zone_4,4038,2.46,48.2,Business
T00405,R0079,6.74,35.29,90.18,3/1/2024,0,-0.519532867,-0.338761938,0,Friday,March,0,0,0,1,0,0,0,0,1,0,0,0,0,0,4.512835575,2.046401688,5.940538696,0,Ishaan Nair,25,Male,Bengaluru,9/23/2020,146,28,4.92,1,4,Low,9.115,153.1025,2178,Zone_4,4038,2.46,48.2,Business
T00406,R0283,11.86,115.04,274.75,2/27/2024,1,1.63916528,0.811853766,0,Tuesday,February,0,0,0,1,1,0,0,0,0,0,0,0,0,0,5.619494658,2.554121719,10.72567014,0,Diya Nair,19,Male,Surat,6/15/2023,245,45,3.55,1,7,Medium,7.995714286,144.7471429,1183,Zone_1,4921,2.43,30.9,Residential
T00407,R0106,16.11,85.39,157.69,5/8/2024,0,0.270052179,1.766954692,0,Wednesday,May,1,0,0,0,1,0,0,0,0,0,0,0,0,0,5.066952614,2.839663088,9.240670971,0,Aarav Patel,32,Other,Bengaluru,11/25/2021,6,1,4.03,2,4,Low,9.9175,109.655,1750,Zone_1,4921,2.43,30.9,Residential
T00408,R0132,5.51,42.54,85.51,2/15/2024,0,-0.574152363,-0.615179383,0,Thursday,February,0,0,1,0,0,0,0,0,0,1,0,0,0,0,4.460260014,1.873339456,6.522269544,0,Aadhya Iyer,23,Male,Surat,12/9/2022,484,25,3.32,1,11,High,6.309090909,99.27181818,1371,Zone_5,2590,1.31,43.9,Business
T00409,R0186,11.46,111.49,132.95,10/10/2023,0,-0.019302495,0.721961914,0,Tuesday,October,0,0,1,0,0,0,0,0,0,0,0,0,1,0,4.897466596,2.522523513,10.55888252,0,Ishaan Sharma,18,Other,Hyderabad,12/11/2020,373,19,3.26,2,7,Medium,9.797142857,134.1171429,2099,Zone_8,4516,1.93,31,Business
T00410,R0098,17.72,114.01,300.05,9/8/2023,0,1.935069615,2.128769396,0,Friday,September,0,0,1,0,0,1,0,0,0,0,0,0,0,0,5.707276364,2.929592471,10.67754653,0,Diya Singh,21,Other,Bengaluru,4/29/2023,286,56,3.5,2,8,Medium,8.85875,133.96875,1230,Zone_10,2440,1.54,35.4,Industrial
T00411,R0103,2.42,21.19,39.08,6/18/2023,0,-1.117189449,-1.309593939,0,Sunday,June,0,1,0,0,0,0,0,0,1,0,0,0,0,0,3.690877457,1.229640551,4.603259715,0,Ishaan Gupta,37,Other,Surat,11/24/2022,175,14,3.07,2,9,Medium,7.936666667,137.3822222,1386,Zone_4,4038,2.46,48.2,Business
T00412,R0153,5.25,49.11,64.3,1/7/2023,0,-0.822220779,-0.673609087,0,Saturday,January,1,0,0,0,0,0,0,0,0,0,0,1,0,0,4.178992036,1.832581464,7.007852738,0,Aadhya Ghosh,20,Male,Mumbai,5/4/2020,76,14,4.54,1,5,Low,5.768,92.19,2320,Zone_7,11070,0.64,45.2,Industrial
T00413,R0172,5.01,40.1,53.07,1/2/2024,0,-0.953564877,-0.727544198,0,Tuesday,January,0,0,1,0,0,0,0,0,0,0,0,0,1,0,3.990279503,1.793424749,6.33245608,0,Reyansh Reddy,31,Other,Pune,12/24/2019,168,14,3.72,2,11,High,7.713636364,135.3281818,2452,Zone_8,4516,1.93,31,Business
T00414,R0049,7.21,67.64,164.58,2/8/2024,1,0.350636403,-0.233139012,0,Thursday,February,0,0,0,1,0,0,0,0,0,0,0,0,1,0,5.109454462,2.105352923,8.224354078,0,Meera Iyer,39,Male,Mumbai,5/19/2020,375,55,4.4,1,6,Medium,9.728333333,163.4,2305,Zone_8,4516,1.93,31,Business
T00415,R0245,6.95,36.19,144.82,7/1/2023,1,0.11952693,-0.291568716,0,Saturday,July,0,0,1,0,0,1,0,0,0,0,0,0,0,0,4.982372984,2.073171929,6.015812497,0,Diya Sharma,35,Female,Hyderabad,3/4/2020,265,48,4.73,0,5,Low,7.944,150.266,2381,Zone_10,2440,1.54,35.4,Industrial
T00416,R0123,9.5,49.27,219.89,5/26/2024,1,0.997532402,0.28149184,0,Sunday,May,1,0,0,0,0,0,0,0,0,0,0,0,1,0,5.39766484,2.351375257,7.01925922,0,Meera Ghosh,32,Male,Bengaluru,6/24/2023,156,26,3.31,1,4,Low,9.425,178.795,1174,Zone_8,4516,1.93,31,Business
T00417,R0030,3.9,26.49,53.68,4/23/2024,0,-0.946430425,-0.976994087,0,Tuesday,April,1,0,0,0,0,0,0,0,0,0,0,0,1,0,4.001498012,1.589235205,5.146843693,0,Saanvi Patel,25,Other,Mumbai,1/8/2021,442,58,3.72,2,11,High,7.368181818,144.1136364,2071,Zone_8,4516,1.93,31,Business
T00418,R0261,4.89,34.6,109,6/4/2023,1,-0.299417468,-0.754511753,0,Sunday,June,0,1,0,0,0,0,0,1,0,0,0,0,0,0,4.700480366,1.773255998,5.882176468,0,Aarav Kumar,31,Male,Pune,8/26/2022,477,83,4.24,1,6,Medium,8.195,108.2883333,1476,Zone_3,12971,2.11,38,Business
T00419,R0171,9.51,59.25,86.21,7/2/2024,0,-0.565965286,0.283739136,0,Tuesday,July,1,0,0,0,1,0,0,0,0,0,0,0,0,0,4.468319003,2.352327185,7.697402159,0,Kavya Singh,23,Female,Jaipur,5/13/2019,276,19,4.3,0,4,Low,3.03,35.78,2677,Zone_1,4921,2.43,30.9,Residential
T00420,R0232,8.77,78.52,188.49,5/16/2023,1,0.630283544,0.11743921,0,Tuesday,May,1,0,0,0,0,1,0,0,0,0,0,0,0,0,5.244336253,2.279316466,8.861151167,0,Meera Das,38,Male,Jaipur,12/8/2022,172,15,3.94,1,13,High,7.169230769,114.68,1372,Zone_10,2440,1.54,35.4,Industrial
T00421,R0132,12.37,80.33,158.37,4/25/2024,0,0.278005339,0.926465877,0,Thursday,April,0,0,0,1,0,0,0,0,0,0,0,0,1,0,5.071228543,2.593013391,8.962700486,0,Aadhya Iyer,23,Male,Surat,12/9/2022,484,25,3.32,1,11,High,6.309090909,99.27181818,1371,Zone_8,4516,1.93,31,Business
T00422,R0298,10.05,61.85,106.57,7/13/2024,0,-0.327838319,0.405093136,0,Saturday,July,1,0,0,0,1,0,0,0,0,0,0,0,0,0,4.678141798,2.402430428,7.864477096,0,Vivaan Singh,35,Female,Ahmedabad,3/25/2020,65,11,3.88,0,7,Medium,9.027142857,143.2014286,2360,Zone_1,4921,2.43,30.9,Residential
T00423,R0126,11.86,84.04,104.63,5/13/2024,0,-0.350528217,0.811853766,0,Monday,May,0,1,0,0,0,0,0,0,1,0,0,0,0,0,4.659942422,2.554121719,9.167333309,0,Diya Reddy,29,Female,Surat,9/25/2022,411,20,3.65,0,6,Medium,5.95,69.15333333,1446,Zone_4,4038,2.46,48.2,Business
T00424,R0224,2.29,16.33,23.04,7/23/2024,0,-1.304790458,-1.338808791,0,Tuesday,July,1,0,0,0,0,0,0,0,0,0,0,0,0,1,3.17971911,1.190887565,4.04103947,0,Ishaan Sharma,29,Female,Ahmedabad,8/4/2020,200,1,4.31,0,7,Medium,5.958571429,73.44857143,2228,Zone_9,11037,1.83,56.1,Mixed
T00425,R0280,6.08,41.88,74.74,5/10/2023,0,-0.700116382,-0.487083494,0,Wednesday,May,0,0,1,0,0,0,0,0,0,0,0,1,0,0,4.327306422,1.957273908,6.471475875,0,Saanvi Gupta,26,Other,Chennai,5/31/2023,172,23,4.43,2,6,Medium,8.461666667,122.55,1198,Zone_7,11070,0.64,45.2,Industrial
T00426,R0177,17.24,167.72,310.76,10/16/2023,0,2.060331885,2.020899174,0,Monday,October,0,0,1,0,0,0,0,0,0,0,0,0,0,1,5.742233661,2.903616985,12.95067566,0,Ishaan Reddy,34,Other,Bengaluru,2/15/2023,489,63,4.48,2,12,High,9.645,155.5633333,1303,Zone_9,11037,1.83,56.1,Mixed
T00427,R0116,9.96,63.62,227.53,11/16/2023,1,1.086888494,0.384867469,0,Thursday,November,0,1,0,0,0,0,0,0,0,0,0,1,0,0,5.431667493,2.394252282,7.976214641,0,Ishaan Kumar,34,Female,Bengaluru,2/8/2020,238,30,4.58,0,5,Low,10.122,158.832,2406,Zone_7,11070,0.64,45.2,Industrial
T00428,R0252,11.74,101.14,211.83,5/16/2024,0,0.903264064,0.78488621,0,Thursday,May,1,0,0,0,0,0,0,0,0,0,1,0,0,0,5.360493725,2.54474665,10.05683847,0,Reyansh Gupta,38,Other,Ahmedabad,9/23/2020,392,47,4.83,2,16,High,6.275625,105.128125,2178,Zone_6,14627,0.54,37.6,Mixed
T00429,R0022,9.36,52.4,222.66,2/19/2023,1,1.029929833,0.250029691,0,Sunday,February,0,0,1,0,0,0,0,0,0,0,0,1,0,0,5.410127042,2.337952237,7.238784428,0,Aarav Nair,43,Female,Kolkata,9/14/2020,220,1,3.32,0,7,Medium,7.464285714,118.1742857,2187,Zone_7,11070,0.64,45.2,Industrial
T00430,R0108,10.13,52.56,173.97,2/23/2024,0,0.460460186,0.423071506,0,Friday,February,1,0,0,0,0,0,0,0,0,0,1,0,0,0,5.164614531,2.409644165,7.249827584,0,Reyansh Gupta,18,Male,Pune,5/31/2019,184,32,4.88,1,7,Medium,6.228571429,124.9842857,2659,Zone_6,14627,0.54,37.6,Mixed
T00431,R0036,6.85,61.24,133.58,2/26/2024,0,-0.011934126,-0.314041679,0,Monday,February,0,1,0,0,0,0,1,0,0,0,0,0,0,0,4.902158818,2.060513532,7.825599019,0,Aadhya Das,30,Female,Surat,3/16/2022,177,15,4.9,0,7,Medium,9.31,148.7885714,1639,Zone_2,6371,0.91,58.4,Residential
T00432,R0075,25.86,178.53,344.97,6/26/2024,0,2.460446008,3.958068582,0,Wednesday,June,0,1,0,0,0,0,0,0,0,0,1,0,0,0,5.846352066,3.290638191,13.36151189,0,Diya Reddy,18,Female,Mumbai,4/30/2021,108,7,4.83,0,4,Low,11.7875,176.2025,1959,Zone_6,14627,0.54,37.6,Mixed
T00433,R0132,6.02,37.05,97.71,3/20/2023,0,-0.431463316,-0.500567272,0,Monday,March,0,0,0,1,0,0,0,0,0,0,1,0,0,0,4.592186258,1.948763218,6.086871117,0,Aadhya Iyer,23,Male,Surat,12/9/2022,484,25,3.32,1,11,High,6.309090909,99.27181818,1371,Zone_6,14627,0.54,37.6,Mixed
T00434,R0113,7.81,68.77,146.59,5/7/2023,0,0.140228538,-0.098301235,0,Sunday,May,0,1,0,0,0,0,0,0,0,0,1,0,0,0,4.994438159,2.17588744,8.292767934,0,Aadhya Singh,26,Other,Chennai,3/9/2019,423,26,4.61,2,8,Medium,6.8775,137.03625,2742,Zone_6,14627,0.54,37.6,Mixed
T00435,R0118,4.12,33.38,98.53,8/3/2024,1,-0.42187274,-0.927553568,0,Saturday,August,1,0,0,0,0,0,0,1,0,0,0,0,0,0,4.600459106,1.633154439,5.77754273,0,Reyansh Gupta,29,Male,Surat,9/26/2023,165,24,4.13,1,4,Low,9.555,133.1725,1080,Zone_3,12971,2.11,38,Business
T00436,R0155,13.53,122.37,318.68,7/5/2023,1,2.152962808,1.187152247,0,Wednesday,July,0,1,0,0,1,0,0,0,0,0,0,0,0,0,5.767320495,2.676215478,11.06209745,0,Meera Reddy,23,Male,Hyderabad,2/10/2019,353,8,3.14,1,8,Medium,7.61375,116.46375,2769,Zone_1,4921,2.43,30.9,Residential
T00437,R0167,5.24,44.91,76.91,2/3/2024,0,-0.674736445,-0.675856383,0,Saturday,February,1,0,0,0,1,0,0,0,0,0,0,0,0,0,4.355554314,1.830980182,6.701492371,0,Kavya Nair,44,Male,Hyderabad,8/25/2022,117,5,4.75,1,7,Medium,9.187142857,153.65,1477,Zone_1,4921,2.43,30.9,Residential
T00438,R0147,7.7,47.39,74.01,11/17/2023,0,-0.708654333,-0.123021494,0,Friday,November,0,0,0,1,0,0,0,0,1,0,0,0,0,0,4.317621438,2.163323026,6.884039512,0,Saanvi Nair,35,Other,Mumbai,8/29/2022,239,21,3.91,2,8,Medium,7.94375,127.725,1473,Zone_4,4038,2.46,48.2,Business
T00439,R0177,5.36,48.65,47.27,1/29/2023,0,-1.021400654,-0.648888827,0,Sunday,January,0,0,0,1,0,0,0,0,1,0,0,0,0,0,3.87681025,1.850028377,6.974955197,0,Ishaan Reddy,34,Other,Bengaluru,2/15/2023,489,63,4.48,2,12,High,9.645,155.5633333,1303,Zone_4,4038,2.46,48.2,Business
T00440,R0125,7.31,37.33,145.67,9/22/2023,0,0.12946838,-0.21066605,0,Friday,September,0,1,0,0,0,0,1,0,0,0,0,0,0,0,4.988185165,2.117459609,6.109828148,0,Saanvi Ghosh,44,Male,Ahmedabad,4/22/2023,99,19,3.89,1,6,Medium,9.295,186.1266667,1237,Zone_2,6371,0.91,58.4,Residential
T00441,R0259,6.58,37.19,116.31,5/17/2023,0,-0.213920998,-0.374718679,0,Wednesday,May,0,1,0,0,0,0,0,0,0,0,1,0,0,0,4.764820004,2.0255132,6.098360435,0,Aadhya Das,32,Male,Jaipur,6/25/2019,150,27,3.52,1,8,Medium,9.9675,160.385,2634,Zone_6,14627,0.54,37.6,Mixed
T00442,R0229,7.78,70.99,182.86,1/12/2023,1,0.564436057,-0.105043124,0,Thursday,January,1,0,0,0,0,0,1,0,0,0,0,0,0,0,5.214174598,2.172476408,8.425556361,0,Reyansh Ghosh,22,Female,Mumbai,11/23/2020,146,16,4.43,0,5,Low,7.736,137.7,2117,Zone_2,6371,0.91,58.4,Residential
T00443,R0015,7.74,59.73,140.85,8/2/2024,0,0.073094511,-0.114032309,0,Friday,August,0,1,0,0,0,1,0,0,0,0,0,0,0,0,4.954770161,2.16791019,7.728518616,0,Saanvi Patel,28,Other,Chennai,12/19/2022,46,1,3.87,2,5,Low,6,119.57,1361,Zone_10,2440,1.54,35.4,Industrial
T00444,R0188,7.23,46.75,174.1,6/10/2024,1,0.461980643,-0.22864442,0,Monday,June,0,0,0,1,0,0,0,0,0,0,1,0,0,0,5.165357239,2.107786015,6.837397166,0,Vivaan Gupta,24,Male,Delhi,7/16/2020,436,64,3.15,1,4,Low,6.1125,116.61,2247,Zone_6,14627,0.54,37.6,Mixed
T00445,R0133,7.16,40.94,90.92,4/7/2024,0,-0.510877957,-0.244375494,0,Sunday,April,0,1,0,0,0,0,0,1,0,0,0,0,0,0,4.520918634,2.099244169,6.398437309,0,Diya Kumar,25,Female,Delhi,7/13/2019,155,11,4.4,0,9,Medium,7.21,90.80777778,2616,Zone_3,12971,2.11,38,Business
T00446,R0107,14.54,124.1,302.41,8/13/2024,1,1.962671759,1.414129174,0,Tuesday,August,0,0,1,0,0,0,0,0,1,0,0,0,0,0,5.715085026,2.743417345,11.14001795,0,Reyansh Gupta,33,Male,Hyderabad,1/11/2020,179,14,3.66,1,5,Low,6.514,125.586,2434,Zone_4,4038,2.46,48.2,Business
T00447,R0081,12.41,72.07,107.14,8/19/2023,0,-0.3211717,0.935455062,0,Saturday,August,0,1,0,0,0,0,0,0,1,0,0,0,0,0,4.683426684,2.596000697,8.489405162,0,Diya Reddy,42,Other,Mumbai,1/31/2022,114,2,3.9,2,6,Medium,8.82,135.345,1683,Zone_4,4038,2.46,48.2,Business
T00448,R0073,12.44,80.29,212.53,1/8/2023,0,0.911451141,0.942196951,0,Sunday,January,0,0,0,1,0,0,0,0,0,0,0,0,1,0,5.363777338,2.598235335,8.960468738,0,Meera Das,41,Other,Ahmedabad,6/19/2021,490,30,3.01,2,9,Medium,8.734444444,141.7444444,1909,Zone_8,4516,1.93,31,Business
T00449,R0151,4.34,40.27,49.93,1/6/2024,0,-0.990289763,-0.87811305,0,Saturday,January,0,0,1,0,0,0,0,0,0,0,0,1,0,0,3.930452141,1.675225653,6.345864795,0,Meera Reddy,34,Male,Hyderabad,2/25/2023,394,56,5,1,7,Medium,8.987142857,159.1428571,1293,Zone_7,11070,0.64,45.2,Industrial
T00450,R0296,14.28,140.86,313.9,3/26/2024,1,2.097056771,1.35569947,0,Tuesday,March,1,0,0,0,0,0,0,1,0,0,0,0,0,0,5.752255128,2.726544784,11.86844556,0,Reyansh Patel,37,Other,Hyderabad,2/20/2021,390,58,3.97,2,7,Medium,11.35142857,186.6371429,2028,Zone_3,12971,2.11,38,Business
T00451,R0064,13.66,132.11,299.48,6/13/2024,1,1.928402996,1.216367099,0,Thursday,June,1,0,0,0,0,0,1,0,0,0,0,0,0,0,5.705381196,2.685122696,11.49391143,0,Ishaan Nair,21,Female,Bengaluru,9/30/2023,214,2,4.21,0,5,Low,11.312,218.438,1076,Zone_2,6371,0.91,58.4,Residential
T00452,R0087,5.23,26.79,48.52,8/28/2023,0,-1.006780875,-0.678103679,0,Monday,August,0,1,0,0,0,0,0,1,0,0,0,0,0,0,3.902376628,1.829376333,5.175905718,0,Saanvi Das,26,Female,Jaipur,5/11/2021,362,33,3.57,0,3,Low,8.856666667,124.5166667,1948,Zone_3,12971,2.11,38,Business
T00453,R0230,15.62,115.51,156.82,1/8/2023,0,0.259876813,1.656837174,0,Sunday,January,0,1,0,0,0,0,0,0,1,0,0,0,0,0,5.061455143,2.810606789,10.74755786,0,Kavya Gupta,32,Male,Chennai,11/22/2022,183,23,3.65,1,8,Medium,7.3325,113.5275,1388,Zone_4,4038,2.46,48.2,Business
T00454,R0168,4.58,44.62,41.31,6/18/2023,0,-1.091107762,-0.824177939,0,Sunday,June,0,1,0,0,0,0,0,0,0,0,0,0,0,1,3.745023465,1.719188776,6.679820357,0,Diya Das,23,Male,Pune,10/8/2019,471,74,4.03,1,5,Low,7.004,113.862,2529,Zone_9,11037,1.83,56.1,Mixed
T00455,R0262,1.21,8.06,26.79,11/4/2023,1,-1.26093112,-1.581516791,0,Saturday,November,0,1,0,0,0,0,0,0,0,0,0,0,1,0,3.324676244,0.792992516,2.839013913,0,Meera Singh,30,Male,Ahmedabad,4/21/2019,6,0,3.35,1,9,Medium,6.624444444,107.4844444,2699,Zone_8,4516,1.93,31,Business
T00456,R0134,13.51,129.59,215.2,4/11/2024,0,0.94267899,1.182657655,0,Thursday,April,0,0,0,1,0,0,0,0,0,1,0,0,0,0,5.376203905,2.674838067,11.38376036,0,Aadhya Singh,34,Male,Jaipur,7/30/2022,410,29,4.59,1,7,Medium,7.974285714,154.9142857,1503,Zone_5,2590,1.31,43.9,Business
T00457,R0035,7.4,67.21,125.26,6/6/2024,0,-0.109243378,-0.190440383,0,Thursday,June,0,0,1,0,0,0,0,0,1,0,0,0,0,0,4.838343273,2.128231706,8.198170528,0,Reyansh Das,39,Male,Kolkata,3/20/2022,392,41,3.49,1,4,Low,7.245,104.9775,1635,Zone_4,4038,2.46,48.2,Business
T00458,R0049,12.88,109.54,291.71,8/12/2024,1,1.837526447,1.041077988,0,Monday,August,0,0,1,0,0,0,0,0,0,0,0,0,1,0,5.679182358,2.630448955,10.46613587,0,Meera Iyer,39,Male,Mumbai,5/19/2020,375,55,4.4,1,6,Medium,9.728333333,163.4,2305,Zone_8,4516,1.93,31,Business
T00459,R0044,4.23,33.09,33.99,6/11/2024,0,-1.17672119,-0.902833309,0,Tuesday,June,0,1,0,0,0,0,0,0,1,0,0,0,0,0,3.555062306,1.654411278,5.752390807,0,Arjun Gupta,36,Female,Hyderabad,8/1/2020,271,5,3.21,0,10,Medium,10.226,166.052,2231,Zone_4,4038,2.46,48.2,Business
T00460,R0033,1.69,14.68,38.42,12/28/2023,1,-1.124908692,-1.473646569,0,Thursday,December,0,0,1,0,1,0,0,0,0,0,0,0,0,0,3.674273302,0.989541194,3.831448812,0,Diya Iyer,18,Female,Chennai,5/22/2019,472,37,3.24,0,5,Low,6.412,121.298,2668,Zone_1,4921,2.43,30.9,Residential
T00461,R0045,14.16,107.93,251.3,10/14/2023,0,1.364898219,1.328731914,0,Saturday,October,0,0,0,1,1,0,0,0,0,0,0,0,0,0,5.530618856,2.71866038,10.38893642,0,Saanvi Iyer,34,Other,Ahmedabad,7/12/2023,100,16,4.88,2,9,Medium,9.725555556,169.9833333,1156,Zone_1,4921,2.43,30.9,Residential
T00462,R0170,0.96,8.71,12.92,10/24/2023,0,-1.423152192,-1.637699198,0,Tuesday,October,0,1,0,0,0,0,0,0,0,0,0,0,0,1,2.633326655,0.672944473,2.951270913,0,Saanvi Kumar,29,Other,Bengaluru,5/20/2020,28,3,3.68,2,7,Medium,7.644285714,134.8157143,2304,Zone_9,11037,1.83,56.1,Mixed
T00463,R0039,0.19,0.98,3.37,2/12/2024,0,-1.534847306,-1.810741013,0,Monday,February,0,1,0,0,0,0,0,0,0,0,0,0,1,0,1.474763009,0.173953307,0.989949494,0,Aadhya Iyer,24,Male,Chennai,11/18/2023,190,14,4.2,1,7,Medium,4.837142857,72.58,1027,Zone_8,4516,1.93,31,Business
T00464,R0242,1.63,12.85,13.09,3/12/2024,0,-1.421163902,-1.487130346,0,Tuesday,March,0,0,0,1,0,0,0,0,0,0,1,0,0,0,2.645465326,0.966983846,3.584689666,0,Kavya Iyer,34,Male,Ahmedabad,6/5/2022,445,8,4.54,1,7,Medium,3.752857143,46.88428571,1558,Zone_6,14627,0.54,37.6,Mixed
T00465,R0294,5.97,39.2,130.88,10/12/2023,1,-0.043512849,-0.511803753,0,Thursday,October,1,0,0,0,0,0,0,0,0,1,0,0,0,0,4.881892418,1.941615225,6.260990337,0,Arjun Reddy,24,Male,Surat,4/2/2021,41,7,3.2,1,7,Medium,8.097142857,119.3428571,1987,Zone_5,2590,1.31,43.9,Business
T00466,R0245,2.8,24.45,37.18,5/11/2024,0,-1.139411513,-1.22419668,0,Saturday,May,0,0,1,0,0,0,0,0,0,0,0,0,1,0,3.642311818,1.335001067,4.944694126,0,Diya Sharma,35,Female,Hyderabad,3/4/2020,265,48,4.73,0,5,Low,7.944,150.266,2381,Zone_8,4516,1.93,31,Business
T00467,R0251,2.85,18.25,47.1,9/6/2023,0,-1.023388944,-1.212960198,0,Wednesday,September,0,0,1,0,0,0,0,0,0,0,0,0,1,0,3.873282177,1.348073148,4.272001873,0,Vivaan Iyer,46,Female,Mumbai,1/13/2020,213,26,4.48,0,5,Low,7.682,152.516,2432,Zone_8,4516,1.93,31,Business
T00468,R0112,7.82,40.71,120.44,11/30/2023,0,-0.165617247,-0.096053938,0,Thursday,November,0,1,0,0,0,0,0,0,0,1,0,0,0,0,4.799420314,2.17702187,6.380438856,0,Meera Nair,41,Female,Delhi,11/13/2020,311,11,3.24,0,10,Medium,8.953,115.027,2127,Zone_5,2590,1.31,43.9,Business
T00469,R0261,3.18,23.36,70.05,10/18/2023,1,-0.754969794,-1.13879942,0,Wednesday,October,1,0,0,0,1,0,0,0,0,0,0,0,0,0,4.263383855,1.430311247,4.833218389,0,Aarav Kumar,31,Male,Pune,8/26/2022,477,83,4.24,1,6,Medium,8.195,108.2883333,1476,Zone_1,4921,2.43,30.9,Residential
T00470,R0181,2.53,19.07,56.62,6/26/2024,1,-0.912044704,-1.28487368,0,Wednesday,June,0,0,0,1,0,0,0,0,0,1,0,0,0,0,4.05386973,1.261297871,4.366921112,0,Arjun Patel,32,Male,Hyderabad,1/9/2019,349,32,3.75,1,3,Low,9.89,154.6633333,2801,Zone_5,2590,1.31,43.9,Business
T00471,R0273,19.66,158.79,212.08,8/15/2024,0,0.90618802,2.564744878,0,Thursday,August,0,1,0,0,0,0,0,0,0,1,0,0,0,0,5.361667682,3.028199464,12.60119042,0,Aadhya Nair,43,Male,Delhi,9/17/2022,289,48,3.76,1,6,Medium,12.475,159.5783333,1454,Zone_5,2590,1.31,43.9,Business
T00472,R0120,9.73,83.96,146.57,3/30/2023,0,0.139994622,0.333179654,0,Thursday,March,0,1,0,0,0,0,0,0,0,1,0,0,0,0,4.994302639,2.373043557,9.162968951,0,Ishaan Gupta,18,Other,Surat,7/12/2020,311,15,4.55,2,8,Medium,8.525,126.74375,2251,Zone_5,2590,1.31,43.9,Business
T00473,R0172,8.26,50.02,199.22,2/18/2024,1,0.75577973,0.002827099,0,Sunday,February,0,0,1,0,0,0,0,0,0,0,1,0,0,0,5.299416762,2.225704049,7.072481884,0,Reyansh Reddy,31,Other,Pune,12/24/2019,168,14,3.72,2,11,High,7.713636364,135.3281818,2452,Zone_6,14627,0.54,37.6,Mixed
T00474,R0217,0.1,0.67,3.27,8/17/2023,1,-1.547478796,-1.83096668,0,Thursday,August,0,0,0,1,0,0,0,0,1,0,0,0,0,0,1.451613827,0.09531018,0.818535277,0,Kavya Iyer,39,Other,Jaipur,3/3/2023,104,5,3.52,2,5,Low,8.488,151.166,1287,Zone_4,4038,2.46,48.2,Business
T00475,R0010,6.77,51.15,72.84,1/12/2023,0,-0.722338447,-0.33202005,0,Thursday,January,0,0,1,0,0,0,0,0,1,0,0,0,0,0,4.30190059,2.050270164,7.151922818,0,Vivaan Gupta,25,Female,Surat,5/14/2023,173,1,3.38,0,9,Medium,9.472222222,133.8344444,1215,Zone_4,4038,2.46,48.2,Business
T00476,R0070,8.24,56.92,150.77,6/9/2023,0,0.18911708,-0.001667494,0,Friday,June,0,1,0,0,0,1,0,0,0,0,0,0,0,0,5.022366217,2.223541886,7.544534446,0,Meera Reddy,33,Male,Bengaluru,1/3/2023,310,6,3.54,1,7,Medium,12.83,236.3842857,1346,Zone_10,2440,1.54,35.4,Industrial
T00477,R0143,0.03,0.22,3.27,7/26/2024,1,-1.567244738,-1.846697754,0,Friday,July,0,1,0,0,0,0,0,0,1,0,0,0,0,0,1.451613827,0.029558802,0.469041576,0,Meera Kumar,42,Other,Kolkata,3/28/2023,74,13,4.56,2,8,Medium,6.13875,107.915,1262,Zone_4,4038,2.46,48.2,Business
T00478,R0237,8.63,63.21,201.88,8/21/2023,1,0.78689062,0.085977062,0,Monday,August,0,0,1,0,0,0,0,0,0,0,0,0,1,0,5.312614671,2.264883226,7.950471684,0,Aadhya Nair,40,Male,Chennai,12/13/2022,36,3,3.71,1,10,Medium,9.737,175.97,1367,Zone_8,4516,1.93,31,Business
T00479,R0062,13.96,88.15,160.7,3/2/2024,0,0.305256608,1.283785988,0,Saturday,March,0,0,1,0,0,1,0,0,0,0,0,0,0,0,5.085742767,2.705379973,9.388823142,0,Kavya Sharma,38,Male,Jaipur,5/13/2019,57,3,3.58,1,7,Medium,9.435714286,127.0728571,2677,Zone_10,2440,1.54,35.4,Industrial
T00480,R0022,6.26,40.23,59.35,5/26/2023,0,-0.880115106,-0.446632161,0,Friday,May,0,0,1,0,0,0,0,0,0,0,0,0,0,1,4.100160948,1.982379829,6.342712354,0,Aarav Nair,43,Female,Kolkata,9/14/2020,220,1,3.32,0,7,Medium,7.464285714,118.1742857,2187,Zone_9,11037,1.83,56.1,Mixed
T00481,R0259,7.01,54.23,151.29,11/19/2023,1,0.195198909,-0.278084938,0,Sunday,November,0,1,0,0,0,0,0,0,0,0,1,0,0,0,5.025786598,2.080690761,7.364102118,0,Aadhya Das,32,Male,Jaipur,6/25/2019,150,27,3.52,1,8,Medium,9.9675,160.385,2634,Zone_6,14627,0.54,37.6,Mixed
T00482,R0004,2.21,18.13,49.89,1/12/2023,1,-0.990757596,-1.356787161,0,Thursday,January,0,1,0,0,0,1,0,0,0,0,0,0,0,0,3.929666441,1.166270937,4.257933771,0,Aarav Nair,19,Other,Kolkata,7/28/2019,464,5,3.19,2,6,Medium,6.201666667,113.8383333,2601,Zone_10,2440,1.54,35.4,Industrial
T00483,R0257,1,9.25,20.02,4/14/2023,1,-1.340111845,-1.628710013,0,Friday,April,0,0,0,1,0,0,0,0,0,0,1,0,0,0,3.045474365,0.693147181,3.041381265,0,Arjun Reddy,36,Other,Delhi,3/11/2023,459,19,4.82,2,7,Medium,8.015714286,117.4614286,1279,Zone_6,14627,0.54,37.6,Mixed
T00484,R0002,13.29,118.88,145.19,11/2/2023,0,0.123854385,1.133217136,0,Thursday,November,1,0,0,0,0,0,0,0,0,1,0,0,0,0,4.984907146,2.659559992,10.90321054,0,Ishaan Nair,39,Female,Mumbai,11/23/2019,70,5,4.12,0,7,Medium,10.81285714,167.9442857,2483,Zone_5,2590,1.31,43.9,Business
T00485,R0196,4.69,45.53,99.57,6/15/2023,1,-0.409709084,-0.799457679,0,Thursday,June,0,0,1,0,0,0,0,0,1,0,0,0,0,0,4.610854002,1.738710248,6.747592163,0,Vivaan Das,18,Male,Hyderabad,6/24/2019,51,9,4.93,1,12,High,7.995833333,135.2858333,2635,Zone_4,4038,2.46,48.2,Business
T00486,R0076,3.35,29.26,53.06,5/6/2024,0,-0.953681836,-1.100595383,0,Monday,May,0,0,1,0,0,0,0,0,1,0,0,0,0,0,3.990094541,1.470175845,5.409251335,0,Reyansh Reddy,40,Male,Bengaluru,1/2/2022,137,13,3.34,1,5,Low,11.354,172.962,1712,Zone_4,4038,2.46,48.2,Business
T00487,R0242,4.54,23.31,73.76,9/19/2023,0,-0.711578289,-0.833167124,0,Tuesday,September,1,0,0,0,0,0,0,0,0,0,0,1,0,0,4.314282983,1.711994501,4.828043082,0,Kavya Iyer,34,Male,Ahmedabad,6/5/2022,445,8,4.54,1,7,Medium,3.752857143,46.88428571,1558,Zone_7,11070,0.64,45.2,Industrial
T00488,R0086,7.71,51.69,103.17,5/18/2024,0,-0.367604119,-0.120774198,0,Saturday,May,0,0,0,1,0,0,0,0,0,1,0,0,0,0,4.64602418,2.164471791,7.189575787,0,Vivaan Patel,23,Male,Hyderabad,11/8/2019,337,17,4.56,1,6,Medium,10.78,188.3033333,2498,Zone_5,2590,1.31,43.9,Business
T00489,R0037,2.21,13.05,40.52,3/25/2024,0,-1.100347463,-1.356787161,0,Monday,March,0,0,1,0,0,0,0,0,0,0,0,0,1,0,3.726175239,1.166270937,3.612478374,0,Aadhya Iyer,32,Other,Ahmedabad,11/21/2020,489,6,3.36,2,8,Medium,9.76125,164.3325,2119,Zone_8,4516,1.93,31,Business
T00490,R0067,8.63,78.42,161.07,4/29/2024,0,0.309584063,0.085977062,0,Monday,April,1,0,0,0,0,0,1,0,0,0,0,0,0,0,5.088028341,2.264883226,8.855506761,0,Saanvi Iyer,32,Male,Pune,7/24/2022,348,9,3.38,1,13,High,8.697692308,142.0623077,1509,Zone_2,6371,0.91,58.4,Residential
T00491,R0163,1.2,6.81,16.77,7/6/2024,0,-1.378123271,-1.583764087,0,Saturday,July,0,0,1,0,0,0,0,1,0,0,0,0,0,0,2.877511642,0.78845736,2.60959767,0,Kavya Gupta,33,Other,Ahmedabad,2/20/2020,302,21,3.56,2,3,Low,6.263333333,108.2266667,2394,Zone_3,12971,2.11,38,Business
T00492,R0045,11.87,66.9,296.53,7/17/2024,1,1.893900317,0.814101062,0,Wednesday,July,0,0,1,0,1,0,0,0,0,0,0,0,0,0,5.69551506,2.554899022,8.179242019,0,Saanvi Iyer,34,Other,Ahmedabad,7/12/2023,100,16,4.88,2,9,Medium,9.725555556,169.9833333,1156,Zone_1,4921,2.43,30.9,Residential
T00493,R0038,2.71,22.93,49,3/30/2023,0,-1.001166879,-1.244422346,0,Thursday,March,0,1,0,0,0,0,0,0,1,0,0,0,0,0,3.912023005,1.311031877,4.788527958,0,Aarav Singh,37,Other,Kolkata,2/11/2023,68,7,4.07,2,5,Low,5.946,90.766,1307,Zone_4,4038,2.46,48.2,Business
T00494,R0296,14.6,144.15,132.06,7/11/2023,0,-0.029711778,1.427612951,0,Tuesday,July,1,0,0,0,0,0,0,1,0,0,0,0,0,0,4.890800154,2.747270914,12.00624837,0,Reyansh Patel,37,Other,Hyderabad,2/20/2021,390,58,3.97,2,7,Medium,11.35142857,186.6371429,2028,Zone_3,12971,2.11,38,Business
T00495,R0167,7.95,68.38,178.37,2/10/2024,1,0.51192181,-0.066839086,0,Saturday,February,0,1,0,0,0,0,0,0,0,0,0,1,0,0,5.189450712,2.191653532,8.269220036,0,Kavya Nair,44,Male,Hyderabad,8/25/2022,117,5,4.75,1,7,Medium,9.187142857,153.65,1477,Zone_7,11070,0.64,45.2,Industrial
T00496,R0295,3.77,21.04,33.34,5/9/2024,0,-1.184323476,-1.006208939,0,Thursday,May,0,0,0,1,0,1,0,0,0,0,0,0,0,0,3.536310855,1.562346305,4.586937976,0,Kavya Gupta,18,Female,Delhi,5/29/2019,98,18,3.59,0,9,Medium,4.974444444,58.22666667,2661,Zone_10,2440,1.54,35.4,Industrial
T00497,R0043,12.56,91.02,170.33,12/11/2023,0,0.417887388,0.969164507,0,Monday,December,0,1,0,0,0,0,1,0,0,0,0,0,0,0,5.143591521,2.607124283,9.540440241,0,Diya Kumar,28,Male,Ahmedabad,12/10/2021,85,16,4.68,1,9,Medium,7.462222222,95.83333333,1735,Zone_2,6371,0.91,58.4,Residential
T00498,R0113,1.13,5.93,27.77,1/17/2024,1,-1.249469213,-1.599495161,0,Wednesday,January,0,1,0,0,0,0,0,0,0,0,0,0,1,0,3.359333178,0.75612198,2.435159132,0,Aadhya Singh,26,Other,Chennai,3/9/2019,423,26,4.61,2,8,Medium,6.8775,137.03625,2742,Zone_8,4516,1.93,31,Business
T00499,R0100,5.26,43.63,102.93,4/2/2023,0,-0.370411117,-0.67136179,0,Sunday,April,1,0,0,0,0,0,0,0,0,1,0,0,0,0,4.643717596,1.834180185,6.605300902,0,Ishaan Gupta,28,Male,Delhi,5/24/2021,383,60,3.79,1,12,High,8.454166667,138.1241667,1935,Zone_5,2590,1.31,43.9,Business
T00500,R0033,8,50.09,151.72,1/22/2024,0,0.200228113,-0.055602605,0,Monday,January,1,0,0,0,0,0,0,0,0,0,0,0,0,1,5.028606179,2.197224577,7.077428912,0,Diya Iyer,18,Female,Chennai,5/22/2019,472,37,3.24,0,5,Low,6.412,121.298,2668,Zone_9,11037,1.83,56.1,Mixed
T00501,R0048,7.39,40.87,166.35,5/28/2024,1,0.371338011,-0.192687679,0,Tuesday,May,0,0,0,1,0,1,0,0,0,0,0,0,0,0,5.120087428,2.12704052,6.392964883,0,Kavya Sharma,35,Male,Hyderabad,5/31/2019,207,1,3.02,1,5,Low,5.826,101.256,2659,Zone_10,2440,1.54,35.4,Industrial
T00502,R0256,2.04,11.32,41.24,6/26/2024,1,-1.09192647,-1.394991198,0,Wednesday,June,0,1,0,0,0,0,0,0,0,0,0,0,0,1,3.743367639,1.111857515,3.364520768,0,Aadhya Sharma,31,Female,Delhi,3/25/2021,265,8,3.65,0,6,Medium,6.908333333,125.6333333,1995,Zone_9,11037,1.83,56.1,Mixed
T00503,R0195,3.4,17.39,52.47,7/22/2024,0,-0.960582372,-1.089358902,0,Monday,July,0,0,1,0,0,0,0,0,0,1,0,0,0,0,3.979120749,1.481604541,4.170131892,0,Aadhya Reddy,33,Male,Kolkata,5/27/2021,72,10,4.97,1,9,Medium,7.813333333,116.0188889,1932,Zone_5,2590,1.31,43.9,Business
T00504,R0092,8.84,67.65,83.37,2/27/2023,0,-0.599181425,0.133170284,0,Monday,February,0,0,0,1,0,1,0,0,0,0,0,0,0,0,4.435211888,2.286455711,8.224962006,0,Aarav Nair,21,Male,Surat,7/18/2019,252,23,4.51,1,5,Low,11.438,172.134,2611,Zone_10,2440,1.54,35.4,Industrial
T00505,R0126,1.4,13.21,12.73,4/19/2024,0,-1.425374398,-1.538818161,0,Friday,April,0,0,1,0,0,0,0,0,0,1,0,0,0,0,2.61958322,0.875468737,3.634556369,0,Diya Reddy,29,Female,Surat,9/25/2022,411,20,3.65,0,6,Medium,5.95,69.15333333,1446,Zone_5,2590,1.31,43.9,Business
T00506,R0058,14.33,74.67,196.98,7/7/2023,0,0.729581085,1.366935951,0,Friday,July,0,0,0,1,0,0,0,0,0,0,0,0,0,1,5.288166015,2.729811693,8.641180475,0,Vivaan Reddy,46,Male,Kolkata,5/31/2021,480,25,4.32,1,8,Medium,9.515,130.43375,1928,Zone_9,11037,1.83,56.1,Mixed
T00507,R0146,10.48,81.92,95.74,2/21/2024,0,-0.454504088,0.501726877,0,Wednesday,February,0,1,0,0,0,0,0,1,0,0,0,0,0,0,4.572026967,2.440606391,9.050966799,0,Kavya Gupta,30,Male,Surat,4/15/2020,80,11,3.89,1,7,Medium,9.634285714,134.0671429,2339,Zone_3,12971,2.11,38,Business
T00508,R0027,5.43,36.8,93.29,2/22/2024,0,-0.483158856,-0.633157753,0,Thursday,February,0,0,1,0,0,0,0,0,1,0,0,0,0,0,4.546375139,1.860974538,6.066300355,0,Ishaan Iyer,39,Male,Jaipur,10/5/2019,403,61,3.98,1,8,Medium,7.22875,103.41,2532,Zone_4,4038,2.46,48.2,Business
T00509,R0040,6.9,44.89,136.69,1/21/2024,0,0.024439885,-0.302805198,0,Sunday,January,0,1,0,0,0,0,0,1,0,0,0,0,0,0,4.925004781,2.066862759,6.7,0,Aarav Gupta,34,Other,Surat,5/5/2023,485,36,4.41,2,10,Medium,8.045,114.075,1224,Zone_3,12971,2.11,38,Business
T00510,R0044,17.31,121.35,305.08,4/4/2024,0,1.993899608,2.036630248,0,Thursday,April,0,0,1,0,0,0,0,0,0,0,1,0,0,0,5.723846506,2.907447359,11.0158976,0,Arjun Gupta,36,Female,Hyderabad,8/1/2020,271,5,3.21,0,10,Medium,10.226,166.052,2231,Zone_6,14627,0.54,37.6,Mixed
T00511,R0255,12.68,79.77,161.39,1/4/2023,0,0.313326726,0.996132062,0,Wednesday,January,0,0,0,1,1,0,0,0,0,0,0,0,0,0,5.090000849,2.615934912,8.931405265,0,Reyansh Sharma,37,Female,Bengaluru,7/6/2021,475,42,3.12,0,8,Medium,9.0025,157.7775,1892,Zone_1,4921,2.43,30.9,Residential
T00512,R0119,9.9,57.09,121.66,5/21/2024,0,-0.151348342,0.371383692,0,Tuesday,May,0,1,0,0,0,0,1,0,0,0,0,0,0,0,4.8094163,2.388762789,7.55579248,0,Saanvi Iyer,47,Male,Hyderabad,5/5/2023,30,1,4.39,1,5,Low,5.846,81.1,1224,Zone_2,6371,0.91,58.4,Residential
T00513,R0203,0.92,6.6,18.93,2/8/2024,1,-1.352860292,-1.646688384,0,Thursday,February,0,1,0,0,0,0,0,0,0,0,0,1,0,0,2.992226134,0.652325186,2.569046516,0,Kavya Gupta,49,Female,Bengaluru,7/25/2023,152,9,3.6,0,5,Low,7.756,139.73,1143,Zone_7,11070,0.64,45.2,Industrial
T00514,R0257,16.15,85.54,168.43,5/20/2023,0,0.395665324,1.775943877,0,Saturday,May,1,0,0,0,0,0,0,1,0,0,0,0,0,0,5.132439862,2.841998174,9.248783704,0,Arjun Reddy,36,Other,Delhi,3/11/2023,459,19,4.82,2,7,Medium,8.015714286,117.4614286,1279,Zone_3,12971,2.11,38,Business
T00515,R0200,13.26,86.99,131.03,11/11/2023,0,-0.041758476,1.126475247,0,Saturday,November,1,0,0,0,0,0,0,1,0,0,0,0,0,0,4.883029169,2.657458415,9.326842981,0,Kavya Kumar,30,Other,Bengaluru,11/15/2021,443,87,3.6,2,4,Low,9.9925,122.3625,1760,Zone_3,12971,2.11,38,Business
T00516,R0103,7.26,67.64,94.7,9/18/2023,0,-0.466667744,-0.221902531,0,Monday,September,0,1,0,0,1,0,0,0,0,0,0,0,0,0,4.561218298,2.111424588,8.224354078,0,Ishaan Gupta,37,Other,Surat,11/24/2022,175,14,3.07,2,9,Medium,7.936666667,137.3822222,1386,Zone_1,4921,2.43,30.9,Residential
T00517,R0055,5.25,28.74,49.29,7/8/2023,0,-0.99777509,-0.673609087,0,Saturday,July,0,0,0,1,0,0,0,1,0,0,0,0,0,0,3.91780625,1.832581464,5.360970061,0,Kavya Singh,32,Male,Delhi,11/7/2021,425,12,4.19,1,8,Medium,8.9625,138.695,1768,Zone_3,12971,2.11,38,Business
T00518,R0291,7.06,49.66,112.18,2/23/2023,0,-0.262224749,-0.266848457,0,Thursday,February,0,0,0,1,0,0,0,0,0,1,0,0,0,0,4.728979472,2.086913557,7.046985171,0,Arjun Ghosh,23,Other,Pune,4/19/2021,499,94,3.46,2,6,Medium,7.741666667,132.5983333,1970,Zone_5,2590,1.31,43.9,Business
T00519,R0180,1.99,19.56,17.39,8/8/2023,0,-1.370871861,-1.40622768,0,Tuesday,August,0,1,0,0,0,0,0,0,0,0,0,1,0,0,2.911807039,1.095273387,4.422668877,0,Diya Kumar,33,Male,Hyderabad,12/3/2019,44,4,4.53,1,3,Low,1.883333333,28.29666667,2473,Zone_7,11070,0.64,45.2,Industrial
T00520,R0221,5.65,30.29,109.51,4/23/2024,0,-0.293452598,-0.583717235,0,Tuesday,April,0,0,1,0,0,1,0,0,0,0,0,0,0,0,4.705106015,1.894616855,5.503635162,0,Diya Patel,21,Female,Delhi,1/13/2021,106,1,4.41,0,8,Medium,7.34125,114.16125,2066,Zone_10,2440,1.54,35.4,Industrial
T00521,R0240,11.82,111.26,263.6,2/13/2024,1,1.508756848,0.802864581,0,Tuesday,February,0,0,1,0,0,1,0,0,0,0,0,0,0,0,5.578219252,2.551006451,10.54798559,0,Aarav Iyer,30,Male,Delhi,5/18/2020,174,2,4.07,1,8,Medium,11.515,152.68375,2306,Zone_10,2440,1.54,35.4,Industrial
T00522,R0131,1.04,5.23,12.62,7/25/2024,0,-1.426660939,-1.619720828,0,Thursday,July,1,0,0,0,0,0,1,0,0,0,0,0,0,0,2.611539301,0.712949808,2.286919325,0,Reyansh Ghosh,24,Male,Surat,10/22/2019,99,7,3.6,1,5,Low,5.394,87.046,2515,Zone_2,6371,0.91,58.4,Residential
T00523,R0044,6.43,50.8,80.02,1/20/2024,0,-0.638362434,-0.408428124,0,Saturday,January,0,0,1,0,0,0,0,0,1,0,0,0,0,0,4.394696038,2.005525859,7.127411872,0,Arjun Gupta,36,Female,Hyderabad,8/1/2020,271,5,3.21,0,10,Medium,10.226,166.052,2231,Zone_4,4038,2.46,48.2,Business
T00524,R0100,8.57,83.49,71.4,1/8/2024,0,-0.739180432,0.072493284,0,Monday,January,0,0,0,1,0,0,0,0,1,0,0,0,0,0,4.282206299,2.258633205,9.137286249,0,Ishaan Gupta,28,Male,Delhi,5/24/2021,383,60,3.79,1,12,High,8.454166667,138.1241667,1935,Zone_4,4038,2.46,48.2,Business
T00525,R0207,8.52,62.34,174.3,11/13/2023,1,0.464319808,0.061256802,0,Monday,November,0,0,0,1,0,0,0,1,0,0,0,0,0,0,5.166498792,2.253394849,7.895568377,0,Ishaan Iyer,31,Male,Mumbai,12/6/2023,47,3,3.93,1,8,Medium,7.93375,153.9325,1009,Zone_3,12971,2.11,38,Business
T00526,R0207,2.11,18.12,29.03,11/20/2023,0,-1.234732475,-1.379260124,0,Monday,November,0,0,0,1,0,0,0,1,0,0,0,0,0,0,3.402196882,1.134622726,4.256759331,0,Ishaan Iyer,31,Male,Mumbai,12/6/2023,47,3,3.93,1,8,Medium,7.93375,153.9325,1009,Zone_3,12971,2.11,38,Business
T00527,R0292,2.09,13.43,47.71,2/19/2024,1,-1.016254492,-1.383754717,0,Monday,February,0,1,0,0,1,0,0,0,0,0,0,0,0,0,3.885884348,1.128171091,3.66469644,0,Diya Patel,37,Female,Jaipur,6/28/2020,141,19,4.39,0,9,Medium,8.817777778,126.4322222,2265,Zone_1,4921,2.43,30.9,Residential
T00528,R0257,13.45,121.78,305.45,5/8/2023,1,1.998227062,1.169173877,0,Monday,May,1,0,0,0,0,0,0,1,0,0,0,0,0,0,5.72505461,2.670694415,11.03539759,0,Arjun Reddy,36,Other,Delhi,3/11/2023,459,19,4.82,2,7,Medium,8.015714286,117.4614286,1279,Zone_3,12971,2.11,38,Business
T00529,R0015,1.88,10.26,33.99,1/28/2024,0,-1.17672119,-1.430947939,0,Sunday,January,0,0,0,1,0,0,0,0,0,0,0,1,0,0,3.555062306,1.057790294,3.203123476,0,Saanvi Patel,28,Other,Chennai,12/19/2022,46,1,3.87,2,5,Low,6,119.57,1361,Zone_7,11070,0.64,45.2,Industrial
T00530,R0112,13.04,99.41,118.18,3/8/2023,0,-0.192049808,1.077034729,0,Wednesday,March,1,0,0,0,1,0,0,0,0,0,0,0,0,0,4.780634955,2.641910399,9.970456359,0,Meera Nair,41,Female,Delhi,11/13/2020,311,11,3.24,0,10,Medium,8.953,115.027,2127,Zone_1,4921,2.43,30.9,Residential
T00531,R0267,5.59,46.5,122.05,4/24/2024,1,-0.146786971,-0.597201013,0,Wednesday,April,0,0,1,0,0,0,1,0,0,0,0,0,0,0,4.812590777,1.885553349,6.819090848,0,Arjun Iyer,37,Other,Jaipur,1/1/2021,131,11,4.5,2,5,Low,9.438,136.338,2078,Zone_2,6371,0.91,58.4,Residential
T00532,R0263,13.4,77.64,221.62,6/3/2023,0,1.017766177,1.157937396,0,Saturday,June,0,0,0,1,1,0,0,0,0,0,0,0,0,0,5.405466282,2.667228207,8.811356309,0,Ishaan Das,31,Other,Chennai,12/30/2020,297,21,3.84,2,12,High,8.718333333,128.9725,2080,Zone_1,4921,2.43,30.9,Residential
T00533,R0172,5.89,32.82,57.12,2/1/2023,0,-0.906196792,-0.529782124,0,Wednesday,February,0,0,1,0,0,0,0,0,0,0,0,1,0,0,4.062509839,1.930071085,5.728874235,0,Reyansh Reddy,31,Other,Pune,12/24/2019,168,14,3.72,2,11,High,7.713636364,135.3281818,2452,Zone_7,11070,0.64,45.2,Industrial
T00534,R0284,2.17,13.05,51.16,6/7/2024,1,-0.9759039,-1.365776346,0,Friday,June,0,0,1,0,0,0,0,0,0,0,0,0,1,0,3.954315918,1.153731588,3.612478374,0,Vivaan Das,28,Female,Surat,7/31/2019,135,19,4.95,0,7,Medium,8.701428571,140.9042857,2598,Zone_8,4516,1.93,31,Business
T00535,R0268,12.28,103.14,253.82,11/20/2023,1,1.394371694,0.90624021,0,Monday,November,0,0,0,1,0,0,0,0,0,1,0,0,0,0,5.540557414,2.586259144,10.15578653,0,Ishaan Kumar,34,Male,Chennai,10/16/2022,10,0,4.6,1,5,Low,8.504,145.216,1425,Zone_5,2590,1.31,43.9,Business
T00536,R0008,7.91,52.23,180.63,10/12/2023,1,0.538354371,-0.075828272,0,Thursday,October,1,0,0,0,0,0,0,0,0,0,1,0,0,0,5.201971651,2.187174241,7.227032586,0,Ishaan Ghosh,28,Female,Jaipur,10/1/2022,215,23,4.02,0,8,Medium,6.03125,111.65875,1440,Zone_6,14627,0.54,37.6,Mixed
T00537,R0183,15.24,150.36,141.28,3/22/2023,0,0.078123715,1.571439914,0,Wednesday,March,0,1,0,0,0,0,0,0,0,0,1,0,0,0,4.957796947,2.787477335,12.26213684,0,Arjun Patel,43,Other,Jaipur,8/27/2022,406,66,3.79,2,8,Medium,7.2225,106.3925,1475,Zone_6,14627,0.54,37.6,Mixed
T00538,R0234,12.46,108.52,224.08,9/2/2023,0,1.046537903,0.946691544,0,Saturday,September,0,1,0,0,1,0,0,0,0,0,0,0,0,0,5.416455895,2.599722324,10.41729331,0,Saanvi Nair,32,Other,Pune,12/1/2022,183,31,3.98,2,9,Medium,7.051111111,126.5277778,1379,Zone_1,4921,2.43,30.9,Residential
T00539,R0172,6.85,45.73,120.22,3/3/2024,0,-0.168190328,-0.314041679,0,Sunday,March,0,0,1,0,0,0,0,0,0,0,1,0,0,0,4.797607077,2.060513532,6.762396025,0,Reyansh Reddy,31,Other,Pune,12/24/2019,168,14,3.72,2,11,High,7.713636364,135.3281818,2452,Zone_6,14627,0.54,37.6,Mixed
T00540,R0023,5.75,56.32,70.29,3/2/2023,0,-0.752162796,-0.561244272,0,Thursday,March,0,1,0,0,0,0,0,0,0,1,0,0,0,0,4.266756065,1.909542505,7.504665216,0,Meera Iyer,24,Other,Jaipur,10/9/2019,176,32,3.21,2,8,Medium,8.11375,149.4525,2528,Zone_5,2590,1.31,43.9,Business
T00541,R0288,8.12,67.78,81.83,10/21/2023,0,-0.617192993,-0.028635049,0,Saturday,October,1,0,0,0,0,0,0,0,0,0,0,0,1,0,4.416790315,2.210469804,8.232860985,0,Diya Ghosh,42,Male,Ahmedabad,8/30/2021,43,5,4.56,1,8,Medium,6.51,99.45,1837,Zone_8,4516,1.93,31,Business
T00542,R0238,8.95,74.18,155.25,3/20/2023,0,0.24151437,0.157890543,0,Monday,March,0,0,0,1,0,0,1,0,0,0,0,0,0,0,5.051457289,2.297572551,8.6127812,0,Reyansh Patel,30,Other,Pune,4/22/2019,362,56,4.91,2,6,Medium,6.455,98.33833333,2698,Zone_2,6371,0.91,58.4,Residential
T00543,R0005,3.59,22.45,59.14,2/19/2023,0,-0.882571229,-1.046660272,0,Sunday,February,0,1,0,0,0,1,0,0,0,0,0,0,0,0,4.096675178,1.523880024,4.738143096,0,Diya Reddy,27,Male,Ahmedabad,5/31/2021,294,30,3.53,1,7,Medium,7.322857143,132.35,1928,Zone_10,2440,1.54,35.4,Industrial
T00544,R0133,12.21,79.45,159.69,1/3/2023,0,0.293443826,0.890509136,0,Tuesday,January,1,0,0,0,0,0,0,1,0,0,0,0,0,0,5.079477043,2.580974119,8.913472948,0,Diya Kumar,25,Female,Delhi,7/13/2019,155,11,4.4,0,9,Medium,7.21,90.80777778,2616,Zone_3,12971,2.11,38,Business
T00545,R0051,6.01,59.55,60.9,8/7/2024,0,-0.861986579,-0.502814568,0,Wednesday,August,0,1,0,0,0,0,0,0,0,1,0,0,0,0,4.12552018,1.947337701,7.716864648,0,Aarav Nair,21,Male,Kolkata,4/5/2020,213,14,4.02,1,10,Medium,5.918,110.102,2349,Zone_5,2590,1.31,43.9,Business
T00546,R0178,5.88,40.04,144.17,6/27/2024,1,0.111924645,-0.53202942,0,Thursday,June,0,0,0,1,0,0,0,0,1,0,0,0,0,0,4.977905469,1.928618652,6.327716808,0,Saanvi Ghosh,27,Male,Delhi,5/15/2021,56,7,3.13,1,7,Medium,9.037142857,148.6485714,1944,Zone_4,4038,2.46,48.2,Business
T00547,R0016,5.3,29.91,48.14,11/8/2023,0,-1.011225287,-0.662372605,0,Wednesday,November,0,0,1,0,0,0,0,0,0,0,0,0,0,1,3.894673367,1.840549633,5.469003566,0,Aarav Iyer,28,Female,Delhi,1/24/2022,356,51,3.06,0,5,Low,8.248,137.536,1690,Zone_9,11037,1.83,56.1,Mixed
T00548,R0211,9.16,68.5,91.28,8/10/2023,0,-0.506667461,0.205083766,0,Thursday,August,0,0,1,0,0,0,0,0,1,0,0,0,0,0,4.524827433,2.318458442,8.276472679,0,Arjun Reddy,36,Female,Mumbai,4/4/2021,435,17,3.63,0,7,Medium,6.582857143,92.26857143,1985,Zone_4,4038,2.46,48.2,Business
T00549,R0046,4.54,30.89,73.67,5/28/2024,0,-0.712630913,-0.833167124,0,Tuesday,May,0,0,0,1,0,0,1,0,0,0,0,0,0,0,4.313078405,1.711994501,5.557877293,0,Vivaan Singh,31,Female,Kolkata,8/16/2019,31,4,3.87,0,8,Medium,10.0025,162.0525,2582,Zone_2,6371,0.91,58.4,Residential
T00550,R0129,8.67,86.27,133.85,1/5/2023,0,-0.008776254,0.094966247,0,Thursday,January,0,0,1,0,0,0,0,0,0,0,1,0,0,0,4.90416305,2.269028309,9.288164512,0,Vivaan Singh,35,Male,Hyderabad,10/8/2022,158,10,3.9,1,11,High,8.170909091,137.1181818,1433,Zone_6,14627,0.54,37.6,Mixed
T00551,R0121,21.83,190.53,354.27,11/27/2023,0,2.569217167,3.052408174,0,Monday,November,0,0,0,1,0,0,0,0,0,0,0,0,0,1,5.872878064,3.128075461,13.80326048,0,Diya Iyer,29,Male,Pune,7/13/2023,378,10,4.17,1,11,High,7.996363636,133.1254545,1155,Zone_9,11037,1.83,56.1,Mixed
T00552,R0005,7.73,64.25,102.14,7/27/2024,0,-0.379650817,-0.116279605,0,Saturday,July,0,1,0,0,0,0,1,0,0,0,0,0,0,0,4.636087289,2.16676537,8.015609771,0,Diya Reddy,27,Male,Ahmedabad,5/31/2021,294,30,3.53,1,7,Medium,7.322857143,132.35,1928,Zone_2,6371,0.91,58.4,Residential
T00553,R0292,5.83,32.17,85.19,6/23/2024,0,-0.577895026,-0.543265902,0,Sunday,June,0,0,0,1,0,0,0,0,0,0,0,1,0,0,4.456554162,1.921324674,5.671860365,0,Diya Patel,37,Female,Jaipur,6/28/2020,141,19,4.39,0,9,Medium,8.817777778,126.4322222,2265,Zone_7,11070,0.64,45.2,Industrial
T00554,R0143,0.34,2.43,6.66,10/27/2023,0,-1.496368047,-1.777031569,0,Friday,October,0,0,0,1,0,0,0,0,0,0,1,0,0,0,2.036011984,0.292669614,1.558845727,0,Meera Kumar,42,Other,Kolkata,3/28/2023,74,13,4.56,2,8,Medium,6.13875,107.915,1262,Zone_6,14627,0.54,37.6,Mixed
T00555,R0293,8.25,70.59,124.79,1/6/2023,0,-0.114740415,0.000579802,0,Friday,January,1,0,0,0,0,0,0,1,0,0,0,0,0,0,4.83461385,2.224623552,8.401785525,0,Arjun Kumar,39,Female,Delhi,10/1/2019,248,44,3.2,0,4,Low,5.605,100.355,2536,Zone_3,12971,2.11,38,Business
T00556,R0175,2.45,19.43,53.43,6/9/2024,1,-0.949354381,-1.30285205,0,Sunday,June,1,0,0,0,0,1,0,0,0,0,0,0,0,0,3.996915472,1.238374231,4.407947368,0,Diya Patel,35,Male,Chennai,8/18/2022,98,8,3.48,1,8,Medium,8.7825,158.37875,1484,Zone_10,2440,1.54,35.4,Industrial
T00557,R0196,6.12,31.21,115.58,1/5/2023,0,-0.222458949,-0.478094309,0,Thursday,January,1,0,0,0,0,1,0,0,0,0,0,0,0,0,4.758577733,1.962907725,5.586591089,0,Vivaan Das,18,Male,Hyderabad,6/24/2019,51,9,4.93,1,12,High,7.995833333,135.2858333,2635,Zone_10,2440,1.54,35.4,Industrial
T00558,R0145,8.76,84.65,94.17,6/29/2023,0,-0.472866531,0.115191914,0,Thursday,June,0,0,0,1,0,0,0,0,0,1,0,0,0,0,4.555664766,2.2782924,9.200543462,0,Saanvi Nair,36,Female,Jaipur,12/9/2022,222,43,4.3,0,4,Low,11.585,163.665,1371,Zone_5,2590,1.31,43.9,Business
T00559,R0010,0.65,4.04,5.95,7/19/2023,0,-1.504672082,-1.707365384,0,Wednesday,July,0,1,0,0,1,0,0,0,0,0,0,0,0,0,1.93874166,0.500775288,2.009975124,0,Vivaan Gupta,25,Female,Surat,5/14/2023,173,1,3.38,0,9,Medium,9.472222222,133.8344444,1215,Zone_1,4921,2.43,30.9,Residential
T00560,R0106,8.79,44.59,85.75,3/8/2023,0,-0.571345365,0.121933803,0,Wednesday,March,0,0,1,0,1,0,0,0,0,0,0,0,0,0,4.463030419,2.281361457,6.67757441,0,Aarav Patel,32,Other,Bengaluru,11/25/2021,6,1,4.03,2,4,Low,9.9175,109.655,1750,Zone_1,4921,2.43,30.9,Residential
T00561,R0278,9.52,81.51,158.21,9/18/2023,0,0.276134007,0.285986432,0,Monday,September,0,0,1,0,0,0,0,0,0,0,0,0,0,1,5.070224086,2.353278207,9.028288874,0,Aarav Reddy,20,Female,Mumbai,9/2/2021,382,58,4.27,0,9,Medium,10.83888889,234.5955556,1834,Zone_9,11037,1.83,56.1,Mixed
T00562,R0242,1.51,13.28,20.21,6/13/2024,0,-1.337889638,-1.514097902,0,Thursday,June,0,0,1,0,0,1,0,0,0,0,0,0,0,0,3.054472769,0.920282753,3.644173432,0,Kavya Iyer,34,Male,Ahmedabad,6/5/2022,445,8,4.54,1,7,Medium,3.752857143,46.88428571,1558,Zone_10,2440,1.54,35.4,Industrial
T00563,R0211,6.04,52.85,79.74,5/8/2023,0,-0.641637264,-0.496072679,0,Monday,May,0,1,0,0,0,0,0,0,0,1,0,0,0,0,4.391234115,1.95160817,7.269800547,0,Arjun Reddy,36,Female,Mumbai,4/4/2021,435,17,3.63,0,7,Medium,6.582857143,92.26857143,1985,Zone_5,2590,1.31,43.9,Business
T00564,R0003,1.15,8.5,17.88,1/26/2023,0,-1.365140907,-1.595000569,0,Thursday,January,0,0,0,1,0,0,0,0,0,1,0,0,0,0,2.938103161,0.765467842,2.915475947,0,Kavya Reddy,34,Male,Pune,5/4/2023,45,9,3.76,1,10,Medium,6.768,97.171,1225,Zone_5,2590,1.31,43.9,Business
T00565,R0139,15.88,90.14,211.49,9/4/2023,0,0.899287485,1.715266877,0,Monday,September,0,0,1,0,0,0,0,0,0,0,0,0,0,1,5.358894928,2.826129489,9.494208761,0,Diya Gupta,44,Other,Kolkata,10/9/2023,155,7,4.39,2,8,Medium,7.365,125.27875,1067,Zone_9,11037,1.83,56.1,Mixed
T00566,R0028,9.65,86.84,188.55,9/29/2023,0,0.630985293,0.315201284,0,Friday,September,0,0,0,1,0,0,0,1,0,0,0,0,0,0,5.244652842,2.365559892,9.318798206,0,Reyansh Sharma,20,Female,Surat,11/11/2023,249,21,3.79,0,8,Medium,10.61,187.43875,1034,Zone_3,12971,2.11,38,Business
T00567,R0177,7.1,55.19,140.55,2/6/2024,0,0.069585764,-0.257859272,0,Tuesday,February,0,0,0,1,0,1,0,0,0,0,0,0,0,0,4.952653012,2.091864062,7.428997241,0,Ishaan Reddy,34,Other,Bengaluru,2/15/2023,489,63,4.48,2,12,High,9.645,155.5633333,1303,Zone_10,2440,1.54,35.4,Industrial
T00568,R0067,7.18,67.45,151.87,4/1/2023,1,0.201982486,-0.239880901,0,Saturday,April,0,0,1,0,0,0,0,0,0,0,0,1,0,0,5.029587887,2.101692151,8.212794896,0,Saanvi Iyer,32,Male,Pune,7/24/2022,348,9,3.38,1,13,High,8.697692308,142.0623077,1509,Zone_7,11070,0.64,45.2,Industrial
T00569,R0077,13.66,71.95,231.84,9/16/2023,0,1.137297493,1.216367099,0,Saturday,September,1,0,0,0,0,0,0,1,0,0,0,0,0,0,5.450351522,2.685122696,8.482334584,0,Reyansh Das,28,Male,Mumbai,9/7/2019,406,72,3.79,1,14,High,10.49,167.4157143,2560,Zone_3,12971,2.11,38,Business
T00570,R0167,7.53,47.67,122.72,8/8/2023,0,-0.138950769,-0.161225531,0,Tuesday,August,1,0,0,0,0,0,0,0,0,0,0,0,0,1,4.818020948,2.143589362,6.904346457,0,Kavya Nair,44,Male,Hyderabad,8/25/2022,117,5,4.75,1,7,Medium,9.187142857,153.65,1477,Zone_9,11037,1.83,56.1,Mixed
T00571,R0167,9.65,81.83,191.62,7/24/2024,0,0.666891471,0.315201284,0,Wednesday,July,0,1,0,0,0,1,0,0,0,0,0,0,0,0,5.260719336,2.365559892,9.045993588,0,Kavya Nair,44,Male,Hyderabad,8/25/2022,117,5,4.75,1,7,Medium,9.187142857,153.65,1477,Zone_10,2440,1.54,35.4,Industrial
T00572,R0086,15.59,152.65,354.96,4/19/2024,1,2.577287285,1.650095285,0,Friday,April,0,0,0,1,0,0,0,1,0,0,0,0,0,0,5.874818365,2.808800104,12.35516086,0,Vivaan Patel,23,Male,Hyderabad,11/8/2019,337,17,4.56,1,6,Medium,10.78,188.3033333,2498,Zone_3,12971,2.11,38,Business
T00573,R0170,6.27,60.88,114.19,2/15/2024,0,-0.238716144,-0.444384864,0,Thursday,February,0,0,1,0,1,0,0,0,0,0,0,0,0,0,4.746582939,1.983756292,7.802563681,0,Saanvi Kumar,29,Other,Bengaluru,5/20/2020,28,3,3.68,2,7,Medium,7.644285714,134.8157143,2304,Zone_1,4921,2.43,30.9,Residential
T00574,R0236,2.54,22.73,20.65,11/5/2023,0,-1.332743476,-1.282626383,0,Sunday,November,0,0,0,1,0,0,0,0,0,0,1,0,0,0,3.075005454,1.264126727,4.767598976,0,Arjun Gupta,28,Male,Ahmedabad,8/10/2020,61,1,3.36,1,11,High,4.546363636,69.86727273,2222,Zone_6,14627,0.54,37.6,Mixed
T00575,R0141,3.88,25.14,92.56,5/26/2024,1,-0.491696807,-0.98148868,0,Sunday,May,0,0,1,0,0,0,0,0,0,0,0,0,1,0,4.538602942,1.58514522,5.013980455,0,Arjun Das,25,Other,Jaipur,7/8/2019,53,0,4.29,2,4,Low,7.58,135.675,2621,Zone_8,4516,1.93,31,Business
T00576,R0049,15.14,80.45,148.79,8/31/2023,0,0.16595935,1.548966951,0,Thursday,August,0,0,0,1,0,1,0,0,0,0,0,0,0,0,5.009234313,2.781300663,8.969392399,0,Meera Iyer,39,Male,Mumbai,5/19/2020,375,55,4.4,1,6,Medium,9.728333333,163.4,2305,Zone_10,2440,1.54,35.4,Industrial
T00577,R0055,8.46,68.07,69.76,1/9/2023,0,-0.758361583,0.047773025,0,Monday,January,0,1,0,0,0,0,0,0,0,0,1,0,0,0,4.259293869,2.247072383,8.250454533,0,Kavya Singh,32,Male,Delhi,11/7/2021,425,12,4.19,1,8,Medium,8.9625,138.695,1768,Zone_6,14627,0.54,37.6,Mixed
T00578,R0007,5.49,44.83,83.51,2/9/2024,0,-0.59754401,-0.619673976,0,Friday,February,0,1,0,0,0,1,0,0,0,0,0,0,0,0,4.436869871,1.870262531,6.695520891,0,Ishaan Ghosh,18,Female,Mumbai,3/26/2021,458,82,4.03,0,6,Medium,6.603333333,99.48666667,1994,Zone_10,2440,1.54,35.4,Industrial
T00579,R0249,12.87,127.32,191.9,5/23/2024,0,0.670166302,1.038830692,0,Thursday,May,0,0,0,1,1,0,0,0,0,0,0,0,0,0,5.26217192,2.629728234,11.28361644,0,Diya Nair,20,Male,Mumbai,3/24/2023,396,48,4.49,1,8,Medium,8.08875,135.06625,1266,Zone_1,4921,2.43,30.9,Residential
T00580,R0284,12.99,102.01,116.95,6/21/2024,0,-0.206435671,1.065798247,0,Friday,June,0,0,1,0,0,0,0,1,0,0,0,0,0,0,4.770260806,2.638342789,10.1,0,Vivaan Das,28,Female,Surat,7/31/2019,135,19,4.95,0,7,Medium,8.701428571,140.9042857,2598,Zone_3,12971,2.11,38,Business
T00581,R0193,5.62,32.23,112.89,12/21/2023,1,-0.253920715,-0.590459124,0,Thursday,December,0,0,0,1,0,0,0,0,0,1,0,0,0,0,4.73523307,1.89009537,5.677147171,0,Kavya Singh,33,Female,Chennai,1/3/2022,389,68,4.41,0,7,Medium,8.012857143,143.6628571,1711,Zone_5,2590,1.31,43.9,Business
T00582,R0177,3.14,17.29,38.14,8/10/2024,0,-1.128183523,-1.147788606,0,Saturday,August,0,1,0,0,0,0,0,0,0,1,0,0,0,0,3.667144962,1.420695788,4.158124577,0,Ishaan Reddy,34,Other,Bengaluru,2/15/2023,489,63,4.48,2,12,High,9.645,155.5633333,1303,Zone_5,2590,1.31,43.9,Business
T00583,R0147,0.15,1.49,3.27,2/10/2023,1,-1.54256655,-1.819730198,0,Friday,February,0,0,0,1,0,0,0,0,0,1,0,0,0,0,1.451613827,0.139761942,1.220655562,0,Saanvi Nair,35,Other,Mumbai,8/29/2022,239,21,3.91,2,8,Medium,7.94375,127.725,1473,Zone_5,2590,1.31,43.9,Business
T00584,R0104,0.97,6.57,11.09,3/4/2024,0,-1.444555549,-1.635451902,0,Monday,March,1,0,0,0,0,0,0,0,0,1,0,0,0,0,2.492378665,0.678033543,2.563201124,0,Diya Gupta,52,Male,Kolkata,5/27/2021,328,1,3.7,1,9,Medium,5.187777778,85.04333333,1932,Zone_5,2590,1.31,43.9,Business
T00585,R0088,6.68,60.36,76.64,8/3/2023,0,-0.677894317,-0.352245716,0,Thursday,August,0,0,0,1,0,0,0,0,0,0,0,0,0,1,4.352082758,2.038619547,7.76916984,0,Diya Iyer,22,Other,Jaipur,7/7/2019,438,0,4.78,2,8,Medium,7.78125,111.72,2622,Zone_9,11037,1.83,56.1,Mixed
T00586,R0040,3.53,33.61,32.14,6/26/2024,0,-1.198358464,-1.06014405,0,Wednesday,June,0,0,1,0,0,0,0,1,0,0,0,0,0,0,3.500741012,1.510721939,5.797413216,0,Aarav Gupta,34,Other,Surat,5/5/2023,485,36,4.41,2,10,Medium,8.045,114.075,1224,Zone_3,12971,2.11,38,Business
T00587,R0176,17.29,129.09,379.63,2/4/2024,1,2.865823251,2.032135655,0,Sunday,February,0,0,0,1,0,0,0,0,0,0,0,0,0,1,5.941827775,2.906354462,11.36177803,0,Kavya Gupta,43,Male,Mumbai,5/24/2019,260,13,3.95,1,6,Medium,15.17666667,273.0116667,2666,Zone_9,11037,1.83,56.1,Mixed
T00588,R0103,8.29,74.64,139.36,6/22/2023,0,0.055667734,0.009568988,0,Thursday,June,1,0,0,0,0,0,0,0,0,0,0,1,0,0,4.944210551,2.228938553,8.639444427,0,Ishaan Gupta,37,Other,Surat,11/24/2022,175,14,3.07,2,9,Medium,7.936666667,137.3822222,1386,Zone_7,11070,0.64,45.2,Industrial
T00589,R0149,1.71,13.77,28.65,10/5/2023,0,-1.239176888,-1.469151976,0,Thursday,October,0,1,0,0,0,0,0,0,0,0,1,0,0,0,3.389462125,0.996948635,3.710795063,0,Diya Reddy,30,Male,Jaipur,9/14/2019,89,8,4.57,1,7,Medium,6.06,94.44571429,2553,Zone_6,14627,0.54,37.6,Mixed
T00590,R0067,15.09,133.2,145.23,6/17/2024,0,0.124322218,1.53773047,0,Monday,June,0,1,0,0,0,0,0,0,0,0,1,0,0,0,4.985180725,2.778197961,11.54123044,0,Saanvi Iyer,32,Male,Pune,7/24/2022,348,9,3.38,1,13,High,8.697692308,142.0623077,1509,Zone_6,14627,0.54,37.6,Mixed
T00591,R0028,8.81,61.37,116.5,8/24/2023,0,-0.211698792,0.126428395,0,Thursday,August,1,0,0,0,0,0,0,0,1,0,0,0,0,0,4.766438334,2.283402274,7.833900689,0,Reyansh Sharma,20,Female,Surat,11/11/2023,249,21,3.79,0,8,Medium,10.61,187.43875,1034,Zone_4,4038,2.46,48.2,Business
T00592,R0098,11.52,78.71,114.56,2/5/2023,0,-0.234388689,0.735445692,0,Sunday,February,0,1,0,0,0,0,0,0,0,1,0,0,0,0,4.749789876,2.527327366,8.871865644,0,Diya Singh,21,Other,Bengaluru,4/29/2023,286,56,3.5,2,8,Medium,8.85875,133.96875,1230,Zone_5,2590,1.31,43.9,Business
T00593,R0154,11.41,58.38,228.63,8/24/2023,1,1.0997539,0.710725432,0,Thursday,August,0,0,0,1,0,0,0,0,1,0,0,0,0,0,5.436469318,2.518502599,7.640680598,0,Kavya Patel,18,Other,Kolkata,3/25/2019,466,79,4.68,2,13,High,10.66307692,158.4246154,2726,Zone_4,4038,2.46,48.2,Business
T00594,R0187,9.48,82.32,229.76,7/23/2024,1,1.11297018,0.276997247,0,Tuesday,July,1,0,0,0,0,0,0,0,0,0,0,0,0,1,5.441378209,2.349468679,9.073036978,0,Saanvi Reddy,27,Other,Surat,8/5/2022,357,38,4.71,2,7,Medium,10.79714286,194.7628571,1497,Zone_9,11037,1.83,56.1,Mixed
T00595,R0175,10.62,80.66,135,1/16/2024,0,0.004673943,0.533189025,0,Tuesday,January,1,0,0,0,0,0,1,0,0,0,0,0,0,0,4.912654886,2.452727751,8.981091248,0,Diya Patel,35,Male,Chennai,8/18/2022,98,8,3.48,1,8,Medium,8.7825,158.37875,1484,Zone_2,6371,0.91,58.4,Residential
T00596,R0290,9.19,58.17,176.65,9/9/2023,0,0.491804993,0.211825654,0,Saturday,September,0,0,1,0,0,1,0,0,0,0,0,0,0,0,5.179815322,2.321406847,7.626925986,0,Saanvi Kumar,34,Other,Chennai,5/6/2020,169,4,4.28,2,9,Medium,7.58,119.7411111,2318,Zone_10,2440,1.54,35.4,Industrial
T00597,R0019,2.47,20.08,56.95,7/11/2023,1,-0.908185082,-1.298357457,0,Tuesday,July,1,0,0,0,0,0,0,0,0,1,0,0,0,0,4.05958057,1.244154594,4.4810713,0,Kavya Patel,40,Other,Mumbai,4/2/2023,266,24,4.08,2,5,Low,7.75,126.598,1257,Zone_5,2590,1.31,43.9,Business
T00598,R0077,9.83,57.3,109.08,10/8/2023,0,-0.298481802,0.355652617,0,Sunday,October,0,1,0,0,0,0,0,0,0,0,0,0,1,0,4.701207374,2.382320061,7.569676347,0,Reyansh Das,28,Male,Mumbai,9/7/2019,406,72,3.79,1,14,High,10.49,167.4157143,2560,Zone_8,4516,1.93,31,Business
T00599,R0077,13.12,118.75,124.69,8/18/2023,0,-0.115909997,1.095013099,0,Friday,August,0,0,1,0,0,0,0,0,0,0,0,0,1,0,4.833818558,2.647592232,10.89724736,0,Reyansh Das,28,Male,Mumbai,9/7/2019,406,72,3.79,1,14,High,10.49,167.4157143,2560,Zone_8,4516,1.93,31,Business
T00600,R0058,6.95,59.97,83.74,9/10/2023,0,-0.59485397,-0.291568716,0,Sunday,September,0,0,0,1,0,0,0,0,0,0,0,0,0,1,4.439587745,2.073171929,7.744029959,0,Vivaan Reddy,46,Male,Kolkata,5/31/2021,480,25,4.32,1,8,Medium,9.515,130.43375,1928,Zone_9,11037,1.83,56.1,Mixed
T00601,R0070,10.76,96,254.15,5/4/2024,1,1.398231316,0.564651173,0,Saturday,May,0,0,0,1,0,0,0,1,0,0,0,0,0,0,5.541851608,2.464703942,9.797958971,0,Meera Reddy,33,Male,Bengaluru,1/3/2023,310,6,3.54,1,7,Medium,12.83,236.3842857,1346,Zone_3,12971,2.11,38,Business
T00602,R0268,10.1,100.47,211.34,7/25/2023,1,0.897533111,0.416329617,0,Tuesday,July,0,0,1,0,0,1,0,0,0,0,0,0,0,0,5.358188764,2.406945108,10.02347245,0,Ishaan Kumar,34,Male,Chennai,10/16/2022,10,0,4.6,1,5,Low,8.504,145.216,1425,Zone_10,2440,1.54,35.4,Industrial
T00603,R0021,17.08,144.62,379.63,4/9/2023,1,2.996231683,1.984942433,0,Sunday,April,0,0,0,1,0,1,0,0,0,0,0,0,0,0,5.941827775,2.894806355,12.02580559,0,Diya Ghosh,37,Female,Pune,5/8/2019,380,17,3.91,0,4,Low,8.68,169.61,2682,Zone_10,2440,1.54,35.4,Industrial
T00604,R0290,6.74,55.38,55.87,6/2/2023,0,-0.920816572,-0.338761938,0,Friday,June,0,1,0,0,0,0,0,0,0,0,1,0,0,0,4.040767961,2.046401688,7.441773982,0,Saanvi Kumar,34,Other,Chennai,5/6/2020,169,4,4.28,2,9,Medium,7.58,119.7411111,2318,Zone_6,14627,0.54,37.6,Mixed
T00605,R0134,6.54,58.19,156.44,7/10/2023,1,0.2554324,-0.383707864,0,Monday,July,0,0,0,1,0,0,1,0,0,0,0,0,0,0,5.059044433,2.020222182,7.628237018,0,Aadhya Singh,34,Male,Jaipur,7/30/2022,410,29,4.59,1,7,Medium,7.974285714,154.9142857,1503,Zone_2,6371,0.91,58.4,Residential
T00606,R0190,7.42,41.81,83.65,6/1/2024,0,-0.595906594,-0.18594579,0,Saturday,June,0,0,0,1,1,0,0,0,0,0,0,0,0,0,4.438525109,2.130609828,6.466065264,0,Saanvi Iyer,35,Other,Surat,9/25/2020,274,47,4.12,2,9,Medium,7.776666667,124.2133333,2176,Zone_1,4921,2.43,30.9,Residential
T00607,R0232,7.49,65.67,161.66,6/28/2024,1,0.316484599,-0.170214716,0,Friday,June,0,0,1,0,0,0,0,0,0,0,0,1,0,0,5.091662133,2.138889,8.103702857,0,Meera Das,38,Male,Jaipur,12/8/2022,172,15,3.94,1,13,High,7.169230769,114.68,1372,Zone_7,11070,0.64,45.2,Industrial
T00608,R0180,3.36,18.11,60.68,9/26/2023,0,-0.864559661,-1.098348087,0,Tuesday,September,1,0,0,0,0,1,0,0,0,0,0,0,0,0,4.121959729,1.472472057,4.255584566,0,Diya Kumar,33,Male,Hyderabad,12/3/2019,44,4,4.53,1,3,Low,1.883333333,28.29666667,2473,Zone_10,2440,1.54,35.4,Industrial
T00609,R0088,4.79,26.77,39.37,2/17/2024,0,-1.11379766,-0.776984716,0,Saturday,February,0,0,1,0,0,0,0,0,0,0,0,0,0,1,3.698086935,1.756132292,5.173973328,0,Diya Iyer,22,Other,Jaipur,7/7/2019,438,0,4.78,2,8,Medium,7.78125,111.72,2622,Zone_9,11037,1.83,56.1,Mixed
T00610,R0157,9.5,80.41,84.66,9/18/2023,0,-0.584093813,0.28149184,0,Monday,September,0,0,0,1,0,0,0,0,0,0,1,0,0,0,4.450385972,2.351375257,8.967162316,0,Kavya Nair,36,Female,Hyderabad,11/23/2021,319,27,4.65,0,10,Medium,11.39,187.593,1752,Zone_6,14627,0.54,37.6,Mixed
T00611,R0099,7.96,61.42,151.42,1/28/2024,0,0.196719366,-0.06459179,0,Sunday,January,0,0,1,0,0,0,0,0,1,0,0,0,0,0,5.026639868,2.192770227,7.837091297,0,Diya Gupta,35,Other,Mumbai,8/21/2021,80,8,3.7,2,9,Medium,7.707777778,142.5177778,1846,Zone_4,4038,2.46,48.2,Business
T00612,R0247,4,39.7,87.48,3/7/2024,1,-0.55111159,-0.954521124,0,Thursday,March,0,1,0,0,0,0,0,0,0,0,0,0,1,0,4.482776538,1.609437912,6.300793601,0,Aadhya Das,37,Male,Bengaluru,5/11/2021,249,47,4.92,1,13,High,10.26769231,182.1107692,1948,Zone_8,4516,1.93,31,Business
T00613,R0148,4.68,38.57,101.07,8/1/2024,1,-0.392165349,-0.801704976,0,Thursday,August,1,0,0,0,0,0,0,1,0,0,0,0,0,0,4.625658852,1.736951233,6.210475022,0,Aarav Kumar,44,Male,Ahmedabad,9/30/2019,412,34,3.36,1,4,Low,5.7975,102.1575,2537,Zone_3,12971,2.11,38,Business
T00614,R0252,6.22,32.14,82.7,2/10/2024,0,-0.607017627,-0.455621346,0,Saturday,February,0,0,1,0,0,0,0,0,0,1,0,0,0,0,4.427238977,1.976854953,5.669215113,0,Reyansh Gupta,38,Other,Ahmedabad,9/23/2020,392,47,4.83,2,16,High,6.275625,105.128125,2178,Zone_5,2590,1.31,43.9,Business
T00615,R0249,3.99,20.79,81.77,11/30/2023,1,-0.617894742,-0.95676842,0,Thursday,November,0,0,0,1,1,0,0,0,0,0,0,0,0,0,4.416065677,1.60743591,4.559605246,0,Diya Nair,20,Male,Mumbai,3/24/2023,396,48,4.49,1,8,Medium,8.08875,135.06625,1266,Zone_1,4921,2.43,30.9,Residential
T00616,R0182,5.43,34.75,111.09,1/15/2024,1,-0.274973197,-0.633157753,0,Monday,January,0,1,0,0,0,0,0,0,1,0,0,0,0,0,4.71930212,1.860974538,5.894913061,0,Meera Patel,43,Male,Jaipur,9/30/2020,8,0,4.4,1,5,Low,9.906,167.162,2171,Zone_4,4038,2.46,48.2,Business
T00617,R0215,5.3,47.72,89.41,5/26/2024,0,-0.528538651,-0.662372605,0,Sunday,May,1,0,0,0,0,0,0,0,0,0,0,1,0,0,4.504354881,1.840549633,6.907966416,0,Saanvi Gupta,26,Female,Hyderabad,2/28/2020,438,48,3.24,0,5,Low,3.63,74.42,2386,Zone_7,11070,0.64,45.2,Industrial
T00618,R0282,12.48,112.31,131.55,3/17/2024,0,-0.035676648,0.951186136,0,Sunday,March,0,0,0,1,0,0,1,0,0,0,0,0,0,0,4.886959933,2.601207105,10.59764125,0,Reyansh Kumar,22,Other,Bengaluru,5/2/2022,319,3,4.47,2,9,Medium,10.31888889,155.5277778,1592,Zone_2,6371,0.91,58.4,Residential
T00619,R0026,13.08,87.75,177.87,7/8/2024,0,0.506073898,1.086023914,0,Monday,July,0,1,0,0,0,0,0,0,0,0,0,0,1,0,5.186659285,2.644755351,9.367496998,0,Aarav Kumar,26,Female,Surat,4/17/2020,44,5,3.17,0,9,Medium,8.81,108.1322222,2337,Zone_8,4516,1.93,31,Business
T00620,R0120,12.67,91.94,164.83,7/20/2024,0,0.353560359,0.993884766,0,Saturday,July,0,1,0,0,0,0,0,0,0,0,0,0,0,1,5.110963167,2.615203651,9.58853482,0,Ishaan Gupta,18,Other,Surat,7/12/2020,311,15,4.55,2,8,Medium,8.525,126.74375,2251,Zone_9,11037,1.83,56.1,Mixed
T00621,R0261,10.13,63.13,190.94,12/11/2023,0,0.658938311,0.423071506,0,Monday,December,0,1,0,0,0,0,0,0,1,0,0,0,0,0,5.257182823,2.409644165,7.945438943,0,Aarav Kumar,31,Male,Pune,8/26/2022,477,83,4.24,1,6,Medium,8.195,108.2883333,1476,Zone_4,4038,2.46,48.2,Business
T00622,R0117,4.46,30.63,101.5,7/24/2023,1,-0.387136144,-0.851145494,0,Monday,July,1,0,0,0,0,0,0,1,0,0,0,0,0,0,4.629862799,1.69744879,5.534437641,0,Aadhya Gupta,21,Female,Ahmedabad,6/12/2021,369,37,3.16,0,5,Low,5.838,98.296,1916,Zone_3,12971,2.11,38,Business
T00623,R0236,12.8,93.31,160.15,6/23/2023,0,0.298823905,1.023099618,0,Friday,June,0,0,0,1,0,0,0,1,0,0,0,0,0,0,5.082335608,2.624668592,9.659710141,0,Arjun Gupta,28,Male,Ahmedabad,8/10/2020,61,1,3.36,1,11,High,4.546363636,69.86727273,2222,Zone_3,12971,2.11,38,Business
T00624,R0199,6.43,46.45,157.91,1/31/2023,1,0.27262526,-0.408428124,0,Tuesday,January,0,0,1,0,0,0,0,0,0,0,0,1,0,0,5.068338004,2.005525859,6.815423685,0,Aarav Das,29,Male,Ahmedabad,8/3/2021,344,27,3.91,1,10,Medium,8.515,160.05,1864,Zone_7,11070,0.64,45.2,Industrial
T00625,R0099,8.12,45.04,125.93,6/6/2023,0,-0.101407176,-0.028635049,0,Tuesday,June,1,0,0,0,0,0,1,0,0,0,0,0,0,0,4.843635753,2.210469804,6.711184694,0,Diya Gupta,35,Other,Mumbai,8/21/2021,80,8,3.7,2,9,Medium,7.707777778,142.5177778,1846,Zone_2,6371,0.91,58.4,Residential
T00626,R0254,14.69,127.86,246.29,4/17/2024,0,1.306302143,1.447838618,0,Wednesday,April,0,0,0,1,0,0,0,0,0,0,1,0,0,0,5.510561737,2.753023567,11.30751962,0,Meera Kumar,18,Male,Delhi,3/9/2020,363,70,3.68,1,7,Medium,11.76714286,173.5142857,2376,Zone_6,14627,0.54,37.6,Mixed
T00627,R0215,8.42,65.2,194.46,6/11/2023,1,0.70010761,0.03878384,0,Sunday,June,0,0,0,1,1,0,0,0,0,0,0,0,0,0,5.275355755,2.242835089,8.074651695,0,Saanvi Gupta,26,Female,Hyderabad,2/28/2020,438,48,3.24,0,5,Low,3.63,74.42,2386,Zone_1,4921,2.43,30.9,Residential
T00628,R0011,9.24,53.33,173.78,1/17/2023,0,0.45823798,0.223062136,0,Tuesday,January,0,0,0,1,0,0,0,0,0,0,0,0,0,1,5.16352804,2.32630162,7.302739212,0,Vivaan Nair,26,Male,Chennai,4/14/2020,208,34,4,1,10,Medium,8.896,163.378,2340,Zone_9,11037,1.83,56.1,Mixed
T00629,R0202,0.94,9.32,8.98,7/30/2023,0,-1.469233736,-1.642193791,0,Sunday,July,0,1,0,0,0,0,1,0,0,0,0,0,0,0,2.30058309,0.662687973,3.052867504,0,Aadhya Reddy,27,Male,Ahmedabad,10/28/2021,317,0,4.72,1,8,Medium,9.2125,113.6425,1778,Zone_2,6371,0.91,58.4,Residential
T00630,R0014,10.44,104.32,248.28,4/2/2024,1,1.329576832,0.492737692,0,Tuesday,April,0,0,0,1,0,0,0,0,0,0,0,0,0,1,5.518576763,2.437115986,10.21371627,0,Aarav Das,26,Female,Ahmedabad,6/8/2021,325,53,3,0,6,Medium,7.031666667,146.8333333,1920,Zone_9,11037,1.83,56.1,Mixed
T00631,R0223,3.1,23.61,60.84,1/12/2023,0,-0.862688329,-1.156777791,0,Thursday,January,0,0,1,0,1,0,0,0,0,0,0,0,0,0,4.124550404,1.410986974,4.859012245,0,Meera Ghosh,30,Female,Surat,11/29/2019,158,10,4.04,0,8,Medium,7.05,123.40125,2477,Zone_1,4921,2.43,30.9,Residential
T00632,R0296,13.06,98.26,211.91,8/4/2024,0,0.90419973,1.081529321,0,Sunday,August,1,0,0,0,1,0,0,0,0,0,0,0,0,0,5.360869541,2.643333886,9.912618221,0,Reyansh Patel,37,Other,Hyderabad,2/20/2021,390,58,3.97,2,7,Medium,11.35142857,186.6371429,2028,Zone_1,4921,2.43,30.9,Residential
T00633,R0073,7.08,40.86,147.7,10/16/2023,1,0.153210902,-0.262353864,0,Monday,October,0,0,0,1,0,0,0,0,0,1,0,0,0,0,5.001930853,2.089391873,6.392182726,0,Meera Das,41,Other,Ahmedabad,6/19/2021,490,30,3.01,2,9,Medium,8.734444444,141.7444444,1909,Zone_5,2590,1.31,43.9,Business
T00634,R0154,3.18,26.38,41.28,3/16/2024,0,-1.091458637,-1.13879942,0,Saturday,March,0,1,0,0,0,0,1,0,0,0,0,0,0,0,3.744314161,1.430311247,5.136146415,0,Kavya Patel,18,Other,Kolkata,3/25/2019,466,79,4.68,2,13,High,10.66307692,158.4246154,2726,Zone_2,6371,0.91,58.4,Residential
T00635,R0275,6.21,54.65,58.18,7/2/2024,0,-0.893799219,-0.457868642,0,Tuesday,July,0,1,0,0,0,1,0,0,0,0,0,0,0,0,4.080583647,1.975468951,7.392563831,0,Ishaan Das,21,Other,Jaipur,10/4/2022,247,17,3.07,2,4,Low,8.4625,81.5175,1437,Zone_10,2440,1.54,35.4,Industrial
T00636,R0156,6.86,62.33,169.38,2/15/2023,1,0.406776356,-0.311794383,0,Wednesday,February,0,0,0,1,0,1,0,0,0,0,0,0,0,0,5.138031237,2.061786606,7.894935085,0,Ishaan Iyer,33,Female,Jaipur,7/7/2022,255,18,4.28,0,3,Low,8.06,161.41,1526,Zone_10,2440,1.54,35.4,Industrial
T00637,R0097,10.43,91.42,172.22,6/23/2023,0,0.439992495,0.490490395,0,Friday,June,1,0,0,0,0,0,0,0,0,0,0,0,0,1,5.154562463,2.436241478,9.561380653,0,Aarav Iyer,23,Other,Bengaluru,1/25/2021,478,5,3.28,2,8,Medium,8.67875,139.6375,2054,Zone_9,11037,1.83,56.1,Mixed
T00638,R0074,11.35,102.24,272.71,7/10/2024,1,1.6153058,0.697241655,0,Wednesday,July,1,0,0,0,0,1,0,0,0,0,0,0,0,0,5.612069152,2.513656063,10.11137973,0,Vivaan Ghosh,23,Male,Kolkata,9/11/2023,199,22,4.89,1,7,Medium,6.598571429,116.7528571,1095,Zone_10,2440,1.54,35.4,Industrial
T00639,R0291,6.36,52.12,77.79,9/19/2023,0,-0.66444412,-0.424159198,0,Tuesday,September,0,0,0,1,0,0,1,0,0,0,0,0,0,0,4.366786085,1.996059933,7.219418259,0,Arjun Ghosh,23,Other,Pune,4/19/2021,499,94,3.46,2,6,Medium,7.741666667,132.5983333,1970,Zone_2,6371,0.91,58.4,Residential
T00640,R0105,13.06,111.2,238.26,12/14/2023,0,1.21238468,1.081529321,0,Thursday,December,1,0,0,0,0,0,1,0,0,0,0,0,0,0,5.477550827,2.643333886,10.54514106,0,Diya Das,31,Female,Jaipur,9/28/2020,346,9,3.69,0,12,High,7.933333333,108.4266667,2173,Zone_2,6371,0.91,58.4,Residential
T00641,R0298,7.84,51.89,109.17,8/7/2024,0,-0.297429178,-0.091559346,0,Wednesday,August,1,0,0,0,0,0,1,0,0,0,0,0,0,0,4.702024627,2.179286877,7.203471385,0,Vivaan Singh,35,Female,Ahmedabad,3/25/2020,65,11,3.88,0,7,Medium,9.027142857,143.2014286,2360,Zone_2,6371,0.91,58.4,Residential
T00642,R0064,4.43,26.39,92.16,6/1/2024,1,-0.496375136,-0.857887383,0,Saturday,June,1,0,0,0,0,0,0,0,0,0,1,0,0,0,4.534318445,1.691939134,5.137119816,0,Ishaan Nair,21,Female,Bengaluru,9/30/2023,214,2,4.21,0,5,Low,11.312,218.438,1076,Zone_6,14627,0.54,37.6,Mixed
T00643,R0216,2.44,13.98,20.76,1/13/2023,0,-1.331456935,-1.305099346,0,Friday,January,1,0,0,0,0,0,1,0,0,0,0,0,0,0,3.080073422,1.235471471,3.738983819,0,Ishaan Ghosh,44,Female,Chennai,8/1/2019,335,24,3.4,0,5,Low,5.928,99.776,2597,Zone_2,6371,0.91,58.4,Residential
T00644,R0113,1.73,14.83,27.56,1/7/2023,0,-1.251925335,-1.464657383,0,Saturday,January,1,0,0,0,0,0,0,1,0,0,0,0,0,0,3.352007137,1.004301609,3.850973903,0,Aadhya Singh,26,Other,Chennai,3/9/2019,423,26,4.61,2,8,Medium,6.8775,137.03625,2742,Zone_3,12971,2.11,38,Business
T00645,R0115,12.8,66.54,204.15,2/23/2024,0,0.81344014,1.023099618,0,Friday,February,0,1,0,0,1,0,0,0,0,0,0,0,0,0,5.323741419,2.624668592,8.157205404,0,Aarav Ghosh,40,Female,Bengaluru,3/1/2020,170,15,4.4,0,11,High,7.589090909,129.6336364,2384,Zone_1,4921,2.43,30.9,Residential
T00646,R0174,12.15,64.55,263.3,2/10/2024,1,1.505248101,0.877025358,0,Saturday,February,0,0,1,0,0,0,0,0,0,0,0,1,0,0,5.577084822,2.576421759,8.034301463,0,Aadhya Patel,32,Male,Kolkata,2/7/2019,320,7,3.8,1,7,Medium,8.877142857,131.6842857,2772,Zone_7,11070,0.64,45.2,Industrial
T00647,R0056,4.12,38.92,80.46,2/10/2024,0,-0.633216271,-0.927553568,0,Saturday,February,0,0,1,0,0,0,0,0,0,0,1,0,0,0,4.400112102,1.633154439,6.238589584,0,Meera Patel,40,Other,Hyderabad,2/26/2021,93,13,3.25,2,9,Medium,7.357777778,103.0877778,2022,Zone_6,14627,0.54,37.6,Mixed
T00648,R0110,13.89,96.27,200.61,3/20/2023,0,0.772036925,1.268054914,0,Monday,March,1,0,0,0,0,0,0,0,0,0,0,0,1,0,5.306335138,2.700689847,9.811727677,0,Vivaan Patel,19,Female,Kolkata,2/4/2023,224,28,4.43,0,7,Medium,8.502857143,135.24,1314,Zone_8,4516,1.93,31,Business
T00649,R0278,8.51,72.63,199.06,7/30/2024,1,0.753908398,0.059009506,0,Tuesday,July,0,0,0,1,0,1,0,0,0,0,0,0,0,0,5.298617322,2.252343877,8.522323627,0,Aarav Reddy,20,Female,Mumbai,9/2/2021,382,58,4.27,0,9,Medium,10.83888889,234.5955556,1834,Zone_10,2440,1.54,35.4,Industrial
T00650,R0183,5.89,52.13,120.01,2/9/2023,1,-0.170646451,-0.529782124,0,Thursday,February,1,0,0,0,0,0,0,1,0,0,0,0,0,0,4.795873187,1.930071085,7.220110802,0,Arjun Patel,43,Other,Jaipur,8/27/2022,406,66,3.79,2,8,Medium,7.2225,106.3925,1475,Zone_3,12971,2.11,38,Business
T00651,R0253,4.54,40.37,36.81,9/16/2023,0,-1.143738968,-0.833167124,0,Saturday,September,1,0,0,0,0,0,0,0,0,0,0,0,0,1,3.632573618,1.711994501,6.353739057,0,Ishaan Gupta,26,Male,Surat,8/19/2021,173,24,3.16,1,7,Medium,7.117142857,106.3728571,1848,Zone_9,11037,1.83,56.1,Mixed
T00652,R0051,4.11,36.54,92.07,3/14/2024,1,-0.49742776,-0.929800865,0,Thursday,March,1,0,0,0,0,0,1,0,0,0,0,0,0,0,4.533351898,1.631199404,6.044832504,0,Aarav Nair,21,Male,Kolkata,4/5/2020,213,14,4.02,1,10,Medium,5.918,110.102,2349,Zone_2,6371,0.91,58.4,Residential
T00653,R0076,10.36,60.83,106.01,10/31/2023,0,-0.33438798,0.474759321,0,Tuesday,October,0,0,0,1,0,0,0,0,0,0,0,1,0,0,4.672922288,2.430098413,7.799358948,0,Reyansh Reddy,40,Male,Bengaluru,1/2/2022,137,13,3.34,1,5,Low,11.354,172.962,1712,Zone_7,11070,0.64,45.2,Industrial
T00654,R0091,11.25,78.11,193.37,7/13/2024,0,0.687359162,0.674768692,0,Saturday,July,0,1,0,0,0,0,0,0,0,0,1,0,0,0,5.269763559,2.505525937,8.837986196,0,Meera Das,41,Other,Surat,4/16/2022,334,43,3.4,2,7,Medium,7.125714286,129.0871429,1608,Zone_6,14627,0.54,37.6,Mixed
T00655,R0299,9.19,69.59,159.7,12/19/2023,0,0.293560784,0.211825654,0,Tuesday,December,0,0,0,1,0,0,0,0,1,0,0,0,0,0,5.079539273,2.321406847,8.342062095,0,Ishaan Gupta,33,Other,Kolkata,9/4/2020,457,0,3.92,2,4,Low,7.4725,115.3,2197,Zone_4,4038,2.46,48.2,Business
T00656,R0073,2.25,11.5,41,2/8/2023,0,-1.094733467,-1.347797976,0,Wednesday,February,0,1,0,0,0,1,0,0,0,0,0,0,0,0,3.737669618,1.178654996,3.391164992,0,Meera Das,41,Other,Ahmedabad,6/19/2021,490,30,3.01,2,9,Medium,8.734444444,141.7444444,1909,Zone_10,2440,1.54,35.4,Industrial
T00657,R0101,9.48,67.16,153.7,7/18/2023,0,0.223385843,0.276997247,0,Tuesday,July,0,1,0,0,0,0,0,0,0,0,1,0,0,0,5.041487758,2.349468679,8.195120499,0,Aarav Singh,37,Female,Delhi,11/1/2020,228,29,3.03,0,5,Low,9.058,134.272,2139,Zone_6,14627,0.54,37.6,Mixed
T00658,R0034,10.83,85.4,175.44,6/29/2024,0,0.477653047,0.580382247,0,Saturday,June,0,0,1,0,0,0,0,0,1,0,0,0,0,0,5.172980875,2.470638678,9.241212042,0,Arjun Iyer,26,Other,Chennai,4/23/2019,484,48,3.1,2,3,Low,7.62,141.75,2697,Zone_4,4038,2.46,48.2,Business
T00659,R0235,4.65,41.2,54.67,3/24/2023,0,-0.93485156,-0.808446865,0,Friday,March,1,0,0,0,0,0,0,0,0,0,0,0,1,0,4.019441402,1.731655545,6.418722614,0,Aarav Ghosh,34,Other,Delhi,2/15/2021,284,8,4.06,2,8,Medium,6.95625,105.7575,2033,Zone_8,4516,1.93,31,Business
T00660,R0298,8.22,44.79,124.91,5/8/2023,0,-0.113336916,-0.006162086,0,Monday,May,0,1,0,0,0,0,0,0,1,0,0,0,0,0,4.835567366,2.221375038,6.692533153,0,Vivaan Singh,35,Female,Ahmedabad,3/25/2020,65,11,3.88,0,7,Medium,9.027142857,143.2014286,2360,Zone_4,4038,2.46,48.2,Business
T00661,R0232,1.32,10.7,16.12,5/24/2024,0,-1.385725557,-1.556796532,0,Friday,May,1,0,0,0,1,0,0,0,0,0,0,0,0,0,2.840247371,0.841567186,3.271085447,0,Meera Das,38,Male,Jaipur,12/8/2022,172,15,3.94,1,13,High,7.169230769,114.68,1372,Zone_1,4921,2.43,30.9,Residential
T00662,R0263,1.85,9.39,39.72,11/22/2023,1,-1.109704121,-1.437689828,0,Wednesday,November,0,0,1,0,1,0,0,0,0,0,0,0,0,0,3.706719372,1.047318994,3.064310689,0,Ishaan Das,31,Other,Chennai,12/30/2020,297,21,3.84,2,12,High,8.718333333,128.9725,2080,Zone_1,4921,2.43,30.9,Residential
T00663,R0219,6.38,39.23,98.44,5/12/2023,0,-0.422925364,-0.419664605,0,Friday,May,0,0,0,1,1,0,0,0,0,0,0,0,0,0,4.599554447,1.998773639,6.263385666,0,Vivaan Sharma,25,Female,Pune,4/13/2021,498,83,4.15,0,2,Low,6.42,81.385,1976,Zone_1,4921,2.43,30.9,Residential
T00664,R0164,6.45,40.09,156.9,5/9/2024,1,0.260812479,-0.403933531,0,Thursday,May,0,0,0,1,1,0,0,0,0,0,0,0,0,0,5.061961921,2.008214032,6.331666447,0,Aadhya Ghosh,37,Other,Ahmedabad,7/6/2022,249,23,4.02,2,12,High,8.356666667,146.5408333,1527,Zone_1,4921,2.43,30.9,Residential
T00665,R0068,9.76,72.89,188.8,3/14/2023,0,0.633909249,0.339921543,0,Tuesday,March,1,0,0,0,0,0,0,0,0,0,1,0,0,0,5.245970886,2.375835555,8.537564055,0,Meera Singh,30,Female,Ahmedabad,8/31/2022,456,70,4.97,0,9,Medium,7.977777778,122.2922222,1471,Zone_6,14627,0.54,37.6,Mixed
T00666,R0078,2.07,20.62,19.63,10/30/2023,0,-1.344673216,-1.388249309,0,Monday,October,0,0,1,0,0,0,0,0,0,0,1,0,0,0,3.026746327,1.121677562,4.540925016,0,Saanvi Sharma,30,Other,Jaipur,1/2/2023,97,9,3.62,2,3,Low,0.83,8.723333333,1347,Zone_6,14627,0.54,37.6,Mixed
T00667,R0169,6.29,59.47,147.72,3/28/2024,1,0.153444819,-0.439890272,0,Thursday,March,1,0,0,0,0,0,0,0,0,0,0,0,1,0,5.002065343,1.986503546,7.711679454,0,Reyansh Kumar,32,Male,Delhi,2/21/2023,497,81,4.19,1,7,Medium,10.05857143,201.7728571,1297,Zone_8,4516,1.93,31,Business
T00668,R0131,5.55,47.04,109.67,4/12/2023,0,-0.291581266,-0.606190198,0,Wednesday,April,0,0,1,0,0,1,0,0,0,0,0,0,0,0,4.7065528,1.87946505,6.85857128,0,Reyansh Ghosh,24,Male,Surat,10/22/2019,99,7,3.6,1,5,Low,5.394,87.046,2515,Zone_10,2440,1.54,35.4,Industrial
T00669,R0079,10.64,67.67,180,6/22/2024,0,0.530986002,0.537683618,0,Saturday,June,0,1,0,0,0,0,0,0,0,1,0,0,0,0,5.198497031,2.454447442,8.226177727,0,Ishaan Nair,25,Male,Bengaluru,9/23/2020,146,28,4.92,1,4,Low,9.115,153.1025,2178,Zone_5,2590,1.31,43.9,Business
T00670,R0225,15.11,116.09,132.56,3/19/2024,0,-0.023863866,1.542225062,0,Tuesday,March,0,0,0,1,0,0,1,0,0,0,0,0,0,0,4.894550815,2.779440197,10.77450695,0,Ishaan Sharma,39,Female,Delhi,6/15/2020,465,9,4.08,0,6,Medium,8.055,112.1533333,2278,Zone_2,6371,0.91,58.4,Residential
T00671,R0083,16.6,148.36,220.66,11/30/2023,0,1.006538186,1.877072211,0,Thursday,November,0,1,0,0,0,0,0,0,0,1,0,0,0,0,5.401144676,2.867898902,12.18031198,0,Kavya Patel,45,Female,Mumbai,12/31/2021,475,39,4.4,0,10,Medium,9.262,141.533,1714,Zone_5,2590,1.31,43.9,Business
T00672,R0033,0.16,1.45,3.59,2/8/2023,1,-1.532274225,-1.817482902,0,Wednesday,February,0,0,0,1,0,0,0,0,1,0,0,0,0,0,1.523880024,0.148420005,1.204159458,0,Diya Iyer,18,Female,Chennai,5/22/2019,472,37,3.24,0,5,Low,6.412,121.298,2668,Zone_4,4038,2.46,48.2,Business
T00673,R0226,7.76,47.47,102.43,11/25/2023,0,-0.376259029,-0.109537716,0,Saturday,November,0,0,0,1,0,0,0,0,0,0,0,1,0,0,4.638895055,2.170195905,6.889847604,0,Aarav Iyer,20,Other,Surat,7/30/2021,266,2,3.25,2,7,Medium,7.601428571,129.5257143,1868,Zone_7,11070,0.64,45.2,Industrial
T00674,R0155,2.44,16.42,55.16,3/24/2023,1,-0.929120606,-1.305099346,0,Friday,March,0,1,0,0,0,0,0,0,0,0,0,0,0,1,4.02820476,1.235471471,4.052159918,0,Meera Reddy,23,Male,Hyderabad,2/10/2019,353,8,3.14,1,8,Medium,7.61375,116.46375,2769,Zone_9,11037,1.83,56.1,Mixed
T00675,R0299,7.68,47.46,127.94,9/1/2023,0,-0.077898571,-0.127516087,0,Friday,September,0,1,0,0,0,0,0,0,0,1,0,0,0,0,4.85934718,2.161021529,6.88912186,0,Ishaan Gupta,33,Other,Kolkata,9/4/2020,457,0,3.92,2,4,Low,7.4725,115.3,2197,Zone_5,2590,1.31,43.9,Business
T00676,R0222,10.11,73.39,124.06,4/22/2024,0,-0.123278366,0.418576914,0,Monday,April,0,0,0,1,0,0,0,0,0,1,0,0,0,0,4.828793622,2.407845604,8.566796367,0,Aarav Singh,27,Male,Surat,8/28/2022,475,12,3.44,1,8,Medium,9.88125,165.70375,1474,Zone_5,2590,1.31,43.9,Business
T00677,R0237,8.41,50.53,176.08,12/1/2023,1,0.485138374,0.036536543,0,Friday,December,0,1,0,0,0,0,0,0,0,1,0,0,0,0,5.176601608,2.241772954,7.108445681,0,Aadhya Nair,40,Male,Chennai,12/13/2022,36,3,3.71,1,10,Medium,9.737,175.97,1367,Zone_5,2590,1.31,43.9,Business
T00678,R0285,7.75,65.69,99.93,2/19/2023,0,-0.405498587,-0.111785012,0,Sunday,February,0,1,0,0,0,0,0,0,0,1,0,0,0,0,4.614427207,2.1690537,8.104936767,0,Diya Iyer,29,Female,Chennai,1/10/2019,244,16,4.97,0,9,Medium,6.987777778,122.82,2800,Zone_5,2590,1.31,43.9,Business
T00679,R0247,15.42,104.22,310.8,10/22/2023,1,2.060799718,1.611891248,0,Sunday,October,0,0,0,1,0,0,0,0,1,0,0,0,0,0,5.742361957,2.798500104,10.20881972,0,Aadhya Das,37,Male,Bengaluru,5/11/2021,249,47,4.92,1,13,High,10.26769231,182.1107692,1948,Zone_4,4038,2.46,48.2,Business
T00680,R0093,11.6,84.1,156.54,5/14/2024,0,0.256601982,0.753424062,0,Tuesday,May,0,0,0,1,0,0,0,0,0,1,0,0,0,0,5.059679394,2.533696814,9.170605214,0,Diya Patel,33,Other,Surat,5/30/2019,119,18,3.77,2,6,Medium,11.925,198.315,2660,Zone_5,2590,1.31,43.9,Business
T00681,R0288,6.64,65.31,66.38,8/13/2023,0,-0.797893466,-0.361234901,0,Sunday,August,0,0,0,1,0,0,1,0,0,0,0,0,0,0,4.210348238,2.033397603,8.081460264,0,Diya Ghosh,42,Male,Ahmedabad,8/30/2021,43,5,4.56,1,8,Medium,6.51,99.45,1837,Zone_2,6371,0.91,58.4,Residential
T00682,R0263,8.12,48.79,66.14,7/2/2024,0,-0.800700464,-0.028635049,0,Tuesday,July,0,1,0,0,0,0,0,0,1,0,0,0,0,0,4.206779992,2.210469804,6.984983894,0,Ishaan Das,31,Other,Chennai,12/30/2020,297,21,3.84,2,12,High,8.718333333,128.9725,2080,Zone_4,4038,2.46,48.2,Business
T00683,R0143,12.35,76.72,167.95,2/16/2024,0,0.390051328,0.921971284,0,Friday,February,0,0,0,1,0,0,0,1,0,0,0,0,0,0,5.129602813,2.591516385,8.758995376,0,Meera Kumar,42,Other,Kolkata,3/28/2023,74,13,4.56,2,8,Medium,6.13875,107.915,1262,Zone_3,12971,2.11,38,Business
T00684,R0129,11.05,109.43,172.84,6/24/2024,0,0.447243905,0.629822766,0,Monday,June,0,1,0,0,0,0,0,0,0,0,0,0,1,0,5.158135336,2.48906466,10.4608795,0,Vivaan Singh,35,Male,Hyderabad,10/8/2022,158,10,3.9,1,11,High,8.170909091,137.1181818,1433,Zone_8,4516,1.93,31,Business
T00685,R0293,5.87,55.88,88.65,8/11/2024,0,-0.537427477,-0.534276716,0,Sunday,August,1,0,0,0,1,0,0,0,0,0,0,0,0,0,4.4959132,1.927164106,7.475292636,0,Arjun Kumar,39,Female,Delhi,10/1/2019,248,44,3.2,0,4,Low,5.605,100.355,2536,Zone_1,4921,2.43,30.9,Residential
T00686,R0183,0.88,5.24,15.53,1/26/2023,0,-1.392626092,-1.655677569,0,Thursday,January,1,0,0,0,0,0,0,0,0,0,1,0,0,0,2.805176912,0.631271777,2.289104628,0,Arjun Patel,43,Other,Jaipur,8/27/2022,406,66,3.79,2,8,Medium,7.2225,106.3925,1475,Zone_6,14627,0.54,37.6,Mixed
T00687,R0011,2.08,18.39,45.79,6/28/2023,1,-1.038710473,-1.386002013,0,Wednesday,June,0,1,0,0,0,1,0,0,0,0,0,0,0,0,3.845669505,1.124929597,4.288356328,0,Vivaan Nair,26,Male,Chennai,4/14/2020,208,34,4,1,10,Medium,8.896,163.378,2340,Zone_10,2440,1.54,35.4,Industrial
T00688,R0240,8.73,81.6,82.5,12/16/2023,0,-0.609356791,0.108450025,0,Saturday,December,1,0,0,0,1,0,0,0,0,0,0,0,0,0,4.424846632,2.275213896,9.033271833,0,Aarav Iyer,30,Male,Delhi,5/18/2020,174,2,4.07,1,8,Medium,11.515,152.68375,2306,Zone_1,4921,2.43,30.9,Residential
T00689,R0023,0.93,5.95,23.2,3/31/2023,1,-1.302919126,-1.644441087,0,Friday,March,0,0,0,1,0,0,0,0,0,0,0,0,0,1,3.186352633,0.657520003,2.439262184,0,Meera Iyer,24,Other,Jaipur,10/9/2019,176,32,3.21,2,8,Medium,8.11375,149.4525,2528,Zone_9,11037,1.83,56.1,Mixed
T00690,R0139,7.24,42.34,63.2,4/12/2024,0,-0.835086185,-0.226397124,0,Friday,April,0,0,1,0,0,0,0,0,0,0,0,1,0,0,4.162003211,2.109000344,6.506919394,0,Diya Gupta,44,Other,Kolkata,10/9/2023,155,7,4.39,2,8,Medium,7.365,125.27875,1067,Zone_7,11070,0.64,45.2,Industrial
T00691,R0233,5.73,45.95,133.37,8/3/2024,1,-0.014390249,-0.565738864,0,Saturday,August,0,1,0,0,0,0,0,0,0,0,0,0,0,1,4.900597189,1.906575144,6.778642932,0,Ishaan Iyer,30,Other,Hyderabad,11/23/2023,469,41,4.37,2,7,Medium,12.75285714,226.1757143,1022,Zone_9,11037,1.83,56.1,Mixed
T00692,R0100,13,103.45,297.72,9/29/2023,1,1.907818347,1.068045544,0,Friday,September,1,0,0,0,0,0,0,0,0,0,0,0,1,0,5.69950668,2.63905733,10.17103731,0,Ishaan Gupta,28,Male,Delhi,5/24/2021,383,60,3.79,1,12,High,8.454166667,138.1241667,1935,Zone_8,4516,1.93,31,Business
T00693,R0007,1.41,10.2,30.52,5/8/2024,1,-1.217305698,-1.536570865,0,Wednesday,May,1,0,0,0,0,0,0,0,0,0,0,0,1,0,3.450622265,0.879626748,3.193743885,0,Ishaan Ghosh,18,Female,Mumbai,3/26/2021,458,82,4.03,0,6,Medium,6.603333333,99.48666667,1994,Zone_8,4516,1.93,31,Business
T00694,R0139,1.66,12.39,22.71,1/2/2024,0,-1.30865008,-1.480388458,0,Tuesday,January,0,1,0,0,0,1,0,0,0,0,0,0,0,0,3.1658969,0.978326123,3.519943181,0,Diya Gupta,44,Other,Kolkata,10/9/2023,155,7,4.39,2,8,Medium,7.365,125.27875,1067,Zone_10,2440,1.54,35.4,Industrial
T00695,R0210,5.9,41.55,120.7,7/7/2023,1,-0.162576333,-0.527534827,0,Friday,July,1,0,0,0,0,0,0,1,0,0,0,0,0,0,4.801559,1.931521412,6.445928948,0,Meera Iyer,34,Other,Mumbai,1/2/2022,94,5,3.4,2,4,Low,10.135,129.5475,1712,Zone_3,12971,2.11,38,Business
T00696,R0212,11.17,61.83,259.1,5/30/2023,1,1.456125642,0.656790321,0,Tuesday,May,0,0,1,0,0,0,0,0,0,1,0,0,0,0,5.561066172,2.498973907,7.863205453,0,Aadhya Iyer,36,Female,Ahmedabad,9/11/2023,73,12,3.22,0,7,Medium,8.368571429,161.2128571,1095,Zone_5,2590,1.31,43.9,Business
T00697,R0020,13.35,124.39,176.41,6/27/2023,0,0.488997995,1.146700914,0,Tuesday,June,1,0,0,0,0,1,0,0,0,0,0,0,0,0,5.178463438,2.663749942,11.1530265,0,Diya Das,35,Female,Chennai,9/17/2019,274,21,4.03,0,7,Medium,7.692857143,106.58,2550,Zone_10,2440,1.54,35.4,Industrial
T00698,R0225,3.45,32.28,76.58,8/29/2023,1,-0.678596067,-1.07812242,0,Tuesday,August,0,0,1,0,0,0,0,0,0,0,0,0,1,0,4.351309662,1.492904096,5.681549085,0,Ishaan Sharma,39,Female,Delhi,6/15/2020,465,9,4.08,0,6,Medium,8.055,112.1533333,2278,Zone_8,4516,1.93,31,Business
T00699,R0008,10.35,92.59,230.94,10/31/2023,1,1.126771252,0.472512025,0,Tuesday,October,0,0,1,0,1,0,0,0,0,0,0,0,0,0,5.446478718,2.429217744,9.62236977,0,Ishaan Ghosh,28,Female,Jaipur,10/1/2022,215,23,4.02,0,8,Medium,6.03125,111.65875,1440,Zone_1,4921,2.43,30.9,Residential
T00700,R0057,2.44,14.61,25.52,1/19/2024,0,-1.275784815,-1.305099346,0,Friday,January,0,0,1,0,0,0,0,0,0,1,0,0,0,0,3.277899165,1.235471471,3.822302971,0,Aadhya Reddy,39,Male,Bengaluru,6/4/2023,407,11,3.66,1,13,High,7.716923077,121.8546154,1194,Zone_5,2590,1.31,43.9,Business
T00701,R0185,4.26,26.43,98.86,9/16/2023,1,-0.418013119,-0.89609142,0,Saturday,September,0,1,0,0,0,0,0,1,0,0,0,0,0,0,4.603769205,1.660131027,5.141011574,0,Vivaan Sharma,27,Male,Delhi,8/27/2021,201,12,4.05,1,7,Medium,6.247142857,106.2971429,1840,Zone_3,12971,2.11,38,Business
T00702,R0166,10.84,82.23,127.69,7/11/2024,0,-0.080822526,0.582629543,0,Thursday,July,1,0,0,0,0,0,0,0,0,0,0,0,0,1,4.857406412,2.471483629,9.068075871,0,Reyansh Sharma,24,Other,Chennai,3/16/2021,349,63,4.29,2,4,Low,10.79,157.0025,2004,Zone_9,11037,1.83,56.1,Mixed
T00703,R0169,11.59,84.56,254.99,4/12/2023,1,1.408055808,0.751176766,0,Wednesday,April,0,0,0,1,0,0,0,0,0,0,1,0,0,0,5.545138381,2.532902848,9.195651146,0,Reyansh Kumar,32,Male,Delhi,2/21/2023,497,81,4.19,1,7,Medium,10.05857143,201.7728571,1297,Zone_6,14627,0.54,37.6,Mixed
T00704,R0269,3,15.1,55.4,11/3/2023,0,-0.926313609,-1.179250754,0,Friday,November,0,0,0,1,0,0,0,0,0,0,0,0,1,0,4.032469159,1.386294361,3.885871846,0,Aadhya Sharma,41,Male,Mumbai,5/19/2019,423,16,3.41,1,7,Medium,9.008571429,208.3957143,2671,Zone_8,4516,1.93,31,Business
T00705,R0268,10.37,72.86,110.81,7/31/2023,0,-0.278248027,0.477006617,0,Monday,July,1,0,0,0,0,1,0,0,0,0,0,0,0,0,4.716801002,2.430978308,8.535806933,0,Ishaan Kumar,34,Male,Chennai,10/16/2022,10,0,4.6,1,5,Low,8.504,145.216,1425,Zone_10,2440,1.54,35.4,Industrial
T00706,R0290,1.34,7.33,25.26,9/16/2023,0,-1.27882573,-1.552301939,0,Saturday,September,1,0,0,0,0,0,0,0,0,1,0,0,0,0,3.268046869,0.850150929,2.707397274,0,Saanvi Kumar,34,Other,Chennai,5/6/2020,169,4,4.28,2,9,Medium,7.58,119.7411111,2318,Zone_5,2590,1.31,43.9,Business
T00707,R0147,6.99,65.49,96.35,11/13/2023,0,-0.447369636,-0.282579531,0,Monday,November,0,1,0,0,0,0,0,0,0,0,0,0,1,0,4.578312732,2.07819076,8.092589202,0,Saanvi Nair,35,Other,Mumbai,8/29/2022,239,21,3.91,2,8,Medium,7.94375,127.725,1473,Zone_8,4516,1.93,31,Business
T00708,R0127,2.33,15.08,27.27,2/27/2023,0,-1.255317124,-1.329819606,0,Monday,February,0,0,1,0,0,0,0,1,0,0,0,0,0,0,3.341801172,1.202972304,3.883297568,0,Vivaan Kumar,38,Male,Chennai,3/17/2020,43,2,4.83,1,9,Medium,7.867777778,155.6077778,2368,Zone_3,12971,2.11,38,Business
T00709,R0120,3.96,21.4,34.72,5/1/2024,0,-1.168183239,-0.963510309,0,Wednesday,May,0,0,0,1,0,0,0,0,0,1,0,0,0,0,3.575710756,1.601405741,4.626013402,0,Ishaan Gupta,18,Other,Surat,7/12/2020,311,15,4.55,2,8,Medium,8.525,126.74375,2251,Zone_5,2590,1.31,43.9,Business
T00710,R0104,1.62,8.4,39.64,2/14/2024,1,-1.110639787,-1.489377643,0,Wednesday,February,0,0,1,0,0,0,0,0,0,0,1,0,0,0,3.704752803,0.963174318,2.898275349,0,Diya Gupta,52,Male,Kolkata,5/27/2021,328,1,3.7,1,9,Medium,5.187777778,85.04333333,1932,Zone_6,14627,0.54,37.6,Mixed
T00711,R0138,10.77,59.63,129.77,7/6/2023,0,-0.056495214,0.566898469,0,Thursday,July,0,0,1,0,0,1,0,0,0,0,0,0,0,0,4.873440055,2.465553921,7.722046361,0,Ishaan Das,46,Male,Kolkata,7/28/2022,13,0,3.53,1,5,Low,6.25,104.296,1505,Zone_10,2440,1.54,35.4,Industrial
T00712,R0186,10.77,97.47,91.35,6/27/2024,0,-0.505848753,0.566898469,0,Thursday,June,0,0,0,1,0,0,1,0,0,0,0,0,0,0,4.525585707,2.465553921,9.872689603,0,Ishaan Sharma,18,Other,Hyderabad,12/11/2020,373,19,3.26,2,7,Medium,9.797142857,134.1171429,2099,Zone_2,6371,0.91,58.4,Residential
T00713,R0155,4.54,30.68,56.41,4/13/2023,0,-0.914500827,-0.833167124,0,Thursday,April,0,0,1,0,0,0,0,0,0,1,0,0,0,0,4.050218504,1.711994501,5.53895297,0,Meera Reddy,23,Male,Hyderabad,2/10/2019,353,8,3.14,1,8,Medium,7.61375,116.46375,2769,Zone_5,2590,1.31,43.9,Business
T00714,R0099,9.88,70.11,193.24,1/25/2023,0,0.685838705,0.366889099,0,Wednesday,January,1,0,0,0,0,1,0,0,0,0,0,0,0,0,5.269094508,2.386926241,8.373171442,0,Diya Gupta,35,Other,Mumbai,8/21/2021,80,8,3.7,2,9,Medium,7.707777778,142.5177778,1846,Zone_10,2440,1.54,35.4,Industrial
T00715,R0085,9.31,81.46,121.48,5/31/2024,0,-0.153453591,0.23879321,0,Friday,May,0,1,0,0,0,0,0,0,1,0,0,0,0,0,4.807947751,2.333114298,9.025519376,0,Aadhya Ghosh,29,Female,Chennai,9/17/2022,94,12,4.95,0,5,Low,8.798,101.982,1454,Zone_4,4038,2.46,48.2,Business
T00716,R0202,7.36,39.52,103.51,4/23/2024,0,-0.363627539,-0.199429568,0,Tuesday,April,0,0,0,1,0,0,0,0,1,0,0,0,0,0,4.649282761,2.123458427,6.286493458,0,Aadhya Reddy,27,Male,Ahmedabad,10/28/2021,317,0,4.72,1,8,Medium,9.2125,113.6425,1778,Zone_4,4038,2.46,48.2,Business
T00717,R0281,18.79,108.29,303.19,7/6/2024,0,1.971794501,2.3692301,0,Saturday,July,0,0,0,1,0,0,0,0,0,0,0,0,0,1,5.717652506,2.98517676,10.40624812,0,Arjun Iyer,21,Female,Jaipur,10/15/2020,268,17,4.74,0,5,Low,7.626,109.926,2156,Zone_9,11037,1.83,56.1,Mixed
T00718,R0019,3.8,22.43,34.99,7/19/2023,0,-1.165025367,-0.99946705,0,Wednesday,July,1,0,0,0,0,0,0,0,0,1,0,0,0,0,3.583241122,1.568615918,4.736032094,0,Kavya Patel,40,Other,Mumbai,4/2/2023,266,24,4.08,2,5,Low,7.75,126.598,1257,Zone_5,2590,1.31,43.9,Business
T00719,R0088,8.07,64.32,70.11,3/30/2023,0,-0.754268045,-0.039871531,0,Thursday,March,0,0,1,0,0,0,0,0,0,0,0,0,0,1,4.264227974,2.204972264,8.019975062,0,Diya Iyer,22,Other,Jaipur,7/7/2019,438,0,4.78,2,8,Medium,7.78125,111.72,2622,Zone_9,11037,1.83,56.1,Mixed
T00720,R0142,6.09,35.44,97.92,5/10/2024,0,-0.429007193,-0.484836198,0,Friday,May,0,0,1,0,0,0,0,0,0,0,0,0,1,0,4.594311443,1.958685341,5.953150426,0,Meera Nair,33,Female,Kolkata,3/4/2021,78,5,3.48,0,4,Low,6.78,104.875,2016,Zone_8,4516,1.93,31,Business
T00721,R0236,6.14,39.16,117.18,2/14/2024,0,-0.203745632,-0.473599716,0,Wednesday,February,0,0,0,1,0,0,0,0,0,0,0,0,1,0,4.772208886,1.965712776,6.257795139,0,Arjun Gupta,28,Male,Ahmedabad,8/10/2020,61,1,3.36,1,11,High,4.546363636,69.86727273,2222,Zone_8,4516,1.93,31,Business
T00722,R0068,8.8,66.49,101.39,8/5/2024,0,-0.388422685,0.124181099,0,Monday,August,0,0,0,1,0,1,0,0,0,0,0,0,0,0,4.628789052,2.282382386,8.154140053,0,Meera Singh,30,Female,Ahmedabad,8/31/2022,456,70,4.97,0,9,Medium,7.977777778,122.2922222,1471,Zone_10,2440,1.54,35.4,Industrial
T00723,R0030,6.53,57.16,158.88,1/23/2023,1,0.283970209,-0.385955161,0,Monday,January,1,0,0,0,1,0,0,0,0,0,0,0,0,0,5.074423534,2.018895042,7.560423269,0,Saanvi Patel,25,Other,Mumbai,1/8/2021,442,58,3.72,2,11,High,7.368181818,144.1136364,2071,Zone_1,4921,2.43,30.9,Residential
T00724,R0286,3.7,28.26,54.64,9/8/2023,0,-0.935202435,-1.021940013,0,Friday,September,0,0,0,1,0,0,0,0,0,0,0,1,0,0,4.018902367,1.547562509,5.316013544,0,Ishaan Nair,26,Male,Pune,2/15/2023,29,0,4.48,1,6,Medium,7.043333333,104.5233333,1303,Zone_7,11070,0.64,45.2,Industrial
T00725,R0042,8.62,52.02,140.1,5/8/2023,0,0.064322643,0.083729765,0,Monday,May,0,1,0,0,0,0,0,0,0,0,0,0,1,0,4.949468859,2.263844265,7.212489168,0,Arjun Reddy,18,Female,Chennai,5/20/2021,23,4,3.03,0,5,Low,9.232,147.696,1939,Zone_8,4516,1.93,31,Business
T00726,R0095,13.91,106.66,153.83,3/11/2024,0,0.2249063,1.272549507,0,Monday,March,0,0,0,1,0,0,0,0,1,0,0,0,0,0,5.042327741,2.702032129,10.32763284,0,Kavya Iyer,29,Female,Chennai,10/7/2020,481,77,4.26,0,13,High,8.826923077,144.5853846,2164,Zone_4,4038,2.46,48.2,Business
T00727,R0244,12.71,91.86,182.94,4/12/2024,0,0.565371723,1.002873951,0,Friday,April,1,0,0,0,1,0,0,0,0,0,0,0,0,0,5.214609617,2.618125494,9.584362264,0,Aadhya Iyer,24,Female,Kolkata,4/22/2019,27,1,3.13,0,4,Low,8.8275,162.0525,2698,Zone_1,4921,2.43,30.9,Residential
T00728,R0165,9.02,74.07,124.34,4/25/2023,0,-0.120003535,0.173621617,0,Tuesday,April,0,0,1,0,1,0,0,0,0,0,0,0,0,0,4.831030045,2.304583096,8.606392973,0,Meera Reddy,37,Female,Kolkata,12/9/2021,34,5,3.27,0,6,Medium,7.785,129.95,1736,Zone_1,4921,2.43,30.9,Residential
T00729,R0150,4.32,25.6,72.15,6/18/2024,0,-0.730408565,-0.882607642,0,Tuesday,June,0,1,0,0,0,0,1,0,0,0,0,0,0,0,4.292512127,1.671473303,5.059644256,0,Ishaan Gupta,33,Male,Pune,2/27/2022,215,16,4.95,1,7,Medium,7.922857143,107.6914286,1656,Zone_2,6371,0.91,58.4,Residential
T00730,R0083,8.93,76.17,169.27,5/2/2023,0,0.405489815,0.153395951,0,Tuesday,May,1,0,0,0,0,0,0,0,0,0,0,0,0,1,5.137385412,2.295560478,8.727542609,0,Kavya Patel,45,Female,Mumbai,12/31/2021,475,39,4.4,0,10,Medium,9.262,141.533,1714,Zone_9,11037,1.83,56.1,Mixed
T00731,R0235,13.42,107.43,312.14,12/1/2023,1,2.076472122,1.162431988,0,Friday,December,0,0,0,1,1,0,0,0,0,0,0,0,0,0,5.746650375,2.668616132,10.36484443,0,Aarav Ghosh,34,Other,Delhi,2/15/2021,284,8,4.06,2,8,Medium,6.95625,105.7575,2033,Zone_1,4921,2.43,30.9,Residential
T00732,R0144,13.96,82.36,302.82,8/3/2023,1,1.967467047,1.283785988,0,Thursday,August,0,1,0,0,0,0,0,0,1,0,0,0,0,0,5.716435421,2.705379973,9.075241044,0,Ishaan Kumar,34,Other,Pune,1/31/2021,194,10,3.52,2,9,Medium,9.385555556,172.4944444,2048,Zone_4,4038,2.46,48.2,Business
T00733,R0083,9.8,87.85,105.78,6/30/2024,0,-0.33707802,0.348910729,0,Sunday,June,0,0,0,1,0,0,0,0,0,0,0,0,0,1,4.670770643,2.379546134,9.372833083,0,Kavya Patel,45,Female,Mumbai,12/31/2021,475,39,4.4,0,10,Medium,9.262,141.533,1714,Zone_9,11037,1.83,56.1,Mixed
T00734,R0132,6.18,44.74,54.04,5/15/2023,0,-0.942219929,-0.464610531,0,Monday,May,1,0,0,0,0,1,0,0,0,0,0,0,0,0,4.008060194,1.971299383,6.688796603,0,Aadhya Iyer,23,Male,Surat,12/9/2022,484,25,3.32,1,11,High,6.309090909,99.27181818,1371,Zone_10,2440,1.54,35.4,Industrial
T00735,R0046,6.99,49.05,168.24,9/22/2023,1,0.393443117,-0.282579531,0,Friday,September,1,0,0,0,0,0,0,0,0,1,0,0,0,0,5.131317826,2.07819076,7.003570518,0,Vivaan Singh,31,Female,Kolkata,8/16/2019,31,4,3.87,0,8,Medium,10.0025,162.0525,2582,Zone_5,2590,1.31,43.9,Business
T00736,R0267,11.86,63.25,193.92,2/2/2023,0,0.693791865,0.811853766,0,Thursday,February,0,1,0,0,1,0,0,0,0,0,0,0,0,0,5.272589218,2.554121719,7.95298686,0,Arjun Iyer,37,Other,Jaipur,1/1/2021,131,11,4.5,2,5,Low,9.438,136.338,2078,Zone_1,4921,2.43,30.9,Residential
T00737,R0049,11.43,103.54,204.21,7/13/2024,0,0.814141889,0.715220025,0,Saturday,July,0,0,0,1,0,1,0,0,0,0,0,0,0,0,5.324033845,2.520112906,10.17546068,0,Meera Iyer,39,Male,Mumbai,5/19/2020,375,55,4.4,1,6,Medium,9.728333333,163.4,2305,Zone_10,2440,1.54,35.4,Industrial
T00738,R0129,0.79,4.2,15.17,3/20/2024,0,-1.396836589,-1.675903235,0,Wednesday,March,0,0,1,0,0,0,0,0,0,1,0,0,0,0,2.783157674,0.58221562,2.049390153,0,Vivaan Singh,35,Male,Hyderabad,10/8/2022,158,10,3.9,1,11,High,8.170909091,137.1181818,1433,Zone_5,2590,1.31,43.9,Business
T00739,R0202,11.29,57.39,225.53,7/15/2024,0,1.063496847,0.683757877,0,Monday,July,1,0,0,0,0,0,1,0,0,0,0,0,0,0,5.422877386,2.508785924,7.575618787,0,Aadhya Reddy,27,Male,Ahmedabad,10/28/2021,317,0,4.72,1,8,Medium,9.2125,113.6425,1778,Zone_2,6371,0.91,58.4,Residential
T00740,R0137,11.56,113.08,192.67,1/24/2024,0,0.679172086,0.744434877,0,Wednesday,January,0,0,0,1,0,0,0,0,1,0,0,0,0,0,5.26615568,2.530517161,10.63390803,0,Arjun Gupta,27,Male,Bengaluru,8/10/2021,166,32,3.14,1,7,Medium,11.76142857,214.1957143,1857,Zone_4,4038,2.46,48.2,Business
T00741,R0074,3.56,26.1,56.39,4/18/2023,0,-0.914734743,-1.053402161,0,Tuesday,April,0,1,0,0,1,0,0,0,0,0,0,0,0,0,4.049870072,1.517322624,5.10881591,0,Vivaan Ghosh,23,Male,Kolkata,9/11/2023,199,22,4.89,1,7,Medium,6.598571429,116.7528571,1095,Zone_1,4921,2.43,30.9,Residential
T00742,R0242,4.18,26.81,42.02,2/3/2024,0,-1.082803727,-0.914069791,0,Saturday,February,0,0,1,0,0,0,0,0,0,0,1,0,0,0,3.761665124,1.644805056,5.177837386,0,Kavya Iyer,34,Male,Ahmedabad,6/5/2022,445,8,4.54,1,7,Medium,3.752857143,46.88428571,1558,Zone_6,14627,0.54,37.6,Mixed
T00743,R0157,4.21,41.73,90.77,4/9/2024,1,-0.512632331,-0.907327902,0,Tuesday,April,1,0,0,0,0,0,1,0,0,0,0,0,0,0,4.519285447,1.650579856,6.45987616,0,Kavya Nair,36,Female,Hyderabad,11/23/2021,319,27,4.65,0,10,Medium,11.39,187.593,1752,Zone_2,6371,0.91,58.4,Residential
T00744,R0229,4.6,43.9,90.14,6/26/2024,0,-0.5200007,-0.819683346,0,Wednesday,June,0,1,0,0,0,0,0,0,0,0,0,0,1,0,4.512396786,1.722766598,6.625707509,0,Reyansh Ghosh,22,Female,Mumbai,11/23/2020,146,16,4.43,0,5,Low,7.736,137.7,2117,Zone_8,4516,1.93,31,Business
T00745,R0060,0.92,7.67,21.17,4/1/2024,1,-1.326661648,-1.646688384,0,Monday,April,0,1,0,0,1,0,0,0,0,0,0,0,0,0,3.098740024,0.652325186,2.769476485,0,Aarav Nair,40,Female,Hyderabad,8/1/2023,123,7,4.57,0,6,Medium,7.876666667,122.0633333,1136,Zone_1,4921,2.43,30.9,Residential
T00746,R0218,9.57,82.88,146.52,10/24/2023,0,0.13940983,0.297222914,0,Tuesday,October,0,1,0,0,0,0,0,0,1,0,0,0,0,0,4.99396376,2.3580198,9.103845341,0,Arjun Reddy,34,Other,Delhi,1/11/2019,160,16,3.87,2,6,Medium,8.34,120.9116667,2799,Zone_4,4038,2.46,48.2,Business
T00747,R0286,4.07,31.13,74.18,3/16/2023,0,-0.706666043,-0.93879005,0,Thursday,March,1,0,0,0,0,0,0,0,0,0,1,0,0,0,4.319885238,1.623340818,5.579426494,0,Ishaan Nair,26,Male,Pune,2/15/2023,29,0,4.48,1,6,Medium,7.043333333,104.5233333,1303,Zone_6,14627,0.54,37.6,Mixed
T00748,R0020,7.65,74.95,122.69,1/3/2023,0,-0.139301644,-0.134257975,0,Tuesday,January,0,0,0,1,0,0,0,0,0,0,0,0,0,1,4.817778435,2.157559321,8.657366805,0,Diya Das,35,Female,Chennai,9/17/2019,274,21,4.03,0,7,Medium,7.692857143,106.58,2550,Zone_9,11037,1.83,56.1,Mixed
T00749,R0105,5.51,42.85,113.07,3/17/2024,1,-0.251815466,-0.615179383,0,Sunday,March,1,0,0,0,0,0,0,0,0,0,0,0,1,0,4.736812295,1.873339456,6.54599114,0,Diya Das,31,Female,Jaipur,9/28/2020,346,9,3.69,0,12,High,7.933333333,108.4266667,2173,Zone_8,4516,1.93,31,Business
T00750,R0063,9.28,47.06,182.89,5/17/2023,0,0.564786932,0.232051321,0,Wednesday,May,0,0,1,0,1,0,0,0,0,0,0,0,0,0,5.214337753,2.33020026,6.860029154,0,Diya Iyer,34,Male,Surat,4/21/2023,329,33,4.83,1,6,Medium,11.25833333,207.4266667,1238,Zone_1,4921,2.43,30.9,Residential
T00751,R0095,2.95,15.71,41.79,12/23/2023,0,-1.085493767,-1.190487235,0,Saturday,December,1,0,0,0,0,0,0,0,0,0,0,0,0,1,3.75630443,1.373715579,3.963584237,0,Kavya Iyer,29,Female,Chennai,10/7/2020,481,77,4.26,0,13,High,8.826923077,144.5853846,2164,Zone_9,11037,1.83,56.1,Mixed
T00752,R0081,9.23,88.32,218.67,7/7/2024,1,0.983263497,0.22081484,0,Sunday,July,0,1,0,0,0,0,0,0,1,0,0,0,0,0,5.39212642,2.32532458,9.3978721,0,Diya Reddy,42,Other,Mumbai,1/31/2022,114,2,3.9,2,6,Medium,8.82,135.345,1683,Zone_4,4038,2.46,48.2,Business
T00753,R0013,9.95,66.91,136.07,6/28/2024,0,0.017188475,0.382620173,0,Friday,June,0,0,1,0,0,0,0,0,0,0,1,0,0,0,4.920491744,2.393339456,8.179853299,0,Ishaan Gupta,43,Female,Kolkata,4/1/2019,6,0,3.91,0,9,Medium,8.945555556,159.2044444,2719,Zone_6,14627,0.54,37.6,Mixed
T00754,R0088,12.14,121.09,232.59,7/2/2024,0,1.146069361,0.874778062,0,Tuesday,July,0,0,1,0,0,0,0,0,0,0,1,0,0,0,5.453567442,2.575661013,11.00409015,0,Diya Iyer,22,Other,Jaipur,7/7/2019,438,0,4.78,2,8,Medium,7.78125,111.72,2622,Zone_6,14627,0.54,37.6,Mixed
T00755,R0029,17.84,165.01,379.63,11/6/2023,1,3.15482705,2.155736952,0,Monday,November,1,0,0,0,0,0,0,0,0,0,0,0,1,0,5.941827775,2.935982269,12.84562182,0,Kavya Iyer,30,Male,Surat,7/24/2022,4,0,3.69,1,6,Medium,9.961666667,189.6283333,1509,Zone_8,4516,1.93,31,Business
T00756,R0264,2.46,24.21,25.57,2/10/2024,0,-1.275200024,-1.300604754,0,Saturday,February,0,0,0,1,0,1,0,0,0,0,0,0,0,0,3.27978276,1.241268589,4.92036584,0,Aadhya Das,27,Other,Delhi,2/6/2019,401,54,3.59,2,3,Low,4.146666667,63.37,2773,Zone_10,2440,1.54,35.4,Industrial
T00757,R0158,9.6,69.01,119.92,10/3/2023,0,-0.171699075,0.303964803,0,Tuesday,October,1,0,0,0,0,0,1,0,0,0,0,0,0,0,4.79512917,2.360854001,8.30722577,0,Aarav Iyer,27,Male,Ahmedabad,7/26/2020,441,60,3.57,1,4,Low,6.365,96.2175,2237,Zone_2,6371,0.91,58.4,Residential
T00758,R0029,4.45,40.55,97.15,8/13/2024,1,-0.438012977,-0.853392791,0,Tuesday,August,0,0,1,0,0,0,0,0,0,0,0,0,0,1,4.586496921,1.695615609,6.36788819,0,Kavya Iyer,30,Male,Surat,7/24/2022,4,0,3.69,1,6,Medium,9.961666667,189.6283333,1509,Zone_9,11037,1.83,56.1,Mixed
T00759,R0258,1.63,10.31,38.61,12/8/2023,1,-1.122686486,-1.487130346,0,Friday,December,0,0,0,1,0,0,0,0,0,1,0,0,0,0,3.679081612,0.966983846,3.210918872,0,Vivaan Nair,32,Female,Jaipur,1/29/2020,313,39,3.76,0,5,Low,5.846,99.87,2416,Zone_5,2590,1.31,43.9,Business
T00760,R0109,12.21,66.9,141.11,10/25/2023,0,0.076135425,0.890509136,0,Wednesday,October,1,0,0,0,0,0,1,0,0,0,0,0,0,0,4.956601406,2.580974119,8.179242019,0,Vivaan Kumar,35,Female,Delhi,11/19/2022,62,5,3.35,0,4,Low,10.81,172.5975,1391,Zone_2,6371,0.91,58.4,Residential
T00761,R0147,14.66,138.46,271.36,8/28/2023,0,1.599516439,1.441096729,0,Monday,August,1,0,0,0,0,0,1,0,0,0,0,0,0,0,5.607124721,2.751109691,11.76690274,0,Saanvi Nair,35,Other,Mumbai,8/29/2022,239,21,3.91,2,8,Medium,7.94375,127.725,1473,Zone_2,6371,0.91,58.4,Residential
T00762,R0168,6.04,35.12,120.34,2/19/2024,0,-0.166786829,-0.496072679,0,Monday,February,0,0,0,1,0,0,1,0,0,0,0,0,0,0,4.798596523,1.95160817,5.926212956,0,Diya Das,23,Male,Pune,10/8/2019,471,74,4.03,1,5,Low,7.004,113.862,2529,Zone_2,6371,0.91,58.4,Residential
T00763,R0085,9.05,82,95.17,10/12/2023,0,-0.461170707,0.180363506,0,Thursday,October,1,0,0,0,0,1,0,0,0,0,0,0,0,0,4.566117459,2.307572635,9.055385138,0,Aadhya Ghosh,29,Female,Chennai,9/17/2022,94,12,4.95,0,5,Low,8.798,101.982,1454,Zone_10,2440,1.54,35.4,Industrial
T00764,R0186,7.68,68.84,68,6/14/2024,0,-0.778946232,-0.127516087,0,Friday,June,0,0,0,1,0,1,0,0,0,0,0,0,0,0,4.234106505,2.161021529,8.296987405,0,Ishaan Sharma,18,Other,Hyderabad,12/11/2020,373,19,3.26,2,7,Medium,9.797142857,134.1171429,2099,Zone_10,2440,1.54,35.4,Industrial
T00765,R0201,10.17,51.68,102.51,6/17/2023,0,-0.375323363,0.432060692,0,Saturday,June,0,1,0,0,0,0,0,0,0,0,0,0,0,1,4.639668226,2.413231613,7.188880302,0,Meera Reddy,37,Female,Delhi,4/6/2021,183,15,3.84,0,7,Medium,9.668571429,153.1142857,1983,Zone_9,11037,1.83,56.1,Mixed
T00766,R0279,12.4,102.66,217.64,6/30/2024,0,0.971216799,0.933207766,0,Sunday,June,0,0,1,0,0,0,0,0,0,0,0,0,1,0,5.387426542,2.595254707,10.13212712,0,Diya Singh,25,Other,Pune,4/21/2022,454,84,3.73,2,5,Low,8.31,139.814,1603,Zone_8,4516,1.93,31,Business
T00767,R0279,9.72,77.55,114.71,6/2/2024,0,-0.232634316,0.330932358,0,Sunday,June,0,0,0,1,0,0,0,0,0,1,0,0,0,0,4.751087061,2.372111156,8.806247782,0,Diya Singh,25,Other,Pune,4/21/2022,454,84,3.73,2,5,Low,8.31,139.814,1603,Zone_5,2590,1.31,43.9,Business
T00768,R0047,9.73,57.22,227.41,8/5/2024,1,1.085484995,0.333179654,0,Monday,August,0,0,0,1,1,0,0,0,0,0,0,0,0,0,5.43114226,2.373043557,7.56439026,0,Reyansh Iyer,51,Female,Bengaluru,10/7/2021,69,3,4.86,0,7,Medium,8.89,163.5528571,1799,Zone_1,4921,2.43,30.9,Residential
T00769,R0042,14.3,136.69,290.49,6/12/2023,1,1.823257543,1.360194062,0,Monday,June,1,0,0,0,0,0,0,0,0,0,0,0,0,1,5.6750057,2.727852828,11.69144987,0,Arjun Reddy,18,Female,Chennai,5/20/2021,23,4,3.03,0,5,Low,9.232,147.696,1939,Zone_9,11037,1.83,56.1,Mixed
T00770,R0154,7.18,62.64,127.03,7/12/2023,0,-0.08854177,-0.239880901,0,Wednesday,July,0,0,1,0,1,0,0,0,0,0,0,0,0,0,4.852264611,2.101692151,7.914543575,0,Kavya Patel,18,Other,Kolkata,3/25/2019,466,79,4.68,2,13,High,10.66307692,158.4246154,2726,Zone_1,4921,2.43,30.9,Residential
T00771,R0058,12.62,113.65,150.09,12/27/2023,0,0.18116392,0.982648284,0,Wednesday,December,1,0,0,0,1,0,0,0,0,0,0,0,0,0,5.017875686,2.611539301,10.6606754,0,Vivaan Reddy,46,Male,Kolkata,5/31/2021,480,25,4.32,1,8,Medium,9.515,130.43375,1928,Zone_1,4921,2.43,30.9,Residential
T00772,R0006,3.89,37.48,68.34,11/14/2023,0,-0.774969652,-0.979241383,0,Tuesday,November,1,0,0,0,0,0,0,0,0,1,0,0,0,0,4.23902194,1.587192303,6.122091146,0,Aarav Das,45,Female,Jaipur,6/30/2023,248,13,4.64,0,7,Medium,9.034285714,156.49,1168,Zone_5,2590,1.31,43.9,Business
T00773,R0045,16.04,113.26,297.73,8/20/2023,0,1.907935305,1.751223618,0,Sunday,August,0,0,1,0,1,0,0,0,0,0,0,0,0,0,5.699540155,2.835563521,10.64236816,0,Saanvi Iyer,34,Other,Ahmedabad,7/12/2023,100,16,4.88,2,9,Medium,9.725555556,169.9833333,1156,Zone_1,4921,2.43,30.9,Residential
T00774,R0199,11.69,79.48,280.26,10/9/2023,1,1.703609268,0.773649729,0,Monday,October,0,0,0,1,0,0,0,0,1,0,0,0,0,0,5.639279508,2.540814282,8.915155635,0,Aarav Das,29,Male,Ahmedabad,8/3/2021,344,27,3.91,1,10,Medium,8.515,160.05,1864,Zone_4,4038,2.46,48.2,Business
T00775,R0213,5.98,53.94,106.57,2/13/2023,0,-0.327838319,-0.509556457,0,Monday,February,0,1,0,0,0,0,0,0,0,1,0,0,0,0,4.678141798,1.943048917,7.344385611,0,Kavya Ghosh,29,Female,Chennai,6/4/2019,456,26,3.74,0,9,Medium,6.787777778,118.2666667,2655,Zone_5,2590,1.31,43.9,Business
T00776,R0093,2.57,17.8,38.6,9/5/2023,0,-1.122803444,-1.275884494,0,Tuesday,September,0,0,0,1,0,0,1,0,0,0,0,0,0,0,3.678829118,1.272565596,4.219004622,0,Diya Patel,33,Other,Surat,5/30/2019,119,18,3.77,2,6,Medium,11.925,198.315,2660,Zone_2,6371,0.91,58.4,Residential
T00777,R0023,8,40.24,164.23,3/17/2024,1,0.346542865,-0.055602605,0,Sunday,March,0,1,0,0,0,0,0,0,0,1,0,0,0,0,5.107338443,2.197224577,6.343500611,0,Meera Iyer,24,Other,Jaipur,10/9/2019,176,32,3.21,2,8,Medium,8.11375,149.4525,2528,Zone_5,2590,1.31,43.9,Business
T00778,R0129,2.09,13.29,35.96,3/4/2023,0,-1.153680418,-1.383754717,0,Saturday,March,0,0,0,1,0,0,0,0,1,0,0,0,0,0,3.609836247,1.128171091,3.645545227,0,Vivaan Singh,35,Male,Hyderabad,10/8/2022,158,10,3.9,1,11,High,8.170909091,137.1181818,1433,Zone_4,4038,2.46,48.2,Business
T00779,R0193,9.5,68.8,211.56,7/12/2023,1,0.900106192,0.28149184,0,Wednesday,July,1,0,0,0,1,0,0,0,0,0,0,0,0,0,5.359224301,2.351375257,8.294576541,0,Kavya Singh,33,Female,Chennai,1/3/2022,389,68,4.41,0,7,Medium,8.012857143,143.6628571,1711,Zone_1,4921,2.43,30.9,Residential
T00780,R0047,15.26,79.91,310.84,6/30/2024,1,2.061267551,1.575934507,0,Sunday,June,0,0,1,0,0,0,0,0,1,0,0,0,0,0,5.742490236,2.788708104,8.939239341,0,Reyansh Iyer,51,Female,Bengaluru,10/7/2021,69,3,4.86,0,7,Medium,8.89,163.5528571,1799,Zone_4,4038,2.46,48.2,Business
T00781,R0105,8.8,66.42,85.32,3/9/2024,0,-0.576374569,0.124181099,0,Saturday,March,1,0,0,0,0,0,0,0,0,0,0,0,1,0,4.458061321,2.282382386,8.149846624,0,Diya Das,31,Female,Jaipur,9/28/2020,346,9,3.69,0,12,High,7.933333333,108.4266667,2173,Zone_8,4516,1.93,31,Business
T00782,R0032,7.11,61.63,176.63,5/1/2024,1,0.491571077,-0.255611975,0,Wednesday,May,1,0,0,0,0,0,1,0,0,0,0,0,0,0,5.179702735,2.093097868,7.850477692,0,Kavya Reddy,18,Female,Mumbai,9/20/2023,213,24,4,0,7,Medium,9.455714286,196.97,1086,Zone_2,6371,0.91,58.4,Residential
T00783,R0076,9.71,57.36,130.03,9/3/2023,0,-0.053454299,0.328685062,0,Sunday,September,0,0,0,1,0,0,0,0,0,0,0,0,1,0,4.875426305,2.371177884,7.573638492,0,Reyansh Reddy,40,Male,Bengaluru,1/2/2022,137,13,3.34,1,5,Low,11.354,172.962,1712,Zone_8,4516,1.93,31,Business
T00784,R0173,9.43,91.48,122.19,7/28/2023,0,-0.145149556,0.265760766,0,Friday,July,0,1,0,0,1,0,0,0,0,0,0,0,0,0,4.813727879,2.344686269,9.564517761,0,Saanvi Ghosh,26,Other,Mumbai,1/15/2020,389,55,4.28,2,7,Medium,7.148571429,123.0671429,2430,Zone_1,4921,2.43,30.9,Residential
T00785,R0290,3.81,28.82,70.83,12/2/2023,0,-0.745847052,-0.997219754,0,Saturday,December,0,0,0,1,0,0,0,0,0,0,0,0,0,1,4.274302216,1.570697084,5.368426213,0,Saanvi Kumar,34,Other,Chennai,5/6/2020,169,4,4.28,2,9,Medium,7.58,119.7411111,2318,Zone_9,11037,1.83,56.1,Mixed
T00786,R0035,9.2,65.36,150.05,12/14/2023,0,0.180696087,0.214072951,0,Thursday,December,0,1,0,0,1,0,0,0,0,0,0,0,0,0,5.017610908,2.32238772,8.084553173,0,Reyansh Das,39,Male,Kolkata,3/20/2022,392,41,3.49,1,4,Low,7.245,104.9775,1635,Zone_1,4921,2.43,30.9,Residential
T00787,R0183,11.1,92.83,152.12,1/25/2024,0,0.204906442,0.641059247,0,Thursday,January,0,0,0,1,0,0,0,0,0,0,0,1,0,0,5.031221928,2.493205453,9.63483264,0,Arjun Patel,43,Other,Jaipur,8/27/2022,406,66,3.79,2,8,Medium,7.2225,106.3925,1475,Zone_7,11070,0.64,45.2,Industrial
T00788,R0139,6.7,59.38,166.87,5/24/2023,1,0.377419839,-0.347751124,0,Wednesday,May,1,0,0,0,1,0,0,0,0,0,0,0,0,0,5.12318987,2.041220329,7.70584194,0,Diya Gupta,44,Other,Kolkata,10/9/2023,155,7,4.39,2,8,Medium,7.365,125.27875,1067,Zone_1,4921,2.43,30.9,Residential
T00789,R0045,12.89,105.09,220.17,2/26/2024,0,1.000807233,1.043325284,0,Monday,February,1,0,0,0,0,0,0,0,0,0,0,0,1,0,5.398931637,2.631169157,10.25134138,0,Saanvi Iyer,34,Other,Ahmedabad,7/12/2023,100,16,4.88,2,9,Medium,9.725555556,169.9833333,1156,Zone_8,4516,1.93,31,Business
T00790,R0062,7.36,54.82,155.33,1/24/2024,1,0.242450036,-0.199429568,0,Wednesday,January,0,1,0,0,0,1,0,0,0,0,0,0,0,0,5.051969158,2.123458427,7.404052944,0,Kavya Sharma,38,Male,Jaipur,5/13/2019,57,3,3.58,1,7,Medium,9.435714286,127.0728571,2677,Zone_10,2440,1.54,35.4,Industrial
T00791,R0164,11.83,78.97,286.93,1/6/2024,1,1.781620411,0.805111877,0,Saturday,January,0,0,1,0,0,0,1,0,0,0,0,0,0,0,5.662717395,2.551786179,8.886506625,0,Aadhya Ghosh,37,Other,Ahmedabad,7/6/2022,249,23,4.02,2,12,High,8.356666667,146.5408333,1527,Zone_2,6371,0.91,58.4,Residential
T00792,R0105,19.37,143.84,283.31,7/5/2023,0,1.73928153,2.499573285,0,Wednesday,July,1,0,0,0,0,0,1,0,0,0,0,0,0,0,5.650065192,3.01406323,11.99333148,0,Diya Das,31,Female,Jaipur,9/28/2020,346,9,3.69,0,12,High,7.933333333,108.4266667,2173,Zone_2,6371,0.91,58.4,Residential
T00793,R0161,7.52,58.21,98.63,12/13/2023,0,-0.420703158,-0.163472827,0,Wednesday,December,0,0,0,1,0,0,0,0,0,0,0,1,0,0,4.601463324,2.142416341,7.629547824,0,Aarav Nair,32,Other,Surat,3/27/2019,332,50,4.91,2,6,Medium,5.536666667,94.59333333,2724,Zone_7,11070,0.64,45.2,Industrial
T00794,R0209,1.71,16.51,37.86,1/20/2023,1,-1.131458353,-1.469151976,0,Friday,January,0,0,1,0,0,0,0,0,0,0,0,1,0,0,3.659965444,0.996948635,4.063249931,0,Vivaan Sharma,31,Other,Surat,6/11/2020,109,20,3.77,2,8,Medium,7.315,91.88625,2282,Zone_7,11070,0.64,45.2,Industrial
T00795,R0296,6.32,48.62,81.7,1/14/2023,0,-0.61871345,-0.433148383,0,Saturday,January,1,0,0,0,0,0,0,0,1,0,0,0,0,0,4.415219602,1.990610328,6.972804314,0,Reyansh Patel,37,Other,Hyderabad,2/20/2021,390,58,3.97,2,7,Medium,11.35142857,186.6371429,2028,Zone_4,4038,2.46,48.2,Business
T00796,R0172,0.63,5.74,14.05,1/12/2024,1,-1.409935911,-1.711859976,0,Friday,January,0,0,0,1,1,0,0,0,0,0,0,0,0,0,2.711377991,0.488580015,2.39582971,0,Reyansh Reddy,31,Other,Pune,12/24/2019,168,14,3.72,2,11,High,7.713636364,135.3281818,2452,Zone_1,4921,2.43,30.9,Residential
T00797,R0258,11.06,69.44,227.04,10/18/2023,1,1.08115754,0.632070062,0,Wednesday,October,1,0,0,0,0,0,0,0,0,0,0,1,0,0,5.429521052,2.489894191,8.333066662,0,Vivaan Nair,32,Female,Jaipur,1/29/2020,313,39,3.76,0,5,Low,5.846,99.87,2416,Zone_7,11070,0.64,45.2,Industrial
T00798,R0259,14.55,107.68,360.46,4/8/2024,1,2.641614314,1.41637647,0,Monday,April,0,1,0,0,1,0,0,0,0,0,0,0,0,0,5.890151385,2.744060639,10.37689742,0,Aadhya Das,32,Male,Jaipur,6/25/2019,150,27,3.52,1,8,Medium,9.9675,160.385,2634,Zone_1,4921,2.43,30.9,Residential
T00799,R0154,11.48,59.73,237.17,12/15/2023,1,1.199636232,0.726456507,0,Friday,December,0,0,0,1,0,0,0,1,0,0,0,0,0,0,5.472984704,2.524127363,7.728518616,0,Kavya Patel,18,Other,Kolkata,3/25/2019,466,79,4.68,2,13,High,10.66307692,158.4246154,2726,Zone_3,12971,2.11,38,Business
T00800,R0175,9.6,93.14,195.74,1/11/2024,1,0.715078264,0.303964803,0,Thursday,January,0,0,0,1,0,0,0,0,0,0,0,1,0,0,5.28188306,2.360854001,9.650906693,0,Diya Patel,35,Male,Chennai,8/18/2022,98,8,3.48,1,8,Medium,8.7825,158.37875,1484,Zone_7,11070,0.64,45.2,Industrial
T00801,R0059,4.78,26.45,113.28,4/9/2024,1,-0.249359343,-0.779232013,0,Tuesday,April,1,0,0,0,0,1,0,0,0,0,0,0,0,0,4.738651577,1.754403683,5.142956348,0,Aarav Sharma,43,Male,Delhi,8/2/2021,357,11,3.27,1,4,Low,8.75,133.695,1865,Zone_10,2440,1.54,35.4,Industrial
T00802,R0292,15.88,155.72,175.8,1/11/2024,0,0.481863543,1.715266877,0,Thursday,January,0,0,0,1,0,0,0,0,0,0,0,0,0,1,5.17501915,2.826129489,12.47878199,0,Diya Patel,37,Female,Jaipur,6/28/2020,141,19,4.39,0,9,Medium,8.817777778,126.4322222,2265,Zone_9,11037,1.83,56.1,Mixed
T00803,R0282,11.77,69.66,114.25,1/15/2024,0,-0.238014395,0.791628099,0,Monday,January,0,0,0,1,0,0,1,0,0,0,0,0,0,0,4.747103682,2.54709867,8.346256646,0,Reyansh Kumar,22,Other,Bengaluru,5/2/2022,319,3,4.47,2,9,Medium,10.31888889,155.5277778,1592,Zone_2,6371,0.91,58.4,Residential
T00804,R0260,9.42,66.66,191.57,7/16/2024,1,0.66630668,0.263513469,0,Tuesday,July,0,0,1,0,0,0,0,0,1,0,0,0,0,0,5.260459724,2.343727036,8.164557551,0,Reyansh Das,55,Other,Mumbai,7/17/2019,63,3,4.24,2,6,Medium,6.298333333,114.8766667,2612,Zone_4,4038,2.46,48.2,Business
T00805,R0207,9.02,86.02,210.79,8/14/2023,1,0.891100408,0.173621617,0,Monday,August,0,0,0,1,0,0,0,0,0,0,0,0,0,1,5.355595218,2.304583096,9.274696761,0,Ishaan Iyer,31,Male,Mumbai,12/6/2023,47,3,3.93,1,8,Medium,7.93375,153.9325,1009,Zone_9,11037,1.83,56.1,Mixed
T00806,R0194,8.56,67.99,187.22,3/3/2023,1,0.615429848,0.070245988,0,Friday,March,0,0,1,0,0,0,0,0,0,0,0,1,0,0,5.237611491,2.257587727,8.24560489,0,Arjun Iyer,30,Other,Jaipur,2/10/2023,10,2,4.06,2,6,Medium,7.268333333,114.0916667,1308,Zone_7,11070,0.64,45.2,Industrial
T00807,R0155,10.26,57.9,128.4,8/25/2023,0,-0.072518492,0.452286358,0,Friday,August,0,0,1,0,0,0,0,0,0,0,0,1,0,0,4.862908382,2.421256623,7.609204952,0,Meera Reddy,23,Male,Hyderabad,2/10/2019,353,8,3.14,1,8,Medium,7.61375,116.46375,2769,Zone_7,11070,0.64,45.2,Industrial
T00808,R0154,4.93,37.07,85.54,1/19/2024,0,-0.573801488,-0.745522568,0,Friday,January,0,0,0,1,0,0,0,0,0,0,0,1,0,0,4.460606735,1.780024213,6.088513776,0,Kavya Patel,18,Other,Kolkata,3/25/2019,466,79,4.68,2,13,High,10.66307692,158.4246154,2726,Zone_7,11070,0.64,45.2,Industrial
T00809,R0011,15.63,95.95,148.68,6/22/2023,0,0.164672809,1.65908447,0,Thursday,June,0,1,0,0,0,0,0,0,1,0,0,0,0,0,5.008499682,2.811208293,9.795407087,0,Vivaan Nair,26,Male,Chennai,4/14/2020,208,34,4,1,10,Medium,8.896,163.378,2340,Zone_4,4038,2.46,48.2,Business
T00810,R0026,8.76,71.48,84.68,6/25/2023,0,-0.583859896,0.115191914,0,Sunday,June,1,0,0,0,0,0,0,0,0,0,0,0,1,0,4.450619426,2.2782924,8.454584555,0,Aarav Kumar,26,Female,Surat,4/17/2020,44,5,3.17,0,9,Medium,8.81,108.1322222,2337,Zone_8,4516,1.93,31,Business
T00811,R0191,11,88.33,181.41,6/15/2024,0,0.547477113,0.618586284,0,Saturday,June,0,0,0,1,0,0,0,0,0,0,0,0,1,0,5.206256901,2.48490665,9.39840412,0,Meera Gupta,33,Other,Surat,8/14/2020,87,6,4.56,2,11,High,7.560909091,120.5927273,2218,Zone_8,4516,1.93,31,Business
T00812,R0262,5.83,32.69,70.96,4/17/2023,0,-0.744326595,-0.543265902,0,Monday,April,0,0,1,0,0,0,0,0,0,0,0,1,0,0,4.276110409,1.921324674,5.717516944,0,Meera Singh,30,Male,Ahmedabad,4/21/2019,6,0,3.35,1,9,Medium,6.624444444,107.4844444,2699,Zone_7,11070,0.64,45.2,Industrial
T00813,R0002,9.87,78.29,150.1,2/19/2024,0,0.181280879,0.364641803,0,Monday,February,0,1,0,0,0,1,0,0,0,0,0,0,0,0,5.017941869,2.386006701,8.848163651,0,Ishaan Nair,39,Female,Mumbai,11/23/2019,70,5,4.12,0,7,Medium,10.81285714,167.9442857,2483,Zone_10,2440,1.54,35.4,Industrial
T00814,R0040,3.41,27.78,72.45,6/28/2023,1,-0.726899818,-1.087111605,0,Wednesday,June,0,0,0,1,0,0,1,0,0,0,0,0,0,0,4.296604903,1.483874689,5.270673581,0,Aarav Gupta,34,Other,Surat,5/5/2023,485,36,4.41,2,10,Medium,8.045,114.075,1224,Zone_2,6371,0.91,58.4,Residential
T00815,R0246,2.41,17.89,23.05,4/6/2024,0,-1.3046735,-1.311841235,0,Saturday,April,1,0,0,0,0,0,0,0,0,0,0,1,0,0,3.180134997,1.226712291,4.229657197,0,Vivaan Das,29,Other,Mumbai,3/31/2021,240,34,4.79,2,12,High,6.978333333,129.2125,1989,Zone_7,11070,0.64,45.2,Industrial
T00816,R0199,7.84,62.24,192.43,1/18/2023,1,0.676365088,-0.091559346,0,Wednesday,January,1,0,0,0,1,0,0,0,0,0,0,0,0,0,5.26491569,2.179286877,7.889233169,0,Aarav Das,29,Male,Ahmedabad,8/3/2021,344,27,3.91,1,10,Medium,8.515,160.05,1864,Zone_1,4921,2.43,30.9,Residential
T00817,R0246,1.39,11.53,27.24,6/13/2024,0,-1.255667999,-1.541065458,0,Thursday,June,0,0,0,1,0,0,0,0,0,1,0,0,0,0,3.340739413,0.871293366,3.395585369,0,Vivaan Das,29,Other,Mumbai,3/31/2021,240,34,4.79,2,12,High,6.978333333,129.2125,1989,Zone_5,2590,1.31,43.9,Business
T00818,R0095,20.2,152.79,379.63,7/14/2023,0,3.866400953,2.686098878,0,Friday,July,0,0,0,1,0,0,0,0,0,0,0,0,1,0,5.941827775,3.054001182,12.36082522,0,Kavya Iyer,29,Female,Chennai,10/7/2020,481,77,4.26,0,13,High,8.826923077,144.5853846,2164,Zone_8,4516,1.93,31,Business
T00819,R0276,0.34,2.99,5.01,8/18/2024,0,-1.515666156,-1.777031569,0,Sunday,August,0,1,0,0,1,0,0,0,0,0,0,0,0,0,1.793424749,0.292669614,1.729161647,0,Aadhya Ghosh,26,Other,Chennai,11/7/2022,196,1,3.63,2,6,Medium,5.083333333,83.37,1403,Zone_1,4921,2.43,30.9,Residential
T00820,R0170,9.73,96.07,229.45,3/1/2023,1,1.109344475,0.333179654,0,Wednesday,March,1,0,0,0,0,0,0,0,0,0,0,0,0,1,5.440033919,2.373043557,9.801530493,0,Saanvi Kumar,29,Other,Bengaluru,5/20/2020,28,3,3.68,2,7,Medium,7.644285714,134.8157143,2304,Zone_9,11037,1.83,56.1,Mixed
T00821,R0011,16.28,158.5,324.06,1/8/2023,0,2.215886338,1.805158729,0,Sunday,January,0,0,1,0,0,0,0,0,0,0,0,0,0,1,5.784009781,2.849549763,12.58967831,0,Vivaan Nair,26,Male,Chennai,4/14/2020,208,34,4,1,10,Medium,8.896,163.378,2340,Zone_9,11037,1.83,56.1,Mixed
T00822,R0137,10.41,102.5,201.61,10/9/2023,0,0.783732748,0.485995803,0,Monday,October,0,0,1,0,0,0,0,1,0,0,0,0,0,0,5.311282949,2.434490164,10.12422837,0,Arjun Gupta,27,Male,Bengaluru,8/10/2021,166,32,3.14,1,7,Medium,11.76142857,214.1957143,1857,Zone_3,12971,2.11,38,Business
T00823,R0051,6.45,58.28,160.96,3/21/2023,1,0.308297522,-0.403933531,0,Tuesday,March,0,0,0,1,0,0,1,0,0,0,0,0,0,0,5.087349391,2.008214032,7.634133874,0,Aarav Nair,21,Male,Kolkata,4/5/2020,213,14,4.02,1,10,Medium,5.918,110.102,2349,Zone_2,6371,0.91,58.4,Residential
T00824,R0103,5.24,41.02,100.04,10/13/2023,0,-0.404212047,-0.675856383,0,Friday,October,0,0,1,0,0,0,0,1,0,0,0,0,0,0,4.615516478,1.830980182,6.404685785,0,Ishaan Gupta,37,Other,Surat,11/24/2022,175,14,3.07,2,9,Medium,7.936666667,137.3822222,1386,Zone_3,12971,2.11,38,Business
T00825,R0173,11.37,81.72,227.27,4/20/2024,0,1.08384758,0.701736247,0,Saturday,April,1,0,0,0,0,0,0,0,0,0,0,0,0,1,5.430529139,2.515274186,9.039911504,0,Saanvi Ghosh,26,Other,Mumbai,1/15/2020,389,55,4.28,2,7,Medium,7.148571429,123.0671429,2430,Zone_9,11037,1.83,56.1,Mixed
T00826,R0274,4,36.46,49.98,1/2/2024,0,-0.989704972,-0.954521124,0,Tuesday,January,1,0,0,0,0,0,0,0,0,0,1,0,0,0,3.931433399,1.609437912,6.038211656,0,Reyansh Nair,27,Female,Surat,3/18/2019,31,5,3.04,0,4,Low,7.56,119.29,2733,Zone_6,14627,0.54,37.6,Mixed
T00827,R0123,7.4,53.16,177.79,3/29/2023,1,0.505138232,-0.190440383,0,Wednesday,March,1,0,0,0,0,0,0,0,0,0,0,0,1,0,5.186211933,2.128231706,7.291090453,0,Meera Ghosh,32,Male,Bengaluru,6/24/2023,156,26,3.31,1,4,Low,9.425,178.795,1174,Zone_8,4516,1.93,31,Business
T00828,R0217,11.46,102.49,223.52,1/4/2024,0,1.039988241,0.721961914,0,Thursday,January,0,0,0,1,1,0,0,0,0,0,0,0,0,0,5.41396479,2.522523513,10.12373449,0,Kavya Iyer,39,Other,Jaipur,3/3/2023,104,5,3.52,2,5,Low,8.488,151.166,1287,Zone_1,4921,2.43,30.9,Residential
T00829,R0219,6.46,44.85,64.33,3/19/2024,0,-0.821869905,-0.401686235,0,Tuesday,March,0,1,0,0,0,0,0,0,0,0,0,0,1,0,4.179451349,2.009555414,6.69701426,0,Vivaan Sharma,25,Female,Pune,4/13/2021,498,83,4.15,0,2,Low,6.42,81.385,1976,Zone_8,4516,1.93,31,Business
T00830,R0211,8.44,42.96,70.59,3/29/2024,0,-0.748654049,0.043278432,0,Friday,March,0,0,1,0,0,0,0,0,1,0,0,0,0,0,4.270955399,2.24495598,6.554387843,0,Arjun Reddy,36,Female,Mumbai,4/4/2021,435,17,3.63,0,7,Medium,6.582857143,92.26857143,1985,Zone_4,4038,2.46,48.2,Business
T00831,R0095,6.48,41.54,101.23,12/6/2023,0,-0.390294017,-0.397191642,0,Wednesday,December,0,0,1,0,0,0,1,0,0,0,0,0,0,0,4.627225177,2.012232792,6.445153218,0,Kavya Iyer,29,Female,Chennai,10/7/2020,481,77,4.26,0,13,High,8.826923077,144.5853846,2164,Zone_2,6371,0.91,58.4,Residential
T00832,R0263,3.15,25.7,27.71,6/23/2024,0,-1.250170962,-1.145541309,0,Sunday,June,1,0,0,0,0,0,0,0,0,1,0,0,0,0,3.357245494,1.423108334,5.069516742,0,Ishaan Das,31,Other,Chennai,12/30/2020,297,21,3.84,2,12,High,8.718333333,128.9725,2080,Zone_5,2590,1.31,43.9,Business
T00833,R0100,13.95,128.35,249.64,11/23/2023,0,1.345483152,1.281538692,0,Thursday,November,0,0,1,0,0,0,0,0,0,0,0,0,1,0,5.524017647,2.7047113,11.3291659,0,Ishaan Gupta,28,Male,Delhi,5/24/2021,383,60,3.79,1,12,High,8.454166667,138.1241667,1935,Zone_8,4516,1.93,31,Business
T00834,R0196,14.97,148.09,360.26,11/17/2023,1,2.63927515,1.510762914,0,Friday,November,1,0,0,0,0,0,0,0,0,0,1,0,0,0,5.889597921,2.770711962,12.16922348,0,Vivaan Das,18,Male,Hyderabad,6/24/2019,51,9,4.93,1,12,High,7.995833333,135.2858333,2635,Zone_6,14627,0.54,37.6,Mixed
T00835,R0175,6.42,50.58,90.17,10/25/2023,0,-0.519649825,-0.41067542,0,Wednesday,October,0,0,1,0,0,1,0,0,0,0,0,0,0,0,4.512725896,2.004179057,7.111961755,0,Diya Patel,35,Male,Chennai,8/18/2022,98,8,3.48,1,8,Medium,8.7825,158.37875,1484,Zone_10,2440,1.54,35.4,Industrial
T00836,R0074,6.67,63.51,134.88,11/20/2023,1,0.003270445,-0.354493013,0,Monday,November,0,0,0,1,0,0,0,1,0,0,0,0,0,0,4.911772143,2.037316615,7.969316156,0,Vivaan Ghosh,23,Male,Kolkata,9/11/2023,199,22,4.89,1,7,Medium,6.598571429,116.7528571,1095,Zone_3,12971,2.11,38,Business
T00837,R0249,7.11,38.44,172.27,1/27/2024,1,0.440577286,-0.255611975,0,Saturday,January,1,0,0,0,0,0,0,0,0,1,0,0,0,0,5.154851072,2.093097868,6.2,0,Diya Nair,20,Male,Mumbai,3/24/2023,396,48,4.49,1,8,Medium,8.08875,135.06625,1266,Zone_5,2590,1.31,43.9,Business
T00838,R0064,10.69,67.78,97.49,5/21/2023,0,-0.434036397,0.548920099,0,Sunday,May,0,0,0,1,0,0,0,0,0,1,0,0,0,0,4.58995502,2.458733775,8.232860985,0,Ishaan Nair,21,Female,Bengaluru,9/30/2023,214,2,4.21,0,5,Low,11.312,218.438,1076,Zone_5,2590,1.31,43.9,Business
T00839,R0017,3.47,34.41,43.68,3/16/2024,0,-1.06338866,-1.073627828,0,Saturday,March,0,0,1,0,1,0,0,0,0,0,0,0,0,0,3.799525974,1.497388409,5.86600375,0,Meera Das,49,Female,Mumbai,3/18/2023,288,21,3.83,0,7,Medium,7.997142857,116.0442857,1272,Zone_1,4921,2.43,30.9,Residential
T00840,R0165,7.56,59.67,80.83,11/18/2023,0,-0.628888817,-0.154483642,0,Saturday,November,1,0,0,0,0,0,0,0,0,0,0,1,0,0,4.404643925,2.14710019,7.724635914,0,Meera Reddy,37,Female,Kolkata,12/9/2021,34,5,3.27,0,6,Medium,7.785,129.95,1736,Zone_7,11070,0.64,45.2,Industrial
T00841,R0057,9.31,84.72,172.07,5/28/2024,0,0.438238121,0.23879321,0,Tuesday,May,0,0,1,0,0,0,0,0,0,0,0,0,1,0,5.153696137,2.333114298,9.204346799,0,Aadhya Reddy,39,Male,Bengaluru,6/4/2023,407,11,3.66,1,13,High,7.716923077,121.8546154,1194,Zone_8,4516,1.93,31,Business
T00842,R0286,11.21,90.18,256.47,8/18/2023,1,1.425365626,0.665779506,0,Friday,August,1,0,0,0,0,1,0,0,0,0,0,0,0,0,5.550903208,2.502255288,9.496315075,0,Ishaan Nair,26,Male,Pune,2/15/2023,29,0,4.48,1,6,Medium,7.043333333,104.5233333,1303,Zone_10,2440,1.54,35.4,Industrial
T00843,R0024,5.9,35.3,53,8/7/2023,0,-0.954383585,-0.527534827,0,Monday,August,0,0,1,0,0,1,0,0,0,0,0,0,0,0,3.988984047,1.931521412,5.941380311,0,Meera Kumar,41,Other,Chennai,7/10/2019,140,16,3.49,2,4,Low,7.7425,119.4725,2619,Zone_10,2440,1.54,35.4,Industrial
T00844,R0195,10.02,77.79,144.86,9/4/2023,0,0.119994763,0.398351247,0,Monday,September,0,0,1,0,0,0,0,0,0,0,0,0,0,1,4.982647258,2.399711804,8.819863945,0,Aadhya Reddy,33,Male,Kolkata,5/27/2021,72,10,4.97,1,9,Medium,7.813333333,116.0188889,1932,Zone_9,11037,1.83,56.1,Mixed
T00845,R0121,9.73,85.5,159.08,9/18/2023,0,0.286309374,0.333179654,0,Monday,September,0,1,0,0,0,0,1,0,0,0,0,0,0,0,5.07567369,2.373043557,9.246621004,0,Diya Iyer,29,Male,Pune,7/13/2023,378,10,4.17,1,11,High,7.996363636,133.1254545,1155,Zone_2,6371,0.91,58.4,Residential
T00846,R0069,13.04,76.02,201.73,1/31/2024,0,0.785136247,1.077034729,0,Wednesday,January,1,0,0,0,0,0,0,0,0,0,0,0,1,0,5.311875044,2.641910399,8.71894489,0,Diya Singh,22,Male,Ahmedabad,2/1/2023,16,1,4.56,1,1,Low,13.04,201.73,1317,Zone_8,4516,1.93,31,Business
T00847,R0287,5.37,46.74,100.4,6/29/2024,0,-0.40000155,-0.646641531,0,Saturday,June,0,0,0,1,0,0,0,0,0,0,0,0,1,0,4.619073091,1.85159947,6.836665854,0,Saanvi Singh,18,Other,Delhi,12/17/2021,320,34,3.33,2,6,Medium,6.713333333,123.5566667,1728,Zone_8,4516,1.93,31,Business
T00848,R0234,5.41,31.94,69.82,12/5/2023,0,-0.757659834,-0.637652346,0,Tuesday,December,0,0,0,1,0,1,0,0,0,0,0,0,0,0,4.260141447,1.857859271,5.65154846,0,Saanvi Nair,32,Other,Pune,12/1/2022,183,31,3.98,2,9,Medium,7.051111111,126.5277778,1379,Zone_10,2440,1.54,35.4,Industrial
T00849,R0218,14.01,112.36,252.18,6/25/2023,0,1.375190544,1.29502247,0,Sunday,June,0,1,0,0,0,0,0,1,0,0,0,0,0,0,5.534100698,2.708716646,10.6,0,Arjun Reddy,34,Other,Delhi,1/11/2019,160,16,3.87,2,6,Medium,8.34,120.9116667,2799,Zone_3,12971,2.11,38,Business
T00850,R0078,0.18,1,3.27,7/17/2023,0,-1.543853091,-1.81298831,0,Monday,July,0,0,1,0,0,0,0,1,0,0,0,0,0,0,1.451613827,0.165514438,1,0,Saanvi Sharma,30,Other,Jaipur,1/2/2023,97,9,3.62,2,3,Low,0.83,8.723333333,1347,Zone_3,12971,2.11,38,Business
T00851,R0151,16.15,104.49,360.99,5/3/2023,1,2.647813101,1.775943877,0,Wednesday,May,0,0,1,0,0,0,0,0,0,0,0,0,0,1,5.891616587,2.841998174,10.22203502,0,Meera Reddy,34,Male,Hyderabad,2/25/2023,394,56,5,1,7,Medium,8.987142857,159.1428571,1293,Zone_9,11037,1.83,56.1,Mixed
T00852,R0237,20.78,119.75,325.43,2/28/2023,0,2.231909616,2.816442063,0,Tuesday,February,0,1,0,0,0,1,0,0,0,0,0,0,0,0,5.788215531,3.080992118,10.94303431,0,Aadhya Nair,40,Male,Chennai,12/13/2022,36,3,3.71,1,10,Medium,9.737,175.97,1367,Zone_10,2440,1.54,35.4,Industrial
T00853,R0014,10.39,73.68,186.29,5/9/2024,0,0.604552732,0.48150121,0,Thursday,May,0,0,1,0,0,0,0,0,0,0,0,0,0,1,5.232658218,2.432735777,8.583705494,0,Aarav Das,26,Female,Ahmedabad,6/8/2021,325,53,3,0,6,Medium,7.031666667,146.8333333,1920,Zone_9,11037,1.83,56.1,Mixed
T00854,R0198,12.07,74.81,147.41,5/8/2023,0,0.149819113,0.859046988,0,Monday,May,1,0,0,0,1,0,0,0,0,0,0,0,0,0,4.999978714,2.570319528,8.649277426,0,Vivaan Kumar,31,Other,Mumbai,12/10/2021,202,23,3.85,2,4,Low,9.7775,147.1275,1735,Zone_1,4921,2.43,30.9,Residential
T00855,R0121,0.55,5.44,4.88,3/18/2023,0,-1.517186613,-1.729838347,0,Saturday,March,0,0,1,0,0,0,1,0,0,0,0,0,0,0,1.771556762,0.438254931,2.332380758,0,Diya Iyer,29,Male,Pune,7/13/2023,378,10,4.17,1,11,High,7.996363636,133.1254545,1155,Zone_2,6371,0.91,58.4,Residential
T00856,R0047,4.53,28.41,68.32,9/16/2023,0,-0.775203569,-0.83541442,0,Saturday,September,1,0,0,0,0,1,0,0,0,0,0,0,0,0,4.238733465,1.710187816,5.330103188,0,Reyansh Iyer,51,Female,Bengaluru,10/7/2021,69,3,4.86,0,7,Medium,8.89,163.5528571,1799,Zone_10,2440,1.54,35.4,Industrial
T00857,R0070,13.29,112.97,182.82,1/31/2023,0,0.563968224,1.133217136,0,Tuesday,January,0,0,0,1,0,0,0,0,0,0,0,0,1,0,5.213957018,2.659559992,10.62873464,0,Meera Reddy,33,Male,Bengaluru,1/3/2023,310,6,3.54,1,7,Medium,12.83,236.3842857,1346,Zone_8,4516,1.93,31,Business
T00858,R0051,9.81,84.78,203.51,11/3/2023,1,0.805954813,0.351158025,0,Friday,November,0,0,1,0,1,0,0,0,0,0,0,0,0,0,5.320616874,2.380471632,9.207605552,0,Aarav Nair,21,Male,Kolkata,4/5/2020,213,14,4.02,1,10,Medium,5.918,110.102,2349,Zone_1,4921,2.43,30.9,Residential
T00859,R0077,7.09,47.03,153.29,4/29/2024,1,0.218590556,-0.260106568,0,Monday,April,0,1,0,0,0,1,0,0,0,0,0,0,0,0,5.038833948,2.090628731,6.857842226,0,Reyansh Das,28,Male,Mumbai,9/7/2019,406,72,3.79,1,14,High,10.49,167.4157143,2560,Zone_10,2440,1.54,35.4,Industrial
T00860,R0173,9.16,68.84,226.07,12/10/2023,1,1.069812591,0.205083766,0,Sunday,December,0,0,0,1,0,0,1,0,0,0,0,0,0,0,5.42525834,2.318458442,8.296987405,0,Saanvi Ghosh,26,Other,Mumbai,1/15/2020,389,55,4.28,2,7,Medium,7.148571429,123.0671429,2430,Zone_2,6371,0.91,58.4,Residential
T00861,R0174,10.53,65.78,127.52,1/14/2024,0,-0.082810816,0.512963358,0,Sunday,January,0,0,1,0,0,0,0,0,1,0,0,0,0,0,4.856084534,2.444952334,8.110487038,0,Aadhya Patel,32,Male,Kolkata,2/7/2019,320,7,3.8,1,7,Medium,8.877142857,131.6842857,2772,Zone_4,4038,2.46,48.2,Business
T00862,R0007,6.53,49.22,114.54,6/30/2023,0,-0.234622606,-0.385955161,0,Friday,June,1,0,0,0,0,0,0,1,0,0,0,0,0,0,4.74961679,2.018895042,7.015696687,0,Ishaan Ghosh,18,Female,Mumbai,3/26/2021,458,82,4.03,0,6,Medium,6.603333333,99.48666667,1994,Zone_3,12971,2.11,38,Business
T00863,R0026,7.86,60.9,110.73,12/21/2023,0,-0.279183693,-0.087064753,0,Thursday,December,1,0,0,0,0,0,0,0,0,0,0,1,0,0,4.716085247,2.181546765,7.803845206,0,Aarav Kumar,26,Female,Surat,4/17/2020,44,5,3.17,0,9,Medium,8.81,108.1322222,2337,Zone_7,11070,0.64,45.2,Industrial
T00864,R0074,7.82,71.16,98.63,7/1/2023,0,-0.420703158,-0.096053938,0,Saturday,July,0,0,1,0,0,0,0,0,0,0,0,0,0,1,4.601463324,2.17702187,8.435638684,0,Vivaan Ghosh,23,Male,Kolkata,9/11/2023,199,22,4.89,1,7,Medium,6.598571429,116.7528571,1095,Zone_9,11037,1.83,56.1,Mixed
T00865,R0255,2.74,18.84,59.39,12/21/2023,1,-0.879647273,-1.237680457,0,Thursday,December,0,1,0,0,0,0,0,0,0,1,0,0,0,0,4.100823528,1.319085611,4.340506883,0,Reyansh Sharma,37,Female,Bengaluru,7/6/2021,475,42,3.12,0,8,Medium,9.0025,157.7775,1892,Zone_5,2590,1.31,43.9,Business
T00866,R0147,9.62,51.86,99.1,4/29/2023,0,-0.415206121,0.308459395,0,Saturday,April,0,0,1,0,0,0,1,0,0,0,0,0,0,0,4.606169686,2.362739016,7.201388755,0,Saanvi Nair,35,Other,Mumbai,8/29/2022,239,21,3.91,2,8,Medium,7.94375,127.725,1473,Zone_2,6371,0.91,58.4,Residential
T00867,R0166,17.02,118.13,218.52,5/22/2023,0,0.981509124,1.971458655,0,Monday,May,0,0,0,1,0,0,0,0,1,0,0,0,0,0,5.391443345,2.891482252,10.86876258,0,Reyansh Sharma,24,Other,Chennai,3/16/2021,349,63,4.29,2,4,Low,10.79,157.0025,2004,Zone_4,4038,2.46,48.2,Business
T00868,R0250,16.66,114.82,137.33,10/9/2023,0,0.031925212,1.890555989,0,Monday,October,1,0,0,0,0,0,0,0,1,0,0,0,0,0,4.929642135,2.871302195,10.71540946,0,Aadhya Iyer,34,Female,Jaipur,2/1/2021,163,31,4.63,0,9,Medium,8.368888889,125.2566667,2047,Zone_4,4038,2.46,48.2,Business
T00869,R0286,0.62,4.67,7.34,5/6/2024,0,-1.488414887,-1.714107272,0,Monday,May,0,0,1,0,0,0,0,0,0,1,0,0,0,0,2.121063216,0.482426149,2.161018278,0,Ishaan Nair,26,Male,Pune,2/15/2023,29,0,4.48,1,6,Medium,7.043333333,104.5233333,1303,Zone_5,2590,1.31,43.9,Business
T00870,R0057,10.85,77.61,128.96,6/30/2023,0,-0.065968831,0.58487684,0,Friday,June,1,0,0,0,0,0,0,0,0,0,0,1,0,0,4.867226711,2.472327868,8.809653796,0,Aadhya Reddy,39,Male,Bengaluru,6/4/2023,407,11,3.66,1,13,High,7.716923077,121.8546154,1194,Zone_7,11070,0.64,45.2,Industrial
T00871,R0189,11.38,72.47,243.21,6/27/2023,1,1.270279007,0.703983544,0,Tuesday,June,0,0,0,1,0,0,0,0,0,0,0,1,0,0,5.498028511,2.516082267,8.51293134,0,Reyansh Gupta,29,Female,Delhi,9/16/2019,238,42,3.28,0,8,Medium,9.00375,185.0875,2551,Zone_7,11070,0.64,45.2,Industrial
T00872,R0034,5.95,32.62,102.85,5/18/2024,0,-0.371346783,-0.516298346,0,Saturday,May,0,1,0,0,0,0,0,0,0,0,0,1,0,0,4.64294755,1.93874166,5.711392125,0,Arjun Iyer,26,Other,Chennai,4/23/2019,484,48,3.1,2,3,Low,7.62,141.75,2697,Zone_7,11070,0.64,45.2,Industrial
T00873,R0115,3.18,26.02,27.84,4/25/2023,0,-1.248650505,-1.13879942,0,Tuesday,April,0,0,0,1,0,0,0,1,0,0,0,0,0,0,3.361763312,1.430311247,5.100980298,0,Aarav Ghosh,40,Female,Bengaluru,3/1/2020,170,15,4.4,0,11,High,7.589090909,129.6336364,2384,Zone_3,12971,2.11,38,Business
T00874,R0295,1.4,9.79,20.57,1/30/2024,0,-1.333679142,-1.538818161,0,Tuesday,January,0,0,1,0,1,0,0,0,0,0,0,0,0,0,3.07130346,0.875468737,3.128897569,0,Kavya Gupta,18,Female,Delhi,5/29/2019,98,18,3.59,0,9,Medium,4.974444444,58.22666667,2661,Zone_1,4921,2.43,30.9,Residential
T00875,R0023,5.78,42.73,81.27,8/16/2023,0,-0.623742654,-0.554502383,0,Wednesday,August,0,1,0,0,0,1,0,0,0,0,0,0,0,0,4.410006521,1.913977102,6.536818798,0,Meera Iyer,24,Other,Jaipur,10/9/2019,176,32,3.21,2,8,Medium,8.11375,149.4525,2528,Zone_10,2440,1.54,35.4,Industrial
T00876,R0238,9.75,76.65,222.47,8/18/2024,1,1.027707627,0.337674247,0,Sunday,August,1,0,0,0,0,1,0,0,0,0,0,0,0,0,5.409277177,2.374905755,8.754998572,0,Reyansh Patel,30,Other,Pune,4/22/2019,362,56,4.91,2,6,Medium,6.455,98.33833333,2698,Zone_10,2440,1.54,35.4,Industrial
T00877,R0077,7.21,48.52,59.5,8/28/2023,0,-0.878360732,-0.233139012,0,Monday,August,0,0,0,1,0,0,0,0,0,1,0,0,0,0,4.102643365,2.105352923,6.965629907,0,Reyansh Das,28,Male,Mumbai,9/7/2019,406,72,3.79,1,14,High,10.49,167.4157143,2560,Zone_5,2590,1.31,43.9,Business
T00878,R0148,4.95,26.83,42.56,6/10/2024,0,-1.076487983,-0.741027976,0,Monday,June,0,1,0,0,0,0,0,0,0,0,0,1,0,0,3.774139298,1.78339122,5.179768335,0,Aarav Kumar,44,Male,Ahmedabad,9/30/2019,412,34,3.36,1,4,Low,5.7975,102.1575,2537,Zone_7,11070,0.64,45.2,Industrial
T00879,R0039,1.75,16.89,20.55,5/23/2023,0,-1.333913058,-1.460162791,0,Tuesday,May,0,0,1,0,0,0,0,0,0,0,0,0,0,1,3.070375817,1.011600912,4.109744518,0,Aadhya Iyer,24,Male,Chennai,11/18/2023,190,14,4.2,1,7,Medium,4.837142857,72.58,1027,Zone_9,11037,1.83,56.1,Mixed
T00880,R0041,9.75,66.7,135.01,10/23/2023,0,0.004790902,0.337674247,0,Monday,October,0,0,1,0,0,0,1,0,0,0,0,0,0,0,4.912728412,2.374905755,8.167006796,0,Aarav Nair,25,Other,Pune,4/11/2020,353,8,4.74,2,5,Low,8.428,140.432,2343,Zone_2,6371,0.91,58.4,Residential
T00881,R0247,13.33,91.19,299.26,2/1/2023,1,1.925829915,1.142206322,0,Wednesday,February,0,0,1,0,0,0,0,0,0,0,0,0,0,1,5.704648766,2.662355242,9.549345527,0,Aadhya Das,37,Male,Bengaluru,5/11/2021,249,47,4.92,1,13,High,10.26769231,182.1107692,1948,Zone_9,11037,1.83,56.1,Mixed
T00882,R0194,3.37,20.05,41.32,5/23/2024,0,-1.090990804,-1.096100791,0,Thursday,May,0,0,1,0,0,0,1,0,0,0,0,0,0,0,3.745259788,1.474763009,4.477722635,0,Arjun Iyer,30,Other,Jaipur,2/10/2023,10,2,4.06,2,6,Medium,7.268333333,114.0916667,1308,Zone_2,6371,0.91,58.4,Residential
T00883,R0187,10.24,87.48,225.6,6/5/2024,1,1.064315554,0.447791766,0,Wednesday,June,0,1,0,0,0,0,0,1,0,0,0,0,0,0,5.423186349,2.419478844,9.353074361,0,Saanvi Reddy,27,Other,Surat,8/5/2022,357,38,4.71,2,7,Medium,10.79714286,194.7628571,1497,Zone_3,12971,2.11,38,Business
T00884,R0162,1.4,13.58,22.43,2/20/2024,0,-1.31192491,-1.538818161,0,Tuesday,February,0,0,0,1,0,0,0,0,0,0,0,0,1,0,3.154017253,0.875468737,3.685105155,0,Meera Patel,30,Male,Hyderabad,8/14/2023,394,38,4.28,1,6,Medium,8.855,156.15,1123,Zone_8,4516,1.93,31,Business
T00885,R0249,4.71,45.28,52.61,7/13/2023,0,-0.958944956,-0.794963087,0,Thursday,July,0,0,1,0,0,0,0,0,1,0,0,0,0,0,3.981735618,1.742219024,6.729041537,0,Diya Nair,20,Male,Mumbai,3/24/2023,396,48,4.49,1,8,Medium,8.08875,135.06625,1266,Zone_4,4038,2.46,48.2,Business
T00886,R0002,11.65,102.84,246.12,4/4/2024,1,1.304313853,0.764660544,0,Thursday,April,0,0,0,1,1,0,0,0,0,0,0,0,0,0,5.509874049,2.537657215,10.14100587,0,Ishaan Nair,39,Female,Mumbai,11/23/2019,70,5,4.12,0,7,Medium,10.81285714,167.9442857,2483,Zone_1,4921,2.43,30.9,Residential
T00887,R0101,2.41,16.66,35.05,8/3/2024,0,-1.164323617,-1.311841235,0,Saturday,August,1,0,0,0,1,0,0,0,0,0,0,0,0,0,3.584906864,1.226712291,4.081666326,0,Aarav Singh,37,Female,Delhi,11/1/2020,228,29,3.03,0,5,Low,9.058,134.272,2139,Zone_1,4921,2.43,30.9,Residential
T00888,R0057,4.98,26.52,103.75,6/15/2024,1,-0.360820542,-0.734286087,0,Saturday,June,1,0,0,0,0,0,0,0,0,0,0,1,0,0,4.651576559,1.788420568,5.149757276,0,Aadhya Reddy,39,Male,Bengaluru,6/4/2023,407,11,3.66,1,13,High,7.716923077,121.8546154,1194,Zone_7,11070,0.64,45.2,Industrial
T00889,R0259,15.09,102.66,150.23,4/5/2023,0,0.182801336,1.53773047,0,Wednesday,April,0,0,1,0,0,0,0,1,0,0,0,0,0,0,5.018801857,2.778197961,10.13212712,0,Aadhya Das,32,Male,Jaipur,6/25/2019,150,27,3.52,1,8,Medium,9.9675,160.385,2634,Zone_3,12971,2.11,38,Business
T00890,R0130,4.34,40.13,47.99,3/4/2023,0,-1.012979661,-0.87811305,0,Saturday,March,1,0,0,0,0,0,0,0,0,0,0,1,0,0,3.891616196,1.675225653,6.334824386,0,Diya Ghosh,27,Female,Pune,2/16/2019,316,62,3.62,0,8,Medium,6.3625,112.04125,2763,Zone_7,11070,0.64,45.2,Industrial
T00891,R0235,3.73,18.95,85.21,10/22/2023,1,-0.57766111,-1.015198124,0,Sunday,October,1,0,0,0,0,0,0,0,0,0,0,0,0,1,4.45678618,1.553925203,4.353159772,0,Aarav Ghosh,34,Other,Delhi,2/15/2021,284,8,4.06,2,8,Medium,6.95625,105.7575,2033,Zone_9,11037,1.83,56.1,Mixed
T00892,R0058,10.88,98.7,166.96,12/12/2023,0,0.378472463,0.591618729,0,Tuesday,December,0,1,0,0,1,0,0,0,0,0,0,0,0,0,5.123725856,2.474856314,9.934787366,0,Vivaan Reddy,46,Male,Kolkata,5/31/2021,480,25,4.32,1,8,Medium,9.515,130.43375,1928,Zone_1,4921,2.43,30.9,Residential
T00893,R0252,17.77,102.14,182.03,1/19/2024,0,0.554728524,2.140005878,0,Friday,January,0,1,0,0,0,0,0,0,0,0,0,0,1,0,5.209650074,2.932259851,10.10643359,0,Reyansh Gupta,38,Other,Ahmedabad,9/23/2020,392,47,4.83,2,16,High,6.275625,105.128125,2178,Zone_8,4516,1.93,31,Business
T00894,R0067,6.8,59.24,151.6,6/24/2024,1,0.198824614,-0.325278161,0,Monday,June,0,1,0,0,0,0,0,0,0,0,0,1,0,0,5.027820119,2.054123734,7.696752562,0,Saanvi Iyer,32,Male,Pune,7/24/2022,348,9,3.38,1,13,High,8.697692308,142.0623077,1509,Zone_7,11070,0.64,45.2,Industrial
T00895,R0278,11.84,88.76,271.84,4/19/2024,1,1.605130434,0.807359173,0,Friday,April,1,0,0,0,0,0,0,0,0,0,0,0,0,1,5.608885543,2.552565298,9.421252571,0,Aarav Reddy,20,Female,Mumbai,9/2/2021,382,58,4.27,0,9,Medium,10.83888889,234.5955556,1834,Zone_9,11037,1.83,56.1,Mixed
T00896,R0157,14.73,146.17,317.91,8/26/2023,1,2.143957023,1.456827803,0,Saturday,August,1,0,0,0,0,0,0,0,0,0,0,0,1,0,5.764908931,2.755569717,12.09007858,0,Kavya Nair,36,Female,Hyderabad,11/23/2021,319,27,4.65,0,10,Medium,11.39,187.593,1752,Zone_8,4516,1.93,31,Business
T00897,R0201,9.63,65.64,170.7,8/30/2023,0,0.422214843,0.310706691,0,Wednesday,August,0,0,0,1,0,0,0,1,0,0,0,0,0,0,5.145748768,2.363680192,8.10185164,0,Meera Reddy,37,Female,Delhi,4/6/2021,183,15,3.84,0,7,Medium,9.668571429,153.1142857,1983,Zone_3,12971,2.11,38,Business
T00898,R0044,6.65,56.17,124.87,2/12/2023,0,-0.113804749,-0.358987605,0,Sunday,February,0,1,0,0,0,1,0,0,0,0,0,0,0,0,4.835249628,2.034705648,7.494664769,0,Arjun Gupta,36,Female,Hyderabad,8/1/2020,271,5,3.21,0,10,Medium,10.226,166.052,2231,Zone_10,2440,1.54,35.4,Industrial
T00899,R0127,3.62,28.17,64.51,3/15/2023,0,-0.819764656,-1.039918383,0,Wednesday,March,0,0,1,0,0,0,1,0,0,0,0,0,0,0,4.182202803,1.530394705,5.307541804,0,Vivaan Kumar,38,Male,Chennai,3/17/2020,43,2,4.83,1,9,Medium,7.867777778,155.6077778,2368,Zone_2,6371,0.91,58.4,Residential
T00900,R0276,0.87,6.01,10.08,11/7/2023,0,-1.456368331,-1.657924865,0,Tuesday,November,0,1,0,0,0,0,0,0,0,0,0,1,0,0,2.405141681,0.625938431,2.451530134,0,Aadhya Ghosh,26,Other,Chennai,11/7/2022,196,1,3.63,2,6,Medium,5.083333333,83.37,1403,Zone_7,11070,0.64,45.2,Industrial
T00901,R0127,13.56,93.94,276.55,3/2/2024,1,1.660217763,1.193894136,0,Saturday,March,0,0,0,1,0,0,0,1,0,0,0,0,0,0,5.626001097,2.678278043,9.692264957,0,Vivaan Kumar,38,Male,Chennai,3/17/2020,43,2,4.83,1,9,Medium,7.867777778,155.6077778,2368,Zone_3,12971,2.11,38,Business
T00902,R0065,8.9,67.69,181.01,10/14/2023,1,0.542798784,0.146654062,0,Saturday,October,0,0,0,1,1,0,0,0,0,0,0,0,0,0,5.204061631,2.292534757,8.227393269,0,Meera Nair,43,Other,Mumbai,6/28/2023,180,32,4.52,2,3,Low,8.173333333,142.2366667,1170,Zone_1,4921,2.43,30.9,Residential
T00903,R0186,14.66,92.85,179.72,2/9/2024,0,0.527711171,1.441096729,0,Friday,February,0,0,1,0,0,0,0,0,0,0,0,1,0,0,5.196948872,2.751109691,9.635870485,0,Ishaan Sharma,18,Other,Hyderabad,12/11/2020,373,19,3.26,2,7,Medium,9.797142857,134.1171429,2099,Zone_7,11070,0.64,45.2,Industrial
T00904,R0013,12.94,86.59,291.02,9/1/2023,1,1.829456329,1.054561766,0,Friday,September,0,1,0,0,0,1,0,0,0,0,0,0,0,0,5.676822293,2.634762405,9.305374791,0,Ishaan Gupta,43,Female,Kolkata,4/1/2019,6,0,3.91,0,9,Medium,8.945555556,159.2044444,2719,Zone_10,2440,1.54,35.4,Industrial
T00905,R0227,4.92,25.19,109.4,1/24/2024,1,-0.294739139,-0.747769865,0,Wednesday,January,0,1,0,0,1,0,0,0,0,0,0,0,0,0,4.704110134,1.778336449,5.018964037,0,Arjun Nair,25,Other,Pune,7/11/2020,320,23,4.12,2,5,Low,5.664,101.642,2252,Zone_1,4921,2.43,30.9,Residential
T00906,R0165,2.07,17.59,43.41,8/1/2023,1,-1.066546533,-1.388249309,0,Tuesday,August,1,0,0,0,0,0,0,1,0,0,0,0,0,0,3.793464669,1.121677562,4.194043395,0,Meera Reddy,37,Female,Kolkata,12/9/2021,34,5,3.27,0,6,Medium,7.785,129.95,1736,Zone_3,12971,2.11,38,Business
T00907,R0037,10.06,91.36,240.09,5/25/2023,1,1.233788037,0.407340432,0,Thursday,May,1,0,0,0,0,0,0,0,0,0,0,1,0,0,5.485170308,2.403334996,9.558242516,0,Aadhya Iyer,32,Other,Ahmedabad,11/21/2020,489,6,3.36,2,8,Medium,9.76125,164.3325,2119,Zone_7,11070,0.64,45.2,Industrial
T00908,R0108,4.84,30.09,115.68,3/26/2024,1,-0.221289367,-0.765748235,0,Tuesday,March,0,1,0,0,0,0,0,0,0,0,0,0,1,0,4.759435145,1.764730797,5.485435261,0,Reyansh Gupta,18,Male,Pune,5/31/2019,184,32,4.88,1,7,Medium,6.228571429,124.9842857,2659,Zone_8,4516,1.93,31,Business
T00909,R0172,9.88,53.08,100.96,8/14/2024,0,-0.393451889,0.366889099,0,Wednesday,August,0,1,0,0,0,0,0,0,0,0,0,1,0,0,4.62458058,2.386926241,7.28560224,0,Reyansh Reddy,31,Other,Pune,12/24/2019,168,14,3.72,2,11,High,7.713636364,135.3281818,2452,Zone_7,11070,0.64,45.2,Industrial
T00910,R0279,4.34,43.01,60.59,5/24/2024,0,-0.865612285,-0.87811305,0,Friday,May,1,0,0,0,0,0,1,0,0,0,0,0,0,0,4.12049952,1.675225653,6.558200973,0,Diya Singh,25,Other,Pune,4/21/2022,454,84,3.73,2,5,Low,8.31,139.814,1603,Zone_2,6371,0.91,58.4,Residential
T00911,R0035,3.69,22.16,37.73,3/25/2024,0,-1.13297881,-1.024187309,0,Monday,March,0,1,0,0,0,0,0,0,1,0,0,0,0,0,3.656614494,1.545432582,4.707440918,0,Reyansh Das,39,Male,Kolkata,3/20/2022,392,41,3.49,1,4,Low,7.245,104.9775,1635,Zone_4,4038,2.46,48.2,Business
T00912,R0274,7.3,69.3,121.11,5/9/2023,0,-0.157781045,-0.212913346,0,Tuesday,May,0,0,1,0,1,0,0,0,0,0,0,0,0,0,4.804922278,2.116255515,8.324662155,0,Reyansh Nair,27,Female,Surat,3/18/2019,31,5,3.04,0,4,Low,7.56,119.29,2733,Zone_1,4921,2.43,30.9,Residential
T00913,R0263,12.67,124.91,201.48,12/4/2023,0,0.782212291,0.993884766,0,Monday,December,0,0,1,0,0,0,0,1,0,0,0,0,0,0,5.310641116,2.615203651,11.17631424,0,Ishaan Das,31,Other,Chennai,12/30/2020,297,21,3.84,2,12,High,8.718333333,128.9725,2080,Zone_3,12971,2.11,38,Business
T00914,R0077,9.53,77.61,180.39,8/25/2023,0,0.535547373,0.288233729,0,Friday,August,0,0,1,0,0,0,0,0,0,0,0,0,0,1,5.200649409,2.354228326,8.809653796,0,Reyansh Das,28,Male,Mumbai,9/7/2019,406,72,3.79,1,14,High,10.49,167.4157143,2560,Zone_9,11037,1.83,56.1,Mixed
T00915,R0090,13.89,74.43,250.88,7/23/2023,0,1.359985973,1.268054914,0,Sunday,July,0,0,1,0,0,0,0,0,0,0,0,0,0,1,5.528952784,2.700689847,8.627282307,0,Kavya Iyer,33,Female,Mumbai,1/31/2021,152,25,4.51,0,10,Medium,10.813,191.988,2048,Zone_9,11037,1.83,56.1,Mixed
T00916,R0239,1.83,15.84,19.9,7/11/2023,0,-1.341515344,-1.44218442,0,Tuesday,July,1,0,0,0,0,0,0,0,0,1,0,0,0,0,3.039749159,1.040276712,3.979949748,0,Diya Iyer,36,Male,Mumbai,3/13/2020,268,10,3.36,1,2,Low,7.935,132.165,2372,Zone_5,2590,1.31,43.9,Business
T00917,R0073,2.71,13.69,46.35,2/7/2023,0,-1.032160812,-1.244422346,0,Tuesday,February,0,0,1,0,0,0,1,0,0,0,0,0,0,0,3.85756682,1.311031877,3.7,0,Meera Das,41,Other,Ahmedabad,6/19/2021,490,30,3.01,2,9,Medium,8.734444444,141.7444444,1909,Zone_2,6371,0.91,58.4,Residential
T00918,R0252,7.55,50.09,76.83,9/6/2023,0,-0.675672111,-0.156730938,0,Wednesday,September,0,1,0,0,0,0,0,0,0,0,0,1,0,0,4.354526961,2.145931283,7.077428912,0,Reyansh Gupta,38,Other,Ahmedabad,9/23/2020,392,47,4.83,2,16,High,6.275625,105.128125,2178,Zone_7,11070,0.64,45.2,Industrial
T00919,R0116,18.83,125.22,170,12/22/2023,0,0.414027767,2.378219285,0,Friday,December,0,0,1,0,0,0,0,0,0,0,0,1,0,0,5.141663557,2.987195943,11.19017426,0,Ishaan Kumar,34,Female,Bengaluru,2/8/2020,238,30,4.58,0,5,Low,10.122,158.832,2406,Zone_7,11070,0.64,45.2,Industrial
T00920,R0060,11.37,58.78,247.77,5/4/2024,1,1.323611962,0.701736247,0,Saturday,May,0,1,0,0,0,0,0,0,1,0,0,0,0,0,5.516528775,2.515274186,7.666811593,0,Aarav Nair,40,Female,Hyderabad,8/1/2023,123,7,4.57,0,6,Medium,7.876666667,122.0633333,1136,Zone_4,4038,2.46,48.2,Business
T00921,R0252,2.67,24.93,55.78,1/31/2024,1,-0.921869196,-1.253411531,0,Wednesday,January,0,0,1,0,0,0,0,0,1,0,0,0,0,0,4.039184151,1.300191662,4.992995093,0,Reyansh Gupta,38,Other,Ahmedabad,9/23/2020,392,47,4.83,2,16,High,6.275625,105.128125,2178,Zone_4,4038,2.46,48.2,Business
T00922,R0147,7.62,72.73,127.17,11/22/2023,0,-0.086904355,-0.140999864,0,Wednesday,November,1,0,0,0,0,0,1,0,0,0,0,0,0,0,4.853357508,2.154085085,8.528188553,0,Saanvi Nair,35,Other,Mumbai,8/29/2022,239,21,3.91,2,8,Medium,7.94375,127.725,1473,Zone_2,6371,0.91,58.4,Residential
T00923,R0217,9.1,56.24,210.44,1/3/2023,1,0.88700687,0.191599988,0,Tuesday,January,1,0,0,0,0,0,0,0,1,0,0,0,0,0,5.35394127,2.312535424,7.499333304,0,Kavya Iyer,39,Other,Jaipur,3/3/2023,104,5,3.52,2,5,Low,8.488,151.166,1287,Zone_4,4038,2.46,48.2,Business
T00924,R0174,5.16,48.08,63.21,6/1/2024,0,-0.834969227,-0.693834753,0,Saturday,June,0,0,1,0,0,0,0,1,0,0,0,0,0,0,4.162158962,1.818076778,6.933974329,0,Aadhya Patel,32,Male,Kolkata,2/7/2019,320,7,3.8,1,7,Medium,8.877142857,131.6842857,2772,Zone_3,12971,2.11,38,Business
T00925,R0281,11.07,94.88,147.37,1/4/2024,0,0.14935128,0.634317358,0,Thursday,January,0,0,1,0,0,0,1,0,0,0,0,0,0,0,4.999709154,2.490723035,9.74063653,0,Arjun Iyer,21,Female,Jaipur,10/15/2020,268,17,4.74,0,5,Low,7.626,109.926,2156,Zone_2,6371,0.91,58.4,Residential
T00926,R0187,7.22,39.11,119.19,3/19/2024,0,-0.180237026,-0.230891716,0,Tuesday,March,0,0,0,1,1,0,0,0,0,0,0,0,0,0,4.789073824,2.106570209,6.253798846,0,Saanvi Reddy,27,Other,Surat,8/5/2022,357,38,4.71,2,7,Medium,10.79714286,194.7628571,1497,Zone_1,4921,2.43,30.9,Residential
T00927,R0269,6.5,42.38,147.96,5/1/2023,1,0.156251816,-0.39269705,0,Monday,May,0,1,0,0,0,0,0,0,0,0,0,0,0,1,5.003677814,2.014903021,6.50999232,0,Aadhya Sharma,41,Male,Mumbai,5/19/2019,423,16,3.41,1,7,Medium,9.008571429,208.3957143,2671,Zone_9,11037,1.83,56.1,Mixed
T00928,R0276,14.3,137.43,278.06,4/27/2023,0,1.677878456,1.360194062,0,Thursday,April,0,0,1,0,0,0,1,0,0,0,0,0,0,0,5.631426812,2.727852828,11.72305421,0,Aadhya Ghosh,26,Other,Chennai,11/7/2022,196,1,3.63,2,6,Medium,5.083333333,83.37,1403,Zone_2,6371,0.91,58.4,Residential
T00929,R0013,0.55,3.71,10.4,9/2/2023,0,-1.452625667,-1.729838347,0,Saturday,September,1,0,0,0,0,0,0,0,0,1,0,0,0,0,2.433613355,0.438254931,1.926136028,0,Ishaan Gupta,43,Female,Kolkata,4/1/2019,6,0,3.91,0,9,Medium,8.945555556,159.2044444,2719,Zone_5,2590,1.31,43.9,Business
T00930,R0113,3.19,27.81,58.83,9/8/2023,0,-0.886196934,-1.136552124,0,Friday,September,0,0,1,0,0,0,0,0,0,1,0,0,0,0,4.091507207,1.432700734,5.273518749,0,Aadhya Singh,26,Other,Chennai,3/9/2019,423,26,4.61,2,8,Medium,6.8775,137.03625,2742,Zone_5,2590,1.31,43.9,Business
T00931,R0061,3.91,28.84,90.56,5/19/2023,1,-0.515088454,-0.974746791,0,Friday,May,0,0,1,0,0,0,0,1,0,0,0,0,0,0,4.516994495,1.591273942,5.370288633,0,Meera Reddy,25,Male,Mumbai,8/20/2020,168,25,3.69,1,4,Low,8.6175,149.185,2212,Zone_3,12971,2.11,38,Business
T00932,R0247,3.76,19.55,57.91,6/8/2023,0,-0.896957092,-1.008456235,0,Thursday,June,0,0,1,0,1,0,0,0,0,0,0,0,0,0,4.076010856,1.560247668,4.421538194,0,Aadhya Das,37,Male,Bengaluru,5/11/2021,249,47,4.92,1,13,High,10.26769231,182.1107692,1948,Zone_1,4921,2.43,30.9,Residential
T00933,R0255,4.36,25.49,79.42,5/4/2024,0,-0.645379928,-0.873618457,0,Saturday,May,0,1,0,0,0,0,0,0,0,0,0,0,0,1,4.387262901,1.678963975,5.048762225,0,Reyansh Sharma,37,Female,Bengaluru,7/6/2021,475,42,3.12,0,8,Medium,9.0025,157.7775,1892,Zone_9,11037,1.83,56.1,Mixed
T00934,R0216,10.44,55.17,193.77,3/20/2023,0,0.692037492,0.492737692,0,Monday,March,0,0,1,0,0,0,0,1,0,0,0,0,0,0,5.271819375,2.437115986,7.427651042,0,Ishaan Ghosh,44,Female,Chennai,8/1/2019,335,24,3.4,0,5,Low,5.928,99.776,2597,Zone_3,12971,2.11,38,Business
T00935,R0113,13.48,132.65,269.7,6/14/2024,1,1.580101372,1.175915766,0,Friday,June,0,0,0,1,0,0,0,0,0,1,0,0,0,0,5.601011197,2.672768387,11.51737817,0,Aadhya Singh,26,Other,Chennai,3/9/2019,423,26,4.61,2,8,Medium,6.8775,137.03625,2742,Zone_5,2590,1.31,43.9,Business
T00936,R0213,12.58,84.71,163.24,12/23/2023,0,0.334964,0.973659099,0,Saturday,December,1,0,0,0,0,1,0,0,0,0,0,0,0,0,5.101328773,2.608598122,9.203803562,0,Kavya Ghosh,29,Female,Chennai,6/4/2019,456,26,3.74,0,9,Medium,6.787777778,118.2666667,2655,Zone_10,2440,1.54,35.4,Industrial
T00937,R0033,2.9,18.4,33.13,6/15/2024,0,-1.186779598,-1.201723717,0,Saturday,June,1,0,0,0,0,0,0,0,0,0,0,0,0,1,3.530176763,1.360976553,4.289522118,0,Diya Iyer,18,Female,Chennai,5/22/2019,472,37,3.24,0,5,Low,6.412,121.298,2668,Zone_9,11037,1.83,56.1,Mixed
T00938,R0011,7.46,58.35,186.41,3/5/2023,1,0.605956231,-0.176956605,0,Sunday,March,1,0,0,0,0,0,0,0,0,0,0,0,0,1,5.23329873,2.135349174,7.63871717,0,Vivaan Nair,26,Male,Chennai,4/14/2020,208,34,4,1,10,Medium,8.896,163.378,2340,Zone_9,11037,1.83,56.1,Mixed
T00939,R0017,10.26,73.94,165.32,3/19/2024,0,0.359291313,0.452286358,0,Tuesday,March,0,1,0,0,0,0,0,0,0,0,0,0,1,0,5.113913644,2.421256623,8.598837131,0,Meera Das,49,Female,Mumbai,3/18/2023,288,21,3.83,0,7,Medium,7.997142857,116.0442857,1272,Zone_8,4516,1.93,31,Business
T00940,R0222,9.2,76.52,164.3,5/5/2023,0,0.347361573,0.214072951,0,Friday,May,0,1,0,0,0,0,0,0,1,0,0,0,0,0,5.107762005,2.32238772,8.747571091,0,Aarav Singh,27,Male,Surat,8/28/2022,475,12,3.44,1,8,Medium,9.88125,165.70375,1474,Zone_4,4038,2.46,48.2,Business
T00941,R0280,14.53,145.24,162.1,5/11/2024,0,0.321630761,1.411881877,0,Saturday,May,0,0,0,1,0,0,0,0,0,0,0,0,1,0,5.09436351,2.742773637,12.05155592,0,Saanvi Gupta,26,Other,Chennai,5/31/2023,172,23,4.43,2,6,Medium,8.461666667,122.55,1198,Zone_8,4516,1.93,31,Business
T00942,R0201,4.62,40.67,99.35,3/31/2024,1,-0.412282165,-0.815188754,0,Sunday,March,1,0,0,0,1,0,0,0,0,0,0,0,0,0,4.608664075,1.726331664,6.377303505,0,Meera Reddy,37,Female,Delhi,4/6/2021,183,15,3.84,0,7,Medium,9.668571429,153.1142857,1983,Zone_1,4921,2.43,30.9,Residential
T00943,R0046,8.78,60.28,92.28,1/14/2024,0,-0.494971637,0.119686506,0,Sunday,January,0,0,0,1,0,0,0,0,1,0,0,0,0,0,4.535605723,2.280339484,7.764019578,0,Vivaan Singh,31,Female,Kolkata,8/16/2019,31,4,3.87,0,8,Medium,10.0025,162.0525,2582,Zone_4,4038,2.46,48.2,Business
T00944,R0218,6.03,55.04,71.04,6/18/2024,0,-0.743390929,-0.498319976,0,Tuesday,June,1,0,0,0,0,0,1,0,0,0,0,0,0,0,4.27722152,1.950186706,7.418894796,0,Arjun Reddy,34,Other,Delhi,1/11/2019,160,16,3.87,2,6,Medium,8.34,120.9116667,2799,Zone_2,6371,0.91,58.4,Residential
T00945,R0295,9.26,68.11,120.01,4/5/2023,0,-0.170646451,0.227556728,0,Wednesday,April,1,0,0,0,0,0,1,0,0,0,0,0,0,0,4.795873187,2.32825284,8.252878286,0,Kavya Gupta,18,Female,Delhi,5/29/2019,98,18,3.59,0,9,Medium,4.974444444,58.22666667,2661,Zone_2,6371,0.91,58.4,Residential
T00946,R0005,2.61,18.63,43.31,5/17/2023,0,-1.067716115,-1.266895309,0,Wednesday,May,1,0,0,0,0,0,0,1,0,0,0,0,0,0,3.791210385,1.283707772,4.316248371,0,Diya Reddy,27,Male,Ahmedabad,5/31/2021,294,30,3.53,1,7,Medium,7.322857143,132.35,1928,Zone_3,12971,2.11,38,Business
T00947,R0246,3.36,31.91,74.45,12/9/2023,1,-0.703508171,-1.098348087,0,Saturday,December,0,1,0,0,0,0,0,0,0,0,0,0,0,1,4.323470185,1.472472057,5.648893697,0,Vivaan Das,29,Other,Mumbai,3/31/2021,240,34,4.79,2,12,High,6.978333333,129.2125,1989,Zone_9,11037,1.83,56.1,Mixed
T00948,R0272,4.35,34.4,107.4,2/13/2024,1,-0.318130786,-0.875865754,0,Tuesday,February,0,1,0,0,0,0,1,0,0,0,0,0,0,0,4.685828089,1.677096561,5.865151319,0,Kavya Ghosh,21,Male,Kolkata,1/15/2020,432,4,4.79,1,7,Medium,5.755714286,98.82285714,2430,Zone_2,6371,0.91,58.4,Residential
T00949,R0194,5.18,49.09,72.43,11/30/2023,0,-0.727133734,-0.689340161,0,Thursday,November,1,0,0,0,1,0,0,0,0,0,0,0,0,0,4.296332571,1.821318271,7.006425622,0,Arjun Iyer,30,Other,Jaipur,2/10/2023,10,2,4.06,2,6,Medium,7.268333333,114.0916667,1308,Zone_1,4921,2.43,30.9,Residential
T00950,R0209,15.74,117.86,169.17,1/20/2024,0,0.404320233,1.683804729,0,Saturday,January,0,1,0,0,0,0,0,1,0,0,0,0,0,0,5.136797937,2.817801065,10.85633456,0,Vivaan Sharma,31,Other,Surat,6/11/2020,109,20,3.77,2,8,Medium,7.315,91.88625,2282,Zone_3,12971,2.11,38,Business
T00951,R0004,13.88,86.75,306.34,6/1/2024,1,2.008636345,1.265807618,0,Saturday,June,0,1,0,0,0,0,0,0,0,0,1,0,0,0,5.727954627,2.700018029,9.313968005,0,Aarav Nair,19,Other,Kolkata,7/28/2019,464,5,3.19,2,6,Medium,6.201666667,113.8383333,2601,Zone_6,14627,0.54,37.6,Mixed
T00952,R0231,6.94,35.39,72.75,12/21/2023,0,-0.723391071,-0.293816013,0,Thursday,December,0,0,1,0,0,0,0,1,0,0,0,0,0,0,4.300680995,2.071913275,5.948949487,0,Ishaan Nair,19,Other,Mumbai,8/26/2019,328,22,4.81,2,7,Medium,8.47,104.5042857,2572,Zone_3,12971,2.11,38,Business
T00953,R0149,8.86,59.47,160.65,3/18/2024,0,0.304671817,0.137664877,0,Monday,March,1,0,0,0,0,0,0,0,1,0,0,0,0,0,5.085433504,2.288486169,7.711679454,0,Diya Reddy,30,Male,Jaipur,9/14/2019,89,8,4.57,1,7,Medium,6.06,94.44571429,2553,Zone_4,4038,2.46,48.2,Business
T00954,R0179,0.03,0.25,3.27,6/19/2023,1,-1.568180403,-1.846697754,0,Monday,June,1,0,0,0,0,0,0,0,0,0,0,1,0,0,1.451613827,0.029558802,0.5,0,Meera Patel,28,Male,Kolkata,4/11/2022,274,14,4.64,1,4,Low,6.3825,114.8,1613,Zone_7,11070,0.64,45.2,Industrial
T00955,R0184,7.1,65.16,134.22,7/10/2023,0,-0.004448799,-0.257859272,0,Monday,July,0,0,0,1,0,0,1,0,0,0,0,0,0,0,4.906903082,2.091864062,8.072174428,0,Meera Nair,29,Female,Surat,3/4/2020,285,27,3.97,0,8,Medium,8.645,151.59,2381,Zone_2,6371,0.91,58.4,Residential
T00956,R0083,8.8,70.86,73.86,4/21/2023,0,-0.710408707,0.124181099,0,Friday,April,1,0,0,0,0,0,0,0,0,0,1,0,0,0,4.315619702,2.282382386,8.417838202,0,Kavya Patel,45,Female,Mumbai,12/31/2021,475,39,4.4,0,10,Medium,9.262,141.533,1714,Zone_6,14627,0.54,37.6,Mixed
T00957,R0077,13.73,92.67,287.95,8/20/2024,1,1.793550151,1.232098173,0,Tuesday,August,0,0,0,1,0,0,1,0,0,0,0,0,0,0,5.666253663,2.68988623,9.626525853,0,Reyansh Das,28,Male,Mumbai,9/7/2019,406,72,3.79,1,14,High,10.49,167.4157143,2560,Zone_2,6371,0.91,58.4,Residential
T00958,R0217,9.63,84.29,188.14,12/21/2023,0,0.626190005,0.310706691,0,Thursday,December,0,0,0,1,0,0,0,0,0,0,0,0,0,1,5.242487482,2.363680192,9.180958556,0,Kavya Iyer,39,Other,Jaipur,3/3/2023,104,5,3.52,2,5,Low,8.488,151.166,1287,Zone_9,11037,1.83,56.1,Mixed
T00959,R0246,10.16,92.18,182.43,8/9/2023,0,0.559406853,0.429813395,0,Wednesday,August,0,1,0,0,0,0,0,0,0,0,0,0,0,1,5.211833123,2.412335957,9.60104161,0,Vivaan Das,29,Other,Mumbai,3/31/2021,240,34,4.79,2,12,High,6.978333333,129.2125,1989,Zone_9,11037,1.83,56.1,Mixed
T00960,R0097,9.49,82,235.17,3/20/2024,1,1.176244585,0.279244543,0,Wednesday,March,0,0,1,0,0,0,0,0,0,1,0,0,0,0,5.464551885,2.350422422,9.055385138,0,Aarav Iyer,23,Other,Bengaluru,1/25/2021,478,5,3.28,2,8,Medium,8.67875,139.6375,2054,Zone_5,2590,1.31,43.9,Business
T00961,R0248,9.35,59.55,103.62,11/12/2023,0,-0.362340999,0.247782395,0,Sunday,November,1,0,0,0,0,0,0,0,0,0,0,0,1,0,4.650334738,2.33698652,7.716864648,0,Vivaan Ghosh,18,Female,Chennai,10/24/2021,104,12,3.65,0,7,Medium,8.245714286,134.2371429,1782,Zone_8,4516,1.93,31,Business
T00962,R0238,1.02,8.88,8.86,3/4/2023,0,-1.470637235,-1.624215421,0,Saturday,March,1,0,0,0,0,0,0,1,0,0,0,0,0,0,2.288486169,0.703097511,2.979932885,0,Reyansh Patel,30,Other,Pune,4/22/2019,362,56,4.91,2,6,Medium,6.455,98.33833333,2698,Zone_3,12971,2.11,38,Business
T00963,R0243,5.92,34.82,101.62,5/9/2024,0,-0.385732646,-0.523040235,0,Thursday,May,0,0,0,1,0,0,0,1,0,0,0,0,0,0,4.631032846,1.93441577,5.900847397,0,Ishaan Patel,33,Male,Jaipur,2/6/2023,315,11,3.7,1,7,Medium,7.901428571,135.5042857,1312,Zone_3,12971,2.11,38,Business
T00964,R0137,15.17,87.29,335.54,2/5/2024,1,2.350154392,1.55570884,0,Monday,February,0,0,0,1,1,0,0,0,0,0,0,0,0,0,5.818717013,2.783157674,9.342911752,0,Arjun Gupta,27,Male,Bengaluru,8/10/2021,166,32,3.14,1,7,Medium,11.76142857,214.1957143,1857,Zone_1,4921,2.43,30.9,Residential
T00965,R0050,12.12,115.9,118.59,7/17/2023,0,-0.18725452,0.87028347,0,Monday,July,0,0,0,1,0,0,0,1,0,0,0,0,0,0,4.784069226,2.574137784,10.76568623,0,Diya Das,49,Male,Ahmedabad,10/6/2022,330,41,3.42,1,7,Medium,8.585714286,130.83,1435,Zone_3,12971,2.11,38,Business
T00966,R0157,10.47,93.11,110.17,2/21/2023,0,-0.285733355,0.49947958,0,Tuesday,February,0,1,0,0,0,1,0,0,0,0,0,0,0,0,4.711060561,2.439734931,9.64935231,0,Kavya Nair,36,Female,Hyderabad,11/23/2021,319,27,4.65,0,10,Medium,11.39,187.593,1752,Zone_10,2440,1.54,35.4,Industrial
T00967,R0102,8.33,80.15,102.36,4/3/2024,0,-0.377077736,0.018558173,0,Wednesday,April,0,1,0,0,1,0,0,0,0,0,0,0,0,0,4.63821804,2.233235015,8.952653238,0,Aarav Nair,18,Female,Chennai,5/13/2023,123,22,4.1,0,4,Low,8.9575,120.825,1216,Zone_1,4921,2.43,30.9,Residential
T00968,R0155,11.3,93.89,153.11,8/24/2023,0,0.216485307,0.686005173,0,Thursday,August,1,0,0,0,0,0,0,0,0,0,0,0,0,1,5.037666633,2.509599262,9.689685237,0,Meera Reddy,23,Male,Hyderabad,2/10/2019,353,8,3.14,1,8,Medium,7.61375,116.46375,2769,Zone_9,11037,1.83,56.1,Mixed
T00969,R0050,3.28,27.7,79.39,7/23/2024,1,-0.645730802,-1.116326457,0,Tuesday,July,0,0,0,1,0,1,0,0,0,0,0,0,0,0,4.38688979,1.45395301,5.263078947,0,Diya Das,49,Male,Ahmedabad,10/6/2022,330,41,3.42,1,7,Medium,8.585714286,130.83,1435,Zone_10,2440,1.54,35.4,Industrial
T00970,R0138,0.1,0.9,3.27,7/22/2023,1,-1.559876369,-1.83096668,0,Saturday,July,0,1,0,0,0,0,0,0,0,1,0,0,0,0,1.451613827,0.09531018,0.948683298,0,Ishaan Das,46,Male,Kolkata,7/28/2022,13,0,3.53,1,5,Low,6.25,104.296,1505,Zone_5,2590,1.31,43.9,Business
T00971,R0089,6.09,53.05,135.64,2/13/2023,1,0.012159271,-0.484836198,0,Monday,February,0,0,0,1,1,0,0,0,0,0,0,0,0,0,4.91734973,1.958685341,7.283543094,0,Saanvi Reddy,48,Other,Surat,9/21/2022,308,6,3.91,2,9,Medium,9.981111111,157.2833333,1450,Zone_1,4921,2.43,30.9,Residential
T00972,R0184,10.69,74.54,173.15,8/8/2023,0,0.450869611,0.548920099,0,Tuesday,August,0,0,1,0,0,0,0,0,0,0,0,0,0,1,5.159916997,2.458733775,8.633655078,0,Meera Nair,29,Female,Surat,3/4/2020,285,27,3.97,0,8,Medium,8.645,151.59,2381,Zone_9,11037,1.83,56.1,Mixed
T00973,R0172,8.54,51.74,95.55,11/18/2023,0,-0.456726294,0.065751395,0,Saturday,November,0,0,1,0,1,0,0,0,0,0,0,0,0,0,4.570061009,2.255493485,7.193052203,0,Reyansh Reddy,31,Other,Pune,12/24/2019,168,14,3.72,2,11,High,7.713636364,135.3281818,2452,Zone_1,4921,2.43,30.9,Residential
T00974,R0277,13.07,116.12,130.39,2/3/2024,0,-0.049243803,1.083776618,0,Saturday,February,0,0,0,1,0,0,0,0,0,0,1,0,0,0,4.87817,2.644044871,10.77589903,0,Kavya Gupta,42,Female,Jaipur,1/22/2021,433,16,3.06,0,9,Medium,9.658888889,155.8666667,2057,Zone_6,14627,0.54,37.6,Mixed
T00975,R0246,9.76,53.7,109.37,1/14/2023,0,-0.295090013,0.339921543,0,Saturday,January,0,0,0,1,0,0,0,0,0,0,1,0,0,0,4.703838358,2.375835555,7.328028384,0,Vivaan Das,29,Other,Mumbai,3/31/2021,240,34,4.79,2,12,High,6.978333333,129.2125,1989,Zone_6,14627,0.54,37.6,Mixed
T00976,R0130,8.22,49.88,135.05,6/16/2024,0,0.005258735,-0.006162086,0,Sunday,June,0,0,0,1,0,0,0,0,0,1,0,0,0,0,4.913022465,2.221375038,7.062577433,0,Diya Ghosh,27,Female,Pune,2/16/2019,316,62,3.62,0,8,Medium,6.3625,112.04125,2763,Zone_5,2590,1.31,43.9,Business
T00977,R0201,14.64,93.63,312.43,5/15/2023,1,2.079863911,1.436602136,0,Monday,May,0,0,1,0,1,0,0,0,0,0,0,0,0,0,5.74757605,2.749831735,9.676259608,0,Meera Reddy,37,Female,Delhi,4/6/2021,183,15,3.84,0,7,Medium,9.668571429,153.1142857,1983,Zone_1,4921,2.43,30.9,Residential
T00978,R0085,13.66,124.34,142.31,4/15/2024,0,0.090170413,1.216367099,0,Monday,April,1,0,0,0,0,0,0,0,0,1,0,0,0,0,4.965010116,2.685122696,11.15078473,0,Aadhya Ghosh,29,Female,Chennai,9/17/2022,94,12,4.95,0,5,Low,8.798,101.982,1454,Zone_5,2590,1.31,43.9,Business
T00979,R0169,7.51,48.91,168.46,3/24/2023,1,0.396016198,-0.165720124,0,Friday,March,0,0,0,1,0,0,0,0,0,0,0,0,1,0,5.132616911,2.141241943,6.993568474,0,Reyansh Kumar,32,Male,Delhi,2/21/2023,497,81,4.19,1,7,Medium,10.05857143,201.7728571,1297,Zone_8,4516,1.93,31,Business
T00980,R0196,2.48,17.97,26.54,7/29/2023,0,-1.263855075,-1.296110161,0,Saturday,July,0,1,0,0,0,0,0,0,0,0,1,0,0,0,3.315639493,1.247032294,4.239103679,0,Vivaan Das,18,Male,Hyderabad,6/24/2019,51,9,4.93,1,12,High,7.995833333,135.2858333,2635,Zone_6,14627,0.54,37.6,Mixed
T00981,R0190,3.46,20.02,80.21,1/10/2023,1,-0.636140227,-1.075875124,0,Tuesday,January,1,0,0,0,0,0,0,0,0,0,1,0,0,0,4.397038392,1.495148766,4.474371464,0,Saanvi Iyer,35,Other,Surat,9/25/2020,274,47,4.12,2,9,Medium,7.776666667,124.2133333,2176,Zone_6,14627,0.54,37.6,Mixed
T00982,R0073,7.19,38.88,157.25,4/20/2023,1,0.264906017,-0.237633605,0,Thursday,April,0,1,0,0,0,0,0,0,0,0,0,1,0,0,5.064176061,2.102913898,6.235382907,0,Meera Das,41,Other,Ahmedabad,6/19/2021,490,30,3.01,2,9,Medium,8.734444444,141.7444444,1909,Zone_7,11070,0.64,45.2,Industrial
T00983,R0077,6.17,52.93,83.76,9/16/2023,0,-0.594620054,-0.466857827,0,Saturday,September,0,0,0,1,0,0,0,0,1,0,0,0,0,0,4.439823733,1.969905655,7.275300681,0,Reyansh Das,28,Male,Mumbai,9/7/2019,406,72,3.79,1,14,High,10.49,167.4157143,2560,Zone_4,4038,2.46,48.2,Business
T00984,R0283,16.29,113.75,178.58,6/26/2024,0,0.514377932,1.807406026,0,Wednesday,June,0,0,1,0,0,0,0,0,0,1,0,0,0,0,5.190620791,2.8501283,10.6653645,0,Diya Nair,19,Male,Surat,6/15/2023,245,45,3.55,1,7,Medium,7.995714286,144.7471429,1183,Zone_5,2590,1.31,43.9,Business
T00985,R0209,0.4,2.19,8.96,1/12/2024,1,-1.469467653,-1.763547791,0,Friday,January,0,0,0,1,0,0,1,0,0,0,0,0,0,0,2.298577072,0.336472237,1.479864859,0,Vivaan Sharma,31,Other,Surat,6/11/2020,109,20,3.77,2,8,Medium,7.315,91.88625,2282,Zone_2,6371,0.91,58.4,Residential
T00986,R0120,7.68,41.52,120.11,2/25/2023,0,-0.169476869,-0.127516087,0,Saturday,February,0,0,0,1,0,1,0,0,0,0,0,0,0,0,4.796699224,2.161021529,6.443601477,0,Ishaan Gupta,18,Other,Surat,7/12/2020,311,15,4.55,2,8,Medium,8.525,126.74375,2251,Zone_10,2440,1.54,35.4,Industrial
T00987,R0133,2.67,15.91,57.6,2/27/2024,1,-0.900582797,-1.253411531,0,Tuesday,February,0,0,1,0,0,0,0,0,1,0,0,0,0,0,4.070734697,1.300191662,3.988734135,0,Diya Kumar,25,Female,Delhi,7/13/2019,155,11,4.4,0,9,Medium,7.21,90.80777778,2616,Zone_4,4038,2.46,48.2,Business
T00988,R0289,8.58,80.43,163.1,6/3/2023,0,0.333326584,0.07474058,0,Saturday,June,0,1,0,0,0,0,1,0,0,0,0,0,0,0,5.100475998,2.259677592,8.968277427,0,Aarav Gupta,21,Other,Chennai,9/30/2021,322,14,4.17,2,8,Medium,8.26625,154.31,1806,Zone_2,6371,0.91,58.4,Residential
T00989,R0256,9.91,66.8,153.36,9/15/2023,0,0.219409263,0.373630988,0,Friday,September,1,0,0,0,0,0,1,0,0,0,0,0,0,0,5.039287537,2.3896798,8.173126697,0,Aadhya Sharma,31,Female,Delhi,3/25/2021,265,8,3.65,0,6,Medium,6.908333333,125.6333333,1995,Zone_2,6371,0.91,58.4,Residential
T00990,R0237,5.98,47.26,59.33,2/4/2023,0,-0.880349022,-0.509556457,0,Saturday,February,0,1,0,0,0,0,0,0,1,0,0,0,0,0,4.099829492,1.943048917,6.874590897,0,Aadhya Nair,40,Male,Chennai,12/13/2022,36,3,3.71,1,10,Medium,9.737,175.97,1367,Zone_4,4038,2.46,48.2,Business
T00991,R0070,10.65,97.69,133.59,2/25/2024,0,-0.011817168,0.539930914,0,Sunday,February,0,1,0,0,0,0,0,0,0,1,0,0,0,0,4.90223312,2.45530618,9.88382517,0,Meera Reddy,33,Male,Bengaluru,1/3/2023,310,6,3.54,1,7,Medium,12.83,236.3842857,1346,Zone_5,2590,1.31,43.9,Business
T00992,R0050,7.01,65.59,137.36,6/14/2024,0,0.032276087,-0.278084938,0,Friday,June,0,0,1,0,0,0,1,0,0,0,0,0,0,0,4.929858984,2.080690761,8.098765338,0,Diya Das,49,Male,Ahmedabad,10/6/2022,330,41,3.42,1,7,Medium,8.585714286,130.83,1435,Zone_2,6371,0.91,58.4,Residential
T00993,R0280,7.1,40.01,158.37,9/10/2023,1,0.278005339,-0.257859272,0,Sunday,September,0,0,1,0,0,0,0,1,0,0,0,0,0,0,5.071228543,2.091864062,6.32534584,0,Saanvi Gupta,26,Other,Chennai,5/31/2023,172,23,4.43,2,6,Medium,8.461666667,122.55,1198,Zone_3,12971,2.11,38,Business
T00994,R0161,5.91,44.63,125.74,3/17/2024,1,-0.103629382,-0.525287531,0,Sunday,March,1,0,0,0,0,0,0,0,0,1,0,0,0,0,4.842137744,1.932969638,6.680568838,0,Aarav Nair,32,Other,Surat,3/27/2019,332,50,4.91,2,6,Medium,5.536666667,94.59333333,2724,Zone_5,2590,1.31,43.9,Business
T00995,R0233,11.25,101.38,171.94,1/19/2023,0,0.436717664,0.674768692,0,Thursday,January,0,1,0,0,0,0,0,0,0,1,0,0,0,0,5.152944714,2.505525937,10.06876358,0,Ishaan Iyer,30,Other,Hyderabad,11/23/2023,469,41,4.37,2,7,Medium,12.75285714,226.1757143,1022,Zone_5,2590,1.31,43.9,Business
T00996,R0035,8.69,84.88,106.87,4/16/2023,0,-0.324329572,0.09946084,0,Sunday,April,1,0,0,0,0,0,0,1,0,0,0,0,0,0,4.680926798,2.271094426,9.213034245,0,Reyansh Das,39,Male,Kolkata,3/20/2022,392,41,3.49,1,4,Low,7.245,104.9775,1635,Zone_3,12971,2.11,38,Business
T00997,R0041,15.87,109.81,289.04,8/9/2023,0,1.806298598,1.713019581,0,Wednesday,August,0,0,1,0,0,0,0,0,0,0,0,1,0,0,5.670018845,2.825536897,10.47902667,0,Aarav Nair,25,Other,Pune,4/11/2020,353,8,4.74,2,5,Low,8.428,140.432,2343,Zone_7,11070,0.64,45.2,Industrial
T00998,R0084,14.35,101.77,192.38,3/23/2023,0,0.675780297,1.371430544,0,Thursday,March,0,0,0,1,0,0,0,0,0,1,0,0,0,0,5.264657165,2.731115474,10.08811182,0,Kavya Sharma,38,Male,Jaipur,7/21/2019,366,6,4.67,1,8,Medium,9.3625,179.48,2608,Zone_5,2590,1.31,43.9,Business
T00999,R0277,10.77,99.49,249.99,2/7/2024,1,1.34957669,0.566898469,0,Wednesday,February,0,0,0,1,0,1,0,0,0,0,0,0,0,0,5.525413098,2.465553921,9.974467404,0,Kavya Gupta,42,Female,Jaipur,1/22/2021,433,16,3.06,0,9,Medium,9.658888889,155.8666667,2057,Zone_10,2440,1.54,35.4,Industrial
T01000,R0253,2.8,24.44,37.65,8/2/2024,0,-1.133914476,-1.22419668,0,Friday,August,0,1,0,0,0,0,0,0,0,0,0,1,0,0,3.654546775,1.335001067,4.943682838,0,Ishaan Gupta,26,Male,Surat,8/19/2021,173,24,3.16,1,7,Medium,7.117142857,106.3728571,1848,Zone_7,11070,0.64,45.2,Industrial
T01001,R0135,0.58,5.31,13.96,6/30/2024,1,-1.410988535,-1.723096458,0,Sunday,June,0,1,0,0,1,0,0,0,0,0,0,0,0,0,2.705379973,0.457424847,2.304343724,0,Reyansh Patel,38,Female,Ahmedabad,2/24/2022,153,8,3.47,0,8,Medium,8.325,124.01625,1659,Zone_1,4921,2.43,30.9,Residential
T01002,R0248,12.93,94.92,284.82,6/13/2024,1,1.756942223,1.05231447,0,Thursday,June,1,0,0,0,0,0,0,0,0,0,1,0,0,0,5.655362242,2.634044788,9.742689567,0,Vivaan Ghosh,18,Female,Chennai,10/24/2021,104,12,3.65,0,7,Medium,8.245714286,134.2371429,1782,Zone_6,14627,0.54,37.6,Mixed
T01003,R0190,5.62,50.57,106.41,9/3/2023,0,-0.329709651,-0.590459124,0,Sunday,September,1,0,0,0,0,0,0,0,0,1,0,0,0,0,4.676653288,1.89009537,7.111258679,0,Saanvi Iyer,35,Other,Surat,9/25/2020,274,47,4.12,2,9,Medium,7.776666667,124.2133333,2176,Zone_5,2590,1.31,43.9,Business
T01004,R0225,9.17,57.22,143.16,7/7/2023,0,0.100111863,0.207331062,0,Friday,July,0,0,0,1,0,0,0,0,0,0,0,1,0,0,4.970923794,2.31944221,7.56439026,0,Ishaan Sharma,39,Female,Delhi,6/15/2020,465,9,4.08,0,6,Medium,8.055,112.1533333,2278,Zone_7,11070,0.64,45.2,Industrial
T01005,R0025,4.85,31.44,62.93,10/16/2023,0,-0.838244058,-0.763500939,0,Monday,October,0,1,0,0,0,0,0,0,0,0,0,0,1,0,4.157788735,1.766441661,5.607138308,0,Meera Das,21,Female,Mumbai,10/22/2021,42,3,4.01,0,5,Low,9.45,143.886,1784,Zone_8,4516,1.93,31,Business
T01006,R0272,10.59,99,205.44,5/26/2023,0,0.828527752,0.526447136,0,Friday,May,1,0,0,0,0,0,0,0,0,1,0,0,0,0,5.330009813,2.450142657,9.949874371,0,Kavya Ghosh,21,Male,Kolkata,1/15/2020,432,4,4.79,1,7,Medium,5.755714286,98.82285714,2430,Zone_5,2590,1.31,43.9,Business
T01007,R0016,12.79,67.67,192.63,3/14/2023,0,0.678704253,1.020852321,0,Tuesday,March,1,0,0,0,0,1,0,0,0,0,0,0,0,0,5.265949122,2.623943692,8.226177727,0,Aarav Iyer,28,Female,Delhi,1/24/2022,356,51,3.06,0,5,Low,8.248,137.536,1690,Zone_10,2440,1.54,35.4,Industrial
T01008,R0237,1.95,18.2,24.05,3/13/2024,0,-1.292977676,-1.415216865,0,Wednesday,March,1,0,0,0,0,0,0,0,0,0,1,0,0,0,3.220873828,1.08180517,4.266145802,0,Aadhya Nair,40,Male,Chennai,12/13/2022,36,3,3.71,1,10,Medium,9.737,175.97,1367,Zone_6,14627,0.54,37.6,Mixed
T01009,R0148,3.93,34.86,59.65,6/10/2024,0,-0.876606359,-0.970252198,0,Monday,June,0,0,0,1,0,0,0,0,0,0,0,0,0,1,4.105119635,1.595338988,5.904235768,0,Aarav Kumar,44,Male,Ahmedabad,9/30/2019,412,34,3.36,1,4,Low,5.7975,102.1575,2537,Zone_9,11037,1.83,56.1,Mixed
T01010,R0130,0.32,2.7,6.4,10/28/2023,0,-1.499408961,-1.781526161,0,Saturday,October,0,0,0,1,0,0,1,0,0,0,0,0,0,0,2.00148,0.277631737,1.643167673,0,Diya Ghosh,27,Female,Pune,2/16/2019,316,62,3.62,0,8,Medium,6.3625,112.04125,2763,Zone_2,6371,0.91,58.4,Residential
T01011,R0099,9.17,65.75,164.57,2/28/2024,0,0.350519445,0.207331062,0,Wednesday,February,0,0,1,0,0,0,0,0,0,0,1,0,0,0,5.109394066,2.31944221,8.10863737,0,Diya Gupta,35,Other,Mumbai,8/21/2021,80,8,3.7,2,9,Medium,7.707777778,142.5177778,1846,Zone_6,14627,0.54,37.6,Mixed
T01012,R0159,0.33,3.1,5.82,6/16/2024,0,-1.506192539,-1.779278865,0,Sunday,June,1,0,0,0,0,0,0,0,1,0,0,0,0,0,1.919859472,0.285178942,1.760681686,0,Ishaan Singh,43,Female,Bengaluru,5/21/2020,79,2,4.9,0,4,Low,5.9925,106.2225,2303,Zone_4,4038,2.46,48.2,Business
T01013,R0117,6.17,36.26,146.37,6/5/2023,1,0.137655457,-0.466857827,0,Monday,June,0,0,1,0,1,0,0,0,0,0,0,0,0,0,4.992946431,1.969905655,6.021627687,0,Aadhya Gupta,21,Female,Ahmedabad,6/12/2021,369,37,3.16,0,5,Low,5.838,98.296,1916,Zone_1,4921,2.43,30.9,Residential
T01014,R0028,10.6,101.63,157.5,7/19/2024,0,0.267829973,0.528694432,0,Friday,July,0,0,1,0,0,0,0,0,0,0,0,0,0,1,5.065754593,2.451005098,10.08117057,0,Reyansh Sharma,20,Female,Surat,11/11/2023,249,21,3.79,0,8,Medium,10.61,187.43875,1034,Zone_9,11037,1.83,56.1,Mixed
T01015,R0177,18.29,123.71,371.47,5/17/2023,1,2.770385331,2.256865285,0,Wednesday,May,0,0,0,1,0,0,0,0,0,0,0,0,0,1,5.920156498,2.959586827,11.12249972,0,Ishaan Reddy,34,Other,Bengaluru,2/15/2023,489,63,4.48,2,12,High,9.645,155.5633333,1303,Zone_9,11037,1.83,56.1,Mixed
T01016,R0036,9.84,78.98,216.27,8/13/2023,1,0.955193521,0.357899914,0,Sunday,August,1,0,0,0,0,0,0,0,0,0,1,0,0,0,5.38114082,2.383242996,8.887069258,0,Aadhya Das,30,Female,Surat,3/16/2022,177,15,4.9,0,7,Medium,9.31,148.7885714,1639,Zone_6,14627,0.54,37.6,Mixed
T01017,R0250,14.26,132.02,247.26,2/12/2023,0,1.317647092,1.351204877,0,Sunday,February,0,0,1,0,0,1,0,0,0,0,0,0,0,0,5.514476584,2.725235026,11.48999565,0,Aadhya Iyer,34,Female,Jaipur,2/1/2021,163,31,4.63,0,9,Medium,8.368888889,125.2566667,2047,Zone_10,2440,1.54,35.4,Industrial
T01018,R0226,9.3,50.64,147.85,9/6/2023,0,0.154965276,0.236545914,0,Wednesday,September,0,1,0,0,0,0,0,0,1,0,0,0,0,0,5.002939087,2.332143895,7.11617875,0,Aarav Iyer,20,Other,Surat,7/30/2021,266,2,3.25,2,7,Medium,7.601428571,129.5257143,1868,Zone_4,4038,2.46,48.2,Business
T01019,R0102,9.55,48.82,120.65,1/7/2024,0,-0.163161124,0.292728321,0,Sunday,January,0,0,0,1,0,0,0,0,1,0,0,0,0,0,4.801148069,2.35612586,6.987131028,0,Aarav Nair,18,Female,Chennai,5/13/2023,123,22,4.1,0,4,Low,8.9575,120.825,1216,Zone_4,4038,2.46,48.2,Business
T01020,R0107,6.95,60.81,146.22,1/29/2023,1,0.135901083,-0.291568716,0,Sunday,January,1,0,0,0,0,0,0,0,0,0,0,0,1,0,4.991928067,2.073171929,7.798076686,0,Reyansh Gupta,33,Male,Hyderabad,1/11/2020,179,14,3.66,1,5,Low,6.514,125.586,2434,Zone_8,4516,1.93,31,Business
T01021,R0011,6.08,47.67,122.18,11/10/2023,1,-0.145266514,-0.487083494,0,Friday,November,0,0,1,0,0,0,0,0,0,0,1,0,0,0,4.8136467,1.957273908,6.904346457,0,Vivaan Nair,26,Male,Chennai,4/14/2020,208,34,4,1,10,Medium,8.896,163.378,2340,Zone_6,14627,0.54,37.6,Mixed
T01022,R0278,13.87,87.85,244.45,12/9/2023,0,1.284781828,1.263560322,0,Saturday,December,0,0,0,1,0,0,0,0,0,0,0,1,0,0,5.503093261,2.69934576,9.372833083,0,Aarav Reddy,20,Female,Mumbai,9/2/2021,382,58,4.27,0,9,Medium,10.83888889,234.5955556,1834,Zone_7,11070,0.64,45.2,Industrial
T01023,R0241,9.87,70.99,244.47,1/17/2024,1,1.285015744,0.364641803,0,Wednesday,January,1,0,0,0,0,1,0,0,0,0,0,0,0,0,5.50317474,2.386006701,8.425556361,0,Kavya Gupta,34,Female,Chennai,1/13/2020,165,3,3.28,0,4,Low,11.43,190.5375,2432,Zone_10,2440,1.54,35.4,Industrial
T01024,R0095,9.68,66.56,148.52,6/27/2023,0,0.162801477,0.321943173,0,Tuesday,June,0,1,0,0,0,0,0,0,0,0,0,0,1,0,5.007430163,2.368372834,8.158431222,0,Kavya Iyer,29,Female,Chennai,10/7/2020,481,77,4.26,0,13,High,8.826923077,144.5853846,2164,Zone_8,4516,1.93,31,Business
T01025,R0126,4.96,28.48,55.26,6/14/2024,0,-0.927951024,-0.738780679,0,Friday,June,0,1,0,0,0,0,0,0,1,0,0,0,0,0,4.029983803,1.785070481,5.336665626,0,Diya Reddy,29,Female,Surat,9/25/2022,411,20,3.65,0,6,Medium,5.95,69.15333333,1446,Zone_4,4038,2.46,48.2,Business
T01026,R0252,6.27,38.05,65.09,1/1/2023,0,-0.812981079,-0.444384864,0,Sunday,January,0,0,1,0,0,0,1,0,0,0,0,0,0,0,4.191017449,1.983756292,6.168468205,0,Reyansh Gupta,38,Other,Ahmedabad,9/23/2020,392,47,4.83,2,16,High,6.275625,105.128125,2178,Zone_2,6371,0.91,58.4,Residential
T01027,R0240,18.34,150.69,262.04,5/26/2023,0,1.490511363,2.268101767,0,Friday,May,1,0,0,0,0,0,0,0,0,0,0,0,1,0,5.572306112,2.96217549,12.27558553,0,Aarav Iyer,30,Male,Delhi,5/18/2020,174,2,4.07,1,8,Medium,11.515,152.68375,2306,Zone_8,4516,1.93,31,Business
T01028,R0190,7.66,46.22,85.51,12/30/2023,0,-0.574152363,-0.132010679,0,Saturday,December,0,1,0,0,0,0,0,0,0,1,0,0,0,0,4.460260014,2.158714723,6.798529253,0,Saanvi Iyer,35,Other,Surat,9/25/2020,274,47,4.12,2,9,Medium,7.776666667,124.2133333,2176,Zone_5,2590,1.31,43.9,Business
T01029,R0234,14.63,86.74,293.26,5/19/2024,1,1.855654974,1.43435484,0,Sunday,May,0,0,0,1,0,0,1,0,0,0,0,0,0,0,5.68446373,2.749192144,9.313431162,0,Saanvi Nair,32,Other,Pune,12/1/2022,183,31,3.98,2,9,Medium,7.051111111,126.5277778,1379,Zone_2,6371,0.91,58.4,Residential
T01030,R0099,5.4,40.85,103.87,9/8/2023,0,-0.359417043,-0.639899642,0,Friday,September,1,0,0,0,0,0,1,0,0,0,0,0,0,0,4.652721488,1.85629799,6.391400473,0,Diya Gupta,35,Other,Mumbai,8/21/2021,80,8,3.7,2,9,Medium,7.707777778,142.5177778,1846,Zone_2,6371,0.91,58.4,Residential
T01031,R0068,12.01,105.43,140.67,12/15/2023,0,0.070989263,0.84556321,0,Friday,December,0,1,0,0,1,0,0,0,0,0,0,0,0,0,4.953500409,2.565718293,10.26791118,0,Meera Singh,30,Female,Ahmedabad,8/31/2022,456,70,4.97,0,9,Medium,7.977777778,122.2922222,1471,Zone_1,4921,2.43,30.9,Residential
T01032,R0221,9.45,94.3,88.52,12/4/2023,0,-0.538947934,0.270255358,0,Monday,December,1,0,0,0,0,0,0,0,0,0,0,1,0,0,4.494462064,2.346601978,9.710818709,0,Diya Patel,21,Female,Delhi,1/13/2021,106,1,4.41,0,8,Medium,7.34125,114.16125,2066,Zone_7,11070,0.64,45.2,Industrial
T01033,R0236,5.98,46.66,49.41,7/4/2023,0,-0.996371592,-0.509556457,0,Tuesday,July,0,1,0,0,0,0,1,0,0,0,0,0,0,0,3.920189568,1.943048917,6.830812543,0,Arjun Gupta,28,Male,Ahmedabad,8/10/2020,61,1,3.36,1,11,High,4.546363636,69.86727273,2222,Zone_2,6371,0.91,58.4,Residential
T01034,R0123,11.24,61.04,117.46,4/19/2023,0,-0.200470801,0.672521395,0,Wednesday,April,0,0,0,1,0,1,0,0,0,0,0,0,0,0,4.774575351,2.504709277,7.812809994,0,Meera Ghosh,32,Male,Bengaluru,6/24/2023,156,26,3.31,1,4,Low,9.425,178.795,1174,Zone_10,2440,1.54,35.4,Industrial
T01035,R0205,0.28,1.92,4.33,5/8/2024,0,-1.523619316,-1.790515347,0,Wednesday,May,0,1,0,0,0,0,0,0,0,1,0,0,0,0,1.673351238,0.246860078,1.385640646,0,Diya Singh,31,Other,Surat,5/12/2019,100,14,4.66,2,4,Low,6.3875,66.475,2678,Zone_5,2590,1.31,43.9,Business
T01036,R0037,10.87,87.78,215.53,7/28/2024,0,0.946538612,0.589371432,0,Sunday,July,0,1,0,0,0,0,0,1,0,0,0,0,0,0,5.377729106,2.474014209,9.369098142,0,Aadhya Iyer,32,Other,Ahmedabad,11/21/2020,489,6,3.36,2,8,Medium,9.76125,164.3325,2119,Zone_3,12971,2.11,38,Business
T01037,R0106,11.93,98.95,168.44,6/18/2023,0,0.395782282,0.82758484,0,Sunday,June,1,0,0,0,0,0,0,0,0,0,1,0,0,0,5.132498882,2.559550193,9.947361459,0,Aarav Patel,32,Other,Bengaluru,11/25/2021,6,1,4.03,2,4,Low,9.9175,109.655,1750,Zone_6,14627,0.54,37.6,Mixed
T01038,R0017,9.37,71.95,204.58,6/20/2024,1,0.818469344,0.252276988,0,Thursday,June,0,1,0,0,0,0,0,0,0,0,0,0,1,0,5.325835253,2.338917022,8.482334584,0,Meera Das,49,Female,Mumbai,3/18/2023,288,21,3.83,0,7,Medium,7.997142857,116.0442857,1272,Zone_8,4516,1.93,31,Business
T01039,R0177,14.55,118.05,125.89,8/14/2024,0,-0.101875009,1.41637647,0,Wednesday,August,1,0,0,0,0,0,0,1,0,0,0,0,0,0,4.843320569,2.744060639,10.86508168,0,Ishaan Reddy,34,Other,Bengaluru,2/15/2023,489,63,4.48,2,12,High,9.645,155.5633333,1303,Zone_3,12971,2.11,38,Business
T01040,R0028,7.66,55.38,77.21,3/4/2023,0,-0.671227698,-0.132010679,0,Saturday,March,1,0,0,0,0,0,0,0,0,0,1,0,0,0,4.359397517,2.158714723,7.441773982,0,Reyansh Sharma,20,Female,Surat,11/11/2023,249,21,3.79,0,8,Medium,10.61,187.43875,1034,Zone_6,14627,0.54,37.6,Mixed
T01041,R0269,7.25,68.25,172.44,2/2/2024,1,0.442565576,-0.224149827,0,Friday,February,0,0,1,0,1,0,0,0,0,0,0,0,0,0,5.155831718,2.1102132,8.261355821,0,Aadhya Sharma,41,Male,Mumbai,5/19/2019,423,16,3.41,1,7,Medium,9.008571429,208.3957143,2671,Zone_1,4921,2.43,30.9,Residential
T01042,R0090,9.78,49.56,160.2,8/19/2024,0,0.299408696,0.344416136,0,Monday,August,0,0,0,1,0,0,0,0,0,0,0,1,0,0,5.08264583,2.377692565,7.039886363,0,Kavya Iyer,33,Female,Mumbai,1/31/2021,152,25,4.51,0,10,Medium,10.813,191.988,2048,Zone_7,11070,0.64,45.2,Industrial
T01043,R0026,12.34,119.46,164.63,7/2/2024,0,0.351221194,0.919723988,0,Tuesday,July,0,1,0,0,0,1,0,0,0,0,0,0,0,0,5.109756385,2.59076704,10.92977584,0,Aarav Kumar,26,Female,Surat,4/17/2020,44,5,3.17,0,9,Medium,8.81,108.1322222,2337,Zone_10,2440,1.54,35.4,Industrial
T01044,R0077,10.85,89.48,102.05,8/16/2023,0,-0.380703442,0.58487684,0,Wednesday,August,0,0,0,1,0,0,0,0,0,0,0,0,0,1,4.635214307,2.472327868,9.459386872,0,Reyansh Das,28,Male,Mumbai,9/7/2019,406,72,3.79,1,14,High,10.49,167.4157143,2560,Zone_9,11037,1.83,56.1,Mixed
T01045,R0124,6.87,43.58,89.69,1/12/2023,0,-0.52526382,-0.309547087,0,Thursday,January,0,1,0,0,0,1,0,0,0,0,0,0,0,0,4.507447097,2.063058062,6.601514978,0,Aadhya Das,37,Other,Hyderabad,6/9/2022,419,25,3.59,2,5,Low,8.516,128.67,1554,Zone_10,2440,1.54,35.4,Industrial
T01046,R0121,3.02,18.46,29.53,12/2/2023,0,-1.228884563,-1.174756161,0,Saturday,December,0,0,0,1,0,0,0,0,0,0,0,0,0,1,3.418709807,1.391281903,4.296510212,0,Diya Iyer,29,Male,Pune,7/13/2023,378,10,4.17,1,11,High,7.996363636,133.1254545,1155,Zone_9,11037,1.83,56.1,Mixed
T01047,R0117,11.32,97.67,102.93,9/22/2023,0,-0.370411117,0.690499766,0,Friday,September,0,0,0,1,0,0,0,0,0,0,1,0,0,0,4.643717596,2.511223958,9.882813365,0,Aadhya Gupta,21,Female,Ahmedabad,6/12/2021,369,37,3.16,0,5,Low,5.838,98.296,1916,Zone_6,14627,0.54,37.6,Mixed
T01048,R0231,4.05,39.82,44.61,2/7/2023,0,-1.052511544,-0.943284642,0,Tuesday,February,0,1,0,0,0,0,0,0,0,0,0,1,0,0,3.820126991,1.619388243,6.310309026,0,Ishaan Nair,19,Other,Mumbai,8/26/2019,328,22,4.81,2,7,Medium,8.47,104.5042857,2572,Zone_7,11070,0.64,45.2,Industrial
T01049,R0270,3.91,35.35,85.13,11/25/2023,1,-0.578596775,-0.974746791,0,Saturday,November,0,1,0,0,0,0,0,0,0,0,0,0,0,1,4.455857783,1.591273942,5.945586598,0,Aadhya Reddy,35,Male,Hyderabad,1/2/2022,455,64,3.08,1,8,Medium,7.38,137.69125,1712,Zone_9,11037,1.83,56.1,Mixed
T01050,R0032,4.73,30.01,69.7,7/22/2023,0,-0.759063332,-0.790468494,0,Saturday,July,0,0,1,0,0,0,0,0,1,0,0,0,0,0,4.258445573,1.745715531,5.47813837,0,Kavya Reddy,18,Female,Mumbai,9/20/2023,213,24,4,0,7,Medium,9.455714286,196.97,1086,Zone_4,4038,2.46,48.2,Business
T01051,R0135,8.29,58.13,153.56,1/18/2023,0,0.221748428,0.009568988,0,Wednesday,January,0,0,1,0,0,0,0,0,0,0,0,0,1,0,5.04058237,2.228938553,7.624303247,0,Reyansh Patel,38,Female,Ahmedabad,2/24/2022,153,8,3.47,0,8,Medium,8.325,124.01625,1659,Zone_8,4516,1.93,31,Business
T01052,R0246,4.02,33.06,87.4,12/24/2023,1,-0.552047256,-0.950026531,0,Sunday,December,0,0,1,0,0,1,0,0,0,0,0,0,0,0,4.48187197,1.613429934,5.749782605,0,Vivaan Das,29,Other,Mumbai,3/31/2021,240,34,4.79,2,12,High,6.978333333,129.2125,1989,Zone_10,2440,1.54,35.4,Industrial
T01053,R0105,2.32,17.07,20.14,7/7/2024,0,-1.338708346,-1.332066902,0,Sunday,July,0,0,0,1,0,0,0,0,0,1,0,0,0,0,3.05116698,1.199964783,4.131585652,0,Diya Das,31,Female,Jaipur,9/28/2020,346,9,3.69,0,12,High,7.933333333,108.4266667,2173,Zone_5,2590,1.31,43.9,Business
T01054,R0231,4.71,42.7,98.65,7/4/2023,1,-0.420469241,-0.794963087,0,Tuesday,July,0,0,0,1,0,0,0,0,0,0,0,1,0,0,4.601664047,1.742219024,6.534523701,0,Ishaan Nair,19,Other,Mumbai,8/26/2019,328,22,4.81,2,7,Medium,8.47,104.5042857,2572,Zone_7,11070,0.64,45.2,Industrial
T01055,R0119,7.08,35.42,88.14,8/10/2023,0,-0.543392347,-0.262353864,0,Thursday,August,1,0,0,0,0,0,0,0,0,0,1,0,0,0,4.490208168,2.089391873,5.951470407,0,Saanvi Iyer,47,Male,Hyderabad,5/5/2023,30,1,4.39,1,5,Low,5.846,81.1,1224,Zone_6,14627,0.54,37.6,Mixed
T01056,R0266,10.27,74.55,168.21,2/26/2024,0,0.393092243,0.454533655,0,Monday,February,0,0,0,1,0,0,0,0,0,0,0,1,0,0,5.131140547,2.422144328,8.634234187,0,Diya Reddy,29,Other,Chennai,9/25/2020,98,13,3.9,2,9,Medium,8.107777778,138.6055556,2176,Zone_7,11070,0.64,45.2,Industrial
T01057,R0282,8.34,61.91,144.33,2/9/2024,0,0.113795977,0.020805469,0,Friday,February,0,0,1,0,0,0,0,1,0,0,0,0,0,0,4.979007019,2.234306252,7.868290793,0,Reyansh Kumar,22,Other,Bengaluru,5/2/2022,319,3,4.47,2,9,Medium,10.31888889,155.5277778,1592,Zone_3,12971,2.11,38,Business
T01058,R0192,2.6,15.42,31.62,6/9/2023,0,-1.204440292,-1.269142606,0,Friday,June,0,0,1,0,0,0,1,0,0,0,0,0,0,0,3.484925597,1.280933845,3.926830783,0,Aadhya Nair,31,Male,Delhi,8/23/2021,449,31,3.89,1,3,Low,5.826666667,76.73333333,1844,Zone_2,6371,0.91,58.4,Residential
T01059,R0164,9.14,84.79,160.24,6/12/2024,0,0.299876529,0.200589173,0,Wednesday,June,1,0,0,0,0,0,0,0,0,0,0,0,1,0,5.082893938,2.316487998,9.208148565,0,Aadhya Ghosh,37,Other,Ahmedabad,7/6/2022,249,23,4.02,2,12,High,8.356666667,146.5408333,1527,Zone_8,4516,1.93,31,Business
T01060,R0285,9.61,90.21,92.12,12/7/2023,0,-0.496842969,0.306212099,0,Thursday,December,1,0,0,0,0,0,0,0,0,1,0,0,0,0,4.533888984,2.361796953,9.497894504,0,Diya Iyer,29,Female,Chennai,1/10/2019,244,16,4.97,0,9,Medium,6.987777778,122.82,2800,Zone_5,2590,1.31,43.9,Business
T01061,R0172,5.73,48.94,113.7,7/10/2023,0,-0.244447097,-0.565738864,0,Monday,July,0,1,0,0,0,0,0,0,0,0,0,0,0,1,4.742320024,1.906575144,6.995712973,0,Reyansh Reddy,31,Other,Pune,12/24/2019,168,14,3.72,2,11,High,7.713636364,135.3281818,2452,Zone_9,11037,1.83,56.1,Mixed
T01062,R0127,4.02,20.5,99.65,2/3/2023,1,-0.408773418,-0.950026531,0,Friday,February,0,0,0,1,0,0,0,0,1,0,0,0,0,0,4.611649152,1.613429934,4.527692569,0,Vivaan Kumar,38,Male,Chennai,3/17/2020,43,2,4.83,1,9,Medium,7.867777778,155.6077778,2368,Zone_4,4038,2.46,48.2,Business
T01063,R0226,4.02,31.06,46.8,8/9/2024,0,-1.026897691,-0.950026531,0,Friday,August,1,0,0,0,0,0,0,0,0,1,0,0,0,0,3.867025639,1.613429934,5.573149917,0,Aarav Iyer,20,Other,Surat,7/30/2021,266,2,3.25,2,7,Medium,7.601428571,129.5257143,1868,Zone_5,2590,1.31,43.9,Business
T01064,R0183,5.34,26.75,85.55,1/17/2023,0,-0.57368453,-0.65338342,0,Tuesday,January,0,0,1,0,0,0,1,0,0,0,0,0,0,0,4.460722282,1.846878768,5.172040216,0,Arjun Patel,43,Other,Jaipur,8/27/2022,406,66,3.79,2,8,Medium,7.2225,106.3925,1475,Zone_2,6371,0.91,58.4,Residential
T01065,R0092,19.07,184.53,374.64,1/18/2024,0,2.807461092,2.432154396,0,Thursday,January,0,0,0,1,0,0,0,0,1,0,0,0,0,0,5.928631238,2.999226163,13.58418198,0,Aarav Nair,21,Male,Surat,7/18/2019,252,23,4.51,1,5,Low,11.438,172.134,2611,Zone_4,4038,2.46,48.2,Business
T01066,R0250,3.55,18.67,62.38,3/2/2024,0,-0.844676761,-1.055649457,0,Saturday,March,0,1,0,0,1,0,0,0,0,0,0,0,0,0,4.149148354,1.515127233,4.32087954,0,Aadhya Iyer,34,Female,Jaipur,2/1/2021,163,31,4.63,0,9,Medium,8.368888889,125.2566667,2047,Zone_1,4921,2.43,30.9,Residential
T01067,R0029,9.33,82.67,138.15,9/9/2023,0,0.041515788,0.243287803,0,Saturday,September,0,0,0,1,0,0,0,0,0,0,0,0,0,1,4.935552488,2.335052283,9.092304438,0,Kavya Iyer,30,Male,Surat,7/24/2022,4,0,3.69,1,6,Medium,9.961666667,189.6283333,1509,Zone_9,11037,1.83,56.1,Mixed
T01068,R0116,4.43,30.69,67.17,5/27/2023,0,-0.788653766,-0.857887383,0,Saturday,May,1,0,0,0,0,1,0,0,0,0,0,0,0,0,4.222004585,1.691939134,5.539855594,0,Ishaan Kumar,34,Female,Bengaluru,2/8/2020,238,30,4.58,0,5,Low,10.122,158.832,2406,Zone_10,2440,1.54,35.4,Industrial
T01069,R0218,5.47,32.45,112.98,10/15/2023,1,-0.25286809,-0.624168568,0,Sunday,October,0,1,0,0,0,0,0,0,0,0,1,0,0,0,4.736022994,1.867176109,5.696490147,0,Arjun Reddy,34,Other,Delhi,1/11/2019,160,16,3.87,2,6,Medium,8.34,120.9116667,2799,Zone_6,14627,0.54,37.6,Mixed
T01070,R0029,4.47,32.59,36.56,1/1/2024,0,-1.146662924,-0.848898198,0,Monday,January,0,0,1,0,0,0,0,0,0,0,0,0,0,1,3.625939654,1.699278616,5.70876519,0,Kavya Iyer,30,Male,Surat,7/24/2022,4,0,3.69,1,6,Medium,9.961666667,189.6283333,1509,Zone_9,11037,1.83,56.1,Mixed
T01071,R0286,12.01,119.25,131.8,6/4/2024,0,-0.032752692,0.84556321,0,Tuesday,June,1,0,0,0,0,0,0,0,0,1,0,0,0,0,4.888844237,2.565718293,10.92016483,0,Ishaan Nair,26,Male,Pune,2/15/2023,29,0,4.48,1,6,Medium,7.043333333,104.5233333,1303,Zone_5,2590,1.31,43.9,Business
T01072,R0112,9.9,68.06,139.84,5/10/2024,0,0.061281729,0.371383692,0,Friday,May,1,0,0,0,0,0,0,0,0,0,1,0,0,0,4.947624494,2.388762789,8.249848483,0,Meera Nair,41,Female,Delhi,11/13/2020,311,11,3.24,0,10,Medium,8.953,115.027,2127,Zone_6,14627,0.54,37.6,Mixed
T01073,R0121,7.35,72.94,89.7,12/1/2023,0,-0.525146862,-0.201676864,0,Friday,December,0,0,0,1,0,1,0,0,0,0,0,0,0,0,4.507557357,2.122261539,8.540491789,0,Diya Iyer,29,Male,Pune,7/13/2023,378,10,4.17,1,11,High,7.996363636,133.1254545,1155,Zone_10,2440,1.54,35.4,Industrial
T01074,R0109,10.51,68.93,203.11,8/11/2023,0,0.801276483,0.508468766,0,Friday,August,0,1,0,0,0,1,0,0,0,0,0,0,0,0,5.318659064,2.443216223,8.302409289,0,Vivaan Kumar,35,Female,Delhi,11/19/2022,62,5,3.35,0,4,Low,10.81,172.5975,1391,Zone_10,2440,1.54,35.4,Industrial
T01075,R0240,11.72,88.22,143.06,5/16/2024,0,0.098942281,0.780391618,0,Thursday,May,0,0,1,0,0,0,0,0,0,0,0,1,0,0,4.970229879,2.543175558,9.392550239,0,Aarav Iyer,30,Male,Delhi,5/18/2020,174,2,4.07,1,8,Medium,11.515,152.68375,2306,Zone_7,11070,0.64,45.2,Industrial
T01076,R0257,3.75,22.05,70.87,11/10/2023,0,-0.745379219,-1.010703531,0,Friday,November,0,1,0,0,1,0,0,0,0,0,0,0,0,0,4.274858931,1.558144618,4.695742753,0,Arjun Reddy,36,Other,Delhi,3/11/2023,459,19,4.82,2,7,Medium,8.015714286,117.4614286,1279,Zone_1,4921,2.43,30.9,Residential
T01077,R0241,10.74,66.68,206.08,6/27/2024,0,0.836013079,0.56015658,0,Thursday,June,0,0,0,1,0,0,0,0,1,0,0,0,0,0,5.333105192,2.463001814,8.165782265,0,Kavya Gupta,34,Female,Chennai,1/13/2020,165,3,3.28,0,4,Low,11.43,190.5375,2432,Zone_4,4038,2.46,48.2,Business
T01078,R0091,4.41,23.03,86.33,6/1/2023,0,-0.564561787,-0.862381976,0,Thursday,June,0,0,1,0,0,0,0,0,0,0,1,0,0,0,4.469694046,1.688249093,4.79895822,0,Meera Das,41,Other,Surat,4/16/2022,334,43,3.4,2,7,Medium,7.125714286,129.0871429,1608,Zone_6,14627,0.54,37.6,Mixed
T01079,R0030,12.19,101.66,231.15,5/18/2023,0,1.129227375,0.886014544,0,Thursday,May,1,0,0,0,0,0,0,0,0,1,0,0,0,0,5.447383714,2.579458967,10.08265838,0,Saanvi Patel,25,Other,Mumbai,1/8/2021,442,58,3.72,2,11,High,7.368181818,144.1136364,2071,Zone_5,2590,1.31,43.9,Business
T01080,R0194,11.7,95.21,108.88,11/19/2023,0,-0.300820967,0.775897025,0,Sunday,November,0,1,0,0,0,0,1,0,0,0,0,0,0,0,4.699388861,2.541601993,9.757561171,0,Arjun Iyer,30,Other,Jaipur,2/10/2023,10,2,4.06,2,6,Medium,7.268333333,114.0916667,1308,Zone_2,6371,0.91,58.4,Residential
T01081,R0212,10.02,79.07,216.29,6/18/2024,1,0.955427437,0.398351247,0,Tuesday,June,1,0,0,0,0,0,0,1,0,0,0,0,0,0,5.381232867,2.399711804,8.892131353,0,Aadhya Iyer,36,Female,Ahmedabad,9/11/2023,73,12,3.22,0,7,Medium,8.368571429,161.2128571,1095,Zone_3,12971,2.11,38,Business
T01082,R0134,6.95,57.46,149.19,3/5/2024,1,0.170637679,-0.291568716,0,Tuesday,March,0,1,0,0,1,0,0,0,0,0,0,0,0,0,5.011901159,2.073171929,7.580237463,0,Aadhya Singh,34,Male,Jaipur,7/30/2022,410,29,4.59,1,7,Medium,7.974285714,154.9142857,1503,Zone_1,4921,2.43,30.9,Residential
T01083,R0136,5.37,49.34,69.98,1/11/2024,0,-0.755788502,-0.646641531,0,Thursday,January,1,0,0,0,0,0,0,0,0,0,0,1,0,0,4.262398147,1.85159947,7.024243732,0,Diya Ghosh,34,Male,Hyderabad,1/19/2019,339,11,3.82,1,4,Low,6.715,85.6975,2791,Zone_7,11070,0.64,45.2,Industrial
T01084,R0177,6.68,45.42,145.41,6/15/2023,1,0.126427466,-0.352245716,0,Thursday,June,1,0,0,0,0,1,0,0,0,0,0,0,0,0,4.986410905,2.038619547,6.739436178,0,Ishaan Reddy,34,Other,Bengaluru,2/15/2023,489,63,4.48,2,12,High,9.645,155.5633333,1303,Zone_10,2440,1.54,35.4,Industrial
T01085,R0013,11.85,72.66,216.01,12/3/2023,0,0.952152607,0.80960647,0,Sunday,December,1,0,0,0,0,0,1,0,0,0,0,0,0,0,5.379943435,2.553343811,8.524083528,0,Ishaan Gupta,43,Female,Kolkata,4/1/2019,6,0,3.91,0,9,Medium,8.945555556,159.2044444,2719,Zone_2,6371,0.91,58.4,Residential
T01086,R0151,4.59,27.07,48.72,7/22/2023,0,-1.00444171,-0.821930642,0,Saturday,July,0,0,1,0,1,0,0,0,0,0,0,0,0,0,3.906407267,1.720979287,5.202883816,0,Meera Reddy,34,Male,Hyderabad,2/25/2023,394,56,5,1,7,Medium,8.987142857,159.1428571,1293,Zone_1,4921,2.43,30.9,Residential
T01087,R0081,8.25,59.48,185.89,8/25/2023,1,0.599874402,0.000579802,0,Friday,August,1,0,0,0,0,1,0,0,0,0,0,0,0,0,5.230520208,2.224623552,7.712327794,0,Diya Reddy,42,Other,Mumbai,1/31/2022,114,2,3.9,2,6,Medium,8.82,135.345,1683,Zone_10,2440,1.54,35.4,Industrial
T01088,R0193,0.74,5.51,7.1,3/18/2024,0,-1.491221885,-1.687139717,0,Monday,March,0,0,1,0,0,0,0,0,0,0,0,1,0,0,2.091864062,0.553885113,2.347338919,0,Kavya Singh,33,Female,Chennai,1/3/2022,389,68,4.41,0,7,Medium,8.012857143,143.6628571,1711,Zone_7,11070,0.64,45.2,Industrial
T01089,R0118,9.3,51.55,81.43,5/7/2024,0,-0.621871322,0.236545914,0,Tuesday,May,0,0,0,1,0,0,0,0,0,0,0,1,0,0,4.411949448,2.332143895,7.179832867,0,Reyansh Gupta,29,Male,Surat,9/26/2023,165,24,4.13,1,4,Low,9.555,133.1725,1080,Zone_7,11070,0.64,45.2,Industrial
T01090,R0130,2.82,21.83,38.66,3/20/2023,0,-1.122101694,-1.219702087,0,Monday,March,1,0,0,0,1,0,0,0,0,0,0,0,0,0,3.680343123,1.340250423,4.672258554,0,Diya Ghosh,27,Female,Pune,2/16/2019,316,62,3.62,0,8,Medium,6.3625,112.04125,2763,Zone_1,4921,2.43,30.9,Residential
T01091,R0189,1.41,8.43,12.9,1/12/2024,0,-1.423386108,-1.536570865,0,Friday,January,1,0,0,0,0,1,0,0,0,0,0,0,0,0,2.63188884,0.879626748,2.903446228,0,Reyansh Gupta,29,Female,Delhi,9/16/2019,238,42,3.28,0,8,Medium,9.00375,185.0875,2551,Zone_10,2440,1.54,35.4,Industrial
T01092,R0037,10.59,54.2,131.17,4/13/2024,0,-0.040121061,0.526447136,0,Saturday,April,0,1,0,0,0,0,0,0,0,0,0,1,0,0,4.884088973,2.450142657,7.362064928,0,Aadhya Iyer,32,Other,Ahmedabad,11/21/2020,489,6,3.36,2,8,Medium,9.76125,164.3325,2119,Zone_7,11070,0.64,45.2,Industrial
T01093,R0234,9.05,83.05,142.74,3/24/2024,0,0.095199618,0.180363506,0,Sunday,March,0,0,0,1,0,0,0,0,0,0,1,0,0,0,4.968006112,2.307572635,9.113177272,0,Saanvi Nair,32,Other,Pune,12/1/2022,183,31,3.98,2,9,Medium,7.051111111,126.5277778,1379,Zone_6,14627,0.54,37.6,Mixed
T01094,R0126,5.78,52.57,86.21,4/22/2023,0,-0.565965286,-0.554502383,0,Saturday,April,0,0,0,1,0,0,0,0,1,0,0,0,0,0,4.468319003,1.913977102,7.250517223,0,Diya Reddy,29,Female,Surat,9/25/2022,411,20,3.65,0,6,Medium,5.95,69.15333333,1446,Zone_4,4038,2.46,48.2,Business
T01095,R0188,6.49,49.78,71.11,11/3/2023,0,-0.742572221,-0.394944346,0,Friday,November,0,0,0,1,0,0,0,1,0,0,0,0,0,0,4.278192731,2.013568798,7.055494313,0,Vivaan Gupta,24,Male,Delhi,7/16/2020,436,64,3.15,1,4,Low,6.1125,116.61,2247,Zone_3,12971,2.11,38,Business
T01096,R0070,19.36,144.13,379.63,4/13/2024,0,3.614472915,2.497325989,0,Saturday,April,0,0,1,0,0,0,0,0,0,0,0,0,1,0,5.941827775,3.013572192,12.00541544,0,Meera Reddy,33,Male,Bengaluru,1/3/2023,310,6,3.54,1,7,Medium,12.83,236.3842857,1346,Zone_8,4516,1.93,31,Business
T01097,R0021,7.03,55.96,171.02,7/2/2024,1,0.425957507,-0.273590346,0,Tuesday,July,0,0,1,0,0,0,0,0,0,0,0,1,0,0,5.147610749,2.083184528,7.480641684,0,Diya Ghosh,37,Female,Pune,5/8/2019,380,17,3.91,0,4,Low,8.68,169.61,2682,Zone_7,11070,0.64,45.2,Industrial
T01098,R0259,6.99,40.01,58.66,11/6/2023,0,-0.888185224,-0.282579531,0,Monday,November,0,1,0,0,0,0,0,0,0,0,1,0,0,0,4.088661779,2.07819076,6.32534584,0,Aadhya Das,32,Male,Jaipur,6/25/2019,150,27,3.52,1,8,Medium,9.9675,160.385,2634,Zone_6,14627,0.54,37.6,Mixed
T01099,R0198,11.26,76.08,145.06,1/26/2024,0,0.122333928,0.677015988,0,Friday,January,1,0,0,0,0,0,0,0,0,0,0,0,1,0,4.984017496,2.506341931,8.722384995,0,Vivaan Kumar,31,Other,Mumbai,12/10/2021,202,23,3.85,2,4,Low,9.7775,147.1275,1735,Zone_8,4516,1.93,31,Business
T01100,R0151,8.44,82,90.85,6/13/2023,0,-0.511696665,0.043278432,0,Tuesday,June,0,1,0,0,1,0,0,0,0,0,0,0,0,0,4.520156812,2.24495598,9.055385138,0,Meera Reddy,34,Male,Hyderabad,2/25/2023,394,56,5,1,7,Medium,8.987142857,159.1428571,1293,Zone_1,4921,2.43,30.9,Residential
T01101,R0228,12.94,127.54,316.93,6/15/2024,1,2.132495116,1.054561766,0,Saturday,June,0,1,0,0,0,0,1,0,0,0,0,0,0,0,5.761831233,2.634762405,11.29336088,0,Kavya Ghosh,21,Female,Pune,5/18/2020,10,0,4.84,0,4,Low,9.61,168.805,2306,Zone_2,6371,0.91,58.4,Residential
T01102,R0291,9.39,64.4,183.71,2/2/2024,0,0.574377507,0.25677158,0,Friday,February,0,0,0,1,0,0,0,0,0,1,0,0,0,0,5.218787028,2.340843805,8.024961059,0,Arjun Ghosh,23,Other,Pune,4/19/2021,499,94,3.46,2,6,Medium,7.741666667,132.5983333,1970,Zone_5,2590,1.31,43.9,Business
T01103,R0005,11.81,68.62,211.36,6/1/2023,0,0.897767027,0.800617284,0,Thursday,June,0,1,0,0,0,0,0,0,0,0,0,0,0,1,5.358282948,2.550226116,8.283718972,0,Diya Reddy,27,Male,Ahmedabad,5/31/2021,294,30,3.53,1,7,Medium,7.322857143,132.35,1928,Zone_9,11037,1.83,56.1,Mixed
T01104,R0013,10.22,98.6,233.8,8/18/2023,1,1.160221307,0.443297173,0,Friday,August,0,0,1,0,0,0,0,0,0,0,0,0,0,1,5.458734088,2.4176979,9.92975327,0,Ishaan Gupta,43,Female,Kolkata,4/1/2019,6,0,3.91,0,9,Medium,8.945555556,159.2044444,2719,Zone_9,11037,1.83,56.1,Mixed
T01105,R0170,11.23,105.21,165.37,1/14/2023,0,0.359876104,0.670274099,0,Saturday,January,0,1,0,0,0,0,0,0,0,0,0,0,1,0,5.114214224,2.50389195,10.2571926,0,Saanvi Kumar,29,Other,Bengaluru,5/20/2020,28,3,3.68,2,7,Medium,7.644285714,134.8157143,2304,Zone_8,4516,1.93,31,Business
T01106,R0196,7.79,49.26,194.33,12/4/2023,1,0.698587153,-0.102795827,0,Monday,December,0,1,0,0,0,1,0,0,0,0,0,0,0,0,5.274690436,2.173614712,7.018546858,0,Vivaan Das,18,Male,Hyderabad,6/24/2019,51,9,4.93,1,12,High,7.995833333,135.2858333,2635,Zone_10,2440,1.54,35.4,Industrial
T01107,R0095,9.11,70.09,151.09,3/25/2023,0,0.192859744,0.193847284,0,Saturday,March,0,0,0,1,0,1,0,0,0,0,0,0,0,0,5.024472451,2.313525033,8.371977066,0,Kavya Iyer,29,Female,Chennai,10/7/2020,481,77,4.26,0,13,High,8.826923077,144.5853846,2164,Zone_10,2440,1.54,35.4,Industrial
T01108,R0182,6.64,57.07,62.99,11/6/2023,0,-0.837542308,-0.361234901,0,Monday,November,0,0,1,0,0,1,0,0,0,0,0,0,0,0,4.158726821,2.033397603,7.554468876,0,Meera Patel,43,Male,Jaipur,9/30/2020,8,0,4.4,1,5,Low,9.906,167.162,2171,Zone_10,2440,1.54,35.4,Industrial
T01109,R0064,11.02,95.62,248.7,9/26/2023,1,1.334489078,0.623080877,0,Tuesday,September,0,1,0,0,0,0,0,0,0,0,0,0,0,1,5.520260197,2.486571929,9.778547949,0,Ishaan Nair,21,Female,Bengaluru,9/30/2023,214,2,4.21,0,5,Low,11.312,218.438,1076,Zone_9,11037,1.83,56.1,Mixed
T01110,R0192,1.27,10.48,17.78,1/3/2023,0,-1.36631049,-1.568033013,0,Tuesday,January,0,0,1,0,0,0,0,0,0,0,0,0,1,0,2.932792474,0.819779831,3.237282811,0,Aadhya Nair,31,Male,Delhi,8/23/2021,449,31,3.89,1,3,Low,5.826666667,76.73333333,1844,Zone_8,4516,1.93,31,Business
T01111,R0006,11.63,116.2,183.38,3/3/2024,0,0.570517885,0.760165951,0,Sunday,March,0,0,1,0,0,0,1,0,0,0,0,0,0,0,5.216998845,2.536074936,10.77961038,0,Aarav Das,45,Female,Jaipur,6/30/2023,248,13,4.64,0,7,Medium,9.034285714,156.49,1168,Zone_2,6371,0.91,58.4,Residential
T01112,R0218,12.99,76.01,108.6,1/26/2024,0,-0.304095797,1.065798247,0,Friday,January,0,0,0,1,0,0,0,0,0,1,0,0,0,0,4.696837375,2.638342789,8.718371408,0,Arjun Reddy,34,Other,Delhi,1/11/2019,160,16,3.87,2,6,Medium,8.34,120.9116667,2799,Zone_5,2590,1.31,43.9,Business
T01113,R0294,11.71,68.92,242.46,7/21/2024,1,1.261507139,0.778144321,0,Sunday,July,0,1,0,0,0,0,0,0,0,0,0,1,0,0,5.494952658,2.542389085,8.301807032,0,Arjun Reddy,24,Male,Surat,4/2/2021,41,7,3.2,1,7,Medium,8.097142857,119.3428571,1987,Zone_7,11070,0.64,45.2,Industrial
T01114,R0002,7.48,65.33,152.09,8/3/2024,1,0.204555567,-0.172462012,0,Saturday,August,0,0,0,1,0,0,0,0,0,0,0,1,0,0,5.031025984,2.13771045,8.082697569,0,Ishaan Nair,39,Female,Mumbai,11/23/2019,70,5,4.12,0,7,Medium,10.81285714,167.9442857,2483,Zone_7,11070,0.64,45.2,Industrial
T01115,R0060,10.53,99.34,215.24,5/4/2023,1,0.943146823,0.512963358,0,Thursday,May,0,0,1,0,0,0,0,1,0,0,0,0,0,0,5.376388902,2.444952334,9.96694537,0,Aarav Nair,40,Female,Hyderabad,8/1/2023,123,7,4.57,0,6,Medium,7.876666667,122.0633333,1136,Zone_3,12971,2.11,38,Business
T01116,R0242,4.12,32.03,55.21,5/28/2024,0,-0.928535815,-0.927553568,0,Tuesday,May,0,1,0,0,0,0,0,0,0,0,1,0,0,0,4.029094677,1.633154439,5.659505279,0,Kavya Iyer,34,Male,Ahmedabad,6/5/2022,445,8,4.54,1,7,Medium,3.752857143,46.88428571,1558,Zone_6,14627,0.54,37.6,Mixed
T01117,R0086,12.19,98.93,263.64,3/14/2024,1,1.509224681,0.886014544,0,Thursday,March,1,0,0,0,0,0,0,0,0,1,0,0,0,0,5.578370412,2.579458967,9.946356117,0,Vivaan Patel,23,Male,Hyderabad,11/8/2019,337,17,4.56,1,6,Medium,10.78,188.3033333,2498,Zone_5,2590,1.31,43.9,Business
T01118,R0108,2.5,16.36,30.74,9/2/2023,0,-1.214732617,-1.291615569,0,Saturday,September,0,1,0,0,1,0,0,0,0,0,0,0,0,0,3.457577715,1.252762968,4.044749683,0,Reyansh Gupta,18,Male,Pune,5/31/2019,184,32,4.88,1,7,Medium,6.228571429,124.9842857,2659,Zone_1,4921,2.43,30.9,Residential
T01119,R0280,10.97,56.48,178.73,2/14/2023,0,0.516132306,0.611844395,0,Tuesday,February,0,0,0,1,0,0,1,0,0,0,0,0,0,0,5.191455725,2.48240352,7.515317691,0,Saanvi Gupta,26,Other,Chennai,5/31/2023,172,23,4.43,2,6,Medium,8.461666667,122.55,1198,Zone_2,6371,0.91,58.4,Residential
T01120,R0172,10.66,56.81,244.47,5/13/2023,1,1.285015744,0.54217821,0,Saturday,May,0,0,1,0,0,0,0,0,0,0,0,0,0,1,5.50317474,2.456164181,7.537240874,0,Reyansh Reddy,31,Other,Pune,12/24/2019,168,14,3.72,2,11,High,7.713636364,135.3281818,2452,Zone_9,11037,1.83,56.1,Mixed
T01121,R0292,10.03,88.93,156.58,3/23/2024,0,0.257069815,0.400598543,0,Saturday,March,0,1,0,0,0,0,0,0,0,1,0,0,0,0,5.059933266,2.400618833,9.43027041,0,Diya Patel,37,Female,Jaipur,6/28/2020,141,19,4.39,0,9,Medium,8.817777778,126.4322222,2265,Zone_5,2590,1.31,43.9,Business
T01122,R0055,5.76,52.2,101.78,11/5/2023,0,-0.383861314,-0.558996976,0,Sunday,November,0,1,0,0,0,0,0,0,1,0,0,0,0,0,4.632590782,1.91102289,7.224956747,0,Kavya Singh,32,Male,Delhi,11/7/2021,425,12,4.19,1,8,Medium,8.9625,138.695,1768,Zone_4,4038,2.46,48.2,Business
T01123,R0296,11.8,103.58,106.02,1/5/2024,0,-0.334271022,0.798369988,0,Friday,January,1,0,0,0,0,0,0,0,0,0,0,0,1,0,4.673015733,2.549445171,10.177426,0,Reyansh Patel,37,Other,Hyderabad,2/20/2021,390,58,3.97,2,7,Medium,11.35142857,186.6371429,2028,Zone_8,4516,1.93,31,Business
T01124,R0104,1.19,9.21,29.08,8/24/2023,1,-1.234147684,-1.586011384,0,Thursday,August,1,0,0,0,0,0,0,0,0,1,0,0,0,0,3.403860499,0.783901544,3.034798181,0,Diya Gupta,52,Male,Kolkata,5/27/2021,328,1,3.7,1,9,Medium,5.187777778,85.04333333,1932,Zone_5,2590,1.31,43.9,Business
T01125,R0072,11.89,107.51,104.44,5/23/2023,0,-0.352750423,0.818595655,0,Tuesday,May,0,0,1,0,0,0,0,0,0,0,0,0,1,0,4.658142071,2.556451817,10.36870291,0,Saanvi Das,25,Other,Jaipur,11/5/2023,62,10,4.07,2,5,Low,9.728,146.428,1040,Zone_8,4516,1.93,31,Business
T01126,R0079,8.96,61.07,138.99,1/6/2024,0,0.051340279,0.16013784,0,Saturday,January,0,0,0,1,0,0,1,0,0,0,0,0,0,0,4.941570991,2.298577072,7.814729682,0,Ishaan Nair,25,Male,Bengaluru,9/23/2020,146,28,4.92,1,4,Low,9.115,153.1025,2178,Zone_2,6371,0.91,58.4,Residential
T01127,R0133,13.25,93.39,167.01,5/19/2024,0,0.379057254,1.124227951,0,Sunday,May,0,0,1,0,0,0,0,1,0,0,0,0,0,0,5.124023501,2.656756907,9.663850164,0,Diya Kumar,25,Female,Delhi,7/13/2019,155,11,4.4,0,9,Medium,7.21,90.80777778,2616,Zone_3,12971,2.11,38,Business
T01128,R0071,9,58.88,98.07,6/28/2023,0,-0.427252819,0.169127025,0,Wednesday,June,0,0,1,0,0,0,1,0,0,0,0,0,0,0,4.595826671,2.302585093,7.673330437,0,Vivaan Nair,35,Male,Ahmedabad,1/9/2021,67,4,3.82,1,2,Low,7.225,114.895,2070,Zone_2,6371,0.91,58.4,Residential
T01129,R0146,17.19,127.78,178.73,1/5/2024,0,0.516132306,2.009662692,0,Friday,January,0,1,0,0,0,0,1,0,0,0,0,0,0,0,5.191455725,2.900871993,11.3039816,0,Kavya Gupta,30,Male,Surat,4/15/2020,80,11,3.89,1,7,Medium,9.634285714,134.0671429,2339,Zone_2,6371,0.91,58.4,Residential
T01130,R0262,3.29,17.71,79.68,4/23/2024,1,-0.642339014,-1.114079161,0,Tuesday,April,1,0,0,0,0,0,0,0,0,0,0,0,1,0,4.390490713,1.456286733,4.208325083,0,Meera Singh,30,Male,Ahmedabad,4/21/2019,6,0,3.35,1,9,Medium,6.624444444,107.4844444,2699,Zone_8,4516,1.93,31,Business
T01131,R0044,11.05,86.86,214.61,3/9/2024,0,0.935778454,0.629822766,0,Saturday,March,0,1,0,0,0,0,0,0,0,0,0,1,0,0,5.37347122,2.48906466,9.319871244,0,Arjun Gupta,36,Female,Hyderabad,8/1/2020,271,5,3.21,0,10,Medium,10.226,166.052,2231,Zone_7,11070,0.64,45.2,Industrial
T01132,R0225,3.57,34.45,71.15,6/24/2024,0,-0.742104388,-1.051154865,0,Monday,June,1,0,0,0,1,0,0,0,0,0,0,0,0,0,4.278747285,1.519513205,5.869412236,0,Ishaan Sharma,39,Female,Delhi,6/15/2020,465,9,4.08,0,6,Medium,8.055,112.1533333,2278,Zone_1,4921,2.43,30.9,Residential
T01133,R0020,7.37,52.98,176.44,6/15/2023,1,0.48934887,-0.197182272,0,Thursday,June,0,1,0,0,0,0,0,0,0,1,0,0,0,0,5.178632524,2.124653885,7.278736154,0,Diya Das,35,Female,Chennai,9/17/2019,274,21,4.03,0,7,Medium,7.692857143,106.58,2550,Zone_5,2590,1.31,43.9,Business
T01134,R0104,11.71,87.2,262.76,4/12/2024,1,1.498932356,0.778144321,0,Friday,April,0,0,1,0,0,0,1,0,0,0,0,0,0,0,5.575039599,2.542389085,9.338094024,0,Diya Gupta,52,Male,Kolkata,5/27/2021,328,1,3.7,1,9,Medium,5.187777778,85.04333333,1932,Zone_2,6371,0.91,58.4,Residential
T01135,R0246,11.13,92.96,251.81,8/15/2023,1,1.370863089,0.647801136,0,Tuesday,August,0,1,0,0,0,0,0,0,0,1,0,0,0,0,5.532638218,2.495681723,9.641576635,0,Vivaan Das,29,Other,Mumbai,3/31/2021,240,34,4.79,2,12,High,6.978333333,129.2125,1989,Zone_5,2590,1.31,43.9,Business
T01136,R0160,18.4,146.43,213.49,9/15/2023,0,0.922679132,2.281585544,0,Friday,September,0,0,1,0,0,1,0,0,0,0,0,0,0,0,5.368263117,2.965273066,12.10082642,0,Kavya Nair,30,Male,Surat,6/16/2021,438,7,4.42,1,3,Low,10.91,132.3133333,1912,Zone_10,2440,1.54,35.4,Industrial
T01137,R0209,6.24,35.59,52.27,7/17/2024,0,-0.962921536,-0.451126753,0,Wednesday,July,0,0,0,1,0,0,0,1,0,0,0,0,0,0,3.975373321,1.979621206,5.965735495,0,Vivaan Sharma,31,Other,Surat,6/11/2020,109,20,3.77,2,8,Medium,7.315,91.88625,2282,Zone_3,12971,2.11,38,Business
T01138,R0137,14.43,122.32,159.75,5/8/2023,0,0.294145576,1.389408914,0,Monday,May,0,0,1,0,0,0,0,0,0,0,0,1,0,0,5.079850363,2.736313666,11.05983725,0,Arjun Gupta,27,Male,Bengaluru,8/10/2021,166,32,3.14,1,7,Medium,11.76142857,214.1957143,1857,Zone_7,11070,0.64,45.2,Industrial
T01139,R0022,6.73,40.71,154.02,3/22/2023,1,0.227128507,-0.341009235,0,Wednesday,March,0,1,0,0,0,0,0,0,0,0,0,1,0,0,5.043554141,2.045108863,6.380438856,0,Aarav Nair,43,Female,Kolkata,9/14/2020,220,1,3.32,0,7,Medium,7.464285714,118.1742857,2187,Zone_7,11070,0.64,45.2,Industrial
T01140,R0164,4.5,44.65,99.91,6/15/2024,1,-0.405732504,-0.842156309,0,Saturday,June,0,0,0,1,0,0,0,0,1,0,0,0,0,0,4.61422903,1.704748092,6.682065549,0,Aadhya Ghosh,37,Other,Ahmedabad,7/6/2022,249,23,4.02,2,12,High,8.356666667,146.5408333,1527,Zone_4,4038,2.46,48.2,Business
T01141,R0030,0.11,0.64,3.27,8/5/2024,1,-1.56046116,-1.828719384,0,Monday,August,0,0,1,0,0,0,0,0,0,0,1,0,0,0,1.451613827,0.104360015,0.8,0,Saanvi Patel,25,Other,Mumbai,1/8/2021,442,58,3.72,2,11,High,7.368181818,144.1136364,2071,Zone_6,14627,0.54,37.6,Mixed
T01142,R0178,8.81,51.87,89.49,8/30/2023,0,-0.527602985,0.126428395,0,Wednesday,August,0,0,1,0,1,0,0,0,0,0,0,0,0,0,4.505239347,2.283402274,7.202083032,0,Saanvi Ghosh,27,Male,Delhi,5/15/2021,56,7,3.13,1,7,Medium,9.037142857,148.6485714,1944,Zone_1,4921,2.43,30.9,Residential
T01143,R0103,5.39,47.46,121.44,5/7/2023,1,-0.153921423,-0.642146939,0,Sunday,May,1,0,0,0,0,0,0,0,0,1,0,0,0,0,4.807621114,1.854734268,6.88912186,0,Ishaan Gupta,37,Other,Surat,11/24/2022,175,14,3.07,2,9,Medium,7.936666667,137.3822222,1386,Zone_5,2590,1.31,43.9,Business
T01144,R0105,12.24,61.4,157.65,7/1/2023,0,0.269584346,0.897251025,0,Saturday,July,1,0,0,0,0,0,0,0,0,0,1,0,0,0,5.066700518,2.583242551,7.83581521,0,Diya Das,31,Female,Jaipur,9/28/2020,346,9,3.69,0,12,High,7.933333333,108.4266667,2173,Zone_6,14627,0.54,37.6,Mixed
T01145,R0250,5.36,44.08,84.12,2/12/2024,0,-0.590409557,-0.648888827,0,Monday,February,0,1,0,0,0,0,1,0,0,0,0,0,0,0,4.444062026,1.850028377,6.639277069,0,Aadhya Iyer,34,Female,Jaipur,2/1/2021,163,31,4.63,0,9,Medium,8.368888889,125.2566667,2047,Zone_2,6371,0.91,58.4,Residential
T01146,R0271,5.62,40.07,81.25,4/3/2024,0,-0.623976571,-0.590459124,0,Wednesday,April,0,0,0,1,0,0,0,1,0,0,0,0,0,0,4.40976339,1.89009537,6.330086887,0,Saanvi Iyer,22,Male,Bengaluru,10/7/2022,58,6,4.37,1,8,Medium,8.1275,116.0975,1434,Zone_3,12971,2.11,38,Business
T01147,R0252,9.77,89.81,121.46,5/6/2024,0,-0.153687507,0.34216884,0,Monday,May,0,1,0,0,0,0,0,0,0,0,0,0,1,0,4.807784446,2.376764491,9.476813811,0,Reyansh Gupta,38,Other,Ahmedabad,9/23/2020,392,47,4.83,2,16,High,6.275625,105.128125,2178,Zone_8,4516,1.93,31,Business
T01148,R0181,16.61,84.85,292.75,5/24/2023,0,1.849690104,1.879319507,0,Wednesday,May,1,0,0,0,0,0,0,0,0,1,0,0,0,0,5.682729065,2.868466923,9.211405973,0,Arjun Patel,32,Male,Hyderabad,1/9/2019,349,32,3.75,1,3,Low,9.89,154.6633333,2801,Zone_5,2590,1.31,43.9,Business
T01149,R0016,2.56,13.49,39.28,7/16/2024,0,-1.114850284,-1.278131791,0,Tuesday,July,1,0,0,0,0,1,0,0,0,0,0,0,0,0,3.695855068,1.269760545,3.672873534,0,Aarav Iyer,28,Female,Delhi,1/24/2022,356,51,3.06,0,5,Low,8.248,137.536,1690,Zone_10,2440,1.54,35.4,Industrial
T01150,R0164,13.09,116.53,281.31,4/7/2023,1,1.715889883,1.08827121,0,Friday,April,0,0,0,1,0,0,0,0,0,0,0,1,0,0,5.643005758,2.645465326,10.79490621,0,Aadhya Ghosh,37,Other,Ahmedabad,7/6/2022,249,23,4.02,2,12,High,8.356666667,146.5408333,1527,Zone_7,11070,0.64,45.2,Industrial
T01151,R0018,12.37,100.7,283.95,7/21/2024,1,1.746766857,0.926465877,0,Sunday,July,0,0,1,0,0,0,0,0,0,0,0,1,0,0,5.652313726,2.593013391,10.03493896,0,Aarav Reddy,49,Female,Delhi,1/9/2023,446,86,3.29,0,6,Medium,9.031666667,174.055,1340,Zone_7,11070,0.64,45.2,Industrial
T01152,R0083,6.9,45.91,114.37,1/12/2024,0,-0.236610896,-0.302805198,0,Friday,January,1,0,0,0,0,0,0,1,0,0,0,0,0,0,4.748144355,2.066862759,6.775691847,0,Kavya Patel,45,Female,Mumbai,12/31/2021,475,39,4.4,0,10,Medium,9.262,141.533,1714,Zone_3,12971,2.11,38,Business
T01153,R0226,11.38,88.26,165.7,8/15/2024,0,0.363735726,0.703983544,0,Thursday,August,0,1,0,0,0,0,0,1,0,0,0,0,0,0,5.11619579,2.516082267,9.394679345,0,Aarav Iyer,20,Other,Surat,7/30/2021,266,2,3.25,2,7,Medium,7.601428571,129.5257143,1868,Zone_3,12971,2.11,38,Business
T01154,R0183,6.58,47.62,54.52,5/12/2024,0,-0.936605933,-0.374718679,0,Sunday,May,1,0,0,0,0,0,0,1,0,0,0,0,0,0,4.016743316,2.0255132,6.9007246,0,Arjun Patel,43,Other,Jaipur,8/27/2022,406,66,3.79,2,8,Medium,7.2225,106.3925,1475,Zone_3,12971,2.11,38,Business
T01155,R0154,19.86,142.38,189.24,12/11/2023,0,0.639055411,2.609690804,0,Monday,December,0,1,0,0,0,1,0,0,0,0,0,0,0,0,5.248286433,3.03783345,11.93230908,0,Kavya Patel,18,Other,Kolkata,3/25/2019,466,79,4.68,2,13,High,10.66307692,158.4246154,2726,Zone_10,2440,1.54,35.4,Industrial
T01156,R0234,7.44,68.85,171.29,6/25/2024,1,0.429115379,-0.181451198,0,Tuesday,June,1,0,0,0,1,0,0,0,0,0,0,0,0,0,5.149179104,2.132982309,8.297590012,0,Saanvi Nair,32,Other,Pune,12/1/2022,183,31,3.98,2,9,Medium,7.051111111,126.5277778,1379,Zone_1,4921,2.43,30.9,Residential
T01157,R0231,8.4,75.64,141.77,7/17/2024,0,0.083854669,0.034289247,0,Wednesday,July,1,0,0,0,0,0,0,0,0,0,0,1,0,0,4.961234944,2.240709689,8.697125962,0,Ishaan Nair,19,Other,Mumbai,8/26/2019,328,22,4.81,2,7,Medium,8.47,104.5042857,2572,Zone_7,11070,0.64,45.2,Industrial
T01158,R0197,6.37,41.96,155.87,10/7/2023,1,0.24876578,-0.421911901,0,Saturday,October,0,0,1,0,0,0,0,0,0,0,0,0,1,0,5.055417437,1.997417706,6.477653896,0,Saanvi Das,29,Female,Bengaluru,10/8/2020,475,87,3.87,0,10,Medium,7.108,97.3,2163,Zone_8,4516,1.93,31,Business
T01159,R0212,0.47,4.04,4.82,6/10/2023,0,-1.517888362,-1.747816717,0,Saturday,June,0,0,0,1,0,0,0,0,0,0,0,1,0,0,1.761300262,0.385262401,2.009975124,0,Aadhya Iyer,36,Female,Ahmedabad,9/11/2023,73,12,3.22,0,7,Medium,8.368571429,161.2128571,1095,Zone_7,11070,0.64,45.2,Industrial
T01160,R0094,6.68,65.51,134.89,3/17/2023,1,0.003387403,-0.352245716,0,Friday,March,0,0,0,1,0,0,0,1,0,0,0,0,0,0,4.911845735,2.038619547,8.093824807,0,Diya Iyer,41,Other,Delhi,4/13/2023,480,62,4.87,2,6,Medium,7.953333333,124.9333333,1246,Zone_3,12971,2.11,38,Business
T01161,R0021,9.16,49.15,114.53,8/6/2024,0,-0.234739564,0.205083766,0,Tuesday,August,0,0,1,0,0,0,0,1,0,0,0,0,0,0,4.749530236,2.318458442,7.010706099,0,Diya Ghosh,37,Female,Pune,5/8/2019,380,17,3.91,0,4,Low,8.68,169.61,2682,Zone_3,12971,2.11,38,Business
T01162,R0013,15.5,122.4,248.96,2/5/2024,0,1.337529992,1.629869618,0,Monday,February,1,0,0,0,0,0,0,0,1,0,0,0,0,0,5.521300905,2.803360381,11.06345335,0,Ishaan Gupta,43,Female,Kolkata,4/1/2019,6,0,3.91,0,9,Medium,8.945555556,159.2044444,2719,Zone_4,4038,2.46,48.2,Business
T01163,R0052,10.46,55.26,108.33,4/13/2024,0,-0.30725367,0.497232284,0,Saturday,April,1,0,0,0,0,0,0,0,0,1,0,0,0,0,4.694370831,2.438862711,7.433707016,0,Reyansh Singh,23,Other,Hyderabad,3/9/2021,40,7,4.74,2,3,Low,10.19666667,171.5533333,2011,Zone_5,2590,1.31,43.9,Business
T01164,R0126,7.05,66.14,86.28,12/15/2023,0,-0.565146578,-0.269095753,0,Friday,December,0,1,0,0,0,0,0,0,0,0,0,0,0,1,4.469121342,2.085672091,8.132650245,0,Diya Reddy,29,Female,Surat,9/25/2022,411,20,3.65,0,6,Medium,5.95,69.15333333,1446,Zone_9,11037,1.83,56.1,Mixed
T01165,R0032,8.3,67.39,175.63,12/15/2023,1,0.479875253,0.011816284,0,Friday,December,0,0,1,0,0,0,0,1,0,0,0,0,0,0,5.174057149,2.2300144,8.209141246,0,Kavya Reddy,18,Female,Mumbai,9/20/2023,213,24,4,0,7,Medium,9.455714286,196.97,1086,Zone_3,12971,2.11,38,Business
T01166,R0142,9.64,71.93,131.44,7/1/2023,0,-0.036963188,0.312953988,0,Saturday,July,0,1,0,0,1,0,0,0,0,0,0,0,0,0,4.886129713,2.364620484,8.481155582,0,Meera Nair,33,Female,Kolkata,3/4/2021,78,5,3.48,0,4,Low,6.78,104.875,2016,Zone_1,4921,2.43,30.9,Residential
T01167,R0130,6.11,44.64,64.43,1/6/2024,0,-0.820700322,-0.480341605,0,Saturday,January,1,0,0,0,0,0,0,0,0,0,0,0,0,1,4.180980869,1.961502244,6.681317235,0,Diya Ghosh,27,Female,Pune,2/16/2019,316,62,3.62,0,8,Medium,6.3625,112.04125,2763,Zone_9,11037,1.83,56.1,Mixed
T01168,R0063,11.41,106.3,220.99,5/20/2024,0,1.010397808,0.710725432,0,Monday,May,0,0,0,1,0,0,0,0,1,0,0,0,0,0,5.402632336,2.518502599,10.31018914,0,Diya Iyer,34,Male,Surat,4/21/2023,329,33,4.83,1,6,Medium,11.25833333,207.4266667,1238,Zone_4,4038,2.46,48.2,Business
T01169,R0241,16.13,160.35,197.92,11/9/2023,0,0.740575159,1.771449285,0,Thursday,November,0,1,0,0,0,0,0,0,0,1,0,0,0,0,5.292902734,2.840831312,12.66293805,0,Kavya Gupta,34,Female,Chennai,1/13/2020,165,3,3.28,0,4,Low,11.43,190.5375,2432,Zone_5,2590,1.31,43.9,Business
T01170,R0285,6.18,37.37,85.02,3/17/2023,0,-0.579883316,-0.464610531,0,Friday,March,1,0,0,0,0,0,1,0,0,0,0,0,0,0,4.454579827,1.971299383,6.113100686,0,Diya Iyer,29,Female,Chennai,1/10/2019,244,16,4.97,0,9,Medium,6.987777778,122.82,2800,Zone_2,6371,0.91,58.4,Residential
T01171,R0239,14.04,139,244.43,2/23/2023,0,1.284547911,1.301764359,0,Thursday,February,0,1,0,0,0,0,0,0,0,0,1,0,0,0,5.503011774,2.710713319,11.78982612,0,Diya Iyer,36,Male,Mumbai,3/13/2020,268,10,3.36,1,2,Low,7.935,132.165,2372,Zone_6,14627,0.54,37.6,Mixed
T01172,R0066,12.38,74.37,101.96,4/14/2024,0,-0.381756066,0.928713173,0,Sunday,April,0,0,1,0,0,0,0,0,0,0,0,1,0,0,4.634340563,2.593761055,8.623804265,0,Arjun Patel,38,Female,Bengaluru,6/3/2022,167,28,4.72,0,4,Low,10.6175,144.035,1560,Zone_7,11070,0.64,45.2,Industrial
T01173,R0202,10.69,59.82,106.28,1/4/2023,0,-0.331230108,0.548920099,0,Wednesday,January,1,0,0,0,0,0,1,0,0,0,0,0,0,0,4.675442239,2.458733775,7.734339015,0,Aadhya Reddy,27,Male,Ahmedabad,10/28/2021,317,0,4.72,1,8,Medium,9.2125,113.6425,1778,Zone_2,6371,0.91,58.4,Residential
T01174,R0182,8.56,69.75,149.43,7/27/2024,0,0.173444677,0.070245988,0,Saturday,July,0,0,1,0,1,0,0,0,0,0,0,0,0,0,5.01349786,2.257587727,8.351646544,0,Meera Patel,43,Male,Jaipur,9/30/2020,8,0,4.4,1,5,Low,9.906,167.162,2171,Zone_1,4921,2.43,30.9,Residential
T01175,R0122,9.69,65.12,237.59,3/16/2024,1,1.204548478,0.324190469,0,Saturday,March,1,0,0,0,0,1,0,0,0,0,0,0,0,0,5.474746598,2.369308725,8.069696401,0,Ishaan Patel,27,Female,Kolkata,11/22/2022,324,17,4.98,0,2,Low,8.26,175.995,1388,Zone_10,2440,1.54,35.4,Industrial
T01176,R0250,6.91,41.03,166.82,5/2/2023,1,0.376835048,-0.300557901,0,Tuesday,May,1,0,0,0,0,0,0,1,0,0,0,0,0,0,5.122891976,2.068127782,6.405466415,0,Aadhya Iyer,34,Female,Jaipur,2/1/2021,163,31,4.63,0,9,Medium,8.368888889,125.2566667,2047,Zone_3,12971,2.11,38,Business
T01177,R0253,17.18,169.04,379.63,6/17/2023,1,3.232019486,2.007415396,0,Saturday,June,0,0,0,1,0,0,0,0,0,0,1,0,0,0,5.941827775,2.900322089,13.00153837,0,Ishaan Gupta,26,Male,Surat,8/19/2021,173,24,3.16,1,7,Medium,7.117142857,106.3728571,1848,Zone_6,14627,0.54,37.6,Mixed
T01178,R0131,4.41,41.48,64.51,5/7/2023,0,-0.819764656,-0.862381976,0,Sunday,May,0,1,0,0,0,0,0,0,0,1,0,0,0,0,4.182202803,1.688249093,6.440496875,0,Reyansh Ghosh,24,Male,Surat,10/22/2019,99,7,3.6,1,5,Low,5.394,87.046,2515,Zone_5,2590,1.31,43.9,Business
T01179,R0191,13.67,108.06,329.01,5/7/2023,1,2.273780665,1.218614396,0,Sunday,May,0,1,0,0,0,0,0,0,1,0,0,0,0,0,5.799122957,2.685804592,10.3951912,0,Meera Gupta,33,Other,Surat,8/14/2020,87,6,4.56,2,11,High,7.560909091,120.5927273,2218,Zone_4,4038,2.46,48.2,Business
T01180,R0044,15.75,82.66,363.04,1/4/2023,1,2.671789539,1.686052025,0,Wednesday,January,0,0,1,0,0,0,0,1,0,0,0,0,0,0,5.897263752,2.818398258,9.091754506,0,Arjun Gupta,36,Female,Hyderabad,8/1/2020,271,5,3.21,0,10,Medium,10.226,166.052,2231,Zone_3,12971,2.11,38,Business
T01181,R0252,6.38,61.03,138.42,3/3/2023,1,0.04467366,-0.419664605,0,Friday,March,1,0,0,0,0,0,0,0,0,0,1,0,0,0,4.93749096,1.998773639,7.812169993,0,Reyansh Gupta,38,Other,Ahmedabad,9/23/2020,392,47,4.83,2,16,High,6.275625,105.128125,2178,Zone_6,14627,0.54,37.6,Mixed
T01182,R0072,13.83,122.5,281.82,3/3/2023,1,1.721854753,1.254571136,0,Friday,March,0,1,0,0,0,0,0,0,0,0,0,0,1,0,5.644810653,2.696652156,11.06797181,0,Saanvi Das,25,Other,Jaipur,11/5/2023,62,10,4.07,2,5,Low,9.728,146.428,1040,Zone_8,4516,1.93,31,Business
T01183,R0115,8.72,69.04,110.42,8/7/2023,0,-0.282809399,0.106202728,0,Monday,August,1,0,0,0,0,0,0,0,0,0,0,1,0,0,4.713306845,2.274185618,8.309031231,0,Aarav Ghosh,40,Female,Bengaluru,3/1/2020,170,15,4.4,0,11,High,7.589090909,129.6336364,2384,Zone_7,11070,0.64,45.2,Industrial
T01184,R0230,8.31,54.59,85.45,1/2/2023,0,-0.574854112,0.01406358,0,Monday,January,0,0,1,0,0,1,0,0,0,0,0,0,0,0,4.459566212,2.231089091,7.388504585,0,Kavya Gupta,32,Male,Chennai,11/22/2022,183,23,3.65,1,8,Medium,7.3325,113.5275,1388,Zone_10,2440,1.54,35.4,Industrial
T01185,R0177,7.63,69.09,99.76,10/17/2023,0,-0.407486877,-0.138752568,0,Tuesday,October,1,0,0,0,0,0,0,0,0,0,0,0,0,1,4.612741451,2.155244505,8.312039461,0,Ishaan Reddy,34,Other,Bengaluru,2/15/2023,489,63,4.48,2,12,High,9.645,155.5633333,1303,Zone_9,11037,1.83,56.1,Mixed
T01186,R0191,0.07,0.37,3.27,10/27/2023,1,-1.556016747,-1.837708569,0,Friday,October,1,0,0,0,0,0,0,0,0,1,0,0,0,0,1.451613827,0.067658648,0.608276253,0,Meera Gupta,33,Other,Surat,8/14/2020,87,6,4.56,2,11,High,7.560909091,120.5927273,2218,Zone_5,2590,1.31,43.9,Business
T01187,R0200,10.74,71.5,180.04,2/22/2024,0,0.531453835,0.56015658,0,Thursday,February,0,0,1,0,1,0,0,0,0,0,0,0,0,0,5.198718001,2.463001814,8.455767263,0,Kavya Kumar,30,Other,Bengaluru,11/15/2021,443,87,3.6,2,4,Low,9.9925,122.3625,1760,Zone_1,4921,2.43,30.9,Residential
T01188,R0073,15.22,114.91,136.56,12/30/2023,0,0.022919428,1.566945322,0,Saturday,December,0,0,1,0,0,0,0,0,0,0,0,0,0,1,4.924060186,2.786245049,10.7196082,0,Meera Das,41,Other,Ahmedabad,6/19/2021,490,30,3.01,2,9,Medium,8.734444444,141.7444444,1909,Zone_9,11037,1.83,56.1,Mixed
T01189,R0224,4.48,38.75,48.76,4/2/2023,0,-1.003973877,-0.846650902,0,Sunday,April,1,0,0,0,0,1,0,0,0,0,0,0,0,0,3.907211448,1.701105101,6.224949799,0,Ishaan Sharma,29,Female,Ahmedabad,8/4/2020,200,1,4.31,0,7,Medium,5.958571429,73.44857143,2228,Zone_10,2440,1.54,35.4,Industrial
T01190,R0244,12.24,85.58,237.42,7/16/2023,0,1.202560188,0.897251025,0,Sunday,July,0,0,0,1,0,0,0,0,0,0,0,0,1,0,5.474033824,2.583242551,9.250945898,0,Aadhya Iyer,24,Female,Kolkata,4/22/2019,27,1,3.13,0,4,Low,8.8275,162.0525,2698,Zone_8,4516,1.93,31,Business
T01191,R0084,7.57,43.46,141.47,8/4/2024,0,0.080345922,-0.152236346,0,Sunday,August,1,0,0,0,0,0,0,0,0,0,1,0,0,0,4.959131451,2.148267733,6.59241989,0,Kavya Sharma,38,Male,Jaipur,7/21/2019,366,6,4.67,1,8,Medium,9.3625,179.48,2608,Zone_6,14627,0.54,37.6,Mixed
T01192,R0108,2.54,20.77,23.83,3/2/2023,0,-1.295550757,-1.282626383,0,Thursday,March,1,0,0,0,1,0,0,0,0,0,0,0,0,0,3.2120526,1.264126727,4.557411546,0,Reyansh Gupta,18,Male,Pune,5/31/2019,184,32,4.88,1,7,Medium,6.228571429,124.9842857,2659,Zone_1,4921,2.43,30.9,Residential
T01193,R0163,12.99,115.6,206.05,11/2/2023,0,0.835662205,1.065798247,0,Thursday,November,1,0,0,0,0,0,0,0,1,0,0,0,0,0,5.33296031,2.638342789,10.75174404,0,Kavya Gupta,33,Other,Ahmedabad,2/20/2020,302,21,3.56,2,3,Low,6.263333333,108.2266667,2394,Zone_4,4038,2.46,48.2,Business
T01194,R0189,16.43,110.61,370.62,1/22/2023,1,2.760443881,1.838868174,0,Sunday,January,0,0,0,1,0,1,0,0,0,0,0,0,0,0,5.917871827,2.85819286,10.51712889,0,Reyansh Gupta,29,Female,Delhi,9/16/2019,238,42,3.28,0,8,Medium,9.00375,185.0875,2551,Zone_10,2440,1.54,35.4,Industrial
T01195,R0221,4.03,31.97,76.46,2/28/2024,0,-0.679999565,-0.947779235,0,Wednesday,February,0,1,0,0,0,0,0,0,0,0,0,0,0,1,4.349761674,1.615419984,5.654201977,0,Diya Patel,21,Female,Delhi,1/13/2021,106,1,4.41,0,8,Medium,7.34125,114.16125,2066,Zone_9,11037,1.83,56.1,Mixed
T01196,R0290,9.08,79.35,184.31,6/10/2023,1,0.581395001,0.187105395,0,Saturday,June,1,0,0,0,0,1,0,0,0,0,0,0,0,0,5.222030098,2.310553263,8.907861696,0,Saanvi Kumar,34,Other,Chennai,5/6/2020,169,4,4.28,2,9,Medium,7.58,119.7411111,2318,Zone_10,2440,1.54,35.4,Industrial
T01197,R0252,0.8,5.53,18.9,4/16/2024,1,-1.353211167,-1.673655939,0,Tuesday,April,0,0,0,1,0,0,0,0,0,0,1,0,0,0,2.990719732,0.587786665,2.351595203,0,Reyansh Gupta,38,Other,Ahmedabad,9/23/2020,392,47,4.83,2,16,High,6.275625,105.128125,2178,Zone_6,14627,0.54,37.6,Mixed
T01198,R0208,7.79,60.7,119.71,4/8/2023,0,-0.174155198,-0.102795827,0,Saturday,April,0,0,1,0,0,0,0,1,0,0,0,0,0,0,4.793390975,2.173614712,7.791020472,0,Aadhya Iyer,24,Other,Chennai,1/8/2020,356,53,4.75,2,6,Medium,8.236666667,100.355,2437,Zone_3,12971,2.11,38,Business
T01199,R0083,10.43,100.41,159.66,5/24/2024,0,0.293092951,0.490490395,0,Friday,May,0,0,1,0,0,0,0,1,0,0,0,0,0,0,5.079290331,2.436241478,10.02047903,0,Kavya Patel,45,Female,Mumbai,12/31/2021,475,39,4.4,0,10,Medium,9.262,141.533,1714,Zone_3,12971,2.11,38,Business
T01200,R0064,16.76,125.35,354.36,3/29/2024,1,2.570269791,1.913028952,0,Friday,March,0,1,0,0,1,0,0,0,0,0,0,0,0,0,5.87313136,2.876948738,11.19598142,0,Ishaan Nair,21,Female,Bengaluru,9/30/2023,214,2,4.21,0,5,Low,11.312,218.438,1076,Zone_1,4921,2.43,30.9,Residential
T01201,R0187,15.79,83.24,239.29,6/26/2024,0,1.224431378,1.695041211,0,Wednesday,June,1,0,0,0,0,0,0,0,1,0,0,0,0,0,5.481846527,2.820783471,9.123595782,0,Saanvi Reddy,27,Other,Surat,8/5/2022,357,38,4.71,2,7,Medium,10.79714286,194.7628571,1497,Zone_4,4038,2.46,48.2,Business
T01202,R0203,16.21,127.57,294.23,7/27/2023,0,1.866999923,1.789427655,0,Thursday,July,1,0,0,0,0,0,0,0,0,0,0,1,0,0,5.687754714,2.84549061,11.29468902,0,Kavya Gupta,49,Female,Bengaluru,7/25/2023,152,9,3.6,0,5,Low,7.756,139.73,1143,Zone_7,11070,0.64,45.2,Industrial
T01203,R0008,5.36,39.28,112.46,11/18/2023,1,-0.258949919,-0.648888827,0,Saturday,November,0,1,0,0,0,0,0,0,0,1,0,0,0,0,4.731450352,1.850028377,6.267375846,0,Ishaan Ghosh,28,Female,Jaipur,10/1/2022,215,23,4.02,0,8,Medium,6.03125,111.65875,1440,Zone_5,2590,1.31,43.9,Business
T01204,R0300,6.77,37.69,106.62,6/26/2023,0,-0.327253528,-0.33202005,0,Monday,June,1,0,0,0,0,0,0,0,1,0,0,0,0,0,4.678606504,2.050270164,6.139218191,0,Saanvi Iyer,38,Female,Kolkata,7/8/2023,291,7,3.67,0,6,Medium,9.146666667,166.1283333,1160,Zone_4,4038,2.46,48.2,Business
T01205,R0068,0.32,2.47,7.58,3/22/2024,1,-1.485607889,-1.781526161,0,Friday,March,0,1,0,0,0,0,0,0,1,0,0,0,0,0,2.149433913,0.277631737,1.571623365,0,Meera Singh,30,Female,Ahmedabad,8/31/2022,456,70,4.97,0,9,Medium,7.977777778,122.2922222,1471,Zone_4,4038,2.46,48.2,Business
T01206,R0121,4.42,24.44,107.66,6/21/2023,1,-0.315089872,-0.860134679,0,Wednesday,June,1,0,0,0,0,0,1,0,0,0,0,0,0,0,4.688223741,1.690095815,4.943682838,0,Diya Iyer,29,Male,Pune,7/13/2023,378,10,4.17,1,11,High,7.996363636,133.1254545,1155,Zone_2,6371,0.91,58.4,Residential
T01207,R0003,0.74,6.07,12.1,2/8/2024,0,-1.432742767,-1.687139717,0,Thursday,February,0,0,0,1,0,0,0,0,0,0,0,0,0,1,2.57261223,0.553885113,2.463736999,0,Kavya Reddy,34,Male,Pune,5/4/2023,45,9,3.76,1,10,Medium,6.768,97.171,1225,Zone_9,11037,1.83,56.1,Mixed
T01208,R0141,9.83,88.25,225.18,6/22/2024,1,1.059403308,0.355652617,0,Saturday,June,0,0,0,1,0,0,0,0,0,1,0,0,0,0,5.421331142,2.382320061,9.394147114,0,Arjun Das,25,Other,Jaipur,7/8/2019,53,0,4.29,2,4,Low,7.58,135.675,2621,Zone_5,2590,1.31,43.9,Business
T01209,R0068,4.52,42.25,53.93,8/23/2023,0,-0.943506469,-0.837661716,0,Wednesday,August,1,0,0,0,0,0,0,1,0,0,0,0,0,0,4.006059647,1.70837786,6.5,0,Meera Singh,30,Female,Ahmedabad,8/31/2022,456,70,4.97,0,9,Medium,7.977777778,122.2922222,1471,Zone_3,12971,2.11,38,Business
T01210,R0062,2.49,21.64,21.47,4/3/2023,0,-1.323152901,-1.293862865,0,Monday,April,1,0,0,0,1,0,0,0,0,0,0,0,0,0,3.112181086,1.249901736,4.65188134,0,Kavya Sharma,38,Male,Jaipur,5/13/2019,57,3,3.58,1,7,Medium,9.435714286,127.0728571,2677,Zone_1,4921,2.43,30.9,Residential
T01211,R0005,6.22,54.48,66.31,6/9/2023,0,-0.798712174,-0.455621346,0,Friday,June,0,1,0,0,0,0,0,0,0,0,1,0,0,0,4.209308814,1.976854953,7.381056835,0,Diya Reddy,27,Male,Ahmedabad,5/31/2021,294,30,3.53,1,7,Medium,7.322857143,132.35,1928,Zone_6,14627,0.54,37.6,Mixed
T01212,R0017,2.08,14.88,22.66,5/4/2024,0,-1.309234871,-1.386002013,0,Saturday,May,0,0,1,0,0,0,0,0,0,0,1,0,0,0,3.163785859,1.124929597,3.857460304,0,Meera Das,49,Female,Mumbai,3/18/2023,288,21,3.83,0,7,Medium,7.997142857,116.0442857,1272,Zone_6,14627,0.54,37.6,Mixed
T01213,R0220,9.55,61.65,221.14,2/16/2023,1,1.012152181,0.292728321,0,Thursday,February,0,0,0,1,0,0,0,0,0,0,0,0,1,0,5.403307814,2.35612586,7.851751397,0,Meera Ghosh,32,Female,Kolkata,4/18/2023,491,63,3.78,0,5,Low,11.16,223.066,1241,Zone_8,4516,1.93,31,Business
T01214,R0248,9.42,88.49,118.68,1/31/2023,0,-0.186201896,0.263513469,0,Tuesday,January,0,0,1,0,0,0,0,0,1,0,0,0,0,0,4.784821514,2.343727036,9.406912352,0,Vivaan Ghosh,18,Female,Chennai,10/24/2021,104,12,3.65,0,7,Medium,8.245714286,134.2371429,1782,Zone_4,4038,2.46,48.2,Business
T01215,R0036,6.42,40.94,79.36,6/19/2024,0,-0.646081677,-0.41067542,0,Wednesday,June,0,0,0,1,0,0,1,0,0,0,0,0,0,0,4.38651654,2.004179057,6.398437309,0,Aadhya Das,30,Female,Surat,3/16/2022,177,15,4.9,0,7,Medium,9.31,148.7885714,1639,Zone_2,6371,0.91,58.4,Residential
T01216,R0008,4.35,35.92,48.26,3/27/2024,0,-1.009821789,-0.875865754,0,Wednesday,March,1,0,0,0,0,0,0,1,0,0,0,0,0,0,3.897112393,1.677096561,5.993329626,0,Ishaan Ghosh,28,Female,Jaipur,10/1/2022,215,23,4.02,0,8,Medium,6.03125,111.65875,1440,Zone_3,12971,2.11,38,Business
T01217,R0209,1.3,10.52,18.44,9/3/2023,0,-1.358591246,-1.561291124,0,Sunday,September,0,0,0,1,0,0,0,0,0,0,1,0,0,0,2.967332799,0.832909123,3.243454948,0,Vivaan Sharma,31,Other,Surat,6/11/2020,109,20,3.77,2,8,Medium,7.315,91.88625,2282,Zone_6,14627,0.54,37.6,Mixed
T01218,R0041,10.78,64.53,176.5,10/11/2023,0,0.49005062,0.569145766,0,Wednesday,October,1,0,0,0,0,0,0,0,0,0,0,0,0,1,5.178970609,2.466403178,8.033056703,0,Aarav Nair,25,Other,Pune,4/11/2020,353,8,4.74,2,5,Low,8.428,140.432,2343,Zone_9,11037,1.83,56.1,Mixed
T01219,R0029,9.14,57.74,221.85,7/21/2023,1,1.020456216,0.200589173,0,Friday,July,1,0,0,0,0,0,0,0,0,0,0,0,1,0,5.406498899,2.316487998,7.598684097,0,Kavya Iyer,30,Male,Surat,7/24/2022,4,0,3.69,1,6,Medium,9.961666667,189.6283333,1509,Zone_8,4516,1.93,31,Business
T01220,R0266,10.32,62.7,216.5,10/15/2023,1,0.95788356,0.465770136,0,Sunday,October,0,1,0,0,0,0,0,0,0,0,0,1,0,0,5.382198851,2.426571073,7.918333158,0,Diya Reddy,29,Other,Chennai,9/25/2020,98,13,3.9,2,9,Medium,8.107777778,138.6055556,2176,Zone_7,11070,0.64,45.2,Industrial
T01221,R0113,6.47,39.72,128.88,3/15/2024,0,-0.066904496,-0.399438938,0,Friday,March,0,0,0,1,0,0,0,0,1,0,0,0,0,0,4.866610947,2.010894999,6.302380503,0,Aadhya Singh,26,Other,Chennai,3/9/2019,423,26,4.61,2,8,Medium,6.8775,137.03625,2742,Zone_4,4038,2.46,48.2,Business
T01222,R0207,6.91,61.92,85.4,10/8/2023,0,-0.575438903,-0.300557901,0,Sunday,October,1,0,0,0,0,0,0,0,0,0,0,1,0,0,4.458987676,2.068127782,7.868926229,0,Ishaan Iyer,31,Male,Mumbai,12/6/2023,47,3,3.93,1,8,Medium,7.93375,153.9325,1009,Zone_7,11070,0.64,45.2,Industrial
T01223,R0115,15.21,76.34,342.42,6/23/2023,1,2.430621658,1.564698025,0,Friday,June,0,0,1,0,0,0,0,0,1,0,0,0,0,0,5.838954188,2.785628336,8.737276464,0,Aarav Ghosh,40,Female,Bengaluru,3/1/2020,170,15,4.4,0,11,High,7.589090909,129.6336364,2384,Zone_4,4038,2.46,48.2,Business
T01224,R0243,5,28.47,123.26,3/1/2023,1,-0.132635025,-0.729791494,0,Wednesday,March,0,1,0,0,0,0,0,0,0,0,0,0,1,0,4.822376145,1.791759469,5.335728629,0,Ishaan Patel,33,Male,Jaipur,2/6/2023,315,11,3.7,1,7,Medium,7.901428571,135.5042857,1312,Zone_8,4516,1.93,31,Business
T01225,R0298,6.44,39.6,64.9,6/14/2024,0,-0.815203285,-0.406180827,0,Friday,June,1,0,0,0,0,0,0,1,0,0,0,0,0,0,4.188138442,2.006870849,6.292853089,0,Vivaan Singh,35,Female,Ahmedabad,3/25/2020,65,11,3.88,0,7,Medium,9.027142857,143.2014286,2360,Zone_3,12971,2.11,38,Business
T01226,R0285,11.72,116.81,284.02,1/16/2024,1,1.747585564,0.780391618,0,Tuesday,January,0,0,1,0,0,1,0,0,0,0,0,0,0,0,5.652559353,2.543175558,10.8078675,0,Diya Iyer,29,Female,Chennai,1/10/2019,244,16,4.97,0,9,Medium,6.987777778,122.82,2800,Zone_10,2440,1.54,35.4,Industrial
T01227,R0289,9.51,64.51,161.89,11/30/2023,0,0.319174638,0.283739136,0,Thursday,November,1,0,0,0,0,0,0,0,0,0,0,0,1,0,5.093075126,2.352327185,8.031811751,0,Aarav Gupta,21,Other,Chennai,9/30/2021,322,14,4.17,2,8,Medium,8.26625,154.31,1806,Zone_8,4516,1.93,31,Business
T01228,R0191,2.23,14.47,22.14,3/26/2024,0,-1.315316699,-1.352292569,0,Tuesday,March,0,1,0,0,0,0,0,1,0,0,0,0,0,0,3.141562722,1.172482137,3.80394532,0,Meera Gupta,33,Other,Surat,8/14/2020,87,6,4.56,2,11,High,7.560909091,120.5927273,2218,Zone_3,12971,2.11,38,Business
T01229,R0230,0.44,4.37,4.48,12/20/2023,0,-1.521864942,-1.754558606,0,Wednesday,December,1,0,0,0,0,0,0,0,0,0,0,0,0,1,1.701105101,0.364643114,2.090454496,0,Kavya Gupta,32,Male,Chennai,11/22/2022,183,23,3.65,1,8,Medium,7.3325,113.5275,1388,Zone_9,11037,1.83,56.1,Mixed
T01230,R0057,4.7,30.64,65.19,3/1/2024,0,-0.811811496,-0.797210383,0,Friday,March,0,1,0,0,1,0,0,0,0,0,0,0,0,0,4.192529394,1.740466175,5.535341001,0,Aadhya Reddy,39,Male,Bengaluru,6/4/2023,407,11,3.66,1,13,High,7.716923077,121.8546154,1194,Zone_1,4921,2.43,30.9,Residential
T01231,R0134,12.55,67.74,201.98,11/16/2023,0,0.788060203,0.96691721,0,Thursday,November,1,0,0,0,0,0,0,0,0,1,0,0,0,0,5.313107452,2.606386547,8.230431337,0,Aadhya Singh,34,Male,Jaipur,7/30/2022,410,29,4.59,1,7,Medium,7.974285714,154.9142857,1503,Zone_5,2590,1.31,43.9,Business
T01232,R0109,11.36,74.85,132.35,7/13/2023,0,-0.026319989,0.699488951,0,Thursday,July,0,0,1,0,0,0,0,0,0,0,1,0,0,0,4.892977251,2.514465452,8.651589449,0,Vivaan Kumar,35,Female,Delhi,11/19/2022,62,5,3.35,0,4,Low,10.81,172.5975,1391,Zone_6,14627,0.54,37.6,Mixed
T01233,R0247,10.6,85.24,115.67,8/21/2023,0,-0.221406325,0.528694432,0,Monday,August,1,0,0,0,0,0,0,0,0,0,0,0,0,1,4.759349437,2.451005098,9.23255111,0,Aadhya Das,37,Male,Bengaluru,5/11/2021,249,47,4.92,1,13,High,10.26769231,182.1107692,1948,Zone_9,11037,1.83,56.1,Mixed
T01234,R0139,11.14,88.53,163.52,6/8/2024,0,0.33823883,0.650048432,0,Saturday,June,0,1,0,0,0,0,0,0,1,0,0,0,0,0,5.103032143,2.496505786,9.409038208,0,Diya Gupta,44,Other,Kolkata,10/9/2023,155,7,4.39,2,8,Medium,7.365,125.27875,1067,Zone_4,4038,2.46,48.2,Business
T01235,R0149,3.16,27.44,65.98,3/14/2023,1,-0.802571796,-1.143294013,0,Tuesday,March,0,0,1,0,0,0,0,0,0,0,1,0,0,0,4.204394067,1.425515074,5.238320341,0,Diya Reddy,30,Male,Jaipur,9/14/2019,89,8,4.57,1,7,Medium,6.06,94.44571429,2553,Zone_6,14627,0.54,37.6,Mixed
T01236,R0220,11.01,108.64,222.72,7/25/2024,1,1.030631583,0.620833581,0,Thursday,July,1,0,0,0,0,0,0,0,0,0,0,0,0,1,5.41039527,2.485739636,10.42305138,0,Meera Ghosh,32,Female,Kolkata,4/18/2023,491,63,3.78,0,5,Low,11.16,223.066,1241,Zone_9,11037,1.83,56.1,Mixed
T01237,R0188,3.39,29.89,47.67,5/28/2023,0,-1.016722325,-1.091606198,0,Sunday,May,0,1,0,0,0,0,0,0,1,0,0,0,0,0,3.885062824,1.479329227,5.467174773,0,Vivaan Gupta,24,Male,Delhi,7/16/2020,436,64,3.15,1,4,Low,6.1125,116.61,2247,Zone_4,4038,2.46,48.2,Business
T01238,R0195,12.74,102.88,228.57,7/29/2023,0,1.09905215,1.00961584,0,Saturday,July,0,0,0,1,0,0,0,0,0,1,0,0,0,0,5.436207994,2.620311287,10.14297787,0,Aadhya Reddy,33,Male,Kolkata,5/27/2021,72,10,4.97,1,9,Medium,7.813333333,116.0188889,1932,Zone_5,2590,1.31,43.9,Business
T01239,R0071,5.45,46.2,131.72,7/29/2023,1,-0.033688358,-0.628663161,0,Saturday,July,1,0,0,0,0,0,0,0,1,0,0,0,0,0,4.888241646,1.864080131,6.797058187,0,Vivaan Nair,35,Male,Ahmedabad,1/9/2021,67,4,3.82,1,2,Low,7.225,114.895,2070,Zone_4,4038,2.46,48.2,Business
T01240,R0036,9.41,90.04,164.92,6/19/2024,0,0.354612983,0.261266173,0,Wednesday,June,0,1,0,0,1,0,0,0,0,0,0,0,0,0,5.111505744,2.342766883,9.488940931,0,Aadhya Das,30,Female,Surat,3/16/2022,177,15,4.9,0,7,Medium,9.31,148.7885714,1639,Zone_1,4921,2.43,30.9,Residential
T01241,R0133,1.37,11.64,31.03,4/16/2023,1,-1.211340828,-1.54556005,0,Sunday,April,0,0,0,1,0,0,0,0,0,0,0,0,1,0,3.466672964,0.862889955,3.411744422,0,Diya Kumar,25,Female,Delhi,7/13/2019,155,11,4.4,0,9,Medium,7.21,90.80777778,2616,Zone_8,4516,1.93,31,Business
T01242,R0185,1.26,6.77,28.67,2/8/2023,1,-1.238942971,-1.570280309,0,Wednesday,February,1,0,0,0,0,0,0,0,1,0,0,0,0,0,3.390136434,0.815364813,2.601922366,0,Vivaan Sharma,27,Male,Delhi,8/27/2021,201,12,4.05,1,7,Medium,6.247142857,106.2971429,1840,Zone_4,4038,2.46,48.2,Business
T01243,R0116,13.45,95.25,239.51,10/6/2023,0,1.22700446,1.169173877,0,Friday,October,1,0,0,0,0,0,0,0,1,0,0,0,0,0,5.482761669,2.670694415,9.759610648,0,Ishaan Kumar,34,Female,Bengaluru,2/8/2020,238,30,4.58,0,5,Low,10.122,158.832,2406,Zone_4,4038,2.46,48.2,Business
T01244,R0032,11.46,106.58,252.05,3/27/2023,1,1.373670086,0.721961914,0,Monday,March,0,0,0,1,0,0,1,0,0,0,0,0,0,0,5.533587098,2.522523513,10.32375901,0,Kavya Reddy,18,Female,Mumbai,9/20/2023,213,24,4,0,7,Medium,9.455714286,196.97,1086,Zone_2,6371,0.91,58.4,Residential
T01245,R0195,1.91,18.42,18.72,5/21/2024,0,-1.355316415,-1.42420605,0,Tuesday,May,0,0,0,1,1,0,0,0,0,0,0,0,0,0,2.981633349,1.068153081,4.291852747,0,Aadhya Reddy,33,Male,Kolkata,5/27/2021,72,10,4.97,1,9,Medium,7.813333333,116.0188889,1932,Zone_1,4921,2.43,30.9,Residential
T01246,R0271,14.43,78.77,128.48,1/1/2024,0,-0.071582826,1.389408914,0,Monday,January,0,0,1,0,1,0,0,0,0,0,0,0,0,0,4.863526429,2.736313666,8.875246475,0,Saanvi Iyer,22,Male,Bengaluru,10/7/2022,58,6,4.37,1,8,Medium,8.1275,116.0975,1434,Zone_1,4921,2.43,30.9,Residential
T01247,R0118,2.55,22.18,35.41,6/14/2024,0,-1.160113121,-1.280379087,0,Friday,June,0,0,1,0,0,0,0,0,0,0,0,0,0,1,3.594843462,1.266947603,4.709564736,0,Reyansh Gupta,29,Male,Surat,9/26/2023,165,24,4.13,1,4,Low,9.555,133.1725,1080,Zone_9,11037,1.83,56.1,Mixed
T01248,R0143,8.1,54.88,169.49,3/26/2024,1,0.408062897,-0.033129642,0,Tuesday,March,0,0,0,1,0,0,0,0,0,0,0,1,0,0,5.138676644,2.208274414,7.408103671,0,Meera Kumar,42,Other,Kolkata,3/28/2023,74,13,4.56,2,8,Medium,6.13875,107.915,1262,Zone_7,11070,0.64,45.2,Industrial
T01249,R0107,5.6,32.09,73.15,1/24/2024,0,-0.718712741,-0.594953716,0,Wednesday,January,0,0,1,0,1,0,0,0,0,0,0,0,0,0,4.306090069,1.887069649,5.664803615,0,Reyansh Gupta,33,Male,Hyderabad,1/11/2020,179,14,3.66,1,5,Low,6.514,125.586,2434,Zone_1,4921,2.43,30.9,Residential
T01250,R0276,3.38,18.8,39.01,12/26/2023,0,-1.118008156,-1.093853494,0,Tuesday,December,0,1,0,0,0,0,0,0,0,0,0,0,1,0,3.689129423,1.477048724,4.335896678,0,Aadhya Ghosh,26,Other,Chennai,11/7/2022,196,1,3.63,2,6,Medium,5.083333333,83.37,1403,Zone_8,4516,1.93,31,Business
T01251,R0269,13.84,122.55,319.86,2/5/2023,1,2.166763879,1.256818433,0,Sunday,February,1,0,0,0,0,0,0,0,0,0,1,0,0,0,5.771004891,2.697326238,11.07023035,0,Aadhya Sharma,41,Male,Mumbai,5/19/2019,423,16,3.41,1,7,Medium,9.008571429,208.3957143,2671,Zone_6,14627,0.54,37.6,Mixed
T01252,R0224,16.42,145.74,170.2,11/3/2023,0,0.416366931,1.836620877,0,Friday,November,0,0,1,0,0,0,0,0,1,0,0,0,0,0,5.142832464,2.857618971,12.0722823,0,Ishaan Sharma,29,Female,Ahmedabad,8/4/2020,200,1,4.31,0,7,Medium,5.958571429,73.44857143,2228,Zone_4,4038,2.46,48.2,Business
T01253,R0292,8.89,60.68,124.67,6/13/2023,0,-0.116143913,0.144406765,0,Tuesday,June,1,0,0,0,1,0,0,0,0,0,0,0,0,0,4.833659424,2.291524146,7.789736838,0,Diya Patel,37,Female,Jaipur,6/28/2020,141,19,4.39,0,9,Medium,8.817777778,126.4322222,2265,Zone_1,4921,2.43,30.9,Residential
T01254,R0135,15.63,98.2,211.54,7/17/2024,0,0.899872276,1.65908447,0,Wednesday,July,0,1,0,0,0,0,0,0,0,0,0,1,0,0,5.359130206,2.811208293,9.909591313,0,Reyansh Patel,38,Female,Ahmedabad,2/24/2022,153,8,3.47,0,8,Medium,8.325,124.01625,1659,Zone_7,11070,0.64,45.2,Industrial
T01255,R0058,6.59,56.96,132.53,2/21/2023,1,-0.024214741,-0.372471383,0,Tuesday,February,0,0,1,0,0,0,0,0,0,0,0,1,0,0,4.894326172,2.026831591,7.547184906,0,Vivaan Reddy,46,Male,Kolkata,5/31/2021,480,25,4.32,1,8,Medium,9.515,130.43375,1928,Zone_7,11070,0.64,45.2,Industrial
T01256,R0276,8.54,76.11,117.86,7/26/2023,0,-0.195792472,0.065751395,0,Wednesday,July,0,1,0,0,0,0,0,0,0,0,0,0,1,0,4.77794633,2.255493485,8.724104539,0,Aadhya Ghosh,26,Other,Chennai,11/7/2022,196,1,3.63,2,6,Medium,5.083333333,83.37,1403,Zone_8,4516,1.93,31,Business
T01257,R0203,8.66,73.82,142.36,3/1/2024,0,0.090755205,0.092718951,0,Friday,March,1,0,0,0,0,0,0,0,1,0,0,0,0,0,4.965358949,2.267993648,8.59185661,0,Kavya Gupta,49,Female,Bengaluru,7/25/2023,152,9,3.6,0,5,Low,7.756,139.73,1143,Zone_4,4038,2.46,48.2,Business
T01258,R0115,2.22,11.44,23.38,3/5/2024,0,-1.300813878,-1.354539865,0,Tuesday,March,1,0,0,0,0,0,0,0,0,0,0,0,1,0,3.193763124,1.16938136,3.382306905,0,Aarav Ghosh,40,Female,Bengaluru,3/1/2020,170,15,4.4,0,11,High,7.589090909,129.6336364,2384,Zone_8,4516,1.93,31,Business
T01259,R0060,10.5,52.59,96.59,3/22/2023,0,-0.444562638,0.506221469,0,Wednesday,March,0,0,1,0,0,0,1,0,0,0,0,0,0,0,4.580775029,2.442347035,7.251896304,0,Aarav Nair,40,Female,Hyderabad,8/1/2023,123,7,4.57,0,6,Medium,7.876666667,122.0633333,1136,Zone_2,6371,0.91,58.4,Residential
T01260,R0136,11.55,64.01,143.2,6/21/2023,0,0.100579696,0.742187581,0,Wednesday,June,0,0,0,1,0,0,0,0,0,1,0,0,0,0,4.971201225,2.529720666,8.000624976,0,Diya Ghosh,34,Male,Hyderabad,1/19/2019,339,11,3.82,1,4,Low,6.715,85.6975,2791,Zone_5,2590,1.31,43.9,Business
T01261,R0057,7.13,52.63,76.32,4/7/2023,0,-0.681636981,-0.251117383,0,Friday,April,0,0,1,0,0,0,0,0,0,0,0,1,0,0,4.347952654,2.095560924,7.254653679,0,Aadhya Reddy,39,Male,Bengaluru,6/4/2023,407,11,3.66,1,13,High,7.716923077,121.8546154,1194,Zone_7,11070,0.64,45.2,Industrial
T01262,R0282,0.46,3.55,5.56,8/2/2024,0,-1.509233453,-1.750064013,0,Friday,August,0,1,0,0,0,0,0,0,1,0,0,0,0,0,1.880990603,0.378436436,1.884144368,0,Reyansh Kumar,22,Other,Bengaluru,5/2/2022,319,3,4.47,2,9,Medium,10.31888889,155.5277778,1592,Zone_4,4038,2.46,48.2,Business
T01263,R0220,9.84,82.62,238.53,5/2/2024,1,1.215542552,0.357899914,0,Thursday,May,1,0,0,0,0,0,0,1,0,0,0,0,0,0,5.47867867,2.383242996,9.089554445,0,Meera Ghosh,32,Female,Kolkata,4/18/2023,491,63,3.78,0,5,Low,11.16,223.066,1241,Zone_3,12971,2.11,38,Business
T01264,R0056,0.42,2.79,7.54,4/18/2023,0,-1.486075722,-1.759053198,0,Tuesday,April,0,0,1,0,0,0,0,1,0,0,0,0,0,0,2.144761008,0.350656872,1.670329309,0,Meera Patel,40,Other,Hyderabad,2/26/2021,93,13,3.25,2,9,Medium,7.357777778,103.0877778,2022,Zone_3,12971,2.11,38,Business
T01265,R0116,3.94,35.11,89.95,6/3/2023,1,-0.522222906,-0.968004902,0,Saturday,June,1,0,0,0,1,0,0,0,0,0,0,0,0,0,4.510309905,1.597365331,5.925369187,0,Ishaan Kumar,34,Female,Bengaluru,2/8/2020,238,30,4.58,0,5,Low,10.122,158.832,2406,Zone_1,4921,2.43,30.9,Residential
T01266,R0125,8.66,49.87,144,12/23/2023,0,0.109936355,0.092718951,0,Saturday,December,1,0,0,0,0,0,0,0,0,0,0,1,0,0,4.976733742,2.267993648,7.061869441,0,Saanvi Ghosh,44,Male,Ahmedabad,4/22/2023,99,19,3.89,1,6,Medium,9.295,186.1266667,1237,Zone_7,11070,0.64,45.2,Industrial
T01267,R0258,4.15,41.08,36.25,7/14/2023,0,-1.150288629,-0.920811679,0,Friday,July,0,0,1,0,0,0,0,1,0,0,0,0,0,0,3.617651945,1.638996715,6.409368144,0,Vivaan Nair,32,Female,Jaipur,1/29/2020,313,39,3.76,0,5,Low,5.846,99.87,2416,Zone_3,12971,2.11,38,Business
T01268,R0142,9.27,82.65,156.51,8/9/2023,0,0.256251107,0.229804025,0,Wednesday,August,0,0,0,1,0,0,0,0,0,0,1,0,0,0,5.059488948,2.329227024,9.091204541,0,Meera Nair,33,Female,Kolkata,3/4/2021,78,5,3.48,0,4,Low,6.78,104.875,2016,Zone_6,14627,0.54,37.6,Mixed
T01269,R0058,6.87,45.49,64.95,8/7/2023,0,-0.814618494,-0.309547087,0,Monday,August,0,1,0,0,0,0,1,0,0,0,0,0,0,0,4.188896879,2.063058062,6.744627492,0,Vivaan Reddy,46,Male,Kolkata,5/31/2021,480,25,4.32,1,8,Medium,9.515,130.43375,1928,Zone_2,6371,0.91,58.4,Residential
T01270,R0067,0.15,0.8,3.27,12/25/2023,1,-1.555198039,-1.819730198,0,Monday,December,0,0,0,1,1,0,0,0,0,0,0,0,0,0,1.451613827,0.139761942,0.894427191,0,Saanvi Iyer,32,Male,Pune,7/24/2022,348,9,3.38,1,13,High,8.697692308,142.0623077,1509,Zone_1,4921,2.43,30.9,Residential
T01271,R0088,8.84,54.01,71.97,5/22/2023,0,-0.732513813,0.133170284,0,Monday,May,0,0,0,1,0,1,0,0,0,0,0,0,0,0,4.290048398,2.286455711,7.349149611,0,Diya Iyer,22,Other,Jaipur,7/7/2019,438,0,4.78,2,8,Medium,7.78125,111.72,2622,Zone_10,2440,1.54,35.4,Industrial
T01272,R0112,10.93,95.31,241.48,6/21/2024,1,1.250045232,0.60285521,0,Friday,June,1,0,0,0,1,0,0,0,0,0,0,0,0,0,5.490919233,2.479056236,9.762684057,0,Meera Nair,41,Female,Delhi,11/13/2020,311,11,3.24,0,10,Medium,8.953,115.027,2127,Zone_1,4921,2.43,30.9,Residential
T01273,R0062,13.06,124.07,229.92,12/17/2023,0,1.114841512,1.081529321,0,Sunday,December,0,1,0,0,0,0,0,0,0,1,0,0,0,0,5.44207133,2.643333886,11.13867137,0,Kavya Sharma,38,Male,Jaipur,5/13/2019,57,3,3.58,1,7,Medium,9.435714286,127.0728571,2677,Zone_5,2590,1.31,43.9,Business
T01274,R0094,6.17,45.1,99.64,8/12/2023,0,-0.408890376,-0.466857827,0,Saturday,August,0,0,0,1,0,0,0,0,0,1,0,0,0,0,4.611549793,1.969905655,6.715653356,0,Diya Iyer,41,Other,Delhi,4/13/2023,480,62,4.87,2,6,Medium,7.953333333,124.9333333,1246,Zone_5,2590,1.31,43.9,Business
T01275,R0040,7.69,56.11,128.05,9/29/2023,0,-0.07661203,-0.12526879,0,Friday,September,1,0,0,0,0,0,0,0,0,0,1,0,0,0,4.860199926,2.162172939,7.490660852,0,Aarav Gupta,34,Other,Surat,5/5/2023,485,36,4.41,2,10,Medium,8.045,114.075,1224,Zone_6,14627,0.54,37.6,Mixed
T01276,R0008,0.52,3.4,7.03,9/25/2023,0,-1.492040592,-1.736580235,0,Monday,September,0,1,0,0,0,0,0,0,1,0,0,0,0,0,2.083184528,0.418710335,1.843908891,0,Ishaan Ghosh,28,Female,Jaipur,10/1/2022,215,23,4.02,0,8,Medium,6.03125,111.65875,1440,Zone_4,4038,2.46,48.2,Business
T01277,R0277,17.82,145.63,186.18,3/4/2024,0,0.603266191,2.151242359,0,Monday,March,0,1,0,0,0,0,0,0,0,0,0,1,0,0,5.232070721,2.934920134,12.06772555,0,Kavya Gupta,42,Female,Jaipur,1/22/2021,433,16,3.06,0,9,Medium,9.658888889,155.8666667,2057,Zone_7,11070,0.64,45.2,Industrial
T01278,R0030,15.53,90.04,321.07,6/8/2024,1,2.180915826,1.636611507,0,Saturday,June,0,1,0,0,0,0,0,0,0,0,0,0,0,1,5.774768913,2.805176912,9.488940931,0,Saanvi Patel,25,Other,Mumbai,1/8/2021,442,58,3.72,2,11,High,7.368181818,144.1136364,2071,Zone_9,11037,1.83,56.1,Mixed
T01279,R0104,7.84,49.14,184.23,4/24/2024,1,0.580459335,-0.091559346,0,Wednesday,April,1,0,0,0,0,0,0,0,0,0,1,0,0,0,5.221598296,2.179286877,7.009992867,0,Diya Gupta,52,Male,Kolkata,5/27/2021,328,1,3.7,1,9,Medium,5.187777778,85.04333333,1932,Zone_6,14627,0.54,37.6,Mixed
T01280,R0074,7.38,45.5,139.87,5/19/2024,0,0.061632604,-0.194934975,0,Sunday,May,0,0,1,0,1,0,0,0,0,0,0,0,0,0,4.947837479,2.125847914,6.745368782,0,Vivaan Ghosh,23,Male,Kolkata,9/11/2023,199,22,4.89,1,7,Medium,6.598571429,116.7528571,1095,Zone_1,4921,2.43,30.9,Residential
T01281,R0161,6.65,46.28,163.53,1/20/2024,1,0.338355788,-0.358987605,0,Saturday,January,1,0,0,0,0,0,0,0,0,0,0,0,0,1,5.103092924,2.034705648,6.802940541,0,Aarav Nair,32,Other,Surat,3/27/2019,332,50,4.91,2,6,Medium,5.536666667,94.59333333,2724,Zone_9,11037,1.83,56.1,Mixed
T01282,R0190,13.18,104.11,227.82,9/16/2023,0,1.090280283,1.108496877,0,Saturday,September,0,0,0,1,0,0,1,0,0,0,0,0,0,0,5.432935668,2.651832521,10.2034308,0,Saanvi Iyer,35,Other,Surat,9/25/2020,274,47,4.12,2,9,Medium,7.776666667,124.2133333,2176,Zone_2,6371,0.91,58.4,Residential
T01283,R0032,10.81,91.81,224.14,8/5/2024,1,1.047239652,0.575887655,0,Monday,August,0,0,1,0,1,0,0,0,0,0,0,0,0,0,5.416722431,2.46894663,9.581753493,0,Kavya Reddy,18,Female,Mumbai,9/20/2023,213,24,4,0,7,Medium,9.455714286,196.97,1086,Zone_1,4921,2.43,30.9,Residential
T01284,R0257,12.06,94.25,138.72,6/13/2023,0,0.048182407,0.856799692,0,Tuesday,June,0,1,0,0,0,0,0,0,0,0,1,0,0,0,4.93964042,2.569554124,9.708243919,0,Arjun Reddy,36,Other,Delhi,3/11/2023,459,19,4.82,2,7,Medium,8.015714286,117.4614286,1279,Zone_6,14627,0.54,37.6,Mixed
T01285,R0011,5.97,46.59,52.69,5/17/2024,0,-0.95800929,-0.511803753,0,Friday,May,0,0,1,0,0,0,0,0,0,0,0,0,0,1,3.983226764,1.941615225,6.825686779,0,Vivaan Nair,26,Male,Chennai,4/14/2020,208,34,4,1,10,Medium,8.896,163.378,2340,Zone_9,11037,1.83,56.1,Mixed
T01286,R0253,5.65,49.11,86.86,7/6/2023,0,-0.558363001,-0.583717235,0,Thursday,July,1,0,0,0,1,0,0,0,0,0,0,0,0,0,4.475744639,1.894616855,7.007852738,0,Ishaan Gupta,26,Male,Surat,8/19/2021,173,24,3.16,1,7,Medium,7.117142857,106.3728571,1848,Zone_1,4921,2.43,30.9,Residential
T01287,R0084,1.82,14.54,29.22,1/11/2024,0,-1.232510268,-1.444431717,0,Thursday,January,0,0,0,1,0,0,0,0,1,0,0,0,0,0,3.408503957,1.036736885,3.813135193,0,Kavya Sharma,38,Male,Jaipur,7/21/2019,366,6,4.67,1,8,Medium,9.3625,179.48,2608,Zone_4,4038,2.46,48.2,Business
T01288,R0124,11.89,109.54,135.26,4/23/2023,0,0.007714858,0.818595655,0,Sunday,April,0,1,0,0,1,0,0,0,0,0,0,0,0,0,4.914564825,2.556451817,10.46613587,0,Aadhya Das,37,Other,Hyderabad,6/9/2022,419,25,3.59,2,5,Low,8.516,128.67,1554,Zone_1,4921,2.43,30.9,Residential
T01289,R0111,14.26,104.59,151.15,7/22/2024,0,0.193561493,1.351204877,0,Monday,July,1,0,0,0,0,0,0,0,0,0,0,0,0,1,5.024866876,2.725235026,10.22692525,0,Reyansh Sharma,28,Male,Ahmedabad,11/5/2021,202,24,4.67,1,1,Low,14.26,151.15,1770,Zone_9,11037,1.83,56.1,Mixed
T01290,R0190,13.62,78.93,158.46,6/22/2024,0,0.279057963,1.207377914,0,Saturday,June,0,0,0,1,0,0,0,0,0,1,0,0,0,0,5.071793107,2.682390454,8.884255737,0,Saanvi Iyer,35,Other,Surat,9/25/2020,274,47,4.12,2,9,Medium,7.776666667,124.2133333,2176,Zone_5,2590,1.31,43.9,Business
T01291,R0058,8.94,61.84,128.02,3/9/2024,0,-0.076962905,0.155643247,0,Saturday,March,1,0,0,0,1,0,0,0,0,0,0,0,0,0,4.859967431,2.296567021,7.863841301,0,Vivaan Reddy,46,Male,Kolkata,5/31/2021,480,25,4.32,1,8,Medium,9.515,130.43375,1928,Zone_1,4921,2.43,30.9,Residential
T01292,R0003,6.37,36.42,83.12,3/22/2024,0,-0.602105381,-0.421911901,0,Friday,March,1,0,0,0,0,1,0,0,0,0,0,0,0,0,4.432244351,1.997417706,6.034898508,0,Kavya Reddy,34,Male,Pune,5/4/2023,45,9,3.76,1,10,Medium,6.768,97.171,1225,Zone_10,2440,1.54,35.4,Industrial
T01293,R0167,2.74,26.26,58.18,2/21/2024,1,-0.893799219,-1.237680457,0,Wednesday,February,1,0,0,0,0,0,0,0,0,1,0,0,0,0,4.080583647,1.319085611,5.12445119,0,Kavya Nair,44,Male,Hyderabad,8/25/2022,117,5,4.75,1,7,Medium,9.187142857,153.65,1477,Zone_5,2590,1.31,43.9,Business
T01294,R0103,4.49,43.26,73,10/15/2023,0,-0.720467115,-0.844403605,0,Sunday,October,0,1,0,0,0,0,1,0,0,0,0,0,0,0,4.304065093,1.702928256,6.577233461,0,Ishaan Gupta,37,Other,Surat,11/24/2022,175,14,3.07,2,9,Medium,7.936666667,137.3822222,1386,Zone_2,6371,0.91,58.4,Residential
T01295,R0084,10.34,97.26,226.9,4/7/2023,1,1.079520125,0.470264729,0,Friday,April,1,0,0,0,0,0,0,0,0,0,1,0,0,0,5.428906936,2.428336298,9.862048469,0,Kavya Sharma,38,Male,Jaipur,7/21/2019,366,6,4.67,1,8,Medium,9.3625,179.48,2608,Zone_6,14627,0.54,37.6,Mixed
T01296,R0055,6.58,53.2,115.07,8/9/2023,0,-0.228423819,-0.374718679,0,Wednesday,August,0,0,0,1,0,0,0,0,1,0,0,0,0,0,4.754193457,2.0255132,7.293833012,0,Kavya Singh,32,Male,Delhi,11/7/2021,425,12,4.19,1,8,Medium,8.9625,138.695,1768,Zone_4,4038,2.46,48.2,Business
T01297,R0235,16.21,156.4,162.95,8/1/2024,0,0.331572211,1.789427655,0,Thursday,August,0,0,0,1,0,0,0,0,0,0,0,1,0,0,5.099561503,2.84549061,12.50599856,0,Aarav Ghosh,34,Other,Delhi,2/15/2021,284,8,4.06,2,8,Medium,6.95625,105.7575,2033,Zone_7,11070,0.64,45.2,Industrial
T01298,R0254,13.76,69.71,178.7,12/30/2023,0,0.515781431,1.238840062,0,Saturday,December,1,0,0,0,1,0,0,0,0,0,0,0,0,0,5.191288794,2.691920819,8.349251463,0,Meera Kumar,18,Male,Delhi,3/9/2020,363,70,3.68,1,7,Medium,11.76714286,173.5142857,2376,Zone_1,4921,2.43,30.9,Residential
T01299,R0060,4.99,45.06,74.39,10/20/2023,0,-0.70420992,-0.732038791,0,Friday,October,0,0,0,1,1,0,0,0,0,0,0,0,0,0,4.32267464,1.790091412,6.712674579,0,Aarav Nair,40,Female,Hyderabad,8/1/2023,123,7,4.57,0,6,Medium,7.876666667,122.0633333,1136,Zone_1,4921,2.43,30.9,Residential
T01300,R0196,1.92,14.98,37.71,1/25/2024,0,-1.133212727,-1.421958754,0,Thursday,January,0,0,0,1,0,0,0,1,0,0,0,0,0,0,3.656097965,1.071583616,3.870400496,0,Vivaan Das,18,Male,Hyderabad,6/24/2019,51,9,4.93,1,12,High,7.995833333,135.2858333,2635,Zone_3,12971,2.11,38,Business
T01301,R0097,5.26,37.32,56.45,5/6/2023,0,-0.914032994,-0.67136179,0,Saturday,May,0,1,0,0,0,0,0,1,0,0,0,0,0,0,4.050915004,1.834180185,6.10900974,0,Aarav Iyer,23,Other,Bengaluru,1/25/2021,478,5,3.28,2,8,Medium,8.67875,139.6375,2054,Zone_3,12971,2.11,38,Business
T01302,R0028,13.33,129.68,246.79,5/4/2023,0,1.312150055,1.142206322,0,Thursday,May,0,1,0,0,0,0,0,0,1,0,0,0,0,0,5.512581613,2.662355242,11.38771268,0,Reyansh Sharma,20,Female,Surat,11/11/2023,249,21,3.79,0,8,Medium,10.61,187.43875,1034,Zone_4,4038,2.46,48.2,Business
T01303,R0235,5.38,44.38,68.89,3/9/2024,0,-0.768536949,-0.644394235,0,Saturday,March,0,1,0,0,0,0,0,0,0,0,0,0,0,1,4.246922577,1.853168097,6.66183158,0,Aarav Ghosh,34,Other,Delhi,2/15/2021,284,8,4.06,2,8,Medium,6.95625,105.7575,2033,Zone_9,11037,1.83,56.1,Mixed
T01304,R0072,10.73,81.37,223.02,5/28/2023,1,1.03414033,0.557909284,0,Sunday,May,1,0,0,0,0,1,0,0,0,0,0,0,0,0,5.411735334,2.462149663,9.020532135,0,Saanvi Das,25,Other,Jaipur,11/5/2023,62,10,4.07,2,5,Low,9.728,146.428,1040,Zone_10,2440,1.54,35.4,Industrial
T01305,R0134,5.17,35.4,100.09,8/20/2023,0,-0.403627256,-0.691587457,0,Sunday,August,0,0,1,0,0,0,0,0,0,0,0,0,0,1,4.616011209,1.819698838,5.949789912,0,Aadhya Singh,34,Male,Jaipur,7/30/2022,410,29,4.59,1,7,Medium,7.974285714,154.9142857,1503,Zone_9,11037,1.83,56.1,Mixed
T01306,R0084,9.72,73.17,199.22,9/1/2023,1,0.75577973,0.330932358,0,Friday,September,1,0,0,0,0,1,0,0,0,0,0,0,0,0,5.299416762,2.372111156,8.553946458,0,Kavya Sharma,38,Male,Jaipur,7/21/2019,366,6,4.67,1,8,Medium,9.3625,179.48,2608,Zone_10,2440,1.54,35.4,Industrial
T01307,R0164,10.64,62.59,150.39,8/4/2024,0,0.184672667,0.537683618,0,Sunday,August,0,0,1,0,0,1,0,0,0,0,0,0,0,0,5.019859289,2.454447442,7.911384203,0,Aadhya Ghosh,37,Other,Ahmedabad,7/6/2022,249,23,4.02,2,12,High,8.356666667,146.5408333,1527,Zone_10,2440,1.54,35.4,Industrial
T01308,R0176,12.93,107.92,304.11,8/9/2023,1,1.982554659,1.05231447,0,Wednesday,August,0,0,0,1,0,0,0,0,0,0,1,0,0,0,5.720672367,2.634044788,10.38845513,0,Kavya Gupta,43,Male,Mumbai,5/24/2019,260,13,3.95,1,6,Medium,15.17666667,273.0116667,2666,Zone_6,14627,0.54,37.6,Mixed
T01309,R0170,15.17,112.08,278.29,7/17/2024,0,1.680568496,1.55570884,0,Wednesday,July,0,0,0,1,0,0,0,0,0,0,0,0,0,1,5.632250669,2.783157674,10.58678421,0,Saanvi Kumar,29,Other,Bengaluru,5/20/2020,28,3,3.68,2,7,Medium,7.644285714,134.8157143,2304,Zone_9,11037,1.83,56.1,Mixed
T01310,R0245,14.55,84.59,269.23,4/22/2024,0,1.574604335,1.41637647,0,Monday,April,0,1,0,0,0,1,0,0,0,0,0,0,0,0,5.599273448,2.744060639,9.197282207,0,Diya Sharma,35,Female,Hyderabad,3/4/2020,265,48,4.73,0,5,Low,7.944,150.266,2381,Zone_10,2440,1.54,35.4,Industrial
T01311,R0004,5.35,43.9,64.48,9/24/2023,0,-0.820115531,-0.651136124,0,Sunday,September,0,0,0,1,0,0,0,0,0,0,0,1,0,0,4.181744753,1.848454813,6.625707509,0,Aarav Nair,19,Other,Kolkata,7/28/2019,464,5,3.19,2,6,Medium,6.201666667,113.8383333,2601,Zone_7,11070,0.64,45.2,Industrial
T01312,R0238,7.26,53.73,75.46,8/23/2024,0,-0.691695389,-0.221902531,0,Friday,August,0,1,0,0,0,0,0,0,0,0,0,0,1,0,4.336767728,2.111424588,7.330075034,0,Reyansh Patel,30,Other,Pune,4/22/2019,362,56,4.91,2,6,Medium,6.455,98.33833333,2698,Zone_8,4516,1.93,31,Business
T01313,R0053,2.13,12.79,42.2,8/4/2024,0,-1.080698479,-1.374765532,0,Sunday,August,0,1,0,0,0,0,0,1,0,0,0,0,0,0,3.765840495,1.141033005,3.576310948,0,Arjun Reddy,45,Female,Delhi,9/16/2019,63,7,4.85,0,4,Low,11,178.26,2551,Zone_3,12971,2.11,38,Business
T01314,R0027,6.82,49.94,153.49,2/5/2023,1,0.22092972,-0.320783568,0,Sunday,February,1,0,0,0,0,0,0,0,0,0,1,0,0,0,5.040129369,2.056684555,7.066823898,0,Ishaan Iyer,39,Male,Jaipur,10/5/2019,403,61,3.98,1,8,Medium,7.22875,103.41,2532,Zone_6,14627,0.54,37.6,Mixed
T01315,R0222,8.12,63.74,108.79,11/5/2023,0,-0.301873591,-0.028635049,0,Sunday,November,0,0,1,0,0,1,0,0,0,0,0,0,0,0,4.69856945,2.210469804,7.983733462,0,Aarav Singh,27,Male,Surat,8/28/2022,475,12,3.44,1,8,Medium,9.88125,165.70375,1474,Zone_10,2440,1.54,35.4,Industrial
T01316,R0160,5.98,30.73,74.09,4/11/2023,0,-0.707718667,-0.509556457,0,Tuesday,April,1,0,0,0,0,0,0,0,1,0,0,0,0,0,4.318687394,1.943048917,5.543464621,0,Kavya Nair,30,Male,Surat,6/16/2021,438,7,4.42,1,3,Low,10.91,132.3133333,1912,Zone_4,4038,2.46,48.2,Business
T01317,R0249,5.48,52.77,121.71,2/16/2023,1,-0.150763551,-0.621921272,0,Thursday,February,1,0,0,0,0,0,0,0,0,0,0,1,0,0,4.809823848,1.86872051,7.264296249,0,Diya Nair,20,Male,Mumbai,3/24/2023,396,48,4.49,1,8,Medium,8.08875,135.06625,1266,Zone_7,11070,0.64,45.2,Industrial
T01318,R0016,13.16,96.42,308.81,5/26/2024,1,2.037525029,1.104002284,0,Sunday,May,0,0,0,1,1,0,0,0,0,0,0,0,0,0,5.735959206,2.650421088,9.819368615,0,Aarav Iyer,28,Female,Delhi,1/24/2022,356,51,3.06,0,5,Low,8.248,137.536,1690,Zone_1,4921,2.43,30.9,Residential
T01319,R0223,12.54,89.9,223.88,6/10/2023,0,1.044198738,0.964669914,0,Saturday,June,0,0,0,1,0,0,0,0,0,1,0,0,0,0,5.415566927,2.605648267,9.481561053,0,Meera Ghosh,30,Female,Surat,11/29/2019,158,10,4.04,0,8,Medium,7.05,123.40125,2477,Zone_5,2590,1.31,43.9,Business
T01320,R0003,10,98.25,154.94,6/3/2023,0,0.237888664,0.393856654,0,Saturday,June,0,0,1,0,0,0,1,0,0,0,0,0,0,0,5.049471318,2.397895273,9.912113801,0,Kavya Reddy,34,Male,Pune,5/4/2023,45,9,3.76,1,10,Medium,6.768,97.171,1225,Zone_2,6371,0.91,58.4,Residential
T01321,R0236,1.61,10.54,37.2,2/2/2023,1,-1.139177597,-1.491624939,0,Thursday,February,0,1,0,0,0,0,0,0,0,0,0,1,0,0,3.642835516,0.959350221,3.246536616,0,Arjun Gupta,28,Male,Ahmedabad,8/10/2020,61,1,3.36,1,11,High,4.546363636,69.86727273,2222,Zone_7,11070,0.64,45.2,Industrial
T01322,R0185,9,87.7,155.52,2/16/2024,0,0.244672242,0.169127025,0,Friday,February,0,0,0,1,0,0,0,0,0,0,0,0,0,1,5.053183797,2.302585093,9.364827815,0,Vivaan Sharma,27,Male,Delhi,8/27/2021,201,12,4.05,1,7,Medium,6.247142857,106.2971429,1840,Zone_9,11037,1.83,56.1,Mixed
T01323,R0166,6.08,32.36,73.25,1/22/2024,0,-0.717543159,-0.487083494,0,Monday,January,0,0,0,1,0,0,0,0,0,0,0,0,0,1,4.307437778,1.957273908,5.688585061,0,Reyansh Sharma,24,Other,Chennai,3/16/2021,349,63,4.29,2,4,Low,10.79,157.0025,2004,Zone_9,11037,1.83,56.1,Mixed
T01324,R0270,14.58,117.9,313.49,8/14/2024,1,2.092261484,1.423118359,0,Wednesday,August,0,1,0,0,1,0,0,0,0,0,0,0,0,0,5.750952279,2.74598804,10.85817664,0,Aadhya Reddy,35,Male,Hyderabad,1/2/2022,455,64,3.08,1,8,Medium,7.38,137.69125,1712,Zone_1,4921,2.43,30.9,Residential
T01325,R0250,1.01,5.7,8.99,7/29/2023,0,-1.469116778,-1.626462717,0,Saturday,July,0,1,0,0,0,0,0,0,0,0,0,0,0,1,2.301584593,0.698134722,2.387467277,0,Aadhya Iyer,34,Female,Jaipur,2/1/2021,163,31,4.63,0,9,Medium,8.368888889,125.2566667,2047,Zone_9,11037,1.83,56.1,Mixed
T01326,R0072,5.21,38.32,45.13,7/30/2024,0,-1.046429716,-0.682598272,0,Tuesday,July,0,0,0,1,0,0,0,0,0,1,0,0,0,0,3.831463498,1.826160896,6.190315016,0,Saanvi Das,25,Other,Jaipur,11/5/2023,62,10,4.07,2,5,Low,9.728,146.428,1040,Zone_5,2590,1.31,43.9,Business
T01327,R0280,5.07,44.97,72.82,3/9/2024,0,-0.722572363,-0.71406042,0,Saturday,March,1,0,0,0,0,0,0,0,0,0,0,0,1,0,4.301629698,1.803358605,6.705967492,0,Saanvi Gupta,26,Other,Chennai,5/31/2023,172,23,4.43,2,6,Medium,8.461666667,122.55,1198,Zone_8,4516,1.93,31,Business
T01328,R0203,5.67,32.13,68.89,1/5/2024,0,-0.768536949,-0.579222642,0,Friday,January,0,0,1,0,0,0,0,0,1,0,0,0,0,0,4.246922577,1.89761986,5.668333088,0,Kavya Gupta,49,Female,Bengaluru,7/25/2023,152,9,3.6,0,5,Low,7.756,139.73,1143,Zone_4,4038,2.46,48.2,Business
T01329,R0165,12.79,110.98,232.73,11/28/2023,0,1.147706776,1.020852321,0,Tuesday,November,1,0,0,0,0,1,0,0,0,0,0,0,0,0,5.454166603,2.623943692,10.53470455,0,Meera Reddy,37,Female,Kolkata,12/9/2021,34,5,3.27,0,6,Medium,7.785,129.95,1736,Zone_10,2440,1.54,35.4,Industrial
T01330,R0028,3.76,33.29,33.59,10/19/2023,0,-1.18139952,-1.008456235,0,Thursday,October,0,0,1,0,0,0,0,0,1,0,0,0,0,0,3.543564623,1.560247668,5.769748695,0,Reyansh Sharma,20,Female,Surat,11/11/2023,249,21,3.79,0,8,Medium,10.61,187.43875,1034,Zone_4,4038,2.46,48.2,Business
T01331,R0294,6.96,64.73,98.96,12/12/2023,0,-0.416843536,-0.28932142,0,Tuesday,December,0,0,1,0,0,0,0,0,0,1,0,0,0,0,4.604770106,2.074429,8.045495634,0,Arjun Reddy,24,Male,Surat,4/2/2021,41,7,3.2,1,7,Medium,8.097142857,119.3428571,1987,Zone_5,2590,1.31,43.9,Business
T01332,R0146,12.25,87,233.83,2/29/2024,0,1.160572182,0.899498321,0,Thursday,February,0,0,1,0,0,0,0,0,0,0,1,0,0,0,5.458861848,2.583997552,9.327379053,0,Kavya Gupta,30,Male,Surat,4/15/2020,80,11,3.89,1,7,Medium,9.634285714,134.0671429,2339,Zone_6,14627,0.54,37.6,Mixed
T01333,R0135,12.9,77.2,259.46,7/23/2023,1,1.460336139,1.045572581,0,Sunday,July,0,0,1,0,0,0,0,1,0,0,0,0,0,0,5.562449299,2.63188884,8.786353055,0,Reyansh Patel,38,Female,Ahmedabad,2/24/2022,153,8,3.47,0,8,Medium,8.325,124.01625,1659,Zone_3,12971,2.11,38,Business
T01334,R0022,5.25,39.93,80.17,5/16/2023,0,-0.63660806,-0.673609087,0,Tuesday,May,0,0,1,0,0,0,1,0,0,0,0,0,0,0,4.396545721,1.832581464,6.319018911,0,Aarav Nair,43,Female,Kolkata,9/14/2020,220,1,3.32,0,7,Medium,7.464285714,118.1742857,2187,Zone_2,6371,0.91,58.4,Residential
T01335,R0237,4.6,41.73,44.08,6/1/2023,0,-1.058710331,-0.819683346,0,Thursday,June,0,0,0,1,0,0,0,1,0,0,0,0,0,0,3.808438689,1.722766598,6.45987616,0,Aadhya Nair,40,Male,Chennai,12/13/2022,36,3,3.71,1,10,Medium,9.737,175.97,1367,Zone_3,12971,2.11,38,Business
T01336,R0157,9.73,77.54,93.63,10/17/2023,0,-0.479182276,0.333179654,0,Tuesday,October,0,0,1,0,1,0,0,0,0,0,0,0,0,0,4.549974551,2.373043557,8.805679985,0,Kavya Nair,36,Female,Hyderabad,11/23/2021,319,27,4.65,0,10,Medium,11.39,187.593,1752,Zone_1,4921,2.43,30.9,Residential
T01337,R0152,8.76,51.32,154.75,2/14/2024,0,0.235666458,0.115191914,0,Wednesday,February,0,0,1,0,1,0,0,0,0,0,0,0,0,0,5.048252158,2.2782924,7.163797875,0,Arjun Patel,34,Female,Bengaluru,5/4/2021,143,24,3.91,0,5,Low,9.706,182.912,1955,Zone_1,4921,2.43,30.9,Residential
T01338,R0160,8.35,66.52,109.36,5/3/2024,0,-0.295206972,0.023052765,0,Friday,May,0,1,0,0,1,0,0,0,0,0,0,0,0,0,4.703747749,2.235376343,8.155979402,0,Kavya Nair,30,Male,Surat,6/16/2021,438,7,4.42,1,3,Low,10.91,132.3133333,1912,Zone_1,4921,2.43,30.9,Residential
T01339,R0249,11.01,106.56,154.05,3/27/2023,0,0.227479382,0.620833581,0,Monday,March,1,0,0,0,0,1,0,0,0,0,0,0,0,0,5.043747646,2.485739636,10.32279032,0,Diya Nair,20,Male,Mumbai,3/24/2023,396,48,4.49,1,8,Medium,8.08875,135.06625,1266,Zone_10,2440,1.54,35.4,Industrial
T01340,R0223,2.36,18.92,47.61,11/16/2023,1,-1.017424074,-1.323077717,0,Thursday,November,0,0,1,0,0,0,0,0,0,0,0,1,0,0,3.883829271,1.211940974,4.349712634,0,Meera Ghosh,30,Female,Surat,11/29/2019,158,10,4.04,0,8,Medium,7.05,123.40125,2477,Zone_7,11070,0.64,45.2,Industrial
T01341,R0285,3.68,26.59,64.46,7/22/2024,0,-0.820349448,-1.026434605,0,Monday,July,0,0,1,0,0,0,0,0,0,0,0,0,0,1,4.181439269,1.54329811,5.156549234,0,Diya Iyer,29,Female,Chennai,1/10/2019,244,16,4.97,0,9,Medium,6.987777778,122.82,2800,Zone_9,11037,1.83,56.1,Mixed
T01342,R0055,11.22,84.17,99.64,1/29/2024,0,-0.408890376,0.668026803,0,Monday,January,0,0,0,1,0,0,0,1,0,0,0,0,0,0,4.611549793,2.503073954,9.174420963,0,Kavya Singh,32,Male,Delhi,11/7/2021,425,12,4.19,1,8,Medium,8.9625,138.695,1768,Zone_3,12971,2.11,38,Business
T01343,R0211,0.8,4.79,12.38,1/16/2024,0,-1.429467937,-1.673655939,0,Tuesday,January,0,0,1,0,0,0,1,0,0,0,0,0,0,0,2.593761055,0.587786665,2.188606863,0,Arjun Reddy,36,Female,Mumbai,4/4/2021,435,17,3.63,0,7,Medium,6.582857143,92.26857143,1985,Zone_2,6371,0.91,58.4,Residential
T01344,R0189,2.77,24.1,67.88,2/1/2023,1,-0.780349731,-1.230938569,0,Wednesday,February,0,1,0,0,0,1,0,0,0,0,0,0,0,0,4.23236586,1.327075001,4.909175083,0,Reyansh Gupta,29,Female,Delhi,9/16/2019,238,42,3.28,0,8,Medium,9.00375,185.0875,2551,Zone_10,2440,1.54,35.4,Industrial
T01345,R0114,7.23,59.13,66.53,12/30/2023,0,-0.796139093,-0.22864442,0,Saturday,December,0,0,0,1,0,0,0,0,0,0,0,1,0,0,4.212571944,2.107786015,7.689603371,0,Meera Das,36,Male,Chennai,5/23/2022,242,23,3.45,1,1,Low,7.23,66.53,1571,Zone_7,11070,0.64,45.2,Industrial
T01346,R0080,1.56,9.11,17.39,8/23/2023,0,-1.370871861,-1.502861421,0,Wednesday,August,1,0,0,0,0,0,0,0,1,0,0,0,0,0,2.911807039,0.940007258,3.018277655,0,Reyansh Kumar,19,Female,Mumbai,5/15/2021,34,6,4.6,0,6,Medium,9.185,140.6133333,1944,Zone_4,4038,2.46,48.2,Business
T01347,R0130,11.21,90.54,272.14,9/30/2023,1,1.608639181,0.665779506,0,Saturday,September,0,1,0,0,0,0,1,0,0,0,0,0,0,0,5.609984484,2.502255288,9.515250916,0,Diya Ghosh,27,Female,Pune,2/16/2019,316,62,3.62,0,8,Medium,6.3625,112.04125,2763,Zone_2,6371,0.91,58.4,Residential
T01348,R0131,6.04,32.61,91.44,5/18/2024,0,-0.504796129,-0.496072679,0,Saturday,May,0,0,1,0,0,0,1,0,0,0,0,0,0,0,4.526559785,1.95160817,5.710516614,0,Reyansh Ghosh,24,Male,Surat,10/22/2019,99,7,3.6,1,5,Low,5.394,87.046,2515,Zone_2,6371,0.91,58.4,Residential
T01349,R0023,17.16,162.72,261.85,3/8/2024,0,1.488289157,2.002920803,0,Friday,March,0,0,0,1,0,0,0,0,0,0,0,1,0,0,5.571583527,2.899221373,12.75617498,0,Meera Iyer,24,Other,Jaipur,10/9/2019,176,32,3.21,2,8,Medium,8.11375,149.4525,2528,Zone_7,11070,0.64,45.2,Industrial
T01350,R0068,4.85,29,115.16,4/2/2024,1,-0.227371195,-0.763500939,0,Tuesday,April,0,1,0,0,0,0,0,0,0,0,1,0,0,0,4.754968551,1.766441661,5.385164807,0,Meera Singh,30,Female,Ahmedabad,8/31/2022,456,70,4.97,0,9,Medium,7.977777778,122.2922222,1471,Zone_6,14627,0.54,37.6,Mixed
T01351,R0133,5.12,49.57,60.88,4/17/2024,0,-0.862220496,-0.702823939,0,Wednesday,April,0,0,0,1,0,0,0,0,0,0,1,0,0,0,4.125197026,1.811562097,7.040596566,0,Diya Kumar,25,Female,Delhi,7/13/2019,155,11,4.4,0,9,Medium,7.21,90.80777778,2616,Zone_6,14627,0.54,37.6,Mixed
T01352,R0091,12.02,100.94,275.23,1/19/2024,1,1.644779276,0.847810507,0,Friday,January,0,0,1,0,0,0,0,0,0,1,0,0,0,0,5.621233852,2.566486637,10.04689007,0,Meera Das,41,Other,Surat,4/16/2022,334,43,3.4,2,7,Medium,7.125714286,129.0871429,1608,Zone_5,2590,1.31,43.9,Business
T01353,R0102,4.72,36.52,52.99,4/16/2023,0,-0.954500543,-0.792715791,0,Sunday,April,1,0,0,0,0,0,0,1,0,0,0,0,0,0,3.988798844,1.743968805,6.043177972,0,Aarav Nair,18,Female,Chennai,5/13/2023,123,22,4.1,0,4,Low,8.9575,120.825,1216,Zone_3,12971,2.11,38,Business
T01354,R0063,15.56,149.46,218.79,6/7/2023,0,0.984666996,1.643353396,0,Wednesday,June,0,0,1,0,0,0,0,0,0,0,1,0,0,0,5.392672545,2.806990149,12.22538343,0,Diya Iyer,34,Male,Surat,4/21/2023,329,33,4.83,1,6,Medium,11.25833333,207.4266667,1238,Zone_6,14627,0.54,37.6,Mixed
T01355,R0245,10.41,76.48,243.67,8/14/2023,1,1.275659085,0.485995803,0,Monday,August,0,0,0,1,0,0,0,0,0,0,1,0,0,0,5.499910364,2.434490164,8.745284444,0,Diya Sharma,35,Female,Hyderabad,3/4/2020,265,48,4.73,0,5,Low,7.944,150.266,2381,Zone_6,14627,0.54,37.6,Mixed
T01356,R0098,6.48,51.15,142.24,6/15/2023,1,0.089351706,-0.397191642,0,Thursday,June,0,0,0,1,0,0,0,1,0,0,0,0,0,0,4.964521545,2.012232792,7.151922818,0,Diya Singh,21,Other,Bengaluru,4/29/2023,286,56,3.5,2,8,Medium,8.85875,133.96875,1230,Zone_3,12971,2.11,38,Business
T01357,R0098,7.2,50.64,128.48,9/15/2023,0,-0.071582826,-0.235386309,0,Friday,September,0,0,1,0,0,0,0,0,0,1,0,0,0,0,4.863526429,2.104134154,7.11617875,0,Diya Singh,21,Other,Bengaluru,4/29/2023,286,56,3.5,2,8,Medium,8.85875,133.96875,1230,Zone_5,2590,1.31,43.9,Business
T01358,R0118,22.25,183.6,317.32,2/14/2023,0,2.137056488,3.146794619,0,Tuesday,February,0,0,0,1,0,0,0,0,1,0,0,0,0,0,5.763057166,3.146305132,13.54990775,0,Reyansh Gupta,29,Male,Surat,9/26/2023,165,24,4.13,1,4,Low,9.555,133.1725,1080,Zone_4,4038,2.46,48.2,Business
T01359,R0152,10.44,100.29,230.32,2/17/2024,1,1.119519841,0.492737692,0,Saturday,February,0,0,1,0,0,0,0,0,0,0,1,0,0,0,5.443802033,2.437115986,10.0144895,0,Arjun Patel,34,Female,Bengaluru,5/4/2021,143,24,3.91,0,5,Low,9.706,182.912,1955,Zone_6,14627,0.54,37.6,Mixed
T01360,R0067,8.75,44.84,112.76,7/9/2023,0,-0.255441172,0.112944617,0,Sunday,July,1,0,0,0,1,0,0,0,0,0,0,0,0,0,4.734090966,2.277267285,6.696267617,0,Saanvi Iyer,32,Male,Pune,7/24/2022,348,9,3.38,1,13,High,8.697692308,142.0623077,1509,Zone_1,4921,2.43,30.9,Residential
T01361,R0188,7.34,37.06,173.56,2/11/2023,1,0.455664898,-0.203924161,0,Saturday,February,0,1,0,0,0,0,0,0,0,0,1,0,0,0,5.162268522,2.121063216,6.087692502,0,Vivaan Gupta,24,Male,Delhi,7/16/2020,436,64,3.15,1,4,Low,6.1125,116.61,2247,Zone_6,14627,0.54,37.6,Mixed
T01362,R0204,13.19,125.25,176.72,2/7/2024,0,0.492623701,1.110744173,0,Wednesday,February,0,1,0,0,0,0,0,0,0,0,0,0,0,1,5.180209278,2.652537491,11.19151464,0,Aarav Kumar,37,Female,Hyderabad,1/1/2019,438,5,3.73,0,7,Medium,9.687142857,128.7642857,2809,Zone_9,11037,1.83,56.1,Mixed
T01363,R0272,0.41,2.44,4.05,11/24/2023,0,-1.526894146,-1.761300495,0,Friday,November,0,1,0,0,0,0,1,0,0,0,0,0,0,0,1.619388243,0.343589704,1.562049935,0,Kavya Ghosh,21,Male,Kolkata,1/15/2020,432,4,4.79,1,7,Medium,5.755714286,98.82285714,2430,Zone_2,6371,0.91,58.4,Residential
T01364,R0044,7.09,40.91,95.09,2/23/2024,0,-0.462106373,-0.260106568,0,Friday,February,0,0,1,0,0,0,0,0,0,0,0,0,1,0,4.565285252,2.090628731,6.396092557,0,Arjun Gupta,36,Female,Hyderabad,8/1/2020,271,5,3.21,0,10,Medium,10.226,166.052,2231,Zone_8,4516,1.93,31,Business
T01365,R0214,6.17,47.6,88.34,4/12/2023,0,-0.541053182,-0.466857827,0,Wednesday,April,0,0,0,1,0,0,0,0,0,0,0,1,0,0,4.492449316,1.969905655,6.899275324,0,Aarav Kumar,20,Female,Kolkata,9/14/2022,210,2,4.53,0,6,Medium,6.793333333,113.615,1457,Zone_7,11070,0.64,45.2,Industrial
T01366,R0043,5.33,35.49,60.35,6/16/2024,0,-0.868419282,-0.655630716,0,Sunday,June,1,0,0,0,0,0,0,1,0,0,0,0,0,0,4.116595171,1.845300236,5.957348403,0,Diya Kumar,28,Male,Ahmedabad,12/10/2021,85,16,4.68,1,9,Medium,7.462222222,95.83333333,1735,Zone_3,12971,2.11,38,Business
T01367,R0044,12.24,79.23,239.01,8/23/2023,0,1.221156548,0.897251025,0,Wednesday,August,1,0,0,0,0,0,1,0,0,0,0,0,0,0,5.480680589,2.583242551,8.901123525,0,Arjun Gupta,36,Female,Hyderabad,8/1/2020,271,5,3.21,0,10,Medium,10.226,166.052,2231,Zone_2,6371,0.91,58.4,Residential
T01368,R0265,14.91,122.7,124.55,3/12/2024,0,-0.117547412,1.497279137,0,Tuesday,March,0,0,1,0,0,0,0,0,0,0,0,0,1,0,4.832704086,2.766947842,11.0770032,0,Kavya Das,39,Female,Bengaluru,11/26/2020,176,24,3.26,0,4,Low,11.22,151.9275,2114,Zone_8,4516,1.93,31,Business
T01369,R0128,11.03,62.96,88.9,6/5/2023,0,-0.534503521,0.625328173,0,Monday,June,1,0,0,0,0,1,0,0,0,0,0,0,0,0,4.498697941,2.48740353,7.93473377,0,Reyansh Reddy,35,Male,Jaipur,12/9/2021,26,4,4.31,1,1,Low,11.03,88.9,1736,Zone_10,2440,1.54,35.4,Industrial
T01370,R0204,11.2,65.39,91.6,3/26/2024,0,-0.502924797,0.66353221,0,Tuesday,March,0,0,1,0,1,0,0,0,0,0,0,0,0,0,4.528289142,2.501435952,8.08640835,0,Aarav Kumar,37,Female,Hyderabad,1/1/2019,438,5,3.73,0,7,Medium,9.687142857,128.7642857,2809,Zone_1,4921,2.43,30.9,Residential
T01371,R0216,0.58,3.43,7.88,7/12/2023,0,-1.482099142,-1.723096458,0,Wednesday,July,1,0,0,0,0,0,0,0,0,0,0,0,0,1,2.183801557,0.457424847,1.852025918,0,Ishaan Ghosh,44,Female,Chennai,8/1/2019,335,24,3.4,0,5,Low,5.928,99.776,2597,Zone_9,11037,1.83,56.1,Mixed
T01372,R0153,4.61,32.97,105.47,7/25/2024,1,-0.340703725,-0.81743605,0,Thursday,July,0,1,0,0,0,0,1,0,0,0,0,0,0,0,4.667863255,1.72455072,5.741950888,0,Aadhya Ghosh,20,Male,Mumbai,5/4/2020,76,14,4.54,1,5,Low,5.768,92.19,2320,Zone_2,6371,0.91,58.4,Residential
T01373,R0210,15.37,150.01,128.24,7/18/2023,0,-0.074389824,1.600654766,0,Tuesday,July,0,0,1,0,0,0,0,0,0,1,0,0,0,0,4.861671141,2.795450391,12.24785696,0,Meera Iyer,34,Other,Mumbai,1/2/2022,94,5,3.4,2,4,Low,10.135,129.5475,1712,Zone_5,2590,1.31,43.9,Business
T01374,R0294,5.38,40.34,51.92,6/23/2023,0,-0.967015075,-0.644394235,0,Friday,June,0,0,1,0,0,0,0,0,0,0,0,0,1,0,3.968781339,1.853168097,6.351377803,0,Arjun Reddy,24,Male,Surat,4/2/2021,41,7,3.2,1,7,Medium,8.097142857,119.3428571,1987,Zone_8,4516,1.93,31,Business
T01375,R0104,7.32,40.19,66.74,7/13/2023,0,-0.79368297,-0.208418753,0,Thursday,July,0,0,0,1,0,0,0,0,0,1,0,0,0,0,4.215676847,2.118662255,6.339558344,0,Diya Gupta,52,Male,Kolkata,5/27/2021,328,1,3.7,1,9,Medium,5.187777778,85.04333333,1932,Zone_5,2590,1.31,43.9,Business
T01376,R0017,3.97,27.58,71.92,7/30/2024,0,-0.733098604,-0.961263013,0,Tuesday,July,0,1,0,0,0,0,0,0,0,0,0,1,0,0,4.28936295,1.60341984,5.251666402,0,Meera Das,49,Female,Mumbai,3/18/2023,288,21,3.83,0,7,Medium,7.997142857,116.0442857,1272,Zone_7,11070,0.64,45.2,Industrial
T01377,R0007,3.33,22.94,82.97,11/22/2023,1,-0.603859754,-1.105089976,0,Wednesday,November,1,0,0,0,0,0,0,0,0,0,0,0,1,0,4.430459592,1.465567542,4.789572006,0,Ishaan Ghosh,18,Female,Mumbai,3/26/2021,458,82,4.03,0,6,Medium,6.603333333,99.48666667,1994,Zone_8,4516,1.93,31,Business
T01378,R0285,5.65,33.33,140.2,2/2/2023,1,0.065492226,-0.583717235,0,Thursday,February,0,1,0,0,0,0,1,0,0,0,0,0,0,0,4.950177325,1.894616855,5.77321401,0,Diya Iyer,29,Female,Chennai,1/10/2019,244,16,4.97,0,9,Medium,6.987777778,122.82,2800,Zone_2,6371,0.91,58.4,Residential
T01379,R0119,4.69,28.13,49.68,7/21/2024,0,-0.993213719,-0.799457679,0,Sunday,July,1,0,0,0,0,0,0,0,0,0,0,0,1,0,3.925531355,1.738710248,5.303772242,0,Saanvi Iyer,47,Male,Hyderabad,5/5/2023,30,1,4.39,1,5,Low,5.846,81.1,1224,Zone_8,4516,1.93,31,Business
T01380,R0243,12.79,100.65,278.98,1/4/2023,1,1.688638614,1.020852321,0,Wednesday,January,0,1,0,0,0,0,0,0,0,0,0,1,0,0,5.634718172,2.623943692,10.03244736,0,Ishaan Patel,33,Male,Jaipur,2/6/2023,315,11,3.7,1,7,Medium,7.901428571,135.5042857,1312,Zone_7,11070,0.64,45.2,Industrial
T01381,R0164,9.08,56.55,82.43,5/12/2023,0,-0.610175499,0.187105395,0,Friday,May,0,0,1,0,0,0,0,0,0,0,0,1,0,0,4.424007957,2.310553263,7.519973404,0,Aadhya Ghosh,37,Other,Ahmedabad,7/6/2022,249,23,4.02,2,12,High,8.356666667,146.5408333,1527,Zone_7,11070,0.64,45.2,Industrial
T01382,R0039,13.09,76.06,231.95,3/8/2024,0,1.138584034,1.08827121,0,Friday,March,0,1,0,0,0,0,0,0,0,0,0,0,0,1,5.450823838,2.645465326,8.721238444,0,Aadhya Iyer,24,Male,Chennai,11/18/2023,190,14,4.2,1,7,Medium,4.837142857,72.58,1027,Zone_9,11037,1.83,56.1,Mixed
T01383,R0171,1.06,10.23,25.97,5/17/2023,1,-1.270521695,-1.615226235,0,Wednesday,May,0,0,1,0,0,0,0,1,0,0,0,0,0,0,3.294725137,0.722705983,3.198437118,0,Kavya Singh,23,Female,Jaipur,5/13/2019,276,19,4.3,0,4,Low,3.03,35.78,2677,Zone_3,12971,2.11,38,Business
T01384,R0201,14.13,71.29,140.88,2/28/2023,0,0.073445386,1.321990025,0,Tuesday,February,0,0,1,0,0,0,0,0,0,0,0,0,0,1,4.95498163,2.716679528,8.443340571,0,Meera Reddy,37,Female,Delhi,4/6/2021,183,15,3.84,0,7,Medium,9.668571429,153.1142857,1983,Zone_9,11037,1.83,56.1,Mixed
T01385,R0121,8.11,70.94,165.6,6/29/2023,1,0.362566143,-0.030882346,0,Thursday,June,1,0,0,0,0,0,1,0,0,0,0,0,0,0,5.11559573,2.209372711,8.422588676,0,Diya Iyer,29,Male,Pune,7/13/2023,378,10,4.17,1,11,High,7.996363636,133.1254545,1155,Zone_2,6371,0.91,58.4,Residential
T01386,R0001,17.2,132.29,251.19,8/9/2024,0,1.363611678,2.011909989,0,Friday,August,0,1,0,0,0,0,0,0,0,1,0,0,0,0,5.530182772,2.901421594,11.501739,0,Aarav Das,23,Male,Pune,6/29/2020,56,0,3.76,1,2,Low,10.42,158.785,2264,Zone_5,2590,1.31,43.9,Business
T01387,R0085,7.74,70.43,66.39,8/17/2023,0,-0.797776508,-0.114032309,0,Thursday,August,1,0,0,0,0,0,0,0,0,0,0,0,1,0,4.210496639,2.16791019,8.392258337,0,Aadhya Ghosh,29,Female,Chennai,9/17/2022,94,12,4.95,0,5,Low,8.798,101.982,1454,Zone_8,4516,1.93,31,Business
T01388,R0288,0.53,4.2,5.69,9/6/2023,0,-1.507712996,-1.734332939,0,Wednesday,September,0,0,1,0,0,0,0,0,0,0,1,0,0,0,1.900613874,0.425267735,2.049390153,0,Diya Ghosh,42,Male,Ahmedabad,8/30/2021,43,5,4.56,1,8,Medium,6.51,99.45,1837,Zone_6,14627,0.54,37.6,Mixed
T01389,R0011,14.42,131.06,305.27,7/2/2023,1,1.996121814,1.387161618,0,Sunday,July,1,0,0,0,0,0,0,1,0,0,0,0,0,0,5.724467066,2.735665368,11.44814395,0,Vivaan Nair,26,Male,Chennai,4/14/2020,208,34,4,1,10,Medium,8.896,163.378,2340,Zone_3,12971,2.11,38,Business
T01390,R0203,7.32,57.56,174.24,11/26/2023,1,0.463618058,-0.208418753,0,Sunday,November,0,0,1,0,0,0,0,0,0,0,1,0,0,0,5.166156463,2.118662255,7.586830695,0,Kavya Gupta,49,Female,Bengaluru,7/25/2023,152,9,3.6,0,5,Low,7.756,139.73,1143,Zone_6,14627,0.54,37.6,Mixed
T01391,R0295,2.76,17.59,28.06,4/19/2024,0,-1.246077424,-1.233185865,0,Friday,April,0,0,1,0,0,0,0,0,0,0,0,1,0,0,3.369362658,1.324418957,4.194043395,0,Kavya Gupta,18,Female,Delhi,5/29/2019,98,18,3.59,0,9,Medium,4.974444444,58.22666667,2661,Zone_7,11070,0.64,45.2,Industrial
T01392,R0125,8.73,59.38,134.85,5/11/2023,0,0.00291957,0.108450025,0,Thursday,May,0,0,1,0,0,0,0,0,0,1,0,0,0,0,4.911551336,2.275213896,7.70584194,0,Saanvi Ghosh,44,Male,Ahmedabad,4/22/2023,99,19,3.89,1,6,Medium,9.295,186.1266667,1237,Zone_5,2590,1.31,43.9,Business
T01393,R0214,9.16,86.66,183.4,5/15/2023,1,0.570751802,0.205083766,0,Monday,May,0,0,1,0,0,0,0,0,0,0,0,0,1,0,5.217107311,2.318458442,9.309135298,0,Aarav Kumar,20,Female,Kolkata,9/14/2022,210,2,4.53,0,6,Medium,6.793333333,113.615,1457,Zone_8,4516,1.93,31,Business
T01394,R0100,13.38,119.64,265.91,10/24/2023,0,1.5357742,1.153442803,0,Tuesday,October,0,1,0,0,0,0,0,0,0,0,0,0,1,0,5.586911523,2.665838352,10.93800713,0,Ishaan Gupta,28,Male,Delhi,5/24/2021,383,60,3.79,1,12,High,8.454166667,138.1241667,1935,Zone_8,4516,1.93,31,Business
T01395,R0284,9.94,55.38,141.77,12/16/2023,0,0.083854669,0.380372877,0,Saturday,December,0,0,0,1,0,0,0,0,0,0,0,0,0,1,4.961234944,2.392425797,7.441773982,0,Vivaan Das,28,Female,Surat,7/31/2019,135,19,4.95,0,7,Medium,8.701428571,140.9042857,2598,Zone_9,11037,1.83,56.1,Mixed
T01396,R0129,13.74,86.72,322.3,6/12/2023,1,2.195301689,1.23434547,0,Monday,June,1,0,0,0,0,0,0,0,0,0,1,0,0,0,5.778580685,2.690564887,9.312357381,0,Vivaan Singh,35,Male,Hyderabad,10/8/2022,158,10,3.9,1,11,High,8.170909091,137.1181818,1433,Zone_6,14627,0.54,37.6,Mixed
T01397,R0024,5.63,36.68,96.95,5/7/2023,0,-0.440352141,-0.588211827,0,Sunday,May,0,1,0,0,0,0,0,0,0,0,0,0,1,0,4.584457144,1.891604804,6.056401572,0,Meera Kumar,41,Other,Chennai,7/10/2019,140,16,3.49,2,4,Low,7.7425,119.4725,2619,Zone_8,4516,1.93,31,Business
T01398,R0176,17.63,136.49,373.6,1/10/2024,1,2.795297435,2.108543729,0,Wednesday,January,0,0,0,1,0,0,0,0,0,0,0,1,0,0,5.92585879,2.924773185,11.68289348,0,Kavya Gupta,43,Male,Mumbai,5/24/2019,260,13,3.95,1,6,Medium,15.17666667,273.0116667,2666,Zone_7,11070,0.64,45.2,Industrial
T01399,R0015,0.59,4.04,7.02,4/18/2023,0,-1.492157551,-1.720849161,0,Tuesday,April,0,1,0,0,0,0,0,0,0,0,0,0,0,1,2.081938422,0.463734016,2.009975124,0,Saanvi Patel,28,Other,Chennai,12/19/2022,46,1,3.87,2,5,Low,6,119.57,1361,Zone_9,11037,1.83,56.1,Mixed
T01400,R0186,10.73,82.44,247.47,6/5/2023,1,1.320103215,0.557909284,0,Monday,June,0,0,0,1,0,0,0,0,0,0,1,0,0,0,5.515322114,2.462149663,9.07964757,0,Ishaan Sharma,18,Other,Hyderabad,12/11/2020,373,19,3.26,2,7,Medium,9.797142857,134.1171429,2099,Zone_6,14627,0.54,37.6,Mixed
T01401,R0040,10.06,55.66,185.32,11/28/2023,0,0.593207783,0.407340432,0,Tuesday,November,0,0,0,1,0,0,0,0,0,0,0,0,0,1,5.227465626,2.403334996,7.460562981,0,Aarav Gupta,34,Other,Surat,5/5/2023,485,36,4.41,2,10,Medium,8.045,114.075,1224,Zone_9,11037,1.83,56.1,Mixed
T01402,R0045,5.89,32.55,119.72,6/1/2024,1,-0.17403824,-0.529782124,0,Saturday,June,1,0,0,0,0,1,0,0,0,0,0,0,0,0,4.793473814,1.930071085,5.70526073,0,Saanvi Iyer,34,Other,Ahmedabad,7/12/2023,100,16,4.88,2,9,Medium,9.725555556,169.9833333,1156,Zone_10,2440,1.54,35.4,Industrial
T01403,R0117,4.13,27.22,97.9,6/13/2024,1,-0.429241109,-0.925306272,0,Thursday,June,0,0,1,0,0,0,0,0,0,0,0,1,0,0,4.594109239,1.635105659,5.217278984,0,Aadhya Gupta,21,Female,Ahmedabad,6/12/2021,369,37,3.16,0,5,Low,5.838,98.296,1916,Zone_7,11070,0.64,45.2,Industrial
T01404,R0300,6.13,37.67,146.58,12/5/2023,1,0.14011158,-0.475847013,0,Tuesday,December,0,0,1,0,0,0,0,0,0,0,0,0,0,1,4.994370402,1.964311234,6.137589103,0,Saanvi Iyer,38,Female,Kolkata,7/8/2023,291,7,3.67,0,6,Medium,9.146666667,166.1283333,1160,Zone_9,11037,1.83,56.1,Mixed
T01405,R0133,6.27,38.18,61.68,5/9/2023,0,-0.852863837,-0.444384864,0,Tuesday,May,1,0,0,0,0,0,0,0,0,0,0,0,1,0,4.138042417,1.983756292,6.178996682,0,Diya Kumar,25,Female,Delhi,7/13/2019,155,11,4.4,0,9,Medium,7.21,90.80777778,2616,Zone_8,4516,1.93,31,Business
T01406,R0031,1.73,13.13,34.58,10/18/2023,0,-1.169820654,-1.464657383,0,Wednesday,October,0,0,1,0,0,0,0,0,0,0,1,0,0,0,3.571783682,1.004301609,3.623534186,0,Reyansh Nair,29,Female,Hyderabad,4/27/2023,230,21,4.62,0,3,Low,9.016666667,130.27,1232,Zone_6,14627,0.54,37.6,Mixed
T01407,R0002,12.96,74.47,204.25,1/13/2023,0,0.814609722,1.059056359,0,Friday,January,1,0,0,0,0,0,0,0,0,0,1,0,0,0,5.324228748,2.636196097,8.629600222,0,Ishaan Nair,39,Female,Mumbai,11/23/2019,70,5,4.12,0,7,Medium,10.81285714,167.9442857,2483,Zone_6,14627,0.54,37.6,Mixed
T01408,R0285,2.54,19.25,48.66,4/17/2023,0,-1.005143459,-1.282626383,0,Monday,April,0,1,0,0,0,0,0,0,1,0,0,0,0,0,3.90519978,1.264126727,4.387482194,0,Diya Iyer,29,Female,Chennai,1/10/2019,244,16,4.97,0,9,Medium,6.987777778,122.82,2800,Zone_4,4038,2.46,48.2,Business
T01409,R0164,13.12,84.41,167.66,8/8/2024,0,0.38665954,1.095013099,0,Thursday,August,0,0,1,0,0,0,0,0,0,1,0,0,0,0,5.127884854,2.647592232,9.187491497,0,Aadhya Ghosh,37,Other,Ahmedabad,7/6/2022,249,23,4.02,2,12,High,8.356666667,146.5408333,1527,Zone_5,2590,1.31,43.9,Business
T01410,R0144,0.94,7.98,19.79,12/14/2023,1,-1.342801884,-1.642193791,0,Thursday,December,0,1,0,0,0,0,0,0,0,1,0,0,0,0,3.034472102,0.662687973,2.824889378,0,Ishaan Kumar,34,Other,Pune,1/31/2021,194,10,3.52,2,9,Medium,9.385555556,172.4944444,2048,Zone_5,2590,1.31,43.9,Business
T01411,R0027,7.11,69.09,64.67,9/13/2023,0,-0.817893325,-0.255611975,0,Wednesday,September,1,0,0,0,0,0,1,0,0,0,0,0,0,0,4.1846422,2.093097868,8.312039461,0,Ishaan Iyer,39,Male,Jaipur,10/5/2019,403,61,3.98,1,8,Medium,7.22875,103.41,2532,Zone_2,6371,0.91,58.4,Residential
T01412,R0049,7.19,66.72,108.1,5/3/2024,0,-0.309943709,-0.237633605,0,Friday,May,0,0,0,1,0,0,0,0,0,0,0,0,0,1,4.692264893,2.102913898,8.168231143,0,Meera Iyer,39,Male,Mumbai,5/19/2020,375,55,4.4,1,6,Medium,9.728333333,163.4,2305,Zone_9,11037,1.83,56.1,Mixed
T01413,R0298,7.92,77.03,135.54,6/29/2024,0,0.010989688,-0.073580975,0,Saturday,June,0,0,0,1,1,0,0,0,0,0,0,0,0,0,4.916617612,2.188295947,8.77667363,0,Vivaan Singh,35,Female,Ahmedabad,3/25/2020,65,11,3.88,0,7,Medium,9.027142857,143.2014286,2360,Zone_1,4921,2.43,30.9,Residential
T01414,R0208,12.78,126.74,130.84,4/1/2023,0,-0.043980682,1.018605025,0,Saturday,April,0,1,0,0,0,1,0,0,0,0,0,0,0,0,4.881589066,2.623218266,11.25788612,0,Aadhya Iyer,24,Other,Chennai,1/8/2020,356,53,4.75,2,6,Medium,8.236666667,100.355,2437,Zone_10,2440,1.54,35.4,Industrial
T01415,R0213,6.99,58.93,104.49,9/20/2023,0,-0.352165632,-0.282579531,0,Wednesday,September,0,0,1,0,0,0,0,0,0,0,0,1,0,0,4.658616162,2.07819076,7.676587784,0,Kavya Ghosh,29,Female,Chennai,6/4/2019,456,26,3.74,0,9,Medium,6.787777778,118.2666667,2655,Zone_7,11070,0.64,45.2,Industrial
T01416,R0230,5.71,44.65,129.96,9/6/2023,1,-0.054273007,-0.570233457,0,Wednesday,September,0,1,0,0,0,0,0,0,0,0,0,1,0,0,4.874891933,1.903598951,6.682065549,0,Kavya Gupta,32,Male,Chennai,11/22/2022,183,23,3.65,1,8,Medium,7.3325,113.5275,1388,Zone_7,11070,0.64,45.2,Industrial
T01417,R0252,7,46.27,159.39,6/9/2024,1,0.289935079,-0.280332235,0,Sunday,June,0,1,0,0,0,0,1,0,0,0,0,0,0,0,5.077608349,2.079441542,6.802205525,0,Reyansh Gupta,38,Other,Ahmedabad,9/23/2020,392,47,4.83,2,16,High,6.275625,105.128125,2178,Zone_2,6371,0.91,58.4,Residential
T01418,R0010,12.91,90.86,182.77,1/21/2024,0,0.563383433,1.047819877,0,Sunday,January,0,1,0,0,0,0,0,1,0,0,0,0,0,0,5.213684976,2.632608006,9.532051196,0,Vivaan Gupta,25,Female,Surat,5/14/2023,173,1,3.38,0,9,Medium,9.472222222,133.8344444,1215,Zone_3,12971,2.11,38,Business
T01419,R0218,1.97,18.82,34.15,12/18/2023,0,-1.174849858,-1.410722272,0,Monday,December,0,0,0,1,0,0,1,0,0,0,0,0,0,0,3.559624618,1.088561953,4.338202393,0,Arjun Reddy,34,Other,Delhi,1/11/2019,160,16,3.87,2,6,Medium,8.34,120.9116667,2799,Zone_2,6371,0.91,58.4,Residential
T01420,R0057,2.9,25.97,24.86,3/21/2023,0,-1.283504059,-1.201723717,0,Tuesday,March,0,0,0,1,0,1,0,0,0,0,0,0,0,0,3.252697373,1.360976553,5.096076922,0,Aadhya Reddy,39,Male,Bengaluru,6/4/2023,407,11,3.66,1,13,High,7.716923077,121.8546154,1194,Zone_10,2440,1.54,35.4,Industrial
T01421,R0107,1.78,14.81,22.31,12/17/2023,0,-1.313328409,-1.453420902,0,Sunday,December,0,1,0,0,0,1,0,0,0,0,0,0,0,0,3.148882453,1.022450928,3.848376281,0,Reyansh Gupta,33,Male,Hyderabad,1/11/2020,179,14,3.66,1,5,Low,6.514,125.586,2434,Zone_10,2440,1.54,35.4,Industrial
T01422,R0237,18.14,94.02,379.63,3/24/2024,1,3.002547428,2.223155841,0,Sunday,March,0,0,1,0,0,0,0,0,0,1,0,0,0,0,5.941827775,2.951780386,9.696391081,0,Aadhya Nair,40,Male,Chennai,12/13/2022,36,3,3.71,1,10,Medium,9.737,175.97,1367,Zone_5,2590,1.31,43.9,Business
T01423,R0165,2.2,16.41,44.97,8/18/2024,1,-1.048301048,-1.359034457,0,Sunday,August,0,0,0,1,1,0,0,0,0,0,0,0,0,0,3.82798901,1.16315081,4.05092582,0,Meera Reddy,37,Female,Kolkata,12/9/2021,34,5,3.27,0,6,Medium,7.785,129.95,1736,Zone_1,4921,2.43,30.9,Residential
T01424,R0244,1.43,12.15,17.42,5/30/2023,0,-1.370520986,-1.532076272,0,Tuesday,May,1,0,0,0,0,1,0,0,0,0,0,0,0,0,2.913437031,0.887891257,3.485685012,0,Aadhya Iyer,24,Female,Kolkata,4/22/2019,27,1,3.13,0,4,Low,8.8275,162.0525,2698,Zone_10,2440,1.54,35.4,Industrial
T01425,R0226,3.96,38.4,88.17,6/28/2023,1,-0.543041472,-0.963510309,0,Wednesday,June,0,1,0,0,0,0,0,0,0,0,1,0,0,0,4.49054466,1.601405741,6.196773354,0,Aarav Iyer,20,Other,Surat,7/30/2021,266,2,3.25,2,7,Medium,7.601428571,129.5257143,1868,Zone_6,14627,0.54,37.6,Mixed
T01426,R0022,4.94,31.28,82.58,5/9/2023,0,-0.608421125,-0.743275272,0,Tuesday,May,0,0,1,0,0,0,0,0,0,0,1,0,0,0,4.425804257,1.781709133,5.592852582,0,Aarav Nair,43,Female,Kolkata,9/14/2020,220,1,3.32,0,7,Medium,7.464285714,118.1742857,2187,Zone_6,14627,0.54,37.6,Mixed
T01427,R0182,15.33,112.66,335.84,7/22/2023,1,2.353663139,1.591665581,0,Saturday,July,0,0,0,1,0,0,0,0,1,0,0,0,0,0,5.81960804,2.793003907,10.61414151,0,Meera Patel,43,Male,Jaipur,9/30/2020,8,0,4.4,1,5,Low,9.906,167.162,2171,Zone_4,4038,2.46,48.2,Business
T01428,R0144,5.68,49.78,101.56,1/19/2024,0,-0.386434395,-0.576975346,0,Friday,January,1,0,0,0,0,0,1,0,0,0,0,0,0,0,4.630447993,1.899117988,7.055494313,0,Ishaan Kumar,34,Other,Pune,1/31/2021,194,10,3.52,2,9,Medium,9.385555556,172.4944444,2048,Zone_2,6371,0.91,58.4,Residential
T01429,R0269,9.46,75.28,201.31,11/18/2023,1,0.780224001,0.272502654,0,Saturday,November,0,1,0,0,0,0,0,0,0,0,0,0,1,0,5.309801174,2.347558459,8.676404785,0,Aadhya Sharma,41,Male,Mumbai,5/19/2019,423,16,3.41,1,7,Medium,9.008571429,208.3957143,2671,Zone_8,4516,1.93,31,Business
T01430,R0164,0.95,6.29,8.12,5/6/2024,0,-1.479292145,-1.639946495,0,Monday,May,1,0,0,0,1,0,0,0,0,0,0,0,0,0,2.210469804,0.667829373,2.507987241,0,Aadhya Ghosh,37,Other,Ahmedabad,7/6/2022,249,23,4.02,2,12,High,8.356666667,146.5408333,1527,Zone_1,4921,2.43,30.9,Residential
T01431,R0243,9.04,70.93,73.6,6/16/2024,0,-0.713449621,0.17811621,0,Sunday,June,0,0,1,0,0,0,0,0,0,0,0,0,0,1,4.312140507,2.306577114,8.421995013,0,Ishaan Patel,33,Male,Jaipur,2/6/2023,315,11,3.7,1,7,Medium,7.901428571,135.5042857,1312,Zone_9,11037,1.83,56.1,Mixed
T01432,R0105,0.24,2.31,4.63,1/10/2023,0,-1.520110569,-1.799504532,0,Tuesday,January,0,1,0,0,0,0,0,0,0,0,0,1,0,0,1.728109442,0.21511138,1.519868415,0,Diya Das,31,Female,Jaipur,9/28/2020,346,9,3.69,0,12,High,7.933333333,108.4266667,2173,Zone_7,11070,0.64,45.2,Industrial
T01433,R0027,6.43,45.88,95.97,12/25/2023,0,-0.451814049,-0.408428124,0,Monday,December,0,0,1,0,0,0,0,0,0,1,0,0,0,0,4.574401652,2.005525859,6.773477689,0,Ishaan Iyer,39,Male,Jaipur,10/5/2019,403,61,3.98,1,8,Medium,7.22875,103.41,2532,Zone_5,2590,1.31,43.9,Business
T01434,R0262,4.2,36.03,76.18,8/3/2024,0,-0.683274396,-0.909575198,0,Saturday,August,0,1,0,0,0,0,0,0,1,0,0,0,0,0,4.346140356,1.648658626,6.002499479,0,Meera Singh,30,Male,Ahmedabad,4/21/2019,6,0,3.35,1,9,Medium,6.624444444,107.4844444,2699,Zone_4,4038,2.46,48.2,Business
T01435,R0019,8.29,41.99,98.89,3/19/2023,0,-0.417662244,0.009568988,0,Sunday,March,0,0,1,0,0,0,0,0,0,0,0,0,1,0,4.604069581,2.228938553,6.479969136,0,Kavya Patel,40,Other,Mumbai,4/2/2023,266,24,4.08,2,5,Low,7.75,126.598,1257,Zone_8,4516,1.93,31,Business
T01436,R0010,11.17,104.95,226.98,1/25/2023,1,1.080455791,0.656790321,0,Wednesday,January,1,0,0,0,0,1,0,0,0,0,0,0,0,0,5.429257906,2.498973907,10.24451073,0,Vivaan Gupta,25,Female,Surat,5/14/2023,173,1,3.38,0,9,Medium,9.472222222,133.8344444,1215,Zone_10,2440,1.54,35.4,Industrial
T01437,R0030,1.32,7.44,29.58,4/17/2024,1,-1.228299772,-1.556796532,0,Wednesday,April,1,0,0,0,0,0,0,0,0,0,1,0,0,0,3.420346201,0.841567186,2.727636339,0,Saanvi Patel,25,Other,Mumbai,1/8/2021,442,58,3.72,2,11,High,7.368181818,144.1136364,2071,Zone_6,14627,0.54,37.6,Mixed
T01438,R0095,2.32,15.32,24.12,6/18/2023,0,-1.292158968,-1.332066902,0,Sunday,June,0,0,0,1,0,1,0,0,0,0,0,0,0,0,3.223664342,1.199964783,3.914077158,0,Kavya Iyer,29,Female,Chennai,10/7/2020,481,77,4.26,0,13,High,8.826923077,144.5853846,2164,Zone_10,2440,1.54,35.4,Industrial
T01439,R0090,8.97,66.47,86.98,3/3/2024,0,-0.556959502,0.162385136,0,Sunday,March,0,0,0,1,0,0,0,1,0,0,0,0,0,0,4.477109516,2.299580584,8.15291359,0,Kavya Iyer,33,Female,Mumbai,1/31/2021,152,25,4.51,0,10,Medium,10.813,191.988,2048,Zone_3,12971,2.11,38,Business
T01440,R0184,11.44,107.46,187.99,7/9/2024,0,0.624435632,0.717467321,0,Tuesday,July,1,0,0,0,0,0,0,0,0,0,0,0,1,0,5.241694104,2.520917087,10.36629153,0,Meera Nair,29,Female,Surat,3/4/2020,285,27,3.97,0,8,Medium,8.645,151.59,2381,Zone_8,4516,1.93,31,Business
T01441,R0262,15.09,94.9,262.4,1/3/2024,0,1.49472186,1.53773047,0,Wednesday,January,0,0,1,0,0,0,0,0,0,1,0,0,0,0,5.573673789,2.778197961,9.741663102,0,Meera Singh,30,Male,Ahmedabad,4/21/2019,6,0,3.35,1,9,Medium,6.624444444,107.4844444,2699,Zone_5,2590,1.31,43.9,Business
T01442,R0132,5.64,55.5,111.73,8/5/2023,0,-0.26748787,-0.585964531,0,Saturday,August,1,0,0,0,0,0,0,1,0,0,0,0,0,0,4.724995579,1.893111963,7.449832213,0,Aadhya Iyer,23,Male,Surat,12/9/2022,484,25,3.32,1,11,High,6.309090909,99.27181818,1371,Zone_3,12971,2.11,38,Business
T01443,R0139,0.54,2.74,12.47,5/28/2023,1,-1.428415312,-1.732085643,0,Sunday,May,0,0,1,0,0,0,1,0,0,0,0,0,0,0,2.60046499,0.431782416,1.655294536,0,Diya Gupta,44,Other,Kolkata,10/9/2023,155,7,4.39,2,8,Medium,7.365,125.27875,1067,Zone_2,6371,0.91,58.4,Residential
T01444,R0232,8.93,48.23,144.17,2/21/2024,0,0.111924645,0.153395951,0,Wednesday,February,0,0,0,1,0,0,0,0,0,1,0,0,0,0,4.977905469,2.295560478,6.944782214,0,Meera Das,38,Male,Jaipur,12/8/2022,172,15,3.94,1,13,High,7.169230769,114.68,1372,Zone_5,2590,1.31,43.9,Business
T01445,R0146,4.03,29.85,74.2,8/10/2024,0,-0.706432127,-0.947779235,0,Saturday,August,0,0,1,0,0,0,0,0,0,0,0,0,0,1,4.320151231,1.615419984,5.463515352,0,Kavya Gupta,30,Male,Surat,4/15/2020,80,11,3.89,1,7,Medium,9.634285714,134.0671429,2339,Zone_9,11037,1.83,56.1,Mixed
T01446,R0236,3.38,17.1,61.12,4/15/2024,0,-0.859413498,-1.093853494,0,Monday,April,1,0,0,0,0,0,0,0,0,0,0,0,0,1,4.129067998,1.477048724,4.135214626,0,Arjun Gupta,28,Male,Ahmedabad,8/10/2020,61,1,3.36,1,11,High,4.546363636,69.86727273,2222,Zone_9,11037,1.83,56.1,Mixed
T01447,R0204,15.04,124.93,217.68,8/22/2023,0,0.971684632,1.526493988,0,Tuesday,August,0,1,0,0,0,0,1,0,0,0,0,0,0,0,5.387609474,2.775085602,11.17720895,0,Aarav Kumar,37,Female,Hyderabad,1/1/2019,438,5,3.73,0,7,Medium,9.687142857,128.7642857,2809,Zone_2,6371,0.91,58.4,Residential
T01448,R0095,11.09,79.83,177.19,4/29/2023,0,0.498120738,0.638811951,0,Saturday,April,0,1,0,0,0,1,0,0,0,0,0,0,0,0,5.182850397,2.492378665,8.934763567,0,Kavya Iyer,29,Female,Chennai,10/7/2020,481,77,4.26,0,13,High,8.826923077,144.5853846,2164,Zone_10,2440,1.54,35.4,Industrial
T01449,R0041,4.36,36.21,73.04,8/10/2024,0,-0.719999282,-0.873618457,0,Saturday,August,0,0,0,1,1,0,0,0,0,0,0,0,0,0,4.304605488,1.678963975,6.017474553,0,Aarav Nair,25,Other,Pune,4/11/2020,353,8,4.74,2,5,Low,8.428,140.432,2343,Zone_1,4921,2.43,30.9,Residential
T01450,R0095,7.91,57.89,184.42,1/11/2023,1,0.582681542,-0.075828272,0,Wednesday,January,1,0,0,0,1,0,0,0,0,0,0,0,0,0,5.222623522,2.187174241,7.608547825,0,Kavya Iyer,29,Female,Chennai,10/7/2020,481,77,4.26,0,13,High,8.826923077,144.5853846,2164,Zone_1,4921,2.43,30.9,Residential
T01451,R0090,7.57,66.04,94.64,1/17/2023,0,-0.467369494,-0.152236346,0,Tuesday,January,0,1,0,0,0,0,0,0,1,0,0,0,0,0,4.560591143,2.148267733,8.126499862,0,Kavya Iyer,33,Female,Mumbai,1/31/2021,152,25,4.51,0,10,Medium,10.813,191.988,2048,Zone_4,4038,2.46,48.2,Business
T01452,R0216,8.83,58.43,130.74,5/21/2023,0,-0.045150265,0.130922988,0,Sunday,May,0,0,1,0,1,0,0,0,0,0,0,0,0,0,4.880830283,2.285438934,7.643951858,0,Ishaan Ghosh,44,Female,Chennai,8/1/2019,335,24,3.4,0,5,Low,5.928,99.776,2597,Zone_1,4921,2.43,30.9,Residential
T01453,R0112,5.97,39.87,48.61,11/23/2023,0,-1.00572825,-0.511803753,0,Thursday,November,0,1,0,0,1,0,0,0,0,0,0,0,0,0,3.904192426,1.941615225,6.314269554,0,Meera Nair,41,Female,Delhi,11/13/2020,311,11,3.24,0,10,Medium,8.953,115.027,2127,Zone_1,4921,2.43,30.9,Residential
T01454,R0026,1.5,13.48,22.54,1/16/2023,0,-1.31063837,-1.516345198,0,Monday,January,0,1,0,0,0,0,0,1,0,0,0,0,0,0,3.158701102,0.916290732,3.67151195,0,Aarav Kumar,26,Female,Surat,4/17/2020,44,5,3.17,0,9,Medium,8.81,108.1322222,2337,Zone_3,12971,2.11,38,Business
T01455,R0248,3.12,16.59,37.83,11/11/2023,0,-1.131809228,-1.152283198,0,Saturday,November,0,0,0,1,0,0,0,0,0,0,0,0,1,0,3.659193144,1.415853163,4.073082371,0,Vivaan Ghosh,18,Female,Chennai,10/24/2021,104,12,3.65,0,7,Medium,8.245714286,134.2371429,1782,Zone_8,4516,1.93,31,Business
T01456,R0014,5.34,32.55,116.6,9/13/2023,1,-0.210529209,-0.65338342,0,Wednesday,September,0,0,0,1,0,0,0,0,0,0,1,0,0,0,4.767289035,1.846878768,5.70526073,0,Aarav Das,26,Female,Ahmedabad,6/8/2021,325,53,3,0,6,Medium,7.031666667,146.8333333,1920,Zone_6,14627,0.54,37.6,Mixed
T01457,R0197,8.14,59.34,155.04,10/27/2023,0,0.239058247,-0.024140457,0,Friday,October,1,0,0,0,0,1,0,0,0,0,0,0,0,0,5.050112385,2.212660385,7.703246069,0,Saanvi Das,29,Female,Bengaluru,10/8/2020,475,87,3.87,0,10,Medium,7.108,97.3,2163,Zone_10,2440,1.54,35.4,Industrial
T01458,R0197,2.59,24.08,23.54,4/17/2023,0,-1.298942546,-1.271389902,0,Monday,April,0,1,0,0,0,0,0,0,0,0,0,0,1,0,3.200304439,1.278152203,4.907137659,0,Saanvi Das,29,Female,Bengaluru,10/8/2020,475,87,3.87,0,10,Medium,7.108,97.3,2163,Zone_8,4516,1.93,31,Business
T01459,R0050,8.93,49.33,120.64,4/9/2024,0,-0.163278082,0.153395951,0,Tuesday,April,0,0,1,0,0,0,0,0,0,0,0,0,1,0,4.801065863,2.295560478,7.023531875,0,Diya Das,49,Male,Ahmedabad,10/6/2022,330,41,3.42,1,7,Medium,8.585714286,130.83,1435,Zone_8,4516,1.93,31,Business
T01460,R0144,6.09,45.45,95.39,3/22/2024,0,-0.458597626,-0.484836198,0,Friday,March,0,0,1,0,0,0,0,0,1,0,0,0,0,0,4.568402462,1.958685341,6.741661516,0,Ishaan Kumar,34,Other,Pune,1/31/2021,194,10,3.52,2,9,Medium,9.385555556,172.4944444,2048,Zone_4,4038,2.46,48.2,Business
T01461,R0086,4.2,35,45.3,6/28/2023,0,-1.044441426,-0.909575198,0,Wednesday,June,0,0,0,1,0,0,0,0,0,0,1,0,0,0,3.835141961,1.648658626,5.916079783,0,Vivaan Patel,23,Male,Hyderabad,11/8/2019,337,17,4.56,1,6,Medium,10.78,188.3033333,2498,Zone_6,14627,0.54,37.6,Mixed
T01462,R0020,1.65,12.51,16.27,2/7/2024,0,-1.383971183,-1.482635754,0,Wednesday,February,1,0,0,0,0,0,0,0,0,0,0,0,0,1,2.848970892,0.97455964,3.536947837,0,Diya Das,35,Female,Chennai,9/17/2019,274,21,4.03,0,7,Medium,7.692857143,106.58,2550,Zone_9,11037,1.83,56.1,Mixed
T01463,R0006,10.23,71.51,162.16,3/13/2023,0,0.32233251,0.445544469,0,Monday,March,0,1,0,0,0,0,0,0,0,0,0,0,0,1,5.094731314,2.418588769,8.456358554,0,Aarav Das,45,Female,Jaipur,6/30/2023,248,13,4.64,0,7,Medium,9.034285714,156.49,1168,Zone_9,11037,1.83,56.1,Mixed
T01464,R0079,10.12,57.51,203.24,7/30/2023,1,0.80279694,0.42082421,0,Sunday,July,1,0,0,0,1,0,0,0,0,0,0,0,0,0,5.319295773,2.408745289,7.583534796,0,Ishaan Nair,25,Male,Bengaluru,9/23/2020,146,28,4.92,1,4,Low,9.115,153.1025,2178,Zone_1,4921,2.43,30.9,Residential
T01465,R0137,12,79.86,296.06,5/1/2024,1,1.88840328,0.843315914,0,Wednesday,May,1,0,0,0,0,1,0,0,0,0,0,0,0,0,5.693934139,2.564949357,8.936442245,0,Arjun Gupta,27,Male,Bengaluru,8/10/2021,166,32,3.14,1,7,Medium,11.76142857,214.1957143,1857,Zone_10,2440,1.54,35.4,Industrial
T01466,R0013,10.75,59.64,144.88,4/15/2024,0,0.12022868,0.562403877,0,Monday,April,1,0,0,0,0,1,0,0,0,0,0,0,0,0,4.982784366,2.463853241,7.722693831,0,Ishaan Gupta,43,Female,Kolkata,4/1/2019,6,0,3.91,0,9,Medium,8.945555556,159.2044444,2719,Zone_10,2440,1.54,35.4,Industrial
T01467,R0263,11.12,97.41,93.08,9/8/2023,0,-0.485614978,0.64555384,0,Friday,September,0,0,1,0,0,0,0,1,0,0,0,0,0,0,4.544145484,2.494856981,9.86965045,0,Ishaan Das,31,Other,Chennai,12/30/2020,297,21,3.84,2,12,High,8.718333333,128.9725,2080,Zone_3,12971,2.11,38,Business
T01468,R0099,9.91,79.9,187.68,8/25/2023,0,0.620809926,0.373630988,0,Friday,August,0,1,0,0,0,0,0,0,0,0,1,0,0,0,5.240052458,2.3896798,8.938679992,0,Diya Gupta,35,Other,Mumbai,8/21/2021,80,8,3.7,2,9,Medium,7.707777778,142.5177778,1846,Zone_6,14627,0.54,37.6,Mixed
T01469,R0012,0.79,4.99,15.11,12/19/2023,0,-1.397538338,-1.675903235,0,Tuesday,December,0,0,1,0,0,0,0,0,0,0,0,1,0,0,2.779440197,0.58221562,2.23383079,0,Aarav Das,31,Female,Hyderabad,1/19/2022,248,11,3.31,0,5,Low,5.822,70.552,1695,Zone_7,11070,0.64,45.2,Industrial
T01470,R0213,6.6,58.55,155.4,5/30/2024,1,0.243268743,-0.370224087,0,Thursday,May,0,0,0,1,0,1,0,0,0,0,0,0,0,0,5.052416828,2.028148247,7.651797175,0,Kavya Ghosh,29,Female,Chennai,6/4/2019,456,26,3.74,0,9,Medium,6.787777778,118.2666667,2655,Zone_10,2440,1.54,35.4,Industrial
T01471,R0252,0.84,6.37,18.24,3/13/2023,1,-1.360930411,-1.664666754,0,Monday,March,0,0,1,0,0,0,0,1,0,0,0,0,0,0,2.956991445,0.609765572,2.523885893,0,Reyansh Gupta,38,Other,Ahmedabad,9/23/2020,392,47,4.83,2,16,High,6.275625,105.128125,2178,Zone_3,12971,2.11,38,Business
T01472,R0197,14.85,108.9,143.01,5/12/2024,0,0.09835749,1.483795359,0,Sunday,May,1,0,0,0,0,0,0,0,0,0,0,0,1,0,4.969882742,2.7631695,10.43551628,0,Saanvi Das,29,Female,Bengaluru,10/8/2020,475,87,3.87,0,10,Medium,7.108,97.3,2163,Zone_8,4516,1.93,31,Business
T01473,R0062,7.93,62.97,76.83,4/4/2024,0,-0.675672111,-0.071333679,0,Thursday,April,1,0,0,0,0,0,0,0,0,0,0,0,1,0,4.354526961,2.189416395,7.935363886,0,Kavya Sharma,38,Male,Jaipur,5/13/2019,57,3,3.58,1,7,Medium,9.435714286,127.0728571,2677,Zone_8,4516,1.93,31,Business
T01474,R0259,14.35,89.85,254.51,4/29/2023,0,1.402441812,1.371430544,0,Saturday,April,0,1,0,0,0,0,0,0,0,0,0,1,0,0,5.543261548,2.731115474,9.47892399,0,Aadhya Das,32,Male,Jaipur,6/25/2019,150,27,3.52,1,8,Medium,9.9675,160.385,2634,Zone_7,11070,0.64,45.2,Industrial
T01475,R0208,2.85,20.24,28.56,8/10/2024,0,-1.240229512,-1.212960198,0,Saturday,August,0,1,0,0,0,0,0,0,0,0,0,1,0,0,3.386422096,1.348073148,4.498888752,0,Aadhya Iyer,24,Other,Chennai,1/8/2020,356,53,4.75,2,6,Medium,8.236666667,100.355,2437,Zone_7,11070,0.64,45.2,Industrial
T01476,R0003,7.54,65.54,175.74,6/29/2024,1,0.481161794,-0.158978235,0,Saturday,June,0,1,0,0,0,0,1,0,0,0,0,0,0,0,5.174679726,2.144761008,8.095677859,0,Kavya Reddy,34,Male,Pune,5/4/2023,45,9,3.76,1,10,Medium,6.768,97.171,1225,Zone_2,6371,0.91,58.4,Residential
T01477,R0043,9.32,91.17,102,2/9/2023,0,-0.381288233,0.241040506,0,Thursday,February,0,0,1,0,1,0,0,0,0,0,0,0,0,0,4.634728988,2.33408376,9.548298278,0,Diya Kumar,28,Male,Ahmedabad,12/10/2021,85,16,4.68,1,9,Medium,7.462222222,95.83333333,1735,Zone_1,4921,2.43,30.9,Residential
T01478,R0199,6.35,32.89,147.29,6/21/2024,1,0.148415615,-0.426406494,0,Friday,June,0,1,0,0,1,0,0,0,0,0,0,0,0,0,4.999169816,1.994700313,5.734980384,0,Aarav Das,29,Male,Ahmedabad,8/3/2021,344,27,3.91,1,10,Medium,8.515,160.05,1864,Zone_1,4921,2.43,30.9,Residential
T01479,R0058,8.94,71.26,120.2,10/22/2023,0,-0.168424245,0.155643247,0,Sunday,October,0,0,0,1,0,0,0,0,0,0,1,0,0,0,4.797442074,2.296567021,8.441563836,0,Vivaan Reddy,46,Male,Kolkata,5/31/2021,480,25,4.32,1,8,Medium,9.515,130.43375,1928,Zone_6,14627,0.54,37.6,Mixed
T01480,R0273,15.41,120.88,163.17,3/17/2024,0,0.334145292,1.609643951,0,Sunday,March,1,0,0,0,0,0,0,0,0,0,0,1,0,0,5.100902476,2.797890905,10.9945441,0,Aadhya Nair,43,Male,Delhi,9/17/2022,289,48,3.76,1,6,Medium,12.475,159.5783333,1454,Zone_7,11070,0.64,45.2,Industrial
T01481,R0106,2.84,20.79,26.74,6/30/2024,0,-1.261515911,-1.215207494,0,Sunday,June,0,1,0,0,0,0,0,1,0,0,0,0,0,0,3.322875415,1.345472367,4.559605246,0,Aarav Patel,32,Other,Bengaluru,11/25/2021,6,1,4.03,2,4,Low,9.9175,109.655,1750,Zone_3,12971,2.11,38,Business
T01482,R0120,5.19,40.17,93.02,12/25/2023,0,-0.486316728,-0.687092865,0,Monday,December,0,0,1,0,0,0,0,0,0,0,0,1,0,0,4.543507526,1.822935087,6.337980751,0,Ishaan Gupta,18,Other,Surat,7/12/2020,311,15,4.55,2,8,Medium,8.525,126.74375,2251,Zone_7,11070,0.64,45.2,Industrial
T01483,R0154,16,137.14,336.27,7/2/2024,1,2.358692343,1.742234433,0,Tuesday,July,0,0,0,1,1,0,0,0,0,0,0,0,0,0,5.820883797,2.833213344,11.71067889,0,Kavya Patel,18,Other,Kolkata,3/25/2019,466,79,4.68,2,13,High,10.66307692,158.4246154,2726,Zone_1,4921,2.43,30.9,Residential
T01484,R0014,4.04,28.89,89.41,4/18/2023,1,-0.528538651,-0.945531939,0,Tuesday,April,0,0,0,1,1,0,0,0,0,0,0,0,0,0,4.504354881,1.617406082,5.37494186,0,Aarav Das,26,Female,Ahmedabad,6/8/2021,325,53,3,0,6,Medium,7.031666667,146.8333333,1920,Zone_1,4921,2.43,30.9,Residential
T01485,R0192,13.61,109.02,180.8,3/17/2024,0,0.540342661,1.205130618,0,Sunday,March,0,0,1,0,0,0,0,0,0,0,0,0,0,1,5.202907182,2.681706226,10.44126429,0,Aadhya Nair,31,Male,Delhi,8/23/2021,449,31,3.89,1,3,Low,5.826666667,76.73333333,1844,Zone_9,11037,1.83,56.1,Mixed
T01486,R0132,11.26,76.88,225.47,8/21/2023,1,1.062795097,0.677015988,0,Monday,August,0,0,0,1,0,0,0,0,0,0,1,0,0,0,5.422612486,2.506341931,8.768124087,0,Aadhya Iyer,23,Male,Surat,12/9/2022,484,25,3.32,1,11,High,6.309090909,99.27181818,1371,Zone_6,14627,0.54,37.6,Mixed
T01487,R0174,6.92,68.8,62.66,4/23/2024,0,-0.84140193,-0.298310605,0,Tuesday,April,0,1,0,0,0,0,0,0,0,1,0,0,0,0,4.153556422,2.069391206,8.294576541,0,Aadhya Patel,32,Male,Kolkata,2/7/2019,320,7,3.8,1,7,Medium,8.877142857,131.6842857,2772,Zone_5,2590,1.31,43.9,Business
T01488,R0273,9.9,73.94,116.71,9/15/2023,0,-0.209242669,0.371383692,0,Friday,September,0,0,1,0,0,0,0,0,0,0,0,0,1,0,4.768223972,2.388762789,8.598837131,0,Aadhya Nair,43,Male,Delhi,9/17/2022,289,48,3.76,1,6,Medium,12.475,159.5783333,1454,Zone_8,4516,1.93,31,Business
T01489,R0150,2.3,18.79,22.73,6/14/2024,0,-1.308416163,-1.336561495,0,Friday,June,0,1,0,0,0,0,0,0,0,0,0,0,1,0,3.16674007,1.193922468,4.33474336,0,Ishaan Gupta,33,Male,Pune,2/27/2022,215,16,4.95,1,7,Medium,7.922857143,107.6914286,1656,Zone_8,4516,1.93,31,Business
T01490,R0291,8.43,42.19,180.72,6/26/2023,1,0.539406995,0.041031136,0,Monday,June,0,1,0,0,1,0,0,0,0,0,0,0,0,0,5.202467041,2.243896097,6.495382976,0,Arjun Ghosh,23,Other,Pune,4/19/2021,499,94,3.46,2,6,Medium,7.741666667,132.5983333,1970,Zone_1,4921,2.43,30.9,Residential
T01491,R0169,10.97,55.36,198.18,11/18/2023,0,0.743616073,0.611844395,0,Saturday,November,0,0,0,1,0,0,1,0,0,0,0,0,0,0,5.294208939,2.48240352,7.440430095,0,Reyansh Kumar,32,Male,Delhi,2/21/2023,497,81,4.19,1,7,Medium,10.05857143,201.7728571,1297,Zone_2,6371,0.91,58.4,Residential
T01492,R0161,4.13,37.14,94.42,7/29/2024,1,-0.469942575,-0.925306272,0,Monday,July,0,1,0,0,0,0,0,1,0,0,0,0,0,0,4.5582882,1.635105659,6.094259594,0,Aarav Nair,32,Other,Surat,3/27/2019,332,50,4.91,2,6,Medium,5.536666667,94.59333333,2724,Zone_3,12971,2.11,38,Business
T01493,R0043,6.1,46.38,93.68,11/7/2023,0,-0.478597484,-0.482588901,0,Tuesday,November,0,0,1,0,0,1,0,0,0,0,0,0,0,0,4.550502785,1.960094784,6.810286338,0,Diya Kumar,28,Male,Ahmedabad,12/10/2021,85,16,4.68,1,9,Medium,7.462222222,95.83333333,1735,Zone_10,2440,1.54,35.4,Industrial
T01494,R0123,9.56,92.52,200.04,9/9/2023,1,0.765370305,0.294975617,0,Saturday,September,0,0,1,0,0,0,0,0,0,0,1,0,0,0,5.303503893,2.357073278,9.618731725,0,Meera Ghosh,32,Male,Bengaluru,6/24/2023,156,26,3.31,1,4,Low,9.425,178.795,1174,Zone_6,14627,0.54,37.6,Mixed
T01495,R0200,14.62,133.66,145.11,12/20/2023,0,0.122918719,1.432107544,0,Wednesday,December,1,0,0,0,0,0,0,0,0,0,0,0,0,1,4.984359763,2.748552144,11.56114181,0,Kavya Kumar,30,Other,Bengaluru,11/15/2021,443,87,3.6,2,4,Low,9.9925,122.3625,1760,Zone_9,11037,1.83,56.1,Mixed
T01496,R0144,7.98,57.43,149.03,6/10/2024,0,0.168766347,-0.060097198,0,Monday,June,1,0,0,0,0,0,0,0,1,0,0,0,0,0,5.010835274,2.194999882,7.578258375,0,Ishaan Kumar,34,Other,Pune,1/31/2021,194,10,3.52,2,9,Medium,9.385555556,172.4944444,2048,Zone_4,4038,2.46,48.2,Business
T01497,R0135,5.85,37.08,54.06,6/27/2024,0,-0.941986012,-0.538771309,0,Thursday,June,0,0,1,0,0,0,0,0,1,0,0,0,0,0,4.0084235,1.924248652,6.089334939,0,Reyansh Patel,38,Female,Ahmedabad,2/24/2022,153,8,3.47,0,8,Medium,8.325,124.01625,1659,Zone_4,4038,2.46,48.2,Business
T01498,R0137,7.27,52.2,85.21,5/18/2023,0,-0.57766111,-0.219655235,0,Thursday,May,0,0,0,1,0,0,0,0,0,1,0,0,0,0,4.45678618,2.112634509,7.224956747,0,Arjun Gupta,27,Male,Bengaluru,8/10/2021,166,32,3.14,1,7,Medium,11.76142857,214.1957143,1857,Zone_5,2590,1.31,43.9,Business
T01499,R0144,13.8,132.21,304.68,2/20/2023,1,1.989221278,1.247829247,0,Monday,February,0,0,1,0,0,0,0,1,0,0,0,0,0,0,5.722538803,2.694627181,11.49826074,0,Ishaan Kumar,34,Other,Pune,1/31/2021,194,10,3.52,2,9,Medium,9.385555556,172.4944444,2048,Zone_3,12971,2.11,38,Business
T01500,R0099,4.79,38.71,59.63,5/20/2024,0,-0.876840275,-0.776984716,0,Monday,May,1,0,0,0,0,0,0,0,1,0,0,0,0,0,4.10478982,1.756132292,6.221736092,0,Diya Gupta,35,Other,Mumbai,8/21/2021,80,8,3.7,2,9,Medium,7.707777778,142.5177778,1846,Zone_4,4038,2.46,48.2,Business
T01501,R0063,6.5,37.48,159.88,6/17/2024,1,0.295666033,-0.39269705,0,Monday,June,0,1,0,0,0,0,0,0,0,1,0,0,0,0,5.080658745,2.014903021,6.122091146,0,Diya Iyer,34,Male,Surat,4/21/2023,329,33,4.83,1,6,Medium,11.25833333,207.4266667,1238,Zone_5,2590,1.31,43.9,Business
T01502,R0038,4.84,47.19,67.43,2/8/2023,0,-0.785612852,-0.765748235,0,Wednesday,February,1,0,0,0,0,0,0,0,0,0,0,0,0,1,4.225811325,1.764730797,6.869497798,0,Aarav Singh,37,Other,Kolkata,2/11/2023,68,7,4.07,2,5,Low,5.946,90.766,1307,Zone_9,11037,1.83,56.1,Mixed
T01503,R0072,6.98,58.84,77.73,9/12/2023,0,-0.66514587,-0.284826827,0,Tuesday,September,1,0,0,0,0,0,0,0,0,0,0,0,1,0,4.366024277,2.076938411,7.670723564,0,Saanvi Das,25,Other,Jaipur,11/5/2023,62,10,4.07,2,5,Low,9.728,146.428,1040,Zone_8,4516,1.93,31,Business
T01504,R0100,9.07,83.78,88.37,4/10/2023,0,-0.540702307,0.184858099,0,Monday,April,1,0,0,0,0,0,0,0,1,0,0,0,0,0,4.492785055,2.309560707,9.153141537,0,Ishaan Gupta,28,Male,Delhi,5/24/2021,383,60,3.79,1,12,High,8.454166667,138.1241667,1935,Zone_4,4038,2.46,48.2,Business
T01505,R0083,13.17,107.57,211.46,7/3/2023,0,0.89893661,1.106249581,0,Monday,July,1,0,0,0,0,0,0,0,0,0,1,0,0,0,5.358753735,2.651127054,10.37159583,0,Kavya Patel,45,Female,Mumbai,12/31/2021,475,39,4.4,0,10,Medium,9.262,141.533,1714,Zone_6,14627,0.54,37.6,Mixed
T01506,R0141,2.62,15.88,59.31,10/7/2023,1,-0.880582939,-1.264648013,0,Saturday,October,1,0,0,0,0,0,0,1,0,0,0,0,0,0,4.099497927,1.286474026,3.984971769,0,Arjun Das,25,Other,Jaipur,7/8/2019,53,0,4.29,2,4,Low,7.58,135.675,2621,Zone_3,12971,2.11,38,Business
T01507,R0056,10.78,72.47,104.66,10/27/2023,0,-0.350177342,0.569145766,0,Friday,October,1,0,0,0,0,0,0,0,0,0,0,0,0,1,4.660226392,2.466403178,8.51293134,0,Meera Patel,40,Other,Hyderabad,2/26/2021,93,13,3.25,2,9,Medium,7.357777778,103.0877778,2022,Zone_9,11037,1.83,56.1,Mixed
T01508,R0184,3.54,26.1,65.71,3/18/2024,0,-0.805729668,-1.057896754,0,Monday,March,0,0,0,1,0,0,0,1,0,0,0,0,0,0,4.200354867,1.512927012,5.10881591,0,Meera Nair,29,Female,Surat,3/4/2020,285,27,3.97,0,8,Medium,8.645,151.59,2381,Zone_3,12971,2.11,38,Business
T01509,R0105,10.97,105.64,136.12,5/25/2023,0,0.017773266,0.611844395,0,Thursday,May,0,1,0,0,0,0,0,0,1,0,0,0,0,0,4.920856455,2.48240352,10.27813213,0,Diya Das,31,Female,Jaipur,9/28/2020,346,9,3.69,0,12,High,7.933333333,108.4266667,2173,Zone_4,4038,2.46,48.2,Business
T01510,R0265,14.2,82.55,193.31,4/26/2024,0,0.686657413,1.337721099,0,Friday,April,0,1,0,0,0,0,1,0,0,0,0,0,0,0,5.269454822,2.721295428,9.085703055,0,Kavya Das,39,Female,Bengaluru,11/26/2020,176,24,3.26,0,4,Low,11.22,151.9275,2114,Zone_2,6371,0.91,58.4,Residential
T01511,R0057,12.98,84.12,253.63,6/26/2023,0,1.392149488,1.063550951,0,Monday,June,0,0,1,0,0,0,0,0,0,0,0,0,0,1,5.539811511,2.637627737,9.17169559,0,Aadhya Reddy,39,Male,Bengaluru,6/4/2023,407,11,3.66,1,13,High,7.716923077,121.8546154,1194,Zone_9,11037,1.83,56.1,Mixed
T01512,R0056,8.79,59.17,88.55,2/8/2024,0,-0.538597059,0.121933803,0,Thursday,February,0,0,0,1,0,0,0,1,0,0,0,0,0,0,4.494797129,2.281361457,7.692203845,0,Meera Patel,40,Other,Hyderabad,2/26/2021,93,13,3.25,2,9,Medium,7.357777778,103.0877778,2022,Zone_3,12971,2.11,38,Business
T01513,R0273,12.17,66.97,127.47,4/23/2023,0,-0.083395608,0.881519951,0,Sunday,April,0,1,0,0,0,0,0,0,0,0,1,0,0,0,4.855695414,2.577941516,8.183520025,0,Aadhya Nair,43,Male,Delhi,9/17/2022,289,48,3.76,1,6,Medium,12.475,159.5783333,1454,Zone_6,14627,0.54,37.6,Mixed
T01514,R0259,3.28,22.09,57.41,9/23/2023,0,-0.902805003,-1.116326457,0,Saturday,September,0,1,0,0,0,0,0,0,0,0,0,0,0,1,4.067487108,1.45395301,4.7,0,Aadhya Das,32,Male,Jaipur,6/25/2019,150,27,3.52,1,8,Medium,9.9675,160.385,2634,Zone_9,11037,1.83,56.1,Mixed
T01515,R0172,7.66,40.65,129.04,9/15/2023,0,-0.065033165,-0.132010679,0,Friday,September,0,0,0,1,0,0,0,0,1,0,0,0,0,0,4.867842095,2.158714723,6.375735252,0,Reyansh Reddy,31,Other,Pune,12/24/2019,168,14,3.72,2,11,High,7.713636364,135.3281818,2452,Zone_4,4038,2.46,48.2,Business
T01516,R0132,15.6,100.6,233.07,4/17/2023,0,1.151683356,1.652342581,0,Monday,April,0,0,1,0,0,1,0,0,0,0,0,0,0,0,5.455620216,2.809402695,10.02995513,0,Aadhya Iyer,23,Male,Surat,12/9/2022,484,25,3.32,1,11,High,6.309090909,99.27181818,1371,Zone_10,2440,1.54,35.4,Industrial
T01517,R0255,4.05,20.31,62.76,6/1/2023,0,-0.840232348,-0.943284642,0,Thursday,June,1,0,0,0,0,0,0,0,0,0,1,0,0,0,4.155126034,1.619388243,4.506661736,0,Reyansh Sharma,37,Female,Bengaluru,7/6/2021,475,42,3.12,0,8,Medium,9.0025,157.7775,1892,Zone_6,14627,0.54,37.6,Mixed
T01518,R0229,8.99,70.24,196.93,1/17/2023,1,0.728996294,0.166879728,0,Tuesday,January,0,0,1,0,0,0,0,0,0,0,1,0,0,0,5.287913433,2.301584593,8.380930736,0,Reyansh Ghosh,22,Female,Mumbai,11/23/2020,146,16,4.43,0,5,Low,7.736,137.7,2117,Zone_6,14627,0.54,37.6,Mixed
T01519,R0235,6.15,42.15,104.59,6/25/2023,0,-0.35099605,-0.47135242,0,Sunday,June,0,1,0,0,1,0,0,0,0,0,0,0,0,0,4.65956367,1.967112357,6.492303135,0,Aarav Ghosh,34,Other,Delhi,2/15/2021,284,8,4.06,2,8,Medium,6.95625,105.7575,2033,Zone_1,4921,2.43,30.9,Residential
T01520,R0280,7.02,51.41,88.54,8/21/2024,0,-0.538714017,-0.275837642,0,Wednesday,August,1,0,0,0,1,0,0,0,0,0,0,0,0,0,4.494685453,2.081938422,7.170076708,0,Saanvi Gupta,26,Other,Chennai,5/31/2023,172,23,4.43,2,6,Medium,8.461666667,122.55,1198,Zone_1,4921,2.43,30.9,Residential
T01521,R0249,10.03,59.01,94.66,7/4/2024,0,-0.467135577,0.400598543,0,Thursday,July,0,0,1,0,0,0,0,0,0,1,0,0,0,0,4.560800238,2.400618833,7.681796665,0,Diya Nair,20,Male,Mumbai,3/24/2023,396,48,4.49,1,8,Medium,8.08875,135.06625,1266,Zone_5,2590,1.31,43.9,Business
T01522,R0223,6.65,62.7,102.34,7/18/2024,0,-0.377311653,-0.358987605,0,Thursday,July,0,1,0,0,0,0,1,0,0,0,0,0,0,0,4.638024523,2.034705648,7.918333158,0,Meera Ghosh,30,Female,Surat,11/29/2019,158,10,4.04,0,8,Medium,7.05,123.40125,2477,Zone_2,6371,0.91,58.4,Residential
T01523,R0036,7.98,74.21,176.1,9/9/2023,1,0.48537229,-0.060097198,0,Saturday,September,0,0,1,0,0,0,0,0,0,1,0,0,0,0,5.176714545,2.194999882,8.614522622,0,Aadhya Das,30,Female,Surat,3/16/2022,177,15,4.9,0,7,Medium,9.31,148.7885714,1639,Zone_5,2590,1.31,43.9,Business
T01524,R0159,5.48,51.6,115.03,6/5/2023,1,-0.228891652,-0.621921272,0,Monday,June,1,0,0,0,0,0,0,0,0,1,0,0,0,0,4.753848778,1.86872051,7.183313998,0,Ishaan Singh,43,Female,Bengaluru,5/21/2020,79,2,4.9,0,4,Low,5.9925,106.2225,2303,Zone_5,2590,1.31,43.9,Business
T01525,R0232,1.13,7.14,20.27,11/3/2023,0,-1.337187889,-1.599495161,0,Friday,November,0,0,0,1,0,0,0,0,0,0,0,0,0,1,3.057297629,0.75612198,2.672077843,0,Meera Das,38,Male,Jaipur,12/8/2022,172,15,3.94,1,13,High,7.169230769,114.68,1372,Zone_9,11037,1.83,56.1,Mixed
T01526,R0175,8.97,88.29,94.91,7/4/2023,0,-0.464211621,0.162385136,0,Tuesday,July,1,0,0,0,0,0,0,0,0,0,0,1,0,0,4.563410252,2.299580584,9.396275858,0,Diya Patel,35,Male,Chennai,8/18/2022,98,8,3.48,1,8,Medium,8.7825,158.37875,1484,Zone_7,11070,0.64,45.2,Industrial
T01527,R0023,10.2,85.72,225.65,11/21/2023,1,1.064900346,0.43880258,0,Tuesday,November,0,1,0,0,0,0,0,0,1,0,0,0,0,0,5.423406977,2.415913778,9.258509599,0,Meera Iyer,24,Other,Jaipur,10/9/2019,176,32,3.21,2,8,Medium,8.11375,149.4525,2528,Zone_4,4038,2.46,48.2,Business
T01528,R0154,14.91,77.99,138.83,7/12/2024,0,0.049468948,1.497279137,0,Friday,July,0,0,0,1,0,0,0,0,0,0,0,0,1,0,4.940427399,2.766947842,8.83119471,0,Kavya Patel,18,Other,Kolkata,3/25/2019,466,79,4.68,2,13,High,10.66307692,158.4246154,2726,Zone_8,4516,1.93,31,Business
T01529,R0189,7.34,44.32,151.32,7/27/2023,1,0.195549783,-0.203924161,0,Thursday,July,0,1,0,0,0,0,0,0,0,0,0,1,0,0,5.025983571,2.121063216,6.657326791,0,Reyansh Gupta,29,Female,Delhi,9/16/2019,238,42,3.28,0,8,Medium,9.00375,185.0875,2551,Zone_7,11070,0.64,45.2,Industrial
T01530,R0012,1.03,7.86,15.99,12/10/2023,0,-1.387246014,-1.621968124,0,Sunday,December,0,0,1,0,0,0,0,0,0,0,0,1,0,0,2.832624936,0.708035793,2.803569154,0,Aarav Das,31,Female,Hyderabad,1/19/2022,248,11,3.31,0,5,Low,5.822,70.552,1695,Zone_7,11070,0.64,45.2,Industrial
T01531,R0085,4.23,29.06,84.56,7/14/2023,0,-0.585263395,-0.902833309,0,Friday,July,1,0,0,0,0,0,0,0,0,0,0,1,0,0,4.449217884,1.654411278,5.390732789,0,Aadhya Ghosh,29,Female,Chennai,9/17/2022,94,12,4.95,0,5,Low,8.798,101.982,1454,Zone_7,11070,0.64,45.2,Industrial
T01532,R0289,10.7,70.59,209.12,12/7/2023,0,0.871568383,0.551167395,0,Thursday,December,1,0,0,0,0,0,0,0,0,0,0,1,0,0,5.347678796,2.459588842,8.401785525,0,Aarav Gupta,21,Other,Chennai,9/30/2021,322,14,4.17,2,8,Medium,8.26625,154.31,1806,Zone_7,11070,0.64,45.2,Industrial
T01533,R0257,7.58,60.11,100.17,4/19/2023,0,-0.40269159,-0.149989049,0,Wednesday,April,1,0,0,0,1,0,0,0,0,0,0,0,0,0,4.61680227,2.149433913,7.75306391,0,Arjun Reddy,36,Other,Delhi,3/11/2023,459,19,4.82,2,7,Medium,8.015714286,117.4614286,1279,Zone_1,4921,2.43,30.9,Residential
T01534,R0047,9.4,64.38,220.61,8/6/2024,1,1.005953395,0.259018877,0,Tuesday,August,0,0,0,1,0,0,1,0,0,0,0,0,0,0,5.40091908,2.341805806,8.02371485,0,Reyansh Iyer,51,Female,Bengaluru,10/7/2021,69,3,4.86,0,7,Medium,8.89,163.5528571,1799,Zone_2,6371,0.91,58.4,Residential
T01535,R0275,6.23,36.31,64.76,1/4/2024,0,-0.816840701,-0.45337405,0,Thursday,January,0,0,0,1,0,1,0,0,0,0,0,0,0,0,4.186011751,1.978239036,6.025777958,0,Ishaan Das,21,Other,Jaipur,10/4/2022,247,17,3.07,2,4,Low,8.4625,81.5175,1437,Zone_10,2440,1.54,35.4,Industrial
T01536,R0086,17.35,136.11,255.38,9/23/2023,0,1.412617179,2.045619433,0,Saturday,September,0,0,0,1,0,0,0,0,0,0,1,0,0,0,5.546660719,2.909629575,11.66661905,0,Vivaan Patel,23,Male,Hyderabad,11/8/2019,337,17,4.56,1,6,Medium,10.78,188.3033333,2498,Zone_6,14627,0.54,37.6,Mixed
T01537,R0255,16.64,113.01,328.23,1/14/2023,0,2.264657922,1.886061396,0,Saturday,January,1,0,0,0,1,0,0,0,0,0,0,0,0,0,5.796756595,2.870169051,10.63061616,0,Reyansh Sharma,37,Female,Bengaluru,7/6/2021,475,42,3.12,0,8,Medium,9.0025,157.7775,1892,Zone_1,4921,2.43,30.9,Residential
T01538,R0271,3.34,25.65,41.92,1/8/2024,0,-1.08397331,-1.10284268,0,Monday,January,0,0,0,1,0,0,0,0,1,0,0,0,0,0,3.759337918,1.467874348,5.064582905,0,Saanvi Iyer,22,Male,Bengaluru,10/7/2022,58,6,4.37,1,8,Medium,8.1275,116.0975,1434,Zone_4,4038,2.46,48.2,Business
T01539,R0197,12.55,63.06,103.09,7/12/2023,0,-0.368539785,0.96691721,0,Wednesday,July,0,0,1,0,0,0,0,0,0,0,0,0,1,0,4.64525591,2.606386547,7.941032678,0,Saanvi Das,29,Female,Bengaluru,10/8/2020,475,87,3.87,0,10,Medium,7.108,97.3,2163,Zone_8,4516,1.93,31,Business
T01540,R0270,9.52,67.56,111.55,9/5/2023,0,-0.269593118,0.285986432,0,Tuesday,September,0,1,0,0,0,0,0,0,0,0,0,0,0,1,4.723397567,2.353278207,8.219489035,0,Aadhya Reddy,35,Male,Hyderabad,1/2/2022,455,64,3.08,1,8,Medium,7.38,137.69125,1712,Zone_9,11037,1.83,56.1,Mixed
T01541,R0227,8.07,74.65,178.6,6/6/2023,1,0.514611849,-0.039871531,0,Tuesday,June,0,1,0,0,1,0,0,0,0,0,0,0,0,0,5.190732156,2.204972264,8.640023148,0,Arjun Nair,25,Other,Pune,7/11/2020,320,23,4.12,2,5,Low,5.664,101.642,2252,Zone_1,4921,2.43,30.9,Residential
T01542,R0107,3.7,31.32,83.84,3/13/2024,1,-0.593684388,-1.021940013,0,Wednesday,March,0,0,1,0,0,0,0,0,0,0,0,0,0,1,4.44076713,1.547562509,5.596427432,0,Reyansh Gupta,33,Male,Hyderabad,1/11/2020,179,14,3.66,1,5,Low,6.514,125.586,2434,Zone_9,11037,1.83,56.1,Mixed
T01543,R0175,16.11,146.94,379.63,4/26/2024,1,3.035178776,1.766954692,0,Friday,April,0,0,0,1,0,0,0,0,0,0,1,0,0,0,5.941827775,2.839663088,12.12188104,0,Diya Patel,35,Male,Chennai,8/18/2022,98,8,3.48,1,8,Medium,8.7825,158.37875,1484,Zone_6,14627,0.54,37.6,Mixed
T01544,R0028,13.83,77.81,299.74,2/21/2023,1,1.93144391,1.254571136,0,Tuesday,February,1,0,0,0,0,0,0,0,0,0,1,0,0,0,5.706246104,2.696652156,8.820997676,0,Reyansh Sharma,20,Female,Surat,11/11/2023,249,21,3.79,0,8,Medium,10.61,187.43875,1034,Zone_6,14627,0.54,37.6,Mixed
T01545,R0234,0.71,5.6,17.31,4/29/2023,1,-1.371807527,-1.693881606,0,Saturday,April,0,0,0,1,1,0,0,0,0,0,0,0,0,0,2.907447359,0.536493371,2.366431913,0,Saanvi Nair,32,Other,Pune,12/1/2022,183,31,3.98,2,9,Medium,7.051111111,126.5277778,1379,Zone_1,4921,2.43,30.9,Residential
T01546,R0291,14.92,128.69,236.53,8/17/2023,0,1.192150905,1.499526433,0,Thursday,August,0,0,1,0,0,0,0,1,0,0,0,0,0,0,5.470293931,2.76757618,11.34416149,0,Arjun Ghosh,23,Other,Pune,4/19/2021,499,94,3.46,2,6,Medium,7.741666667,132.5983333,1970,Zone_3,12971,2.11,38,Business
T01547,R0005,7.81,67.95,163.28,7/13/2023,1,0.335431833,-0.098301235,0,Thursday,July,0,0,1,0,1,0,0,0,0,0,0,0,0,0,5.101572289,2.17588744,8.243178998,0,Diya Reddy,27,Male,Ahmedabad,5/31/2021,294,30,3.53,1,7,Medium,7.322857143,132.35,1928,Zone_1,4921,2.43,30.9,Residential
T01548,R0152,5.01,32.28,108.17,1/26/2024,1,-0.309125002,-0.727544198,0,Friday,January,0,1,0,0,0,0,0,0,0,0,0,1,0,0,4.6929063,1.793424749,5.681549085,0,Arjun Patel,34,Female,Bengaluru,5/4/2021,143,24,3.91,0,5,Low,9.706,182.912,1955,Zone_7,11070,0.64,45.2,Industrial
T01549,R0081,3.12,21.16,54.75,1/7/2023,0,-0.933915894,-1.152283198,0,Saturday,January,0,0,1,0,0,0,0,0,0,0,1,0,0,0,4.02087741,1.415853163,4.6,0,Diya Reddy,42,Other,Mumbai,1/31/2022,114,2,3.9,2,6,Medium,8.82,135.345,1683,Zone_6,14627,0.54,37.6,Mixed
T01550,R0207,12.72,118.88,224.62,4/12/2024,0,1.052853647,1.005121247,0,Friday,April,0,1,0,0,0,0,0,0,0,0,1,0,0,0,5.418852168,2.618854622,10.90321054,0,Ishaan Iyer,31,Male,Mumbai,12/6/2023,47,3,3.93,1,8,Medium,7.93375,153.9325,1009,Zone_6,14627,0.54,37.6,Mixed
T01551,R0087,10,87.94,105.72,4/4/2023,0,-0.337779769,0.393856654,0,Tuesday,April,0,1,0,0,0,0,1,0,0,0,0,0,0,0,4.670208582,2.397895273,9.377632964,0,Saanvi Das,26,Female,Jaipur,5/11/2021,362,33,3.57,0,3,Low,8.856666667,124.5166667,1948,Zone_2,6371,0.91,58.4,Residential
T01552,R0283,3.63,21.99,45.85,1/10/2024,0,-1.038008723,-1.037671087,0,Wednesday,January,0,0,1,0,0,1,0,0,0,0,0,0,0,0,3.846951009,1.532556868,4.689349635,0,Diya Nair,19,Male,Surat,6/15/2023,245,45,3.55,1,7,Medium,7.995714286,144.7471429,1183,Zone_10,2440,1.54,35.4,Industrial
T01553,R0050,3.94,39.26,92.05,4/26/2023,1,-0.497661677,-0.968004902,0,Wednesday,April,0,0,1,0,0,0,0,0,0,0,0,1,0,0,4.533136983,1.597365331,6.265780079,0,Diya Das,49,Male,Ahmedabad,10/6/2022,330,41,3.42,1,7,Medium,8.585714286,130.83,1435,Zone_7,11070,0.64,45.2,Industrial
T01554,R0204,6.06,36.68,106.89,1/4/2024,0,-0.324095656,-0.491578087,0,Thursday,January,1,0,0,0,0,0,0,0,0,0,0,0,0,1,4.68111219,1.954445052,6.056401572,0,Aarav Kumar,37,Female,Hyderabad,1/1/2019,438,5,3.73,0,7,Medium,9.687142857,128.7642857,2809,Zone_9,11037,1.83,56.1,Mixed
T01555,R0232,5.44,32.77,109.34,2/2/2024,1,-0.295440888,-0.630910457,0,Friday,February,0,0,0,1,0,0,0,0,0,0,0,1,0,0,4.703566508,1.86252854,5.724508713,0,Meera Das,38,Male,Jaipur,12/8/2022,172,15,3.94,1,13,High,7.169230769,114.68,1372,Zone_7,11070,0.64,45.2,Industrial
T01556,R0211,10.64,80.28,261.71,9/8/2023,1,1.486651742,0.537683618,0,Friday,September,0,0,0,1,0,0,0,0,0,1,0,0,0,0,5.571050762,2.454447442,8.959910714,0,Arjun Reddy,36,Female,Mumbai,4/4/2021,435,17,3.63,0,7,Medium,6.582857143,92.26857143,1985,Zone_5,2590,1.31,43.9,Business
T01557,R0066,9.89,74.88,163.41,4/10/2023,0,0.33695229,0.369136395,0,Monday,April,0,1,0,0,0,0,0,0,0,0,0,0,0,1,5.102363308,2.387844937,8.653323061,0,Arjun Patel,38,Female,Bengaluru,6/3/2022,167,28,4.72,0,4,Low,10.6175,144.035,1560,Zone_9,11037,1.83,56.1,Mixed
T01558,R0228,4.82,32.43,85.61,9/6/2023,0,-0.57298278,-0.770242828,0,Wednesday,September,0,1,0,0,0,0,1,0,0,0,0,0,0,0,4.461415282,1.761300262,5.69473441,0,Kavya Ghosh,21,Female,Pune,5/18/2020,10,0,4.84,0,4,Low,9.61,168.805,2306,Zone_2,6371,0.91,58.4,Residential
T01559,R0027,0.29,1.82,5.81,5/24/2023,1,-1.506309497,-1.78826805,0,Wednesday,May,0,1,0,0,1,0,0,0,0,0,0,0,0,0,1.91839212,0.254642218,1.349073756,0,Ishaan Iyer,39,Male,Jaipur,10/5/2019,403,61,3.98,1,8,Medium,7.22875,103.41,2532,Zone_1,4921,2.43,30.9,Residential
T01560,R0091,1.33,10.62,28.23,3/28/2024,1,-1.244089134,-1.554549235,0,Thursday,March,0,0,1,0,0,0,0,0,0,0,1,0,0,0,3.375195579,0.845868268,3.258834147,0,Meera Das,41,Other,Surat,4/16/2022,334,43,3.4,2,7,Medium,7.125714286,129.0871429,1608,Zone_6,14627,0.54,37.6,Mixed
T01561,R0282,12.35,77.23,146.48,5/12/2023,0,0.138941997,0.921971284,0,Friday,May,0,1,0,0,0,0,1,0,0,0,0,0,0,0,4.993692573,2.591516385,8.788060082,0,Reyansh Kumar,22,Other,Bengaluru,5/2/2022,319,3,4.47,2,9,Medium,10.31888889,155.5277778,1592,Zone_2,6371,0.91,58.4,Residential
T01562,R0012,3.03,17.39,48.23,7/14/2024,0,-1.010172663,-1.172508865,0,Sunday,July,0,0,0,1,0,0,0,0,0,0,0,0,0,1,3.896503194,1.393766376,4.170131892,0,Aarav Das,31,Female,Hyderabad,1/19/2022,248,11,3.31,0,5,Low,5.822,70.552,1695,Zone_9,11037,1.83,56.1,Mixed
T01563,R0178,8.56,58.56,117.82,7/22/2023,0,-0.196260305,0.070245988,0,Saturday,July,0,1,0,0,0,0,0,1,0,0,0,0,0,0,4.777609743,2.257587727,7.652450588,0,Saanvi Ghosh,27,Male,Delhi,5/15/2021,56,7,3.13,1,7,Medium,9.037142857,148.6485714,1944,Zone_3,12971,2.11,38,Business
T01564,R0215,0.82,6.74,9.85,4/25/2024,0,-1.45905837,-1.669161347,0,Thursday,April,0,0,0,1,0,0,0,0,0,0,0,0,1,0,2.38416508,0.598836501,2.596150997,0,Saanvi Gupta,26,Female,Hyderabad,2/28/2020,438,48,3.24,0,5,Low,3.63,74.42,2386,Zone_8,4516,1.93,31,Business
T01565,R0222,9.99,64.69,244.98,4/22/2023,1,1.290980614,0.391609358,0,Saturday,April,0,0,1,0,0,0,0,0,0,0,0,0,0,1,5.505250232,2.396985768,8.043009387,0,Aarav Singh,27,Male,Surat,8/28/2022,475,12,3.44,1,8,Medium,9.88125,165.70375,1474,Zone_9,11037,1.83,56.1,Mixed
T01566,R0090,17.6,102.42,255.79,6/1/2023,0,1.417412466,2.101801841,0,Thursday,June,0,0,1,0,0,0,0,0,0,0,0,1,0,0,5.54825863,2.923161581,10.12027668,0,Kavya Iyer,33,Female,Mumbai,1/31/2021,152,25,4.51,0,10,Medium,10.813,191.988,2048,Zone_7,11070,0.64,45.2,Industrial
T01567,R0299,1.36,7.68,12.48,12/7/2023,0,-1.428298354,-1.547807346,0,Thursday,December,0,1,0,0,0,0,0,0,0,0,0,0,0,1,2.601207105,0.858661619,2.771281292,0,Ishaan Gupta,33,Other,Kolkata,9/4/2020,457,0,3.92,2,4,Low,7.4725,115.3,2197,Zone_9,11037,1.83,56.1,Mixed
T01568,R0130,10.75,89.22,200.09,12/16/2023,0,0.765955096,0.562403877,0,Saturday,December,0,0,1,0,0,0,0,0,0,0,0,1,0,0,5.303752569,2.463853241,9.445633912,0,Diya Ghosh,27,Female,Pune,2/16/2019,316,62,3.62,0,8,Medium,6.3625,112.04125,2763,Zone_7,11070,0.64,45.2,Industrial
T01569,R0068,9.36,91.8,126.46,5/3/2024,0,-0.095208389,0.250029691,0,Friday,May,1,0,0,0,1,0,0,0,0,0,0,0,0,0,4.84780259,2.337952237,9.581231654,0,Meera Singh,30,Female,Ahmedabad,8/31/2022,456,70,4.97,0,9,Medium,7.977777778,122.2922222,1471,Zone_1,4921,2.43,30.9,Residential
T01570,R0061,12.59,96.34,128.88,6/14/2023,0,-0.066904496,0.975906396,0,Wednesday,June,0,0,1,0,0,0,1,0,0,0,0,0,0,0,4.866610947,2.609334228,9.815294188,0,Meera Reddy,25,Male,Mumbai,8/20/2020,168,25,3.69,1,4,Low,8.6175,149.185,2212,Zone_2,6371,0.91,58.4,Residential
T01571,R0212,7.34,55.6,96.83,4/11/2023,0,-0.44175564,-0.203924161,0,Tuesday,April,1,0,0,0,0,0,0,0,0,0,1,0,0,0,4.583231278,2.121063216,7.456540753,0,Aadhya Iyer,36,Female,Ahmedabad,9/11/2023,73,12,3.22,0,7,Medium,8.368571429,161.2128571,1095,Zone_6,14627,0.54,37.6,Mixed
T01572,R0043,9.36,48.82,81.25,5/7/2023,0,-0.623976571,0.250029691,0,Sunday,May,0,1,0,0,0,0,0,0,0,0,0,0,1,0,4.40976339,2.337952237,6.987131028,0,Diya Kumar,28,Male,Ahmedabad,12/10/2021,85,16,4.68,1,9,Medium,7.462222222,95.83333333,1735,Zone_8,4516,1.93,31,Business
T01573,R0025,8.91,70.45,184.89,3/10/2023,1,0.588178579,0.148901358,0,Friday,March,0,0,1,0,0,0,0,1,0,0,0,0,0,0,5.225155101,2.293544348,8.393449827,0,Meera Das,21,Female,Mumbai,10/22/2021,42,3,4.01,0,5,Low,9.45,143.886,1784,Zone_3,12971,2.11,38,Business
T01574,R0101,10.86,82.01,152.51,11/23/2023,0,0.209467813,0.587124136,0,Thursday,November,1,0,0,0,0,0,0,0,0,0,0,0,1,0,5.033765711,2.473171394,9.055937279,0,Aarav Singh,37,Female,Delhi,11/1/2020,228,29,3.03,0,5,Low,9.058,134.272,2139,Zone_8,4516,1.93,31,Business
T01575,R0132,3.8,32.8,64.5,11/27/2023,0,-0.819881615,-0.99946705,0,Monday,November,1,0,0,0,1,0,0,0,0,0,0,0,0,0,4.182050143,1.568615918,5.727128425,0,Aadhya Iyer,23,Male,Surat,12/9/2022,484,25,3.32,1,11,High,6.309090909,99.27181818,1371,Zone_1,4921,2.43,30.9,Residential
T01576,R0270,8.96,74.87,181.1,7/29/2024,1,0.543851408,0.16013784,0,Monday,July,0,1,0,0,0,0,0,1,0,0,0,0,0,0,5.204555987,2.298577072,8.652745229,0,Aadhya Reddy,35,Male,Hyderabad,1/2/2022,455,64,3.08,1,8,Medium,7.38,137.69125,1712,Zone_3,12971,2.11,38,Business
T01577,R0006,12.05,93.58,277.76,3/19/2023,1,1.674369709,0.854552395,0,Sunday,March,0,0,1,0,0,1,0,0,0,0,0,0,0,0,5.630351197,2.568788134,9.67367562,0,Aarav Das,45,Female,Jaipur,6/30/2023,248,13,4.64,0,7,Medium,9.034285714,156.49,1168,Zone_10,2440,1.54,35.4,Industrial
T01578,R0089,13.84,106.35,168.79,5/9/2023,0,0.39987582,1.256818433,0,Tuesday,May,0,0,0,1,0,0,0,1,0,0,0,0,0,0,5.134562379,2.697326238,10.31261364,0,Saanvi Reddy,48,Other,Surat,9/21/2022,308,6,3.91,2,9,Medium,9.981111111,157.2833333,1450,Zone_3,12971,2.11,38,Business
T01579,R0179,10.48,79.57,163.52,8/10/2023,0,0.33823883,0.501726877,0,Thursday,August,0,0,0,1,0,0,0,0,0,0,0,0,0,1,5.103032143,2.440606391,8.920201791,0,Meera Patel,28,Male,Kolkata,4/11/2022,274,14,4.64,1,4,Low,6.3825,114.8,1613,Zone_9,11037,1.83,56.1,Mixed
T01580,R0048,2.34,12.14,46.18,5/4/2023,0,-1.034149102,-1.327572309,0,Thursday,May,0,0,1,0,0,0,0,0,0,0,0,0,1,0,3.853970074,1.205970807,3.484250278,0,Kavya Sharma,35,Male,Hyderabad,5/31/2019,207,1,3.02,1,5,Low,5.826,101.256,2659,Zone_8,4516,1.93,31,Business
T01581,R0027,0.23,1.98,3.27,12/31/2023,0,-1.546309213,-1.801751828,0,Sunday,December,1,0,0,0,0,1,0,0,0,0,0,0,0,0,1.451613827,0.207014169,1.407124728,0,Ishaan Iyer,39,Male,Jaipur,10/5/2019,403,61,3.98,1,8,Medium,7.22875,103.41,2532,Zone_10,2440,1.54,35.4,Industrial
T01582,R0170,10.04,91.04,140.22,7/17/2023,0,0.065726142,0.40284584,0,Monday,July,1,0,0,0,0,0,0,1,0,0,0,0,0,0,4.950318958,2.401525041,9.541488354,0,Saanvi Kumar,29,Other,Bengaluru,5/20/2020,28,3,3.68,2,7,Medium,7.644285714,134.8157143,2304,Zone_3,12971,2.11,38,Business
T01583,R0268,2.94,21.9,39.9,8/6/2023,0,-1.107598873,-1.192734531,0,Sunday,August,0,1,0,0,0,1,0,0,0,0,0,0,0,0,3.711130063,1.371180723,4.679743583,0,Ishaan Kumar,34,Male,Chennai,10/16/2022,10,0,4.6,1,5,Low,8.504,145.216,1425,Zone_10,2440,1.54,35.4,Industrial
T01584,R0056,12.22,110.73,221.25,5/30/2024,0,1.013438722,0.892756433,0,Thursday,May,0,1,0,0,0,0,0,0,1,0,0,0,0,0,5.403802874,2.581730834,10.52283232,0,Meera Patel,40,Other,Hyderabad,2/26/2021,93,13,3.25,2,9,Medium,7.357777778,103.0877778,2022,Zone_4,4038,2.46,48.2,Business
T01585,R0048,6.56,35.87,154.83,7/26/2023,1,0.236602124,-0.379213272,0,Wednesday,July,0,0,1,0,0,0,0,0,0,0,1,0,0,0,5.048765669,2.02287119,5.989156869,0,Kavya Sharma,35,Male,Hyderabad,5/31/2019,207,1,3.02,1,5,Low,5.826,101.256,2659,Zone_6,14627,0.54,37.6,Mixed
T01586,R0174,13.06,77.42,136.89,10/12/2023,0,0.02677905,1.081529321,0,Thursday,October,0,1,0,0,0,0,1,0,0,0,0,0,0,0,4.926456266,2.643333886,8.798863563,0,Aadhya Patel,32,Male,Kolkata,2/7/2019,320,7,3.8,1,7,Medium,8.877142857,131.6842857,2772,Zone_2,6371,0.91,58.4,Residential
T01587,R0003,18.63,94.05,275.09,9/24/2023,0,1.64314186,2.333273359,0,Sunday,September,0,0,1,0,0,0,0,0,0,1,0,0,0,0,5.6207269,2.977059008,9.697937925,0,Kavya Reddy,34,Male,Pune,5/4/2023,45,9,3.76,1,10,Medium,6.768,97.171,1225,Zone_5,2590,1.31,43.9,Business
T01588,R0191,7.69,41.24,78.94,1/5/2023,0,-0.650993923,-0.12526879,0,Thursday,January,0,0,1,0,0,1,0,0,0,0,0,0,0,0,4.381276353,2.162172939,6.421837743,0,Meera Gupta,33,Other,Surat,8/14/2020,87,6,4.56,2,11,High,7.560909091,120.5927273,2218,Zone_10,2440,1.54,35.4,Industrial
T01589,R0136,7.42,40.44,76.22,11/9/2023,0,-0.682806563,-0.18594579,0,Thursday,November,0,0,0,1,0,0,0,0,0,0,1,0,0,0,4.346658491,2.130609828,6.359245238,0,Diya Ghosh,34,Male,Hyderabad,1/19/2019,339,11,3.82,1,4,Low,6.715,85.6975,2791,Zone_6,14627,0.54,37.6,Mixed
T01590,R0289,13.07,82.78,293.03,5/30/2023,1,1.852964934,1.083776618,0,Tuesday,May,0,1,0,0,0,0,0,0,0,0,1,0,0,0,5.683681803,2.644044871,9.098351499,0,Aarav Gupta,21,Other,Chennai,9/30/2021,322,14,4.17,2,8,Medium,8.26625,154.31,1806,Zone_6,14627,0.54,37.6,Mixed
T01591,R0081,13.32,85.06,120.07,6/8/2023,0,-0.169944702,1.139959025,0,Thursday,June,0,1,0,0,0,0,0,0,0,0,0,0,0,1,4.796368891,2.661657162,9.22279784,0,Diya Reddy,42,Other,Mumbai,1/31/2022,114,2,3.9,2,6,Medium,8.82,135.345,1683,Zone_9,11037,1.83,56.1,Mixed
T01592,R0167,16.51,157.13,247.42,3/16/2024,0,1.319518424,1.856846544,0,Saturday,March,1,0,0,0,0,0,0,1,0,0,0,0,0,0,5.515120862,2.862772146,12.53515058,0,Kavya Nair,44,Male,Hyderabad,8/25/2022,117,5,4.75,1,7,Medium,9.187142857,153.65,1477,Zone_3,12971,2.11,38,Business
T01593,R0241,8.98,88.78,113.68,1/4/2024,0,-0.244681014,0.164632432,0,Thursday,January,1,0,0,0,0,1,0,0,0,0,0,0,0,0,4.742145641,2.30058309,9.422313941,0,Kavya Gupta,34,Female,Chennai,1/13/2020,165,3,3.28,0,4,Low,11.43,190.5375,2432,Zone_10,2440,1.54,35.4,Industrial
T01594,R0169,4.84,45.31,84.76,7/19/2023,0,-0.58292423,-0.765748235,0,Wednesday,July,0,0,0,1,0,0,0,0,0,0,0,1,0,0,4.451552697,1.764730797,6.731270311,0,Reyansh Kumar,32,Male,Delhi,2/21/2023,497,81,4.19,1,7,Medium,10.05857143,201.7728571,1297,Zone_7,11070,0.64,45.2,Industrial
T01595,R0154,8.04,58.45,149.87,2/5/2023,0,0.178590839,-0.04661342,0,Sunday,February,0,1,0,0,0,0,0,0,0,0,0,0,1,0,5.016418539,2.201659174,7.645259969,0,Kavya Patel,18,Other,Kolkata,3/25/2019,466,79,4.68,2,13,High,10.66307692,158.4246154,2726,Zone_8,4516,1.93,31,Business
T01596,R0236,4.88,46.24,119.52,2/1/2024,1,-0.176377405,-0.75675905,0,Thursday,February,0,1,0,0,0,0,0,0,0,1,0,0,0,0,4.791815714,1.771556762,6.8,0,Arjun Gupta,28,Male,Ahmedabad,8/10/2020,61,1,3.36,1,11,High,4.546363636,69.86727273,2222,Zone_5,2590,1.31,43.9,Business
T01597,R0214,9.2,49.69,74.11,12/30/2023,0,-0.707484751,0.214072951,0,Saturday,December,0,1,0,0,0,0,0,0,0,1,0,0,0,0,4.318953706,2.32238772,7.049113419,0,Aarav Kumar,20,Female,Kolkata,9/14/2022,210,2,4.53,0,6,Medium,6.793333333,113.615,1457,Zone_5,2590,1.31,43.9,Business
T01598,R0277,3.66,20.35,51.93,4/27/2023,0,-0.966898116,-1.030929198,0,Thursday,April,1,0,0,0,0,0,0,1,0,0,0,0,0,0,3.968970286,1.539015448,4.511097427,0,Kavya Gupta,42,Female,Jaipur,1/22/2021,433,16,3.06,0,9,Medium,9.658888889,155.8666667,2057,Zone_3,12971,2.11,38,Business
T01599,R0196,12.51,69.51,154.55,1/5/2023,0,0.233327293,0.957928025,0,Thursday,January,0,1,0,0,1,0,0,0,0,0,0,0,0,0,5.046967223,2.603430152,8.337265739,0,Vivaan Das,18,Male,Hyderabad,6/24/2019,51,9,4.93,1,12,High,7.995833333,135.2858333,2635,Zone_1,4921,2.43,30.9,Residential
T01600,R0005,11.49,98.56,280.91,10/25/2023,1,1.711211553,0.728703803,0,Wednesday,October,1,0,0,0,0,1,0,0,0,0,0,0,0,0,5.641587871,2.524928324,9.927738917,0,Diya Reddy,27,Male,Ahmedabad,5/31/2021,294,30,3.53,1,7,Medium,7.322857143,132.35,1928,Zone_10,2440,1.54,35.4,Industrial
T01601,R0083,8.7,83.36,191.83,3/6/2024,1,0.669347594,0.101708136,0,Wednesday,March,0,0,0,1,0,0,1,0,0,0,0,0,0,0,5.261808972,2.272125886,9.130169768,0,Kavya Patel,45,Female,Mumbai,12/31/2021,475,39,4.4,0,10,Medium,9.262,141.533,1714,Zone_2,6371,0.91,58.4,Residential
T01602,R0251,8.13,40.91,139.73,3/22/2024,0,0.059995189,-0.026387753,0,Friday,March,0,0,0,1,0,0,0,0,0,0,0,1,0,0,4.946843161,2.211565695,6.396092557,0,Vivaan Iyer,46,Female,Mumbai,1/13/2020,213,26,4.48,0,5,Low,7.682,152.516,2432,Zone_7,11070,0.64,45.2,Industrial
T01603,R0264,7.02,57.96,96.68,7/23/2024,0,-0.443510014,-0.275837642,0,Tuesday,July,0,0,0,1,0,0,0,0,0,1,0,0,0,0,4.58169683,2.081938422,7.613146524,0,Aadhya Das,27,Other,Delhi,2/6/2019,401,54,3.59,2,3,Low,4.146666667,63.37,2773,Zone_5,2590,1.31,43.9,Business
T01604,R0253,14.56,124.59,132.54,1/10/2024,0,-0.024097782,1.418623766,0,Wednesday,January,0,0,0,1,0,1,0,0,0,0,0,0,0,0,4.894401058,2.744703519,11.16198907,0,Ishaan Gupta,26,Male,Surat,8/19/2021,173,24,3.16,1,7,Medium,7.117142857,106.3728571,1848,Zone_10,2440,1.54,35.4,Industrial
T01605,R0077,13.94,83.86,238.65,5/17/2024,0,1.216946051,1.279291396,0,Friday,May,1,0,0,0,1,0,0,0,0,0,0,0,0,0,5.479179526,2.70404218,9.157510579,0,Reyansh Das,28,Male,Mumbai,9/7/2019,406,72,3.79,1,14,High,10.49,167.4157143,2560,Zone_1,4921,2.43,30.9,Residential
T01606,R0179,8.73,82.07,177.84,5/20/2024,1,0.505723023,0.108450025,0,Monday,May,0,0,0,1,0,0,0,0,0,0,0,0,0,1,5.186491551,2.275213896,9.059249417,0,Meera Patel,28,Male,Kolkata,4/11/2022,274,14,4.64,1,4,Low,6.3825,114.8,1613,Zone_9,11037,1.83,56.1,Mixed
T01607,R0279,3.72,18.65,52.72,4/28/2023,0,-0.957658416,-1.01744542,0,Friday,April,0,0,1,0,0,0,0,0,0,0,0,0,0,1,3.983785372,1.5518088,4.318564576,0,Diya Singh,25,Other,Pune,4/21/2022,454,84,3.73,2,5,Low,8.31,139.814,1603,Zone_9,11037,1.83,56.1,Mixed
T01608,R0257,2.12,16.02,18.57,5/5/2024,0,-1.357070789,-1.377012828,0,Sunday,May,1,0,0,0,0,0,0,0,1,0,0,0,0,0,2.973997781,1.137833002,4.002499219,0,Arjun Reddy,36,Other,Delhi,3/11/2023,459,19,4.82,2,7,Medium,8.015714286,117.4614286,1279,Zone_4,4038,2.46,48.2,Business
T01609,R0040,9.44,53.61,232.99,6/9/2024,1,1.15074769,0.268008062,0,Sunday,June,0,0,1,0,0,0,0,1,0,0,0,0,0,0,5.455278379,2.345644582,7.321885003,0,Aarav Gupta,34,Other,Surat,5/5/2023,485,36,4.41,2,10,Medium,8.045,114.075,1224,Zone_3,12971,2.11,38,Business
T01610,R0186,4.81,32.34,69.28,3/13/2023,0,-0.763975578,-0.772490124,0,Monday,March,0,0,1,0,0,1,0,0,0,0,0,0,0,0,4.252487263,1.759580571,5.686826883,0,Ishaan Sharma,18,Other,Hyderabad,12/11/2020,373,19,3.26,2,7,Medium,9.797142857,134.1171429,2099,Zone_10,2440,1.54,35.4,Industrial
T01611,R0104,10.38,81.05,102.76,3/23/2024,0,-0.372399407,0.479253914,0,Saturday,March,0,0,1,0,0,0,1,0,0,0,0,0,0,0,4.64208054,2.431857429,9.002777349,0,Diya Gupta,52,Male,Kolkata,5/27/2021,328,1,3.7,1,9,Medium,5.187777778,85.04333333,1932,Zone_2,6371,0.91,58.4,Residential
T01612,R0271,6.07,60.67,117.3,9/24/2023,0,-0.202342133,-0.48933079,0,Sunday,September,0,0,0,1,0,0,0,0,1,0,0,0,0,0,4.773223771,1.95586048,7.789094941,0,Saanvi Iyer,22,Male,Bengaluru,10/7/2022,58,6,4.37,1,8,Medium,8.1275,116.0975,1434,Zone_4,4038,2.46,48.2,Business
T01613,R0025,11.87,88.44,159.39,9/8/2023,0,0.289935079,0.814101062,0,Friday,September,1,0,0,0,0,0,0,0,1,0,0,0,0,0,5.077608349,2.554899022,9.404254356,0,Meera Das,21,Female,Mumbai,10/22/2021,42,3,4.01,0,5,Low,9.45,143.886,1784,Zone_4,4038,2.46,48.2,Business
T01614,R0100,9.04,72.33,200.2,6/11/2023,1,0.767241637,0.17811621,0,Sunday,June,1,0,0,0,0,0,1,0,0,0,0,0,0,0,5.304299438,2.306577114,8.50470458,0,Ishaan Gupta,28,Male,Delhi,5/24/2021,383,60,3.79,1,12,High,8.454166667,138.1241667,1935,Zone_2,6371,0.91,58.4,Residential
T01615,R0101,12.99,106.71,165.87,7/26/2023,0,0.365724016,1.065798247,0,Wednesday,July,0,1,0,0,0,0,0,0,0,0,0,0,0,1,5.117215066,2.638342789,10.33005324,0,Aarav Singh,37,Female,Delhi,11/1/2020,228,29,3.03,0,5,Low,9.058,134.272,2139,Zone_9,11037,1.83,56.1,Mixed
T01616,R0295,3.17,26.19,63.07,5/12/2023,0,-0.836606642,-1.141046717,0,Friday,May,0,1,0,0,0,0,0,0,0,0,1,0,0,0,4.159976236,1.427916036,5.117616633,0,Kavya Gupta,18,Female,Delhi,5/29/2019,98,18,3.59,0,9,Medium,4.974444444,58.22666667,2661,Zone_6,14627,0.54,37.6,Mixed
T01617,R0015,6.86,36.69,158.93,7/15/2024,1,0.284555,-0.311794383,0,Monday,July,0,1,0,0,0,0,0,0,0,0,0,0,0,1,5.07473622,2.061786606,6.057227088,0,Saanvi Patel,28,Other,Chennai,12/19/2022,46,1,3.87,2,5,Low,6,119.57,1361,Zone_9,11037,1.83,56.1,Mixed
T01618,R0212,19.08,127.16,379.63,5/12/2024,0,3.483713608,2.434401693,0,Sunday,May,1,0,0,0,0,0,0,0,0,0,0,0,1,0,5.941827775,2.999724295,11.27652429,0,Aadhya Iyer,36,Female,Ahmedabad,9/11/2023,73,12,3.22,0,7,Medium,8.368571429,161.2128571,1095,Zone_8,4516,1.93,31,Business
T01619,R0049,4.52,32.2,63.01,9/4/2023,0,-0.837308392,-0.837661716,0,Monday,September,1,0,0,0,0,1,0,0,0,0,0,0,0,0,4.159039321,1.70837786,5.674504384,0,Meera Iyer,39,Male,Mumbai,5/19/2020,375,55,4.4,1,6,Medium,9.728333333,163.4,2305,Zone_10,2440,1.54,35.4,Industrial
T01620,R0059,12.21,89.57,237.49,4/23/2023,0,1.203378896,0.890509136,0,Sunday,April,0,0,1,0,0,0,1,0,0,0,0,0,0,0,5.474327381,2.580974119,9.464142856,0,Aarav Sharma,43,Male,Delhi,8/2/2021,357,11,3.27,1,4,Low,8.75,133.695,1865,Zone_2,6371,0.91,58.4,Residential
T01621,R0062,10.09,66.64,113.63,3/10/2023,0,-0.245265805,0.414082321,0,Friday,March,0,1,0,0,0,0,0,0,0,0,1,0,0,0,4.74170955,2.406043801,8.163332653,0,Kavya Sharma,38,Male,Jaipur,5/13/2019,57,3,3.58,1,7,Medium,9.435714286,127.0728571,2677,Zone_6,14627,0.54,37.6,Mixed
T01622,R0031,14.43,83.28,128.31,11/2/2023,0,-0.073571116,1.389408914,0,Thursday,November,0,1,0,0,0,1,0,0,0,0,0,0,0,0,4.862212622,2.736313666,9.125787637,0,Reyansh Nair,29,Female,Hyderabad,4/27/2023,230,21,4.62,0,3,Low,9.016666667,130.27,1232,Zone_10,2440,1.54,35.4,Industrial
T01623,R0130,7.13,63.26,131.57,4/3/2024,0,-0.035442731,-0.251117383,0,Wednesday,April,0,0,1,0,0,0,0,0,0,0,1,0,0,0,4.887110808,2.095560924,7.95361553,0,Diya Ghosh,27,Female,Pune,2/16/2019,316,62,3.62,0,8,Medium,6.3625,112.04125,2763,Zone_6,14627,0.54,37.6,Mixed
T01624,R0267,13.95,100.44,191.44,1/24/2023,0,0.664786223,1.281538692,0,Tuesday,January,0,1,0,0,0,0,0,1,0,0,0,0,0,0,5.259784417,2.7047113,10.02197585,0,Arjun Iyer,37,Other,Jaipur,1/1/2021,131,11,4.5,2,5,Low,9.438,136.338,2078,Zone_3,12971,2.11,38,Business
T01625,R0204,14.08,86.32,142.21,5/19/2024,0,0.089000831,1.310753544,0,Sunday,May,0,0,0,1,0,0,0,0,1,0,0,0,0,0,4.964312084,2.713369363,9.290855719,0,Aarav Kumar,37,Female,Hyderabad,1/1/2019,438,5,3.73,0,7,Medium,9.687142857,128.7642857,2809,Zone_4,4038,2.46,48.2,Business
T01626,R0266,8.98,63.43,121.26,10/15/2023,0,-0.156026672,0.164632432,0,Sunday,October,0,0,0,1,0,1,0,0,0,0,0,0,0,0,4.806149925,2.30058309,7.964295324,0,Diya Reddy,29,Other,Chennai,9/25/2020,98,13,3.9,2,9,Medium,8.107777778,138.6055556,2176,Zone_10,2440,1.54,35.4,Industrial
T01627,R0138,2.18,11.6,40.84,7/29/2024,0,-1.096604799,-1.36352905,0,Monday,July,0,0,0,1,0,0,0,0,0,0,0,1,0,0,3.73385282,1.156881197,3.405877273,0,Ishaan Das,46,Male,Kolkata,7/28/2022,13,0,3.53,1,5,Low,6.25,104.296,1505,Zone_7,11070,0.64,45.2,Industrial
T01628,R0063,12.57,66.91,195.23,6/19/2024,0,0.709113394,0.971411803,0,Wednesday,June,0,0,1,0,0,0,0,0,0,0,1,0,0,0,5.279287441,2.607861474,8.179853299,0,Diya Iyer,34,Male,Surat,4/21/2023,329,33,4.83,1,6,Medium,11.25833333,207.4266667,1238,Zone_6,14627,0.54,37.6,Mixed
T01629,R0260,3.13,28.76,62.82,5/10/2024,1,-0.839530598,-1.150035902,0,Friday,May,0,0,1,0,0,0,1,0,0,0,0,0,0,0,4.156066621,1.418277407,5.362835071,0,Reyansh Das,55,Other,Mumbai,7/17/2019,63,3,4.24,2,6,Medium,6.298333333,114.8766667,2612,Zone_2,6371,0.91,58.4,Residential
T01630,R0067,7.31,39.41,165.12,4/1/2023,1,0.356952148,-0.21066605,0,Saturday,April,0,0,1,0,0,0,0,0,0,1,0,0,0,0,5.112710419,2.117459609,6.277738446,0,Saanvi Iyer,32,Male,Pune,7/24/2022,348,9,3.38,1,13,High,8.697692308,142.0623077,1509,Zone_5,2590,1.31,43.9,Business
T01631,R0177,12.73,110.74,235.51,7/15/2024,0,1.180221165,1.007368544,0,Monday,July,0,1,0,0,1,0,0,0,0,0,0,0,0,0,5.46599049,2.61958322,10.52330746,0,Ishaan Reddy,34,Other,Bengaluru,2/15/2023,489,63,4.48,2,12,High,9.645,155.5633333,1303,Zone_1,4921,2.43,30.9,Residential
T01632,R0007,13.46,95.47,174.21,4/26/2023,0,0.463267184,1.171421173,0,Wednesday,April,0,1,0,0,0,0,0,0,0,0,0,0,1,0,5.165985254,2.671386217,9.770875089,0,Ishaan Ghosh,18,Female,Mumbai,3/26/2021,458,82,4.03,0,6,Medium,6.603333333,99.48666667,1994,Zone_8,4516,1.93,31,Business
T01633,R0232,6.26,62.59,81.29,4/9/2023,0,-0.623508738,-0.446632161,0,Sunday,April,0,1,0,0,0,0,0,0,0,0,1,0,0,0,4.410249594,1.982379829,7.911384203,0,Meera Das,38,Male,Jaipur,12/8/2022,172,15,3.94,1,13,High,7.169230769,114.68,1372,Zone_6,14627,0.54,37.6,Mixed
T01634,R0066,11.13,81.26,140.6,12/9/2023,0,0.070170555,0.647801136,0,Saturday,December,1,0,0,0,0,0,0,0,1,0,0,0,0,0,4.953006181,2.495681723,9.014432872,0,Arjun Patel,38,Female,Bengaluru,6/3/2022,167,28,4.72,0,4,Low,10.6175,144.035,1560,Zone_4,4038,2.46,48.2,Business
T01635,R0291,0.29,2.87,4.66,8/3/2023,0,-1.519759694,-1.78826805,0,Thursday,August,0,0,0,1,0,0,0,0,0,0,0,0,0,1,1.733423892,0.254642218,1.694107435,0,Arjun Ghosh,23,Other,Pune,4/19/2021,499,94,3.46,2,6,Medium,7.741666667,132.5983333,1970,Zone_9,11037,1.83,56.1,Mixed
T01636,R0009,5.64,36.01,62.56,5/28/2024,0,-0.842571512,-0.585964531,0,Tuesday,May,0,0,0,1,0,0,1,0,0,0,0,0,0,0,4.151984342,1.893111963,6.000833275,0,Diya Patel,42,Female,Ahmedabad,12/15/2019,172,21,4.11,0,7,Medium,9.268571429,130.9128571,2461,Zone_2,6371,0.91,58.4,Residential
T01637,R0044,15.34,123.22,134.21,4/5/2023,0,-0.004565757,1.593912877,0,Wednesday,April,0,1,0,0,0,0,0,0,0,0,0,1,0,0,4.906829125,2.793616089,11.10045044,0,Arjun Gupta,36,Female,Hyderabad,8/1/2020,271,5,3.21,0,10,Medium,10.226,166.052,2231,Zone_7,11070,0.64,45.2,Industrial
T01638,R0002,14.72,101.63,148.43,2/8/2023,0,0.161748853,1.454580507,0,Wednesday,February,1,0,0,0,0,0,0,0,0,0,0,0,1,0,5.006828056,2.754933787,10.08117057,0,Ishaan Nair,39,Female,Mumbai,11/23/2019,70,5,4.12,0,7,Medium,10.81285714,167.9442857,2483,Zone_8,4516,1.93,31,Business
T01639,R0292,11.35,79.85,93.29,12/11/2023,0,-0.483158856,0.697241655,0,Monday,December,0,0,0,1,0,0,0,0,0,0,0,1,0,0,4.546375139,2.513656063,8.935882721,0,Diya Patel,37,Female,Jaipur,6/28/2020,141,19,4.39,0,9,Medium,8.817777778,126.4322222,2265,Zone_7,11070,0.64,45.2,Industrial
T01640,R0124,7.29,37.66,85.71,6/29/2024,0,-0.571813198,-0.215160642,0,Saturday,June,0,0,1,0,0,0,0,0,0,0,0,1,0,0,4.462569217,2.115049969,6.136774397,0,Aadhya Das,37,Other,Hyderabad,6/9/2022,419,25,3.59,2,5,Low,8.516,128.67,1554,Zone_7,11070,0.64,45.2,Industrial
T01641,R0250,12.24,92.52,209.81,8/7/2023,0,0.879638501,0.897251025,0,Monday,August,1,0,0,0,0,0,0,1,0,0,0,0,0,0,5.350957254,2.583242551,9.618731725,0,Aadhya Iyer,34,Female,Jaipur,2/1/2021,163,31,4.63,0,9,Medium,8.368888889,125.2566667,2047,Zone_3,12971,2.11,38,Business
T01642,R0271,7.88,75.96,74.58,5/11/2023,0,-0.701987714,-0.082570161,0,Thursday,May,0,0,1,0,0,0,0,0,0,0,0,0,1,0,4.325191698,2.183801557,8.715503428,0,Saanvi Iyer,22,Male,Bengaluru,10/7/2022,58,6,4.37,1,8,Medium,8.1275,116.0975,1434,Zone_8,4516,1.93,31,Business
T01643,R0271,8.84,69.96,205.88,10/3/2023,1,0.833673915,0.133170284,0,Tuesday,October,0,1,0,0,0,0,0,0,0,1,0,0,0,0,5.332138915,2.286455711,8.364209467,0,Saanvi Iyer,22,Male,Bengaluru,10/7/2022,58,6,4.37,1,8,Medium,8.1275,116.0975,1434,Zone_5,2590,1.31,43.9,Business
T01644,R0155,8.44,46.57,105.78,8/26/2023,0,-0.33707802,0.043278432,0,Saturday,August,0,0,0,1,0,1,0,0,0,0,0,0,0,0,4.670770643,2.24495598,6.824221567,0,Meera Reddy,23,Male,Hyderabad,2/10/2019,353,8,3.14,1,8,Medium,7.61375,116.46375,2769,Zone_10,2440,1.54,35.4,Industrial
T01645,R0018,4.12,37.56,46.6,5/7/2023,0,-1.029236856,-0.927553568,0,Sunday,May,0,1,0,0,0,0,0,0,0,0,0,1,0,0,3.862832761,1.633154439,6.128621378,0,Aarav Reddy,49,Female,Delhi,1/9/2023,446,86,3.29,0,6,Medium,9.031666667,174.055,1340,Zone_7,11070,0.64,45.2,Industrial
T01646,R0157,11.63,91.2,170.93,1/24/2024,0,0.424904883,0.760165951,0,Wednesday,January,0,0,0,1,0,0,0,1,0,0,0,0,0,0,5.147087417,2.536074936,9.549869109,0,Kavya Nair,36,Female,Hyderabad,11/23/2021,319,27,4.65,0,10,Medium,11.39,187.593,1752,Zone_3,12971,2.11,38,Business
T01647,R0026,2.65,18.2,25.4,9/29/2023,0,-1.277188314,-1.257906124,0,Friday,September,1,0,0,0,0,1,0,0,0,0,0,0,0,0,3.27336401,1.294727168,4.266145802,0,Aarav Kumar,26,Female,Surat,4/17/2020,44,5,3.17,0,9,Medium,8.81,108.1322222,2337,Zone_10,2440,1.54,35.4,Industrial
T01648,R0196,11.88,114.22,118.56,6/5/2024,0,-0.187605395,0.816348358,0,Wednesday,June,0,1,0,0,0,0,0,1,0,0,0,0,0,0,4.783818337,2.555675721,10.68737573,0,Vivaan Das,18,Male,Hyderabad,6/24/2019,51,9,4.93,1,12,High,7.995833333,135.2858333,2635,Zone_3,12971,2.11,38,Business
T01649,R0253,3.2,28.3,49.71,6/28/2023,0,-0.992862845,-1.134304828,0,Wednesday,June,0,0,1,0,0,0,0,0,1,0,0,0,0,0,3.92612313,1.435084525,5.319774431,0,Ishaan Gupta,26,Male,Surat,8/19/2021,173,24,3.16,1,7,Medium,7.117142857,106.3728571,1848,Zone_4,4038,2.46,48.2,Business
T01650,R0261,4.39,23.72,49.3,3/29/2024,0,-0.997658132,-0.866876568,0,Friday,March,1,0,0,0,0,0,1,0,0,0,0,0,0,0,3.918005077,1.684545385,4.870318265,0,Aarav Kumar,31,Male,Pune,8/26/2022,477,83,4.24,1,6,Medium,8.195,108.2883333,1476,Zone_2,6371,0.91,58.4,Residential
T01651,R0097,6.2,61.2,102.4,1/23/2024,0,-0.376609903,-0.460115939,0,Tuesday,January,0,0,1,0,0,0,1,0,0,0,0,0,0,0,4.638604962,1.974081026,7.823042886,0,Aarav Iyer,23,Other,Bengaluru,1/25/2021,478,5,3.28,2,8,Medium,8.67875,139.6375,2054,Zone_2,6371,0.91,58.4,Residential
T01652,R0214,7.22,57.99,164.58,5/16/2024,1,0.350636403,-0.230891716,0,Thursday,May,0,0,0,1,0,1,0,0,0,0,0,0,0,0,5.109454462,2.106570209,7.615116545,0,Aarav Kumar,20,Female,Kolkata,9/14/2022,210,2,4.53,0,6,Medium,6.793333333,113.615,1457,Zone_10,2440,1.54,35.4,Industrial
T01653,R0250,8.95,64.68,119.38,6/18/2024,0,-0.17801482,0.157890543,0,Tuesday,June,0,0,1,0,0,0,0,0,0,1,0,0,0,0,4.790653406,2.297572551,8.042387705,0,Aadhya Iyer,34,Female,Jaipur,2/1/2021,163,31,4.63,0,9,Medium,8.368888889,125.2566667,2047,Zone_5,2590,1.31,43.9,Business
T01654,R0125,12.14,94.46,296.53,6/3/2023,1,1.893900317,0.874778062,0,Saturday,June,0,0,1,0,1,0,0,0,0,0,0,0,0,0,5.69551506,2.575661013,9.719053452,0,Saanvi Ghosh,44,Male,Ahmedabad,4/22/2023,99,19,3.89,1,6,Medium,9.295,186.1266667,1237,Zone_1,4921,2.43,30.9,Residential
T01655,R0196,14.55,91.15,168.41,5/10/2024,0,0.395431407,1.41637647,0,Friday,May,1,0,0,0,0,0,0,0,0,0,1,0,0,0,5.132321812,2.744060639,9.547250913,0,Vivaan Das,18,Male,Hyderabad,6/24/2019,51,9,4.93,1,12,High,7.995833333,135.2858333,2635,Zone_6,14627,0.54,37.6,Mixed
T01656,R0185,0.55,5.47,9.49,6/10/2023,0,-1.463268866,-1.729838347,0,Saturday,June,0,0,0,1,0,1,0,0,0,0,0,0,0,0,2.350422422,0.438254931,2.338803113,0,Vivaan Sharma,27,Male,Delhi,8/27/2021,201,12,4.05,1,7,Medium,6.247142857,106.2971429,1840,Zone_10,2440,1.54,35.4,Industrial
T01657,R0246,12.92,108.63,201.25,8/16/2023,0,0.779522252,1.050067173,0,Wednesday,August,1,0,0,0,0,0,0,1,0,0,0,0,0,0,5.309504556,2.633326655,10.42257166,0,Vivaan Das,29,Other,Mumbai,3/31/2021,240,34,4.79,2,12,High,6.978333333,129.2125,1989,Zone_3,12971,2.11,38,Business
T01658,R0184,5.68,33.74,133.83,3/30/2024,1,-0.00901017,-0.576975346,0,Saturday,March,0,0,1,0,1,0,0,0,0,0,0,0,0,0,4.904014726,1.899117988,5.808614293,0,Meera Nair,29,Female,Surat,3/4/2020,285,27,3.97,0,8,Medium,8.645,151.59,2381,Zone_1,4921,2.43,30.9,Residential
T01659,R0086,7.64,68.83,107.37,7/1/2023,0,-0.31848166,-0.136505272,0,Saturday,July,0,0,1,0,0,0,0,0,0,0,0,0,1,0,4.685551298,2.156402583,8.296384755,0,Vivaan Patel,23,Male,Hyderabad,11/8/2019,337,17,4.56,1,6,Medium,10.78,188.3033333,2498,Zone_8,4516,1.93,31,Business
T01660,R0095,7.47,54.57,181.06,3/9/2023,1,0.543383575,-0.174709309,0,Thursday,March,0,0,1,0,1,0,0,0,0,0,0,0,0,0,5.204336303,2.136530509,7.387151007,0,Kavya Iyer,29,Female,Chennai,10/7/2020,481,77,4.26,0,13,High,8.826923077,144.5853846,2164,Zone_1,4921,2.43,30.9,Residential
T01661,R0173,5.75,37.23,46.87,11/15/2023,0,-1.026078983,-0.561244272,0,Wednesday,November,0,0,1,0,0,0,0,0,0,1,0,0,0,0,3.868489003,1.909542505,6.101639124,0,Saanvi Ghosh,26,Other,Mumbai,1/15/2020,389,55,4.28,2,7,Medium,7.148571429,123.0671429,2430,Zone_5,2590,1.31,43.9,Business
T01662,R0149,3.55,31.84,59.18,5/27/2024,0,-0.882103396,-1.055649457,0,Monday,May,0,1,0,0,0,0,0,0,1,0,0,0,0,0,4.097340071,1.515127233,5.642694392,0,Diya Reddy,30,Male,Jaipur,9/14/2019,89,8,4.57,1,7,Medium,6.06,94.44571429,2553,Zone_4,4038,2.46,48.2,Business
T01663,R0294,9.4,87.11,128.34,9/18/2023,0,-0.073220241,0.259018877,0,Monday,September,1,0,0,0,0,0,0,0,1,0,0,0,0,0,4.862444596,2.341805806,9.333273809,0,Arjun Reddy,24,Male,Surat,4/2/2021,41,7,3.2,1,7,Medium,8.097142857,119.3428571,1987,Zone_4,4038,2.46,48.2,Business
T01664,R0283,12.06,77.85,274.76,3/8/2024,1,1.639282239,0.856799692,0,Friday,March,0,0,0,1,0,0,0,0,0,1,0,0,0,0,5.619530922,2.569554124,8.823264702,0,Diya Nair,19,Male,Surat,6/15/2023,245,45,3.55,1,7,Medium,7.995714286,144.7471429,1183,Zone_5,2590,1.31,43.9,Business
T01665,R0293,1.7,9.4,23.4,2/13/2023,0,-1.300579961,-1.471399272,0,Monday,February,0,0,0,1,1,0,0,0,0,0,0,0,0,0,3.194583132,0.993251773,3.065941943,0,Arjun Kumar,39,Female,Delhi,10/1/2019,248,44,3.2,0,4,Low,5.605,100.355,2536,Zone_1,4921,2.43,30.9,Residential
T01666,R0247,7.9,54.08,140.92,5/3/2024,0,0.073913219,-0.078075568,0,Friday,May,0,0,0,1,0,0,0,0,0,0,0,0,0,1,4.955263519,2.186051277,7.353910524,0,Aadhya Das,37,Male,Bengaluru,5/11/2021,249,47,4.92,1,13,High,10.26769231,182.1107692,1948,Zone_9,11037,1.83,56.1,Mixed
T01667,R0112,4.85,26.32,50.99,8/21/2024,0,-0.97789219,-0.763500939,0,Wednesday,August,0,0,0,1,0,0,0,0,0,0,1,0,0,0,3.951051392,1.766441661,5.130302135,0,Meera Nair,41,Female,Delhi,11/13/2020,311,11,3.24,0,10,Medium,8.953,115.027,2127,Zone_6,14627,0.54,37.6,Mixed
T01668,R0012,13.48,88.12,180.67,9/8/2023,0,0.538822204,1.175915766,0,Friday,September,0,1,0,0,0,0,0,0,0,0,0,0,0,1,5.202191854,2.672768387,9.387225362,0,Aarav Das,31,Female,Hyderabad,1/19/2022,248,11,3.31,0,5,Low,5.822,70.552,1695,Zone_9,11037,1.83,56.1,Mixed
T01669,R0018,10.47,104.34,254.12,2/11/2023,1,1.397880441,0.49947958,0,Saturday,February,0,1,0,0,0,0,0,0,0,0,0,0,0,1,5.541734023,2.439734931,10.2146953,0,Aarav Reddy,49,Female,Delhi,1/9/2023,446,86,3.29,0,6,Medium,9.031666667,174.055,1340,Zone_9,11037,1.83,56.1,Mixed
T01670,R0027,15.54,102.56,248.87,5/12/2023,0,1.336477368,1.638858803,0,Friday,May,0,0,0,1,0,0,0,0,0,0,0,0,0,1,5.520940783,2.80578169,10.12719112,0,Ishaan Iyer,39,Male,Jaipur,10/5/2019,403,61,3.98,1,8,Medium,7.22875,103.41,2532,Zone_9,11037,1.83,56.1,Mixed
T01671,R0132,0.26,2.04,3.27,12/6/2023,0,-1.539057803,-1.795009939,0,Wednesday,December,0,0,0,1,0,0,0,0,0,0,0,0,0,1,1.451613827,0.231111721,1.428285686,0,Aadhya Iyer,23,Male,Surat,12/9/2022,484,25,3.32,1,11,High,6.309090909,99.27181818,1371,Zone_9,11037,1.83,56.1,Mixed
T01672,R0263,13.17,85.57,307.13,3/8/2024,1,2.017876046,1.106249581,0,Friday,March,0,0,0,1,0,1,0,0,0,0,0,0,0,0,5.730521772,2.651127054,9.250405397,0,Ishaan Das,31,Other,Chennai,12/30/2020,297,21,3.84,2,12,High,8.718333333,128.9725,2080,Zone_10,2440,1.54,35.4,Industrial
T01673,R0065,8.81,81.96,76.13,12/21/2023,0,-0.683859187,0.126428395,0,Thursday,December,1,0,0,0,0,0,0,0,0,0,0,0,0,1,4.34549231,2.283402274,9.053176238,0,Meera Nair,43,Other,Mumbai,6/28/2023,180,32,4.52,2,3,Low,8.173333333,142.2366667,1170,Zone_9,11037,1.83,56.1,Mixed
T01674,R0195,4.37,36.96,84.07,5/31/2023,0,-0.590994348,-0.871371161,0,Wednesday,May,1,0,0,0,0,1,0,0,0,0,0,0,0,0,4.443474447,1.680827909,6.079473661,0,Aadhya Reddy,33,Male,Kolkata,5/27/2021,72,10,4.97,1,9,Medium,7.813333333,116.0188889,1932,Zone_10,2440,1.54,35.4,Industrial
T01675,R0138,10.45,53.5,170.59,3/12/2024,0,0.420928303,0.494984988,0,Tuesday,March,0,0,0,1,1,0,0,0,0,0,0,0,0,0,5.14510791,2.43798973,7.314369419,0,Ishaan Das,46,Male,Kolkata,7/28/2022,13,0,3.53,1,5,Low,6.25,104.296,1505,Zone_1,4921,2.43,30.9,Residential
T01676,R0213,15.83,84.55,300.77,6/26/2024,0,1.943490608,1.704030396,0,Wednesday,June,0,0,1,0,1,0,0,0,0,0,0,0,0,0,5.709665138,2.823163008,9.195107395,0,Kavya Ghosh,29,Female,Chennai,6/4/2019,456,26,3.74,0,9,Medium,6.787777778,118.2666667,2655,Zone_1,4921,2.43,30.9,Residential
T01677,R0089,16.02,96.02,276.89,8/11/2023,0,1.664194343,1.746729026,0,Friday,August,0,0,1,0,0,1,0,0,0,0,0,0,0,0,5.627225352,2.834389123,9.798979539,0,Saanvi Reddy,48,Other,Surat,9/21/2022,308,6,3.91,2,9,Medium,9.981111111,157.2833333,1450,Zone_10,2440,1.54,35.4,Industrial
T01678,R0147,12.11,103.45,251.23,6/18/2024,1,1.364079511,0.868036173,0,Tuesday,June,1,0,0,0,0,0,0,0,0,0,0,0,0,1,5.53034137,2.573375298,10.17103731,0,Saanvi Nair,35,Other,Mumbai,8/29/2022,239,21,3.91,2,8,Medium,7.94375,127.725,1473,Zone_9,11037,1.83,56.1,Mixed
T01679,R0204,3.04,18.36,46.52,6/18/2024,0,-1.030172522,-1.170261568,0,Tuesday,June,0,0,1,0,0,1,0,0,0,0,0,0,0,0,3.861150675,1.396244692,4.284857057,0,Aarav Kumar,37,Female,Hyderabad,1/1/2019,438,5,3.73,0,7,Medium,9.687142857,128.7642857,2809,Zone_10,2440,1.54,35.4,Industrial
T01680,R0067,9.55,70.55,139.31,12/3/2023,0,0.055082943,0.292728321,0,Sunday,December,0,1,0,0,0,0,1,0,0,0,0,0,0,0,4.94385426,2.35612586,8.399404741,0,Saanvi Iyer,32,Male,Pune,7/24/2022,348,9,3.38,1,13,High,8.697692308,142.0623077,1509,Zone_2,6371,0.91,58.4,Residential
T01681,R0090,9.71,84.65,212.98,3/28/2023,1,0.916714262,0.328685062,0,Tuesday,March,1,0,0,0,0,0,0,0,1,0,0,0,0,0,5.365882553,2.371177884,9.200543462,0,Kavya Iyer,33,Female,Mumbai,1/31/2021,152,25,4.51,0,10,Medium,10.813,191.988,2048,Zone_4,4038,2.46,48.2,Business
T01682,R0162,14.21,105.79,305.85,5/26/2023,1,2.002905392,1.339968396,0,Friday,May,0,1,0,0,0,0,0,0,0,1,0,0,0,0,5.726359029,2.721953106,10.28542658,0,Meera Patel,30,Male,Hyderabad,8/14/2023,394,38,4.28,1,6,Medium,8.855,156.15,1123,Zone_5,2590,1.31,43.9,Business
T01683,R0225,7.18,36.97,138.49,8/13/2023,0,0.045492368,-0.239880901,0,Sunday,August,0,0,0,1,0,1,0,0,0,0,0,0,0,0,4.937992914,2.101692151,6.080296045,0,Ishaan Sharma,39,Female,Delhi,6/15/2020,465,9,4.08,0,6,Medium,8.055,112.1533333,2278,Zone_10,2440,1.54,35.4,Industrial
T01684,R0100,8.08,75.65,66.07,5/28/2023,0,-0.801519172,-0.037624235,0,Sunday,May,0,0,1,0,0,1,0,0,0,0,0,0,0,0,4.20573685,2.206074193,8.697700846,0,Ishaan Gupta,28,Male,Delhi,5/24/2021,383,60,3.79,1,12,High,8.454166667,138.1241667,1935,Zone_10,2440,1.54,35.4,Industrial
T01685,R0134,4.73,44,114.72,7/2/2024,1,-0.232517358,-0.790468494,0,Tuesday,July,0,1,0,0,0,1,0,0,0,0,0,0,0,0,4.75117348,1.745715531,6.633249581,0,Aadhya Singh,34,Male,Jaipur,7/30/2022,410,29,4.59,1,7,Medium,7.974285714,154.9142857,1503,Zone_10,2440,1.54,35.4,Industrial
T01686,R0209,11.34,91.7,149.77,5/15/2024,0,0.177421257,0.694994358,0,Wednesday,May,0,1,0,0,0,0,0,1,0,0,0,0,0,0,5.015755497,2.512846018,9.576011696,0,Vivaan Sharma,31,Other,Surat,6/11/2020,109,20,3.77,2,8,Medium,7.315,91.88625,2282,Zone_3,12971,2.11,38,Business
T01687,R0262,6.92,58.18,118.05,2/17/2024,0,-0.193570265,-0.298310605,0,Saturday,February,0,0,1,0,1,0,0,0,0,0,0,0,0,0,4.779543573,2.069391206,7.62758153,0,Meera Singh,30,Male,Ahmedabad,4/21/2019,6,0,3.35,1,9,Medium,6.624444444,107.4844444,2699,Zone_1,4921,2.43,30.9,Residential
T01688,R0244,8.93,75.16,210.43,2/20/2024,1,0.886889912,0.153395951,0,Tuesday,February,1,0,0,0,0,0,0,0,0,0,0,0,0,1,5.353893974,2.295560478,8.669486721,0,Aadhya Iyer,24,Female,Kolkata,4/22/2019,27,1,3.13,0,4,Low,8.8275,162.0525,2698,Zone_9,11037,1.83,56.1,Mixed
T01689,R0140,5.65,44.27,75.01,4/26/2024,0,-0.696958509,-0.583717235,0,Friday,April,1,0,0,0,0,0,0,0,1,0,0,0,0,0,4.330864911,1.894616855,6.65357047,0,Aadhya Nair,29,Female,Delhi,4/17/2020,499,45,4.92,0,5,Low,6.962,123.622,2337,Zone_4,4038,2.46,48.2,Business
T01690,R0108,8.24,47.99,153.95,6/4/2023,0,0.226309799,-0.001667494,0,Sunday,June,0,1,0,0,0,0,1,0,0,0,0,0,0,0,5.043102484,2.223541886,6.927481505,0,Reyansh Gupta,18,Male,Pune,5/31/2019,184,32,4.88,1,7,Medium,6.228571429,124.9842857,2659,Zone_2,6371,0.91,58.4,Residential
T01691,R0091,2.6,23.78,35.54,11/27/2023,0,-1.158592664,-1.269142606,0,Monday,November,0,1,0,0,0,0,0,0,0,0,0,1,0,0,3.598407551,1.280933845,4.876474136,0,Meera Das,41,Other,Surat,4/16/2022,334,43,3.4,2,7,Medium,7.125714286,129.0871429,1608,Zone_7,11070,0.64,45.2,Industrial
T01692,R0144,8.8,66.55,137.95,2/7/2023,0,0.039176623,0.124181099,0,Tuesday,February,0,0,0,1,0,0,0,1,0,0,0,0,0,0,4.934114156,2.282382386,8.157818336,0,Ishaan Kumar,34,Other,Pune,1/31/2021,194,10,3.52,2,9,Medium,9.385555556,172.4944444,2048,Zone_3,12971,2.11,38,Business
T01693,R0092,4.99,38.39,47.48,6/18/2024,0,-1.018944531,-0.732038791,0,Tuesday,June,1,0,0,0,0,0,1,0,0,0,0,0,0,0,3.881151342,1.790091412,6.19596643,0,Aarav Nair,21,Male,Surat,7/18/2019,252,23,4.51,1,5,Low,11.438,172.134,2611,Zone_2,6371,0.91,58.4,Residential
T01694,R0288,11.5,81.69,222.26,2/27/2024,0,1.025251504,0.730951099,0,Tuesday,February,0,1,0,0,0,0,1,0,0,0,0,0,0,0,5.408337012,2.525728644,9.038252043,0,Diya Ghosh,42,Male,Ahmedabad,8/30/2021,43,5,4.56,1,8,Medium,6.51,99.45,1837,Zone_2,6371,0.91,58.4,Residential
T01695,R0028,17.24,165.21,379.63,2/16/2024,1,3.438918604,2.020899174,0,Friday,February,0,0,1,0,0,0,0,0,0,0,1,0,0,0,5.941827775,2.903616985,12.85340422,0,Reyansh Sharma,20,Female,Surat,11/11/2023,249,21,3.79,0,8,Medium,10.61,187.43875,1034,Zone_6,14627,0.54,37.6,Mixed
T01696,R0063,12.23,64.78,266.78,11/26/2023,1,1.545949567,0.895003729,0,Sunday,November,1,0,0,0,0,0,0,0,0,0,1,0,0,0,5.590165748,2.582486978,8.048602363,0,Diya Iyer,34,Male,Surat,4/21/2023,329,33,4.83,1,6,Medium,11.25833333,207.4266667,1238,Zone_6,14627,0.54,37.6,Mixed
T01697,R0075,2.4,16.38,23.94,8/14/2023,0,-1.294264217,-1.314088532,0,Monday,August,0,0,1,0,0,1,0,0,0,0,0,0,0,0,3.21647294,1.223775432,4.047221269,0,Diya Reddy,18,Female,Mumbai,4/30/2021,108,7,4.83,0,4,Low,11.7875,176.2025,1959,Zone_10,2440,1.54,35.4,Industrial
T01698,R0096,6.2,61.65,93.59,1/25/2023,0,-0.479650108,-0.460115939,0,Wednesday,January,0,0,1,0,0,0,0,1,0,0,0,0,0,0,4.549551762,1.974081026,7.851751397,0,Reyansh Das,40,Female,Kolkata,12/28/2019,121,3,4.46,0,5,Low,5.482,70.99,2448,Zone_3,12971,2.11,38,Business
T01699,R0119,0.05,0.48,3.27,8/19/2023,1,-1.565958197,-1.842203161,0,Saturday,August,0,0,0,1,0,0,1,0,0,0,0,0,0,0,1.451613827,0.048790164,0.692820323,0,Saanvi Iyer,47,Male,Hyderabad,5/5/2023,30,1,4.39,1,5,Low,5.846,81.1,1224,Zone_2,6371,0.91,58.4,Residential
T01700,R0237,8.07,47.69,107.17,1/8/2023,0,-0.320820825,-0.039871531,0,Sunday,January,0,0,1,0,0,0,0,0,0,0,0,0,0,1,4.683704064,2.204972264,6.905794668,0,Aadhya Nair,40,Male,Chennai,12/13/2022,36,3,3.71,1,10,Medium,9.737,175.97,1367,Zone_9,11037,1.83,56.1,Mixed
T01701,R0224,0.87,7.64,14.27,10/22/2023,0,-1.40736283,-1.657924865,0,Sunday,October,0,1,0,0,0,0,0,0,0,0,0,0,1,0,2.725890119,0.625938431,2.764054992,0,Ishaan Sharma,29,Female,Ahmedabad,8/4/2020,200,1,4.31,0,7,Medium,5.958571429,73.44857143,2228,Zone_8,4516,1.93,31,Business
T01702,R0242,1.99,10,42.27,5/11/2023,1,-1.079879772,-1.40622768,0,Thursday,May,0,0,1,0,1,0,0,0,0,0,0,0,0,0,3.767459554,1.095273387,3.16227766,0,Kavya Iyer,34,Male,Ahmedabad,6/5/2022,445,8,4.54,1,7,Medium,3.752857143,46.88428571,1558,Zone_1,4921,2.43,30.9,Residential
T01703,R0246,13.48,88.14,273.92,2/19/2023,1,1.629457747,1.175915766,0,Sunday,February,0,0,0,1,0,0,0,1,0,0,0,0,0,0,5.616480146,2.672768387,9.388290579,0,Vivaan Das,29,Other,Mumbai,3/31/2021,240,34,4.79,2,12,High,6.978333333,129.2125,1989,Zone_3,12971,2.11,38,Business
T01704,R0282,12.31,113.54,272.04,7/15/2024,1,1.607469599,0.912982099,0,Monday,July,0,0,0,1,0,0,0,0,0,1,0,0,0,0,5.609618305,2.588515632,10.655515,0,Reyansh Kumar,22,Other,Bengaluru,5/2/2022,319,3,4.47,2,9,Medium,10.31888889,155.5277778,1592,Zone_5,2590,1.31,43.9,Business
T01705,R0288,0.4,3.68,4.43,11/12/2023,0,-1.522449734,-1.763547791,0,Sunday,November,0,0,1,0,0,0,0,0,0,0,0,1,0,0,1.691939134,0.336472237,1.918332609,0,Diya Ghosh,42,Male,Ahmedabad,8/30/2021,43,5,4.56,1,8,Medium,6.51,99.45,1837,Zone_7,11070,0.64,45.2,Industrial
T01706,R0164,5.76,42.24,86.96,1/26/2023,0,-0.557193418,-0.558996976,0,Thursday,January,0,0,1,0,0,0,0,0,0,0,1,0,0,0,4.476882166,1.91102289,6.499230724,0,Aadhya Ghosh,37,Other,Ahmedabad,7/6/2022,249,23,4.02,2,12,High,8.356666667,146.5408333,1527,Zone_6,14627,0.54,37.6,Mixed
T01707,R0266,10.32,54.32,189.21,9/7/2023,0,0.638704536,0.465770136,0,Thursday,September,0,0,1,0,0,0,0,0,0,0,0,0,1,0,5.248128725,2.426571073,7.370210309,0,Diya Reddy,29,Other,Chennai,9/25/2020,98,13,3.9,2,9,Medium,8.107777778,138.6055556,2176,Zone_8,4516,1.93,31,Business
T01708,R0080,9.96,61.44,140.62,8/3/2024,0,0.070404472,0.384867469,0,Saturday,August,0,0,1,0,0,0,0,0,0,0,0,0,1,0,4.953147414,2.394252282,7.838367177,0,Reyansh Kumar,19,Female,Mumbai,5/15/2021,34,6,4.6,0,6,Medium,9.185,140.6133333,1944,Zone_8,4516,1.93,31,Business
T01709,R0285,0.14,0.74,3.27,10/24/2023,1,-1.560578118,-1.821977495,0,Tuesday,October,0,0,0,1,0,0,0,0,0,0,0,0,1,0,1.451613827,0.131028262,0.860232527,0,Diya Iyer,29,Female,Chennai,1/10/2019,244,16,4.97,0,9,Medium,6.987777778,122.82,2800,Zone_8,4516,1.93,31,Business
T01710,R0230,9.3,86.41,197.64,12/14/2023,1,0.737300329,0.236545914,0,Thursday,December,0,0,1,0,0,1,0,0,0,0,0,0,0,0,5.291494141,2.332143895,9.29569793,0,Kavya Gupta,32,Male,Chennai,11/22/2022,183,23,3.65,1,8,Medium,7.3325,113.5275,1388,Zone_10,2440,1.54,35.4,Industrial
T01711,R0037,4.96,33.86,69.47,10/6/2023,0,-0.761753372,-0.738780679,0,Friday,October,1,0,0,0,0,0,0,1,0,0,0,0,0,0,4.255187087,1.785070481,5.81893461,0,Aadhya Iyer,32,Other,Ahmedabad,11/21/2020,489,6,3.36,2,8,Medium,9.76125,164.3325,2119,Zone_3,12971,2.11,38,Business
T01712,R0141,13.99,128.6,165.65,11/8/2023,0,0.363150934,1.290527877,0,Wednesday,November,0,0,1,0,0,0,1,0,0,0,0,0,0,0,5.115895805,2.707383312,11.340194,0,Arjun Das,25,Other,Jaipur,7/8/2019,53,0,4.29,2,4,Low,7.58,135.675,2621,Zone_2,6371,0.91,58.4,Residential
T01713,R0030,7,59.57,169.64,3/26/2024,1,0.40981727,-0.280332235,0,Tuesday,March,0,0,0,1,0,0,0,0,0,0,0,0,0,1,5.139556074,2.079441542,7.718160403,0,Saanvi Patel,25,Other,Mumbai,1/8/2021,442,58,3.72,2,11,High,7.368181818,144.1136364,2071,Zone_9,11037,1.83,56.1,Mixed
T01714,R0246,9.8,51.41,202.66,2/14/2024,1,0.796013363,0.348910729,0,Wednesday,February,1,0,0,0,1,0,0,0,0,0,0,0,0,0,5.316451937,2.379546134,7.170076708,0,Vivaan Das,29,Other,Mumbai,3/31/2021,240,34,4.79,2,12,High,6.978333333,129.2125,1989,Zone_1,4921,2.43,30.9,Residential
T01715,R0199,7.45,63.51,105.16,1/3/2023,0,-0.34432943,-0.179203901,0,Tuesday,January,1,0,0,0,0,0,0,0,0,0,0,0,0,1,4.66494739,2.134166441,7.969316156,0,Aarav Das,29,Male,Ahmedabad,8/3/2021,344,27,3.91,1,10,Medium,8.515,160.05,1864,Zone_9,11037,1.83,56.1,Mixed
T01716,R0178,11.33,112.89,208.08,3/29/2023,0,0.859404726,0.692747062,0,Wednesday,March,0,0,1,0,0,0,0,0,1,0,0,0,0,0,5.342716954,2.512035317,10.62497059,0,Saanvi Ghosh,27,Male,Delhi,5/15/2021,56,7,3.13,1,7,Medium,9.037142857,148.6485714,1944,Zone_4,4038,2.46,48.2,Business
T01717,R0048,4.16,32.72,51,12/22/2023,0,-0.977775232,-0.918564383,0,Friday,December,0,0,0,1,1,0,0,0,0,0,0,0,0,0,3.951243719,1.640936579,5.720139858,0,Kavya Sharma,35,Male,Hyderabad,5/31/2019,207,1,3.02,1,5,Low,5.826,101.256,2659,Zone_1,4921,2.43,30.9,Residential
T01718,R0087,11.34,62.28,219.31,11/24/2023,0,0.990748824,0.694994358,0,Friday,November,0,0,0,1,0,1,0,0,0,0,0,0,0,0,5.395035645,2.512846018,7.891767863,0,Saanvi Das,26,Female,Jaipur,5/11/2021,362,33,3.57,0,3,Low,8.856666667,124.5166667,1948,Zone_10,2440,1.54,35.4,Industrial
T01719,R0146,14.04,90.79,208.19,5/21/2023,0,0.860691267,1.301764359,0,Sunday,May,0,0,0,1,0,0,0,0,0,0,1,0,0,0,5.34324293,2.710713319,9.528378666,0,Kavya Gupta,30,Male,Surat,4/15/2020,80,11,3.89,1,7,Medium,9.634285714,134.0671429,2339,Zone_6,14627,0.54,37.6,Mixed
T01720,R0261,17.18,118.18,141,8/22/2023,0,0.074848885,2.007415396,0,Tuesday,August,0,0,1,0,0,0,0,0,0,1,0,0,0,0,4.955827058,2.900322089,10.87106251,0,Aarav Kumar,31,Male,Pune,8/26/2022,477,83,4.24,1,6,Medium,8.195,108.2883333,1476,Zone_5,2590,1.31,43.9,Business
T01721,R0290,15.92,116.68,200.09,6/22/2023,0,0.765955096,1.724256063,0,Thursday,June,0,0,0,1,0,0,0,0,0,0,0,0,0,1,5.303752569,2.828496354,10.80185169,0,Saanvi Kumar,34,Other,Chennai,5/6/2020,169,4,4.28,2,9,Medium,7.58,119.7411111,2318,Zone_9,11037,1.83,56.1,Mixed
T01722,R0272,5.32,38.27,53.27,9/12/2023,0,-0.951225713,-0.657878013,0,Tuesday,September,0,1,0,0,0,0,0,0,0,1,0,0,0,0,3.993971588,1.843719208,6.186275131,0,Kavya Ghosh,21,Male,Kolkata,1/15/2020,432,4,4.79,1,7,Medium,5.755714286,98.82285714,2430,Zone_5,2590,1.31,43.9,Business
T01723,R0031,10.89,107.1,227.92,9/24/2023,1,1.091449865,0.593866025,0,Sunday,September,0,1,0,0,0,0,0,0,0,0,1,0,0,0,5.433372598,2.475697711,10.34891299,0,Reyansh Nair,29,Female,Hyderabad,4/27/2023,230,21,4.62,0,3,Low,9.016666667,130.27,1232,Zone_6,14627,0.54,37.6,Mixed
T01724,R0300,12.04,109.7,169.14,4/27/2024,0,0.403969358,0.852305099,0,Saturday,April,0,0,1,0,1,0,0,0,0,0,0,0,0,0,5.136621628,2.568021556,10.47377678,0,Saanvi Iyer,38,Female,Kolkata,7/8/2023,291,7,3.67,0,6,Medium,9.146666667,166.1283333,1160,Zone_1,4921,2.43,30.9,Residential
T01725,R0103,10.95,103.94,253.26,2/21/2024,1,1.387822033,0.607349803,0,Wednesday,February,0,0,1,0,0,0,0,0,0,0,1,0,0,0,5.538357366,2.480731278,10.19509686,0,Ishaan Gupta,37,Other,Surat,11/24/2022,175,14,3.07,2,9,Medium,7.936666667,137.3822222,1386,Zone_6,14627,0.54,37.6,Mixed
T01726,R0057,11.77,69.51,128.9,8/1/2024,0,-0.06667058,0.791628099,0,Thursday,August,0,0,1,0,0,0,0,0,0,0,0,0,1,0,4.866764924,2.54709867,8.337265739,0,Aadhya Reddy,39,Male,Bengaluru,6/4/2023,407,11,3.66,1,13,High,7.716923077,121.8546154,1194,Zone_8,4516,1.93,31,Business
T01727,R0151,10.12,98.81,118.9,7/18/2023,0,-0.183628815,0.42082421,0,Tuesday,July,0,0,0,1,0,0,1,0,0,0,0,0,0,0,4.786658062,2.408745289,9.940321926,0,Meera Reddy,34,Male,Hyderabad,2/25/2023,394,56,5,1,7,Medium,8.987142857,159.1428571,1293,Zone_2,6371,0.91,58.4,Residential
T01728,R0140,5.27,31.51,112.62,3/2/2024,1,-0.257078587,-0.669114494,0,Saturday,March,0,0,1,0,0,0,1,0,0,0,0,0,0,0,4.732859547,1.835776355,5.61337688,0,Aadhya Nair,29,Female,Delhi,4/17/2020,499,45,4.92,0,5,Low,6.962,123.622,2337,Zone_2,6371,0.91,58.4,Residential
T01729,R0255,9.04,70.88,187.66,10/4/2023,1,0.62057601,0.17811621,0,Wednesday,October,1,0,0,0,0,0,0,0,0,0,1,0,0,0,5.239946453,2.306577114,8.419026072,0,Reyansh Sharma,37,Female,Bengaluru,7/6/2021,475,42,3.12,0,8,Medium,9.0025,157.7775,1892,Zone_6,14627,0.54,37.6,Mixed
T01730,R0263,12.23,104.41,267.87,10/3/2023,1,1.558698015,0.895003729,0,Tuesday,October,1,0,0,0,0,0,1,0,0,0,0,0,0,0,5.594227991,2.582486978,10.21812116,0,Ishaan Das,31,Other,Chennai,12/30/2020,297,21,3.84,2,12,High,8.718333333,128.9725,2080,Zone_2,6371,0.91,58.4,Residential
T01731,R0277,10.31,77.1,246.97,7/26/2024,1,1.314255303,0.46352284,0,Friday,July,1,0,0,0,0,0,0,0,0,0,0,0,0,1,5.513307771,2.42568729,8.780660567,0,Kavya Gupta,42,Female,Jaipur,1/22/2021,433,16,3.06,0,9,Medium,9.658888889,155.8666667,2057,Zone_9,11037,1.83,56.1,Mixed
T01732,R0234,2.52,23.94,57.04,11/11/2023,1,-0.907132458,-1.287120976,0,Saturday,November,0,0,1,0,0,0,0,0,1,0,0,0,0,0,4.061132428,1.25846099,4.892851929,0,Saanvi Nair,32,Other,Pune,12/1/2022,183,31,3.98,2,9,Medium,7.051111111,126.5277778,1379,Zone_4,4038,2.46,48.2,Business
T01733,R0193,3.61,27.51,31.75,9/26/2023,0,-1.202919835,-1.04216568,0,Tuesday,September,0,0,0,1,1,0,0,0,0,0,0,0,0,0,3.488902962,1.528227857,5.244997617,0,Kavya Singh,33,Female,Chennai,1/3/2022,389,68,4.41,0,7,Medium,8.012857143,143.6628571,1711,Zone_1,4921,2.43,30.9,Residential
T01734,R0158,5.95,38.13,50.62,3/21/2024,0,-0.982219645,-0.516298346,0,Thursday,March,0,1,0,0,0,1,0,0,0,0,0,0,0,0,3.943909194,1.93874166,6.174949393,0,Aarav Iyer,27,Male,Ahmedabad,7/26/2020,441,60,3.57,1,4,Low,6.365,96.2175,2237,Zone_10,2440,1.54,35.4,Industrial
T01735,R0262,6.98,51.86,154.48,8/9/2024,1,0.232508586,-0.284826827,0,Friday,August,0,0,0,1,1,0,0,0,0,0,0,0,0,0,5.046517106,2.076938411,7.201388755,0,Meera Singh,30,Male,Ahmedabad,4/21/2019,6,0,3.35,1,9,Medium,6.624444444,107.4844444,2699,Zone_1,4921,2.43,30.9,Residential
T01736,R0053,8.79,75.14,113.83,2/22/2024,0,-0.24292664,0.121933803,0,Thursday,February,0,0,0,1,0,0,0,0,0,0,0,0,1,0,4.743452774,2.281361457,8.668333173,0,Arjun Reddy,45,Female,Delhi,9/16/2019,63,7,4.85,0,4,Low,11,178.26,2551,Zone_8,4516,1.93,31,Business
T01737,R0117,3.11,20.42,42.78,11/22/2023,0,-1.073914902,-1.154530494,0,Wednesday,November,0,1,0,0,0,0,0,0,0,0,1,0,0,0,3.779177092,1.413423029,4.518849411,0,Aadhya Gupta,21,Female,Ahmedabad,6/12/2021,369,37,3.16,0,5,Low,5.838,98.296,1916,Zone_6,14627,0.54,37.6,Mixed
T01738,R0290,11.97,114.96,223.25,7/14/2023,0,1.036830369,0.836574025,0,Friday,July,0,0,0,1,0,1,0,0,0,0,0,0,0,0,5.412761501,2.562638998,10.72194012,0,Saanvi Kumar,34,Other,Chennai,5/6/2020,169,4,4.28,2,9,Medium,7.58,119.7411111,2318,Zone_10,2440,1.54,35.4,Industrial
T01739,R0177,1.29,9.66,22.62,8/14/2024,0,-1.309702704,-1.563538421,0,Wednesday,August,0,0,1,0,1,0,0,0,0,0,0,0,0,0,3.162093811,0.828551818,3.108054054,0,Ishaan Reddy,34,Other,Bengaluru,2/15/2023,489,63,4.48,2,12,High,9.645,155.5633333,1303,Zone_1,4921,2.43,30.9,Residential
T01740,R0300,10.64,86.27,177.69,4/21/2024,0,0.50396865,0.537683618,0,Sunday,April,0,0,0,1,0,0,1,0,0,0,0,0,0,0,5.185652461,2.454447442,9.288164512,0,Saanvi Iyer,38,Female,Kolkata,7/8/2023,291,7,3.67,0,6,Medium,9.146666667,166.1283333,1160,Zone_2,6371,0.91,58.4,Residential
T01741,R0233,10.53,61.59,204.16,5/18/2023,0,0.813557098,0.512963358,0,Thursday,May,0,0,0,1,0,1,0,0,0,0,0,0,0,0,5.323790163,2.444952334,7.847929663,0,Ishaan Iyer,30,Other,Hyderabad,11/23/2023,469,41,4.37,2,7,Medium,12.75285714,226.1757143,1022,Zone_10,2440,1.54,35.4,Industrial
T01742,R0154,11.22,103.83,129.65,11/7/2023,0,-0.057898712,0.668026803,0,Tuesday,November,0,1,0,0,1,0,0,0,0,0,0,0,0,0,4.872521992,2.503073954,10.18970068,0,Kavya Patel,18,Other,Kolkata,3/25/2019,466,79,4.68,2,13,High,10.66307692,158.4246154,2726,Zone_1,4921,2.43,30.9,Residential
T01743,R0269,7.33,71.96,182.95,6/27/2023,1,0.565488681,-0.206171457,0,Tuesday,June,0,0,0,1,1,0,0,0,0,0,0,0,0,0,5.214663982,2.119863456,8.482924024,0,Aadhya Sharma,41,Male,Mumbai,5/19/2019,423,16,3.41,1,7,Medium,9.008571429,208.3957143,2671,Zone_1,4921,2.43,30.9,Residential
T01744,R0287,1.25,9.95,28.87,12/10/2023,1,-1.236603807,-1.572527606,0,Sunday,December,0,1,0,0,0,0,0,0,0,0,1,0,0,0,3.396854632,0.810930216,3.154362059,0,Saanvi Singh,18,Other,Delhi,12/17/2021,320,34,3.33,2,6,Medium,6.713333333,123.5566667,1728,Zone_6,14627,0.54,37.6,Mixed
T01745,R0251,6.24,56.42,132.09,8/11/2023,1,-0.029360903,-0.451126753,0,Friday,August,0,0,1,0,0,1,0,0,0,0,0,0,0,0,4.891025591,1.979621206,7.511324783,0,Vivaan Iyer,46,Female,Mumbai,1/13/2020,213,26,4.48,0,5,Low,7.682,152.516,2432,Zone_10,2440,1.54,35.4,Industrial
T01746,R0129,8.84,87.37,134.25,12/6/2023,0,-0.004097924,0.133170284,0,Wednesday,December,1,0,0,0,1,0,0,0,0,0,0,0,0,0,4.907124918,2.286455711,9.347192092,0,Vivaan Singh,35,Male,Hyderabad,10/8/2022,158,10,3.9,1,11,High,8.170909091,137.1181818,1433,Zone_1,4921,2.43,30.9,Residential
T01747,R0115,7.59,43.96,73.02,8/7/2023,0,-0.720233198,-0.147741753,0,Monday,August,0,0,1,0,0,0,1,0,0,0,0,0,0,0,4.304335327,2.150598736,6.630233782,0,Aarav Ghosh,40,Female,Bengaluru,3/1/2020,170,15,4.4,0,11,High,7.589090909,129.6336364,2384,Zone_2,6371,0.91,58.4,Residential
T01748,R0149,3.93,21.52,60.37,3/21/2023,0,-0.868185366,-0.970252198,0,Tuesday,March,1,0,0,0,0,0,0,0,0,0,1,0,0,0,4.116921116,1.595338988,4.638965402,0,Diya Reddy,30,Male,Jaipur,9/14/2019,89,8,4.57,1,7,Medium,6.06,94.44571429,2553,Zone_6,14627,0.54,37.6,Mixed
T01749,R0231,14.42,94.87,118.1,6/18/2023,0,-0.192985474,1.387161618,0,Sunday,June,0,0,1,0,0,0,0,0,1,0,0,0,0,0,4.779963476,2.735665368,9.740123203,0,Ishaan Nair,19,Other,Mumbai,8/26/2019,328,22,4.81,2,7,Medium,8.47,104.5042857,2572,Zone_4,4038,2.46,48.2,Business
T01750,R0226,9.62,84.01,199.49,4/27/2023,1,0.758937602,0.308459395,0,Thursday,April,0,0,0,1,0,0,0,0,1,0,0,0,0,0,5.30076437,2.362739016,9.165696918,0,Aarav Iyer,20,Other,Surat,7/30/2021,266,2,3.25,2,7,Medium,7.601428571,129.5257143,1868,Zone_4,4038,2.46,48.2,Business
T01751,R0201,6.03,54.85,125.96,8/12/2024,1,-0.101056301,-0.498319976,0,Monday,August,0,0,0,1,0,0,0,0,0,0,0,0,0,1,4.843872076,1.950186706,7.406078585,0,Meera Reddy,37,Female,Delhi,4/6/2021,183,15,3.84,0,7,Medium,9.668571429,153.1142857,1983,Zone_9,11037,1.83,56.1,Mixed
T01752,R0236,3.06,19.37,66.63,9/16/2023,1,-0.794969511,-1.165766976,0,Saturday,September,0,0,1,0,0,0,0,0,0,0,0,0,0,1,4.214051672,1.401182974,4.401136217,0,Arjun Gupta,28,Male,Ahmedabad,8/10/2020,61,1,3.36,1,11,High,4.546363636,69.86727273,2222,Zone_9,11037,1.83,56.1,Mixed
T01753,R0213,8.34,47.98,174.62,6/15/2023,1,0.468062471,0.020805469,0,Thursday,June,0,0,0,1,0,0,0,0,0,0,0,1,0,0,5.16832257,2.234306252,6.926759704,0,Kavya Ghosh,29,Female,Chennai,6/4/2019,456,26,3.74,0,9,Medium,6.787777778,118.2666667,2655,Zone_7,11070,0.64,45.2,Industrial
T01754,R0177,14.29,93.41,240.82,11/24/2023,0,1.242325988,1.357946766,0,Friday,November,0,1,0,0,0,0,0,0,0,0,1,0,0,0,5.488193648,2.72719902,9.664884893,0,Ishaan Reddy,34,Other,Bengaluru,2/15/2023,489,63,4.48,2,12,High,9.645,155.5633333,1303,Zone_6,14627,0.54,37.6,Mixed
T01755,R0159,8.18,58.92,158.71,5/3/2023,0,0.281981919,-0.015151272,0,Wednesday,May,0,1,0,0,0,0,0,0,0,0,0,0,1,0,5.073359671,2.217027205,7.675936425,0,Ishaan Singh,43,Female,Bengaluru,5/21/2020,79,2,4.9,0,4,Low,5.9925,106.2225,2303,Zone_8,4516,1.93,31,Business
T01756,R0211,7.84,40.8,64.65,5/23/2023,0,-0.818127241,-0.091559346,0,Tuesday,May,0,0,0,1,0,0,0,0,0,0,1,0,0,0,4.184337601,2.179286877,6.387487769,0,Arjun Reddy,36,Female,Mumbai,4/4/2021,435,17,3.63,0,7,Medium,6.582857143,92.26857143,1985,Zone_6,14627,0.54,37.6,Mixed
T01757,R0105,8.33,57.68,108.7,5/24/2023,0,-0.302926215,0.018558173,0,Wednesday,May,1,0,0,0,0,0,0,0,0,1,0,0,0,0,4.697749367,2.233235015,7.594735018,0,Diya Das,31,Female,Jaipur,9/28/2020,346,9,3.69,0,12,High,7.933333333,108.4266667,2173,Zone_5,2590,1.31,43.9,Business
T01758,R0043,8.6,80.57,101.45,4/7/2023,0,-0.387720936,0.079235173,0,Friday,April,0,1,0,0,0,0,0,0,0,0,0,1,0,0,4.629374875,2.261763098,8.976079322,0,Diya Kumar,28,Male,Ahmedabad,12/10/2021,85,16,4.68,1,9,Medium,7.462222222,95.83333333,1735,Zone_7,11070,0.64,45.2,Industrial
T01759,R0240,6.83,61.99,86.6,12/8/2023,0,-0.561403915,-0.318536272,0,Friday,December,1,0,0,0,0,0,0,0,0,1,0,0,0,0,4.472780998,2.05796251,7.873372848,0,Aarav Iyer,30,Male,Delhi,5/18/2020,174,2,4.07,1,8,Medium,11.515,152.68375,2306,Zone_5,2590,1.31,43.9,Business
T01760,R0020,3.14,26.9,37.59,1/11/2023,0,-1.134616226,-1.147788606,0,Wednesday,January,0,0,1,0,1,0,0,0,0,0,0,0,0,0,3.652993176,1.420695788,5.186520992,0,Diya Das,35,Female,Chennai,9/17/2019,274,21,4.03,0,7,Medium,7.692857143,106.58,2550,Zone_1,4921,2.43,30.9,Residential
T01761,R0093,15.65,104.48,316.31,9/8/2023,1,2.125243706,1.663579063,0,Friday,September,0,0,1,0,0,0,0,0,0,0,0,0,0,1,5.759879214,2.812410216,10.22154587,0,Diya Patel,33,Other,Surat,5/30/2019,119,18,3.77,2,6,Medium,11.925,198.315,2660,Zone_9,11037,1.83,56.1,Mixed
T01762,R0205,11.19,73.68,108.27,8/14/2023,0,-0.307955419,0.661284914,0,Monday,August,0,0,1,0,0,0,0,0,1,0,0,0,0,0,4.693821884,2.500615943,8.583705494,0,Diya Singh,31,Other,Surat,5/12/2019,100,14,4.66,2,4,Low,6.3875,66.475,2678,Zone_4,4038,2.46,48.2,Business
T01763,R0247,18.59,135.95,379.63,1/10/2023,1,3.098219264,2.324284174,0,Tuesday,January,0,0,1,0,0,0,1,0,0,0,0,0,0,0,5.941827775,2.975019232,11.65975986,0,Aadhya Das,37,Male,Bengaluru,5/11/2021,249,47,4.92,1,13,High,10.26769231,182.1107692,1948,Zone_2,6371,0.91,58.4,Residential
T01764,R0195,10.49,74.13,100.92,5/23/2023,0,-0.393919722,0.503974173,0,Tuesday,May,1,0,0,0,0,0,0,0,0,0,0,1,0,0,4.624188192,2.441477092,8.609878048,0,Aadhya Reddy,33,Male,Kolkata,5/27/2021,72,10,4.97,1,9,Medium,7.813333333,116.0188889,1932,Zone_7,11070,0.64,45.2,Industrial
T01765,R0199,6.84,52.93,123.67,2/6/2023,0,-0.127839737,-0.316288975,0,Monday,February,1,0,0,0,0,0,0,0,0,1,0,0,0,0,4.825670246,2.059238834,7.275300681,0,Aarav Das,29,Male,Ahmedabad,8/3/2021,344,27,3.91,1,10,Medium,8.515,160.05,1864,Zone_5,2590,1.31,43.9,Business
T01766,R0105,3.27,27.01,51.97,9/7/2023,0,-0.966430283,-1.118573754,0,Thursday,September,0,0,1,0,0,0,0,0,0,0,0,0,0,1,3.969725716,1.451613827,5.197114584,0,Diya Das,31,Female,Jaipur,9/28/2020,346,9,3.69,0,12,High,7.933333333,108.4266667,2173,Zone_9,11037,1.83,56.1,Mixed
T01767,R0095,6.35,36.97,71.23,12/3/2023,0,-0.741168722,-0.426406494,0,Sunday,December,1,0,0,0,0,0,0,0,0,0,1,0,0,0,4.279855472,1.994700313,6.080296045,0,Kavya Iyer,29,Female,Chennai,10/7/2020,481,77,4.26,0,13,High,8.826923077,144.5853846,2164,Zone_6,14627,0.54,37.6,Mixed
T01768,R0208,2.24,22.2,29.35,7/20/2023,0,-1.230989811,-1.350045272,0,Thursday,July,0,0,0,1,1,0,0,0,0,0,0,0,0,0,3.412796518,1.17557333,4.711687596,0,Aadhya Iyer,24,Other,Chennai,1/8/2020,356,53,4.75,2,6,Medium,8.236666667,100.355,2437,Zone_1,4921,2.43,30.9,Residential
T01769,R0057,18.49,177.45,379.63,10/4/2023,1,3.100558429,2.301811211,0,Wednesday,October,0,0,0,1,0,1,0,0,0,0,0,0,0,0,5.941827775,2.969901514,13.321036,0,Aadhya Reddy,39,Male,Bengaluru,6/4/2023,407,11,3.66,1,13,High,7.716923077,121.8546154,1194,Zone_10,2440,1.54,35.4,Industrial
T01770,R0295,7.91,47.55,76.49,12/7/2023,0,-0.679648691,-0.075828272,0,Thursday,December,0,1,0,0,0,0,0,1,0,0,0,0,0,0,4.350148896,2.187174241,6.895650803,0,Kavya Gupta,18,Female,Delhi,5/29/2019,98,18,3.59,0,9,Medium,4.974444444,58.22666667,2661,Zone_3,12971,2.11,38,Business
T01771,R0023,11.93,97.65,269.07,1/14/2023,1,1.572733003,0.82758484,0,Saturday,January,0,1,0,0,0,0,0,0,0,1,0,0,0,0,5.598681185,2.559550193,9.881801455,0,Meera Iyer,24,Other,Jaipur,10/9/2019,176,32,3.21,2,8,Medium,8.11375,149.4525,2528,Zone_5,2590,1.31,43.9,Business
T01772,R0157,12.81,112.98,252.86,5/24/2023,0,1.383143704,1.025346914,0,Wednesday,May,0,1,0,0,0,0,0,0,0,0,1,0,0,0,5.536782934,2.625392967,10.62920505,0,Kavya Nair,36,Female,Hyderabad,11/23/2021,319,27,4.65,0,10,Medium,11.39,187.593,1752,Zone_6,14627,0.54,37.6,Mixed
T01773,R0191,13.4,71.93,147.97,9/12/2023,0,0.156368775,1.157937396,0,Tuesday,September,1,0,0,0,0,1,0,0,0,0,0,0,0,0,5.003744943,2.667228207,8.481155582,0,Meera Gupta,33,Other,Surat,8/14/2020,87,6,4.56,2,11,High,7.560909091,120.5927273,2218,Zone_10,2440,1.54,35.4,Industrial
T01774,R0233,20.74,175.96,379.63,10/1/2023,0,3.661256209,2.807452878,0,Sunday,October,0,0,0,1,0,0,0,0,0,1,0,0,0,0,5.941827775,3.079153882,13.26499152,0,Ishaan Iyer,30,Other,Hyderabad,11/23/2023,469,41,4.37,2,7,Medium,12.75285714,226.1757143,1022,Zone_5,2590,1.31,43.9,Business
T01775,R0091,7.52,69.92,75.77,5/17/2023,0,-0.688069684,-0.163472827,0,Wednesday,May,0,0,1,0,0,0,0,1,0,0,0,0,0,0,4.340813939,2.142416341,8.361817984,0,Meera Das,41,Other,Surat,4/16/2022,334,43,3.4,2,7,Medium,7.125714286,129.0871429,1608,Zone_3,12971,2.11,38,Business
T01776,R0146,7.09,40.39,119.95,3/5/2024,0,-0.1713482,-0.260106568,0,Tuesday,March,0,0,0,1,0,0,0,0,1,0,0,0,0,0,4.795377237,2.090628731,6.355312738,0,Kavya Gupta,30,Male,Surat,4/15/2020,80,11,3.89,1,7,Medium,9.634285714,134.0671429,2339,Zone_4,4038,2.46,48.2,Business
T01777,R0187,8.82,58.42,112,4/22/2023,0,-0.264329997,0.128675691,0,Saturday,April,0,0,0,1,0,0,0,0,0,0,0,1,0,0,4.727387819,2.284421122,7.643297718,0,Saanvi Reddy,27,Other,Surat,8/5/2022,357,38,4.71,2,7,Medium,10.79714286,194.7628571,1497,Zone_7,11070,0.64,45.2,Industrial
T01778,R0197,11.74,101.17,222.01,3/5/2023,0,1.022327548,0.78488621,0,Sunday,March,0,1,0,0,0,0,0,0,0,0,0,0,1,0,5.407216614,2.54474665,10.05832988,0,Saanvi Das,29,Female,Bengaluru,10/8/2020,475,87,3.87,0,10,Medium,7.108,97.3,2163,Zone_8,4516,1.93,31,Business
T01779,R0262,8.89,76.52,74.68,10/19/2023,0,-0.700818131,0.144406765,0,Thursday,October,0,0,0,1,0,1,0,0,0,0,0,0,0,0,4.326513925,2.291524146,8.747571091,0,Meera Singh,30,Male,Ahmedabad,4/21/2019,6,0,3.35,1,9,Medium,6.624444444,107.4844444,2699,Zone_10,2440,1.54,35.4,Industrial
T01780,R0004,6.66,36.68,165.2,11/14/2023,1,0.357887814,-0.356740309,0,Tuesday,November,0,1,0,0,0,0,0,0,0,1,0,0,0,0,5.113191882,2.036011984,6.056401572,0,Aarav Nair,19,Other,Kolkata,7/28/2019,464,5,3.19,2,6,Medium,6.201666667,113.8383333,2601,Zone_5,2590,1.31,43.9,Business
T01781,R0260,4.42,35.18,98.28,2/1/2024,1,-0.424796696,-0.860134679,0,Thursday,February,0,0,1,0,0,0,0,0,0,0,0,0,0,1,4.597944141,1.690095815,5.931273051,0,Reyansh Das,55,Other,Mumbai,7/17/2019,63,3,4.24,2,6,Medium,6.298333333,114.8766667,2612,Zone_9,11037,1.83,56.1,Mixed
T01782,R0231,4.13,34.78,80.9,3/6/2023,0,-0.628070109,-0.925306272,0,Monday,March,1,0,0,0,0,0,0,0,0,1,0,0,0,0,4.405498991,1.635105659,5.897457079,0,Ishaan Nair,19,Other,Mumbai,8/26/2019,328,22,4.81,2,7,Medium,8.47,104.5042857,2572,Zone_5,2590,1.31,43.9,Business
T01783,R0097,9.35,87.23,161.58,7/7/2023,0,0.315548933,0.247782395,0,Friday,July,1,0,0,0,0,0,0,0,0,1,0,0,0,0,5.091170188,2.33698652,9.339700209,0,Aarav Iyer,23,Other,Bengaluru,1/25/2021,478,5,3.28,2,8,Medium,8.67875,139.6375,2054,Zone_5,2590,1.31,43.9,Business
T01784,R0290,3.01,21.04,24.59,2/21/2023,0,-1.286661931,-1.177003457,0,Tuesday,February,0,0,0,1,0,0,0,0,1,0,0,0,0,0,3.24220165,1.388791241,4.586937976,0,Saanvi Kumar,34,Other,Chennai,5/6/2020,169,4,4.28,2,9,Medium,7.58,119.7411111,2318,Zone_4,4038,2.46,48.2,Business
T01785,R0161,1.07,10.37,18.72,11/25/2023,0,-1.355316415,-1.612978939,0,Saturday,November,0,0,0,1,0,0,0,0,0,1,0,0,0,0,2.981633349,0.727548607,3.220248438,0,Aarav Nair,32,Other,Surat,3/27/2019,332,50,4.91,2,6,Medium,5.536666667,94.59333333,2724,Zone_5,2590,1.31,43.9,Business
T01786,R0221,8.58,53.37,143.92,5/1/2024,0,0.109000689,0.07474058,0,Wednesday,May,1,0,0,0,0,1,0,0,0,0,0,0,0,0,4.976181866,2.259677592,7.305477397,0,Diya Patel,21,Female,Delhi,1/13/2021,106,1,4.41,0,8,Medium,7.34125,114.16125,2066,Zone_10,2440,1.54,35.4,Industrial
T01787,R0274,13.81,118.3,194.21,1/30/2023,0,0.697183654,1.250076544,0,Monday,January,0,1,0,0,0,1,0,0,0,0,0,0,0,0,5.274075902,2.695302628,10.87658034,0,Reyansh Nair,27,Female,Surat,3/18/2019,31,5,3.04,0,4,Low,7.56,119.29,2733,Zone_10,2440,1.54,35.4,Industrial
T01788,R0210,11.31,93.56,205.41,6/15/2024,0,0.828176878,0.688252469,0,Saturday,June,0,0,1,0,1,0,0,0,0,0,0,0,0,0,5.329864482,2.51041194,9.672641831,0,Meera Iyer,34,Other,Mumbai,1/2/2022,94,5,3.4,2,4,Low,10.135,129.5475,1712,Zone_1,4921,2.43,30.9,Residential
T01789,R0214,7.91,49.88,157.86,2/13/2023,0,0.272040469,-0.075828272,0,Monday,February,0,1,0,0,1,0,0,0,0,0,0,0,0,0,5.068023311,2.187174241,7.062577433,0,Aarav Kumar,20,Female,Kolkata,9/14/2022,210,2,4.53,0,6,Medium,6.793333333,113.615,1457,Zone_1,4921,2.43,30.9,Residential
T01790,R0254,10.02,78.23,232,5/22/2024,1,1.139168825,0.398351247,0,Wednesday,May,0,0,0,1,0,0,0,0,0,0,1,0,0,0,5.451038454,2.399711804,8.844772467,0,Meera Kumar,18,Male,Delhi,3/9/2020,363,70,3.68,1,7,Medium,11.76714286,173.5142857,2376,Zone_6,14627,0.54,37.6,Mixed
T01791,R0078,0.24,1.6,3.27,1/11/2023,0,-1.539057803,-1.799504532,0,Wednesday,January,1,0,0,0,0,0,0,0,0,1,0,0,0,0,1.451613827,0.21511138,1.264911064,0,Saanvi Sharma,30,Other,Jaipur,1/2/2023,97,9,3.62,2,3,Low,0.83,8.723333333,1347,Zone_5,2590,1.31,43.9,Business
T01792,R0135,4.55,35.7,65.91,7/4/2024,0,-0.803390504,-0.830919828,0,Thursday,July,0,1,0,0,0,0,0,0,0,0,0,0,0,1,4.203348433,1.713797928,5.974947699,0,Reyansh Patel,38,Female,Ahmedabad,2/24/2022,153,8,3.47,0,8,Medium,8.325,124.01625,1659,Zone_9,11037,1.83,56.1,Mixed
T01793,R0103,16.39,94.54,325.6,10/22/2023,0,2.233897906,1.829878989,0,Sunday,October,0,0,0,1,0,0,0,0,0,0,0,0,0,1,5.788736181,2.855895328,9.723168208,0,Ishaan Gupta,37,Other,Surat,11/24/2022,175,14,3.07,2,9,Medium,7.936666667,137.3822222,1386,Zone_9,11037,1.83,56.1,Mixed
T01794,R0251,13.92,136.57,273.07,9/10/2023,0,1.619516297,1.274796803,0,Sunday,September,1,0,0,0,0,0,0,0,1,0,0,0,0,0,5.613383548,2.702702595,11.68631679,0,Vivaan Iyer,46,Female,Mumbai,1/13/2020,213,26,4.48,0,5,Low,7.682,152.516,2432,Zone_4,4038,2.46,48.2,Business
T01795,R0046,4.44,37.76,49.02,10/12/2023,0,-1.000932963,-0.855640087,0,Thursday,October,0,1,0,0,1,0,0,0,0,0,0,0,0,0,3.912422925,1.693779061,6.144916598,0,Vivaan Singh,31,Female,Kolkata,8/16/2019,31,4,3.87,0,8,Medium,10.0025,162.0525,2582,Zone_1,4921,2.43,30.9,Residential
T01796,R0240,16.77,141.03,196.01,12/22/2023,0,0.718236136,1.915276248,0,Friday,December,1,0,0,0,0,0,0,0,0,0,0,0,1,0,5.283254489,2.877511642,11.87560525,0,Aarav Iyer,30,Male,Delhi,5/18/2020,174,2,4.07,1,8,Medium,11.515,152.68375,2306,Zone_8,4516,1.93,31,Business
T01797,R0197,4.41,28.5,58.59,1/4/2024,0,-0.889003932,-0.862381976,0,Thursday,January,0,1,0,0,0,0,0,0,0,0,0,1,0,0,4.087487775,1.688249093,5.338539126,0,Saanvi Das,29,Female,Bengaluru,10/8/2020,475,87,3.87,0,10,Medium,7.108,97.3,2163,Zone_7,11070,0.64,45.2,Industrial
T01798,R0083,3.88,35.19,34.82,8/2/2023,0,-1.167013657,-0.98148868,0,Wednesday,August,0,1,0,0,0,0,0,0,1,0,0,0,0,0,3.578506397,1.58514522,5.93211598,0,Kavya Patel,45,Female,Mumbai,12/31/2021,475,39,4.4,0,10,Medium,9.262,141.533,1714,Zone_4,4038,2.46,48.2,Business
T01799,R0269,15.68,105.54,378.85,4/15/2023,1,2.856700509,1.670320951,0,Saturday,April,0,0,1,0,0,0,0,0,0,0,0,1,0,0,5.939776438,2.814210397,10.27326628,0,Aadhya Sharma,41,Male,Mumbai,5/19/2019,423,16,3.41,1,7,Medium,9.008571429,208.3957143,2671,Zone_7,11070,0.64,45.2,Industrial
T01800,R0221,14.54,131.27,297.51,5/24/2023,1,1.905362224,1.414129174,0,Wednesday,May,0,0,0,1,0,0,0,0,0,0,0,1,0,0,5.698803433,2.743417345,11.45731208,0,Diya Patel,21,Female,Delhi,1/13/2021,106,1,4.41,0,8,Medium,7.34125,114.16125,2066,Zone_7,11070,0.64,45.2,Industrial
T01801,R0042,5.06,25.83,51.03,3/11/2024,0,-0.977424357,-0.716307716,0,Monday,March,0,0,1,0,0,0,0,0,0,1,0,0,0,0,3.951820475,1.8017098,5.082322304,0,Arjun Reddy,18,Female,Chennai,5/20/2021,23,4,3.03,0,5,Low,9.232,147.696,1939,Zone_5,2590,1.31,43.9,Business
T01802,R0138,7.75,60.38,177.01,4/21/2023,1,0.49601549,-0.111785012,0,Friday,April,0,0,1,0,0,0,0,1,0,0,0,0,0,0,5.181839728,2.1690537,7.770456872,0,Ishaan Das,46,Male,Kolkata,7/28/2022,13,0,3.53,1,5,Low,6.25,104.296,1505,Zone_3,12971,2.11,38,Business
T01803,R0179,6.29,41.15,114.57,3/18/2023,0,-0.234271731,-0.439890272,0,Saturday,March,1,0,0,0,0,0,0,0,0,0,0,1,0,0,4.749876407,1.986503546,6.414826576,0,Meera Patel,28,Male,Kolkata,4/11/2022,274,14,4.64,1,4,Low,6.3825,114.8,1613,Zone_7,11070,0.64,45.2,Industrial
T01804,R0121,10.52,66.79,184.38,12/4/2023,0,0.582213709,0.510716062,0,Monday,December,1,0,0,0,0,0,0,0,0,0,0,0,1,0,5.222407772,2.444084655,8.172514913,0,Diya Iyer,29,Male,Pune,7/13/2023,378,10,4.17,1,11,High,7.996363636,133.1254545,1155,Zone_8,4516,1.93,31,Business
T01805,R0152,15.84,85.37,256.16,10/1/2023,0,1.421739921,1.706277692,0,Sunday,October,1,0,0,0,0,0,0,0,0,1,0,0,0,0,5.549698459,2.823757009,9.239588735,0,Arjun Patel,34,Female,Bengaluru,5/4/2021,143,24,3.91,0,5,Low,9.706,182.912,1955,Zone_5,2590,1.31,43.9,Business
T01806,R0157,10.66,82.98,177.51,8/23/2024,0,0.501863401,0.54217821,0,Friday,August,0,0,0,1,1,0,0,0,0,0,0,0,0,0,5.184644622,2.456164181,9.10933587,0,Kavya Nair,36,Female,Hyderabad,11/23/2021,319,27,4.65,0,10,Medium,11.39,187.593,1752,Zone_1,4921,2.43,30.9,Residential
T01807,R0016,7.43,55.78,98.82,7/21/2024,0,-0.418480951,-0.183698494,0,Sunday,July,0,0,0,1,0,0,0,0,0,0,0,0,1,0,4.603368564,2.131796772,7.46860094,0,Aarav Iyer,28,Female,Delhi,1/24/2022,356,51,3.06,0,5,Low,8.248,137.536,1690,Zone_8,4516,1.93,31,Business
T01808,R0099,1.27,11.57,25.71,5/16/2023,1,-1.273562609,-1.568033013,0,Tuesday,May,0,1,0,0,0,0,0,0,0,0,0,0,1,0,3.285038027,0.819779831,3.40147027,0,Diya Gupta,35,Other,Mumbai,8/21/2021,80,8,3.7,2,9,Medium,7.707777778,142.5177778,1846,Zone_8,4516,1.93,31,Business
T01809,R0259,11.89,94.26,134.21,12/30/2023,0,-0.004565757,0.818595655,0,Saturday,December,0,0,0,1,0,1,0,0,0,0,0,0,0,0,4.906829125,2.556451817,9.708758932,0,Aadhya Das,32,Male,Jaipur,6/25/2019,150,27,3.52,1,8,Medium,9.9675,160.385,2634,Zone_10,2440,1.54,35.4,Industrial
T01810,R0253,1.89,18.17,21.41,5/17/2023,0,-1.32385465,-1.428700643,0,Wednesday,May,1,0,0,0,0,0,0,0,1,0,0,0,0,0,3.109507288,1.061256502,4.262628297,0,Ishaan Gupta,26,Male,Surat,8/19/2021,173,24,3.16,1,7,Medium,7.117142857,106.3728571,1848,Zone_4,4038,2.46,48.2,Business
T01811,R0283,7.06,41.12,167.08,7/23/2023,1,0.379875962,-0.266848457,0,Sunday,July,1,0,0,0,0,0,0,0,0,0,0,0,0,1,5.124440057,2.086913557,6.412487817,0,Diya Nair,19,Male,Surat,6/15/2023,245,45,3.55,1,7,Medium,7.995714286,144.7471429,1183,Zone_9,11037,1.83,56.1,Mixed
T01812,R0030,12.79,82.93,234.27,1/14/2023,0,1.165718344,1.020852321,0,Saturday,January,0,0,1,0,0,0,0,1,0,0,0,0,0,0,5.460733791,2.623943692,9.10659102,0,Saanvi Patel,25,Other,Mumbai,1/8/2021,442,58,3.72,2,11,High,7.368181818,144.1136364,2071,Zone_3,12971,2.11,38,Business
T01813,R0026,12.06,72.67,110.9,5/24/2023,0,-0.277195403,0.856799692,0,Wednesday,May,1,0,0,0,0,0,0,0,0,1,0,0,0,0,4.717605615,2.569554124,8.524670082,0,Aarav Kumar,26,Female,Surat,4/17/2020,44,5,3.17,0,9,Medium,8.81,108.1322222,2337,Zone_5,2590,1.31,43.9,Business
T01814,R0189,12.19,80.85,203.93,2/12/2024,0,0.810867059,0.886014544,0,Monday,February,0,0,1,0,1,0,0,0,0,0,0,0,0,0,5.322668457,2.579458967,8.991662805,0,Reyansh Gupta,29,Female,Delhi,9/16/2019,238,42,3.28,0,8,Medium,9.00375,185.0875,2551,Zone_1,4921,2.43,30.9,Residential
T01815,R0127,11.49,72.44,284.26,1/22/2024,1,1.750392562,0.728703803,0,Monday,January,0,1,0,0,0,0,0,0,0,0,0,0,0,1,5.653401045,2.524928324,8.511169132,0,Vivaan Kumar,38,Male,Chennai,3/17/2020,43,2,4.83,1,9,Medium,7.867777778,155.6077778,2368,Zone_9,11037,1.83,56.1,Mixed
T01816,R0190,8.73,59.31,153.71,9/21/2023,0,0.223502802,0.108450025,0,Thursday,September,0,0,1,0,0,0,0,0,0,0,1,0,0,0,5.041552397,2.275213896,7.701298592,0,Saanvi Iyer,35,Other,Surat,9/25/2020,274,47,4.12,2,9,Medium,7.776666667,124.2133333,2176,Zone_6,14627,0.54,37.6,Mixed
T01817,R0249,9.51,87.31,211.56,6/9/2023,1,0.900106192,0.283739136,0,Friday,June,0,1,0,0,0,0,0,0,0,0,0,1,0,0,5.359224301,2.352327185,9.343982021,0,Diya Nair,20,Male,Mumbai,3/24/2023,396,48,4.49,1,8,Medium,8.08875,135.06625,1266,Zone_7,11070,0.64,45.2,Industrial
T01818,R0201,8.46,82.56,119.97,1/31/2024,0,-0.171114284,0.047773025,0,Wednesday,January,1,0,0,0,0,0,0,0,1,0,0,0,0,0,4.795542581,2.247072383,9.086253353,0,Meera Reddy,37,Female,Delhi,4/6/2021,183,15,3.84,0,7,Medium,9.668571429,153.1142857,1983,Zone_4,4038,2.46,48.2,Business
T01819,R0292,10.41,100.65,155.43,8/5/2023,0,0.243619618,0.485995803,0,Saturday,August,0,0,1,0,0,0,0,0,0,0,0,1,0,0,5.052608626,2.434490164,10.03244736,0,Diya Patel,37,Female,Jaipur,6/28/2020,141,19,4.39,0,9,Medium,8.817777778,126.4322222,2265,Zone_7,11070,0.64,45.2,Industrial
T01820,R0247,10.68,79.42,100.76,8/1/2024,0,-0.395791054,0.546672803,0,Thursday,August,0,0,0,1,0,0,0,0,1,0,0,0,0,0,4.6226171,2.457877977,8.911789944,0,Aadhya Das,37,Male,Bengaluru,5/11/2021,249,47,4.92,1,13,High,10.26769231,182.1107692,1948,Zone_4,4038,2.46,48.2,Business
T01821,R0151,8.67,48.49,192.02,11/20/2023,1,0.671569801,0.094966247,0,Monday,November,0,0,1,0,0,0,0,0,1,0,0,0,0,0,5.26279381,2.269028309,6.963476143,0,Meera Reddy,34,Male,Hyderabad,2/25/2023,394,56,5,1,7,Medium,8.987142857,159.1428571,1293,Zone_4,4038,2.46,48.2,Business
T01822,R0233,10.57,64.85,220.34,8/9/2024,1,1.002795523,0.521952543,0,Friday,August,0,0,1,0,0,0,0,0,0,1,0,0,0,0,5.399699981,2.448415541,8.05294977,0,Ishaan Iyer,30,Other,Hyderabad,11/23/2023,469,41,4.37,2,7,Medium,12.75285714,226.1757143,1022,Zone_5,2590,1.31,43.9,Business
T01823,R0212,4.58,42.58,77.52,5/15/2024,0,-0.667601992,-0.824177939,0,Wednesday,May,0,0,1,0,0,0,0,0,0,0,1,0,0,0,4.363353369,1.719188776,6.52533524,0,Aadhya Iyer,36,Female,Ahmedabad,9/11/2023,73,12,3.22,0,7,Medium,8.368571429,161.2128571,1095,Zone_6,14627,0.54,37.6,Mixed
T01824,R0248,6.47,52.78,148.29,2/24/2023,1,0.160111438,-0.399438938,0,Friday,February,0,1,0,0,0,0,0,0,0,0,0,0,0,1,5.005890723,2.010894999,7.264984515,0,Vivaan Ghosh,18,Female,Chennai,10/24/2021,104,12,3.65,0,7,Medium,8.245714286,134.2371429,1782,Zone_9,11037,1.83,56.1,Mixed
T01825,R0093,9.15,72.97,125.3,8/22/2024,0,-0.108775545,0.202836469,0,Thursday,August,0,0,0,1,0,0,0,0,0,0,1,0,0,0,4.838660029,2.317473705,8.542247948,0,Diya Patel,33,Other,Surat,5/30/2019,119,18,3.77,2,6,Medium,11.925,198.315,2660,Zone_6,14627,0.54,37.6,Mixed
T01826,R0010,17.62,90.44,227.02,9/20/2023,0,1.080923624,2.106296433,0,Wednesday,September,1,0,0,0,0,0,0,0,0,0,1,0,0,0,5.429433344,2.924236272,9.509994742,0,Vivaan Gupta,25,Female,Surat,5/14/2023,173,1,3.38,0,9,Medium,9.472222222,133.8344444,1215,Zone_6,14627,0.54,37.6,Mixed
T01827,R0110,10.64,97.91,219.66,6/1/2023,1,0.994842363,0.537683618,0,Thursday,June,1,0,0,0,1,0,0,0,0,0,0,0,0,0,5.396623055,2.454447442,9.894948206,0,Vivaan Patel,19,Female,Kolkata,2/4/2023,224,28,4.43,0,7,Medium,8.502857143,135.24,1314,Zone_1,4921,2.43,30.9,Residential
T01828,R0090,7.33,73,173.86,6/13/2024,1,0.459173645,-0.206171457,0,Thursday,June,1,0,0,0,0,0,0,1,0,0,0,0,0,0,5.163985654,2.119863456,8.544003745,0,Kavya Iyer,33,Female,Mumbai,1/31/2021,152,25,4.51,0,10,Medium,10.813,191.988,2048,Zone_3,12971,2.11,38,Business
T01829,R0090,6.9,58.91,170.42,8/17/2024,1,0.418940013,-0.302805198,0,Saturday,August,1,0,0,0,0,0,0,1,0,0,0,0,0,0,5.144116685,2.066862759,7.675285011,0,Kavya Iyer,33,Female,Mumbai,1/31/2021,152,25,4.51,0,10,Medium,10.813,191.988,2048,Zone_3,12971,2.11,38,Business
T01830,R0168,11.72,114.29,180.01,10/27/2023,0,0.53110296,0.780391618,0,Friday,October,0,0,0,1,0,0,0,0,1,0,0,0,0,0,5.198552278,2.543175558,10.69065012,0,Diya Das,23,Male,Pune,10/8/2019,471,74,4.03,1,5,Low,7.004,113.862,2529,Zone_4,4038,2.46,48.2,Business
T01831,R0221,7.51,47.39,108.64,9/19/2023,0,-0.303627965,-0.165720124,0,Tuesday,September,0,1,0,0,0,0,0,0,0,1,0,0,0,0,4.697202271,2.141241943,6.884039512,0,Diya Patel,21,Female,Delhi,1/13/2021,106,1,4.41,0,8,Medium,7.34125,114.16125,2066,Zone_5,2590,1.31,43.9,Business
T01832,R0209,11.19,85.31,190.72,4/30/2024,0,0.65636523,0.661284914,0,Tuesday,April,0,0,0,1,0,0,0,1,0,0,0,0,0,0,5.256035974,2.500615943,9.236341267,0,Vivaan Sharma,31,Other,Surat,6/11/2020,109,20,3.77,2,8,Medium,7.315,91.88625,2282,Zone_3,12971,2.11,38,Business
T01833,R0135,10.56,92.83,96.94,9/17/2023,0,-0.4404691,0.519705247,0,Sunday,September,0,0,0,1,0,0,0,0,0,0,1,0,0,0,4.584355046,2.447550863,9.63483264,0,Reyansh Patel,38,Female,Ahmedabad,2/24/2022,153,8,3.47,0,8,Medium,8.325,124.01625,1659,Zone_6,14627,0.54,37.6,Mixed
T01834,R0277,1.77,17.08,41.11,3/25/2023,1,-1.093446927,-1.455668198,0,Saturday,March,1,0,0,0,0,0,1,0,0,0,0,0,0,0,3.740285242,1.01884732,4.132795664,0,Kavya Gupta,42,Female,Jaipur,1/22/2021,433,16,3.06,0,9,Medium,9.658888889,155.8666667,2057,Zone_2,6371,0.91,58.4,Residential
T01835,R0121,10.36,81.16,120.91,5/13/2024,0,-0.16012021,0.474759321,0,Monday,May,0,0,0,1,0,0,0,0,0,1,0,0,0,0,4.803283068,2.430098413,9.008884504,0,Diya Iyer,29,Male,Pune,7/13/2023,378,10,4.17,1,11,High,7.996363636,133.1254545,1155,Zone_5,2590,1.31,43.9,Business
T01836,R0030,10.33,86.22,159.71,4/25/2024,0,0.293677743,0.468017432,0,Thursday,April,1,0,0,0,0,0,0,1,0,0,0,0,0,0,5.079601499,2.427454075,9.285472524,0,Saanvi Patel,25,Other,Mumbai,1/8/2021,442,58,3.72,2,11,High,7.368181818,144.1136364,2071,Zone_3,12971,2.11,38,Business
T01837,R0144,11.98,119.08,161.41,6/2/2024,0,0.313560643,0.838821321,0,Sunday,June,0,0,0,1,0,0,0,0,1,0,0,0,0,0,5.090124002,2.563409711,10.91237829,0,Ishaan Kumar,34,Other,Pune,1/31/2021,194,10,3.52,2,9,Medium,9.385555556,172.4944444,2048,Zone_4,4038,2.46,48.2,Business
T01838,R0288,3.81,30.6,65.86,9/1/2023,0,-0.803975295,-0.997219754,0,Friday,September,0,0,1,0,0,0,0,0,1,0,0,0,0,0,4.202600881,1.570697084,5.531726674,0,Diya Ghosh,42,Male,Ahmedabad,8/30/2021,43,5,4.56,1,8,Medium,6.51,99.45,1837,Zone_4,4038,2.46,48.2,Business
T01839,R0187,13.47,105.41,270.11,2/4/2024,1,1.584896659,1.17366847,0,Sunday,February,0,1,0,0,0,1,0,0,0,0,0,0,0,0,5.602524643,2.672077541,10.26693723,0,Saanvi Reddy,27,Other,Surat,8/5/2022,357,38,4.71,2,7,Medium,10.79714286,194.7628571,1497,Zone_10,2440,1.54,35.4,Industrial
T01840,R0226,7.17,67.97,156.24,5/15/2024,1,0.253093235,-0.242128198,0,Wednesday,May,1,0,0,0,0,0,0,0,0,0,1,0,0,0,5.057773301,2.100468909,8.244392033,0,Aarav Iyer,20,Other,Surat,7/30/2021,266,2,3.25,2,7,Medium,7.601428571,129.5257143,1868,Zone_6,14627,0.54,37.6,Mixed
T01841,R0154,17.94,102.09,150.4,12/3/2023,0,0.184789626,2.178209915,0,Sunday,December,0,1,0,0,0,1,0,0,0,0,0,0,0,0,5.019925341,2.941276088,10.10395962,0,Kavya Patel,18,Other,Kolkata,3/25/2019,466,79,4.68,2,13,High,10.66307692,158.4246154,2726,Zone_10,2440,1.54,35.4,Industrial
T01842,R0298,16.76,92.4,353.62,7/15/2023,1,2.561614881,1.913028952,0,Saturday,July,0,0,1,0,0,0,0,0,0,1,0,0,0,0,5.871046794,2.876948738,9.612491873,0,Vivaan Singh,35,Female,Ahmedabad,3/25/2020,65,11,3.88,0,7,Medium,9.027142857,143.2014286,2360,Zone_5,2590,1.31,43.9,Business
T01843,R0256,4.96,44.3,59.86,11/27/2023,0,-0.874150236,-0.738780679,0,Monday,November,0,0,0,1,0,0,0,0,0,0,1,0,0,0,4.108576144,1.785070481,6.655824517,0,Aadhya Sharma,31,Female,Delhi,3/25/2021,265,8,3.65,0,6,Medium,6.908333333,125.6333333,1995,Zone_6,14627,0.54,37.6,Mixed
T01844,R0236,1.15,11.34,20.45,5/1/2024,0,-1.335082641,-1.595000569,0,Wednesday,May,0,0,0,1,1,0,0,0,0,0,0,0,0,0,3.065724645,0.765467842,3.367491648,0,Arjun Gupta,28,Male,Ahmedabad,8/10/2020,61,1,3.36,1,11,High,4.546363636,69.86727273,2222,Zone_1,4921,2.43,30.9,Residential
T01845,R0137,11.49,57.75,228.53,3/3/2024,0,1.098584317,0.728703803,0,Sunday,March,0,0,0,1,0,0,0,0,1,0,0,0,0,0,5.43603374,2.524928324,7.599342077,0,Arjun Gupta,27,Male,Bengaluru,8/10/2021,166,32,3.14,1,7,Medium,11.76142857,214.1957143,1857,Zone_4,4038,2.46,48.2,Business
T01846,R0013,3.9,27.41,59.02,3/16/2023,0,-0.883974728,-0.976994087,0,Thursday,March,1,0,0,0,0,0,0,0,0,0,0,1,0,0,4.09467784,1.589235205,5.235456045,0,Ishaan Gupta,43,Female,Kolkata,4/1/2019,6,0,3.91,0,9,Medium,8.945555556,159.2044444,2719,Zone_7,11070,0.64,45.2,Industrial
T01847,R0082,13.74,118.5,115.55,12/12/2023,0,-0.222809824,1.23434547,0,Tuesday,December,0,1,0,0,0,1,0,0,0,0,0,0,0,0,4.758320365,2.690564887,10.88577053,0,Kavya Singh,26,Other,Pune,12/27/2022,274,23,3.15,2,3,Low,8.206666667,99.22,1353,Zone_10,2440,1.54,35.4,Industrial
T01848,R0286,10.65,94.84,102.71,7/26/2023,0,-0.372984198,0.539930914,0,Wednesday,July,0,0,1,0,0,0,0,0,0,0,0,0,1,0,4.641598543,2.45530618,9.738583059,0,Ishaan Nair,26,Male,Pune,2/15/2023,29,0,4.48,1,6,Medium,7.043333333,104.5233333,1303,Zone_8,4516,1.93,31,Business
T01849,R0003,0.73,6.3,9.1,1/21/2023,0,-1.467830238,-1.689387013,0,Saturday,January,0,1,0,0,0,0,0,0,0,0,0,0,0,1,2.312535424,0.548121409,2.50998008,0,Kavya Reddy,34,Male,Pune,5/4/2023,45,9,3.76,1,10,Medium,6.768,97.171,1225,Zone_9,11037,1.83,56.1,Mixed
T01850,R0271,11.91,79.11,174.3,7/10/2023,0,0.464319808,0.823090247,0,Monday,July,0,1,0,0,0,0,1,0,0,0,0,0,0,0,5.166498792,2.558002205,8.894380248,0,Saanvi Iyer,22,Male,Bengaluru,10/7/2022,58,6,4.37,1,8,Medium,8.1275,116.0975,1434,Zone_2,6371,0.91,58.4,Residential
T01851,R0022,8.69,50.94,105,6/2/2023,0,-0.346200762,0.09946084,0,Friday,June,1,0,0,0,0,0,0,0,0,0,0,0,0,1,4.663439094,2.271094426,7.137226352,0,Aarav Nair,43,Female,Kolkata,9/14/2020,220,1,3.32,0,7,Medium,7.464285714,118.1742857,2187,Zone_9,11037,1.83,56.1,Mixed
T01852,R0238,10.06,51.65,96.1,8/6/2024,0,-0.450293591,0.407340432,0,Tuesday,August,1,0,0,0,0,1,0,0,0,0,0,0,0,0,4.575741375,2.403334996,7.186793444,0,Reyansh Patel,30,Other,Pune,4/22/2019,362,56,4.91,2,6,Medium,6.455,98.33833333,2698,Zone_10,2440,1.54,35.4,Industrial
T01853,R0285,15.62,132.86,287.7,6/24/2024,0,1.790626195,1.656837174,0,Monday,June,0,1,0,0,0,0,0,0,0,1,0,0,0,0,5.665388087,2.810606789,11.52649123,0,Diya Iyer,29,Female,Chennai,1/10/2019,244,16,4.97,0,9,Medium,6.987777778,122.82,2800,Zone_5,2590,1.31,43.9,Business
T01854,R0097,7.35,58.39,94.59,8/6/2024,0,-0.467954285,-0.201676864,0,Tuesday,August,1,0,0,0,0,0,1,0,0,0,0,0,0,0,4.560068212,2.122261539,7.641334962,0,Aarav Iyer,23,Other,Bengaluru,1/25/2021,478,5,3.28,2,8,Medium,8.67875,139.6375,2054,Zone_2,6371,0.91,58.4,Residential
T01855,R0282,11.79,68.45,231.34,8/10/2023,0,1.131449581,0.796122692,0,Thursday,August,0,0,0,1,0,1,0,0,0,0,0,0,0,0,5.448201816,2.548663616,8.273451517,0,Reyansh Kumar,22,Other,Bengaluru,5/2/2022,319,3,4.47,2,9,Medium,10.31888889,155.5277778,1592,Zone_10,2440,1.54,35.4,Industrial
T01856,R0245,5.01,41.54,56.43,3/7/2023,0,-0.91426691,-0.727544198,0,Tuesday,March,0,1,0,0,0,0,0,0,0,0,1,0,0,0,4.050566815,1.793424749,6.445153218,0,Diya Sharma,35,Female,Hyderabad,3/4/2020,265,48,4.73,0,5,Low,7.944,150.266,2381,Zone_6,14627,0.54,37.6,Mixed
T01857,R0274,5.13,48.17,111.86,3/13/2023,1,-0.265967413,-0.700576642,0,Monday,March,0,0,0,1,1,0,0,0,0,0,0,0,0,0,4.726148113,1.81319475,6.94046108,0,Reyansh Nair,27,Female,Surat,3/18/2019,31,5,3.04,0,4,Low,7.56,119.29,2733,Zone_1,4921,2.43,30.9,Residential
T01858,R0196,6.91,35.04,113.8,2/7/2023,0,-0.243277515,-0.300557901,0,Tuesday,February,0,0,1,0,0,0,0,0,0,1,0,0,0,0,4.743191484,2.068127782,5.919459435,0,Vivaan Das,18,Male,Hyderabad,6/24/2019,51,9,4.93,1,12,High,7.995833333,135.2858333,2635,Zone_5,2590,1.31,43.9,Business
T01859,R0297,4.9,32.94,47.64,4/22/2023,0,-1.017073199,-0.752264457,0,Saturday,April,1,0,0,0,0,0,1,0,0,0,0,0,0,0,3.884446238,1.774952351,5.739337941,0,Saanvi Gupta,47,Male,Pune,9/20/2023,396,46,3.87,1,4,Low,5.93,100.645,1086,Zone_2,6371,0.91,58.4,Residential
T01860,R0145,10.84,92.81,103.05,7/8/2023,0,-0.369007618,0.582629543,0,Saturday,July,0,0,1,0,0,0,0,0,0,1,0,0,0,0,4.644871553,2.471483629,9.633794683,0,Saanvi Nair,36,Female,Jaipur,12/9/2022,222,43,4.3,0,4,Low,11.585,163.665,1371,Zone_5,2590,1.31,43.9,Business
T01861,R0041,1.38,7.84,28.57,7/12/2023,1,-1.240112554,-1.543312754,0,Wednesday,July,0,0,1,0,0,0,1,0,0,0,0,0,0,0,3.386760334,0.867100488,2.8,0,Aarav Nair,25,Other,Pune,4/11/2020,353,8,4.74,2,5,Low,8.428,140.432,2343,Zone_2,6371,0.91,58.4,Residential
T01862,R0217,12.15,119.63,130.46,1/5/2023,0,-0.048425095,0.877025358,0,Thursday,January,0,0,0,1,0,0,0,0,0,1,0,0,0,0,4.878702623,2.576421759,10.93755,0,Kavya Iyer,39,Other,Jaipur,3/3/2023,104,5,3.52,2,5,Low,8.488,151.166,1287,Zone_5,2590,1.31,43.9,Business
T01863,R0006,4.19,35.54,44.01,1/19/2024,0,-1.059529039,-0.911822494,0,Friday,January,1,0,0,0,0,0,0,0,1,0,0,0,0,0,3.806884687,1.646733697,5.961543424,0,Aarav Das,45,Female,Jaipur,6/30/2023,248,13,4.64,0,7,Medium,9.034285714,156.49,1168,Zone_4,4038,2.46,48.2,Business
T01864,R0199,9.89,84.33,145.75,1/29/2024,0,0.130404046,0.369136395,0,Monday,January,0,0,0,1,0,0,0,0,0,0,0,0,0,1,4.988730459,2.387844937,9.183136719,0,Aarav Das,29,Male,Ahmedabad,8/3/2021,344,27,3.91,1,10,Medium,8.515,160.05,1864,Zone_9,11037,1.83,56.1,Mixed
T01865,R0213,2.06,12.73,25.96,11/20/2023,0,-1.270638653,-1.390496606,0,Monday,November,1,0,0,0,0,0,0,0,0,1,0,0,0,0,3.294354286,1.118414916,3.567912555,0,Kavya Ghosh,29,Female,Chennai,6/4/2019,456,26,3.74,0,9,Medium,6.787777778,118.2666667,2655,Zone_5,2590,1.31,43.9,Business
T01866,R0208,10.39,103.43,97.61,3/8/2024,0,-0.432632898,0.48150121,0,Friday,March,0,1,0,0,0,0,0,0,0,0,0,0,0,1,4.591172676,2.432735777,10.17005408,0,Aadhya Iyer,24,Other,Chennai,1/8/2020,356,53,4.75,2,6,Medium,8.236666667,100.355,2437,Zone_9,11037,1.83,56.1,Mixed
T01867,R0139,13.42,107.81,311.79,9/6/2023,1,2.072378584,1.162431988,0,Wednesday,September,0,1,0,0,1,0,0,0,0,0,0,0,0,0,5.745532039,2.668616132,10.38315944,0,Diya Gupta,44,Other,Kolkata,10/9/2023,155,7,4.39,2,8,Medium,7.365,125.27875,1067,Zone_1,4921,2.43,30.9,Residential
T01868,R0243,8.05,61.08,85.45,8/17/2023,0,-0.574854112,-0.044366124,0,Thursday,August,0,1,0,0,0,0,1,0,0,0,0,0,0,0,4.459566212,2.202764758,7.815369473,0,Ishaan Patel,33,Male,Jaipur,2/6/2023,315,11,3.7,1,7,Medium,7.901428571,135.5042857,1312,Zone_2,6371,0.91,58.4,Residential
T01869,R0172,15.74,135.3,361.21,6/29/2024,1,2.650386182,1.683804729,0,Saturday,June,0,0,1,0,0,0,0,0,1,0,0,0,0,0,5.892224154,2.817801065,11.63185282,0,Reyansh Reddy,31,Other,Pune,12/24/2019,168,14,3.72,2,11,High,7.713636364,135.3281818,2452,Zone_4,4038,2.46,48.2,Business
T01870,R0295,7.3,67.29,64.61,12/26/2023,0,-0.818595074,-0.212913346,0,Tuesday,December,0,1,0,0,1,0,0,0,0,0,0,0,0,0,4.183728123,2.116255515,8.203048214,0,Kavya Gupta,18,Female,Delhi,5/29/2019,98,18,3.59,0,9,Medium,4.974444444,58.22666667,2661,Zone_1,4921,2.43,30.9,Residential
T01871,R0055,10.06,100.3,231.96,4/5/2024,1,1.138700992,0.407340432,0,Friday,April,0,0,0,1,1,0,0,0,0,0,0,0,0,0,5.450866765,2.403334996,10.01498877,0,Kavya Singh,32,Male,Delhi,11/7/2021,425,12,4.19,1,8,Medium,8.9625,138.695,1768,Zone_1,4921,2.43,30.9,Residential
T01872,R0197,3.37,21.81,35.74,4/5/2023,0,-1.156253499,-1.096100791,0,Wednesday,April,1,0,0,0,0,0,0,0,0,1,0,0,0,0,3.60386608,1.474763009,4.670117772,0,Saanvi Das,29,Female,Bengaluru,10/8/2020,475,87,3.87,0,10,Medium,7.108,97.3,2163,Zone_5,2590,1.31,43.9,Business
T01873,R0150,10.19,66.96,226.21,2/2/2024,1,1.071450007,0.436555284,0,Friday,February,0,0,0,1,0,0,0,0,0,0,0,1,0,0,5.4258747,2.415020522,8.182909018,0,Ishaan Gupta,33,Male,Pune,2/27/2022,215,16,4.95,1,7,Medium,7.922857143,107.6914286,1656,Zone_7,11070,0.64,45.2,Industrial
T01874,R0281,5.16,39.1,43.14,6/5/2023,0,-1.069704405,-0.693834753,0,Monday,June,1,0,0,0,0,0,0,0,0,1,0,0,0,0,3.787366401,1.818076778,6.25299928,0,Arjun Iyer,21,Female,Jaipur,10/15/2020,268,17,4.74,0,5,Low,7.626,109.926,2156,Zone_5,2590,1.31,43.9,Business
T01875,R0056,4.4,30.29,54.44,5/26/2023,0,-0.937541599,-0.864629272,0,Friday,May,0,0,0,1,0,1,0,0,0,0,0,0,0,0,4.015301355,1.686398954,5.503635162,0,Meera Patel,40,Other,Hyderabad,2/26/2021,93,13,3.25,2,9,Medium,7.357777778,103.0877778,2022,Zone_10,2440,1.54,35.4,Industrial
T01876,R0017,15.9,118.97,161.71,6/17/2023,0,0.31706939,1.71976147,0,Saturday,June,1,0,0,0,0,0,0,0,1,0,0,0,0,0,5.091969475,2.827313622,10.90733698,0,Meera Das,49,Female,Mumbai,3/18/2023,288,21,3.83,0,7,Medium,7.997142857,116.0442857,1272,Zone_4,4038,2.46,48.2,Business
T01877,R0281,1.65,9.01,22.93,5/4/2023,0,-1.306076998,-1.482635754,0,Thursday,May,0,0,1,0,1,0,0,0,0,0,0,0,0,0,3.175132902,0.97455964,3.001666204,0,Arjun Iyer,21,Female,Jaipur,10/15/2020,268,17,4.74,0,5,Low,7.626,109.926,2156,Zone_1,4921,2.43,30.9,Residential
T01878,R0097,7.43,39.47,109.72,6/19/2024,0,-0.290996475,-0.183698494,0,Wednesday,June,0,0,1,0,0,1,0,0,0,0,0,0,0,0,4.707004492,2.131796772,6.28251542,0,Aarav Iyer,23,Other,Bengaluru,1/25/2021,478,5,3.28,2,8,Medium,8.67875,139.6375,2054,Zone_10,2440,1.54,35.4,Industrial
T01879,R0195,11.56,85.8,103.95,3/24/2023,0,-0.358481377,0.744434877,0,Friday,March,0,0,0,1,0,0,0,1,0,0,0,0,0,0,4.653484046,2.530517161,9.262828942,0,Aadhya Reddy,33,Male,Kolkata,5/27/2021,72,10,4.97,1,9,Medium,7.813333333,116.0188889,1932,Zone_3,12971,2.11,38,Business
T01880,R0057,9.17,70.82,119.13,11/17/2023,0,-0.180938776,0.207331062,0,Friday,November,0,1,0,0,0,0,0,0,1,0,0,0,0,0,4.78857449,2.31944221,8.41546196,0,Aadhya Reddy,39,Male,Bengaluru,6/4/2023,407,11,3.66,1,13,High,7.716923077,121.8546154,1194,Zone_4,4038,2.46,48.2,Business
T01881,R0213,1.24,11.4,13.83,8/14/2024,0,-1.412508992,-1.574774902,0,Wednesday,August,0,0,0,1,0,0,0,0,0,0,1,0,0,0,2.696652156,0.806475866,3.376388603,0,Kavya Ghosh,29,Female,Chennai,6/4/2019,456,26,3.74,0,9,Medium,6.787777778,118.2666667,2655,Zone_6,14627,0.54,37.6,Mixed
T01882,R0022,11.02,71.31,123.44,5/11/2023,0,-0.130529776,0.623080877,0,Thursday,May,0,0,0,1,0,0,0,0,0,0,0,0,1,0,4.823823672,2.486571929,8.444524853,0,Aarav Nair,43,Female,Kolkata,9/14/2020,220,1,3.32,0,7,Medium,7.464285714,118.1742857,2187,Zone_8,4516,1.93,31,Business
T01883,R0010,1.11,10.93,24.81,5/14/2024,1,-1.28408885,-1.603989754,0,Tuesday,May,0,0,1,0,0,0,0,0,0,0,1,0,0,0,3.250762014,0.746687947,3.306055051,0,Vivaan Gupta,25,Female,Surat,5/14/2023,173,1,3.38,0,9,Medium,9.472222222,133.8344444,1215,Zone_6,14627,0.54,37.6,Mixed
T01884,R0265,5.78,51.31,97.08,2/27/2023,0,-0.438831684,-0.554502383,0,Monday,February,0,0,1,0,1,0,0,0,0,0,0,0,0,0,4.585783472,1.913977102,7.163099888,0,Kavya Das,39,Female,Bengaluru,11/26/2020,176,24,3.26,0,4,Low,11.22,151.9275,2114,Zone_1,4921,2.43,30.9,Residential
T01885,R0198,6.78,42.21,143.92,10/22/2023,1,0.109000689,-0.329772753,0,Sunday,October,0,1,0,0,0,0,0,0,0,0,0,1,0,0,4.976181866,2.051556338,6.496922348,0,Vivaan Kumar,31,Other,Mumbai,12/10/2021,202,23,3.85,2,4,Low,9.7775,147.1275,1735,Zone_7,11070,0.64,45.2,Industrial
T01886,R0293,6.6,47.47,164.58,8/17/2024,1,0.350636403,-0.370224087,0,Saturday,August,0,0,0,1,0,0,0,0,0,0,1,0,0,0,5.109454462,2.028148247,6.889847604,0,Arjun Kumar,39,Female,Delhi,10/1/2019,248,44,3.2,0,4,Low,5.605,100.355,2536,Zone_6,14627,0.54,37.6,Mixed
T01887,R0222,7.47,74.53,113.68,1/21/2024,0,-0.244681014,-0.174709309,0,Sunday,January,0,0,1,0,0,0,0,0,0,1,0,0,0,0,4.742145641,2.136530509,8.633075929,0,Aarav Singh,27,Male,Surat,8/28/2022,475,12,3.44,1,8,Medium,9.88125,165.70375,1474,Zone_5,2590,1.31,43.9,Business
T01888,R0046,11.33,85.5,178.34,6/29/2024,0,0.511570935,0.692747062,0,Saturday,June,0,0,0,1,0,1,0,0,0,0,0,0,0,0,5.189283446,2.512035317,9.246621004,0,Vivaan Singh,31,Female,Kolkata,8/16/2019,31,4,3.87,0,8,Medium,10.0025,162.0525,2582,Zone_10,2440,1.54,35.4,Industrial
T01889,R0018,7.15,53.93,134.58,8/24/2023,0,-0.000238302,-0.24662279,0,Thursday,August,0,0,0,1,0,0,0,1,0,0,0,0,0,0,4.909561872,2.098017927,7.343704787,0,Aarav Reddy,49,Female,Delhi,1/9/2023,446,86,3.29,0,6,Medium,9.031666667,174.055,1340,Zone_3,12971,2.11,38,Business
T01890,R0256,8.92,50.75,215,8/1/2023,1,0.940339825,0.151148654,0,Tuesday,August,0,1,0,0,0,0,0,1,0,0,0,0,0,0,5.375278408,2.294552921,7.123903424,0,Aadhya Sharma,31,Female,Delhi,3/25/2021,265,8,3.65,0,6,Medium,6.908333333,125.6333333,1995,Zone_3,12971,2.11,38,Business
T01891,R0033,19.31,167.79,379.63,7/1/2023,0,3.949558258,2.486089507,0,Saturday,July,0,1,0,0,0,0,1,0,0,0,0,0,0,0,5.941827775,3.011113376,12.95337794,0,Diya Iyer,18,Female,Chennai,5/22/2019,472,37,3.24,0,5,Low,6.412,121.298,2668,Zone_2,6371,0.91,58.4,Residential
T01892,R0202,13.63,136.03,119.82,7/26/2024,0,-0.172868658,1.20962521,0,Friday,July,1,0,0,0,0,0,0,0,1,0,0,0,0,0,4.794301835,2.683074215,11.66318996,0,Aadhya Reddy,27,Male,Ahmedabad,10/28/2021,317,0,4.72,1,8,Medium,9.2125,113.6425,1778,Zone_4,4038,2.46,48.2,Business
T01893,R0242,8.3,52.21,81.63,5/1/2023,0,-0.619532158,0.011816284,0,Monday,May,0,0,0,1,0,0,0,0,0,0,0,0,1,0,4.414372811,2.2300144,7.22564876,0,Kavya Iyer,34,Male,Ahmedabad,6/5/2022,445,8,4.54,1,7,Medium,3.752857143,46.88428571,1558,Zone_8,4516,1.93,31,Business
T01894,R0093,20.94,201.07,379.63,2/23/2024,0,3.876810236,2.852398804,0,Friday,February,0,0,1,0,0,1,0,0,0,0,0,0,0,0,5.941827775,3.088311455,14.17991537,0,Diya Patel,33,Other,Surat,5/30/2019,119,18,3.77,2,6,Medium,11.925,198.315,2660,Zone_10,2440,1.54,35.4,Industrial
T01895,R0184,4.82,24.32,74.34,3/11/2023,0,-0.704794711,-0.770242828,0,Saturday,March,0,0,1,0,0,0,1,0,0,0,0,0,0,0,4.322011202,1.761300262,4.931531202,0,Meera Nair,29,Female,Surat,3/4/2020,285,27,3.97,0,8,Medium,8.645,151.59,2381,Zone_2,6371,0.91,58.4,Residential
T01896,R0209,10.6,78.22,107.9,7/28/2024,0,-0.312282874,0.528694432,0,Sunday,July,1,0,0,0,0,0,0,0,0,0,0,0,1,0,4.69043003,2.451005098,8.844207144,0,Vivaan Sharma,31,Other,Surat,6/11/2020,109,20,3.77,2,8,Medium,7.315,91.88625,2282,Zone_8,4516,1.93,31,Business
T01897,R0235,0.12,0.79,3.27,7/21/2023,1,-1.556718496,-1.826472087,0,Friday,July,0,1,0,0,0,0,1,0,0,0,0,0,0,0,1.451613827,0.113328685,0.888819442,0,Aarav Ghosh,34,Other,Delhi,2/15/2021,284,8,4.06,2,8,Medium,6.95625,105.7575,2033,Zone_2,6371,0.91,58.4,Residential
T01898,R0265,9.99,65.36,192.77,5/5/2024,0,0.680341668,0.391609358,0,Sunday,May,0,0,1,0,0,0,0,0,0,0,1,0,0,0,5.266671889,2.396985768,8.084553173,0,Kavya Das,39,Female,Bengaluru,11/26/2020,176,24,3.26,0,4,Low,11.22,151.9275,2114,Zone_6,14627,0.54,37.6,Mixed
T01899,R0177,7.44,38.48,88.56,7/22/2024,0,-0.538480101,-0.181451198,0,Monday,July,0,0,1,0,0,1,0,0,0,0,0,0,0,0,4.494908792,2.132982309,6.203224968,0,Ishaan Reddy,34,Other,Bengaluru,2/15/2023,489,63,4.48,2,12,High,9.645,155.5633333,1303,Zone_10,2440,1.54,35.4,Industrial
T01900,R0150,8.3,80.45,93.17,6/20/2023,0,-0.484562354,0.011816284,0,Tuesday,June,0,1,0,0,0,0,0,0,1,0,0,0,0,0,4.54510166,2.2300144,8.969392399,0,Ishaan Gupta,33,Male,Pune,2/27/2022,215,16,4.95,1,7,Medium,7.922857143,107.6914286,1656,Zone_4,4038,2.46,48.2,Business
T01901,R0225,9.85,62.56,110.98,5/26/2023,0,-0.276259737,0.36014721,0,Friday,May,0,0,1,0,0,0,0,0,0,0,1,0,0,0,4.718320284,2.38416508,7.909487973,0,Ishaan Sharma,39,Female,Delhi,6/15/2020,465,9,4.08,0,6,Medium,8.055,112.1533333,2278,Zone_6,14627,0.54,37.6,Mixed
T01902,R0261,9.4,89.17,89.44,10/7/2023,0,-0.528187776,0.259018877,0,Saturday,October,0,0,1,0,1,0,0,0,0,0,0,0,0,0,4.504686647,2.341805806,9.442986816,0,Aarav Kumar,31,Male,Pune,8/26/2022,477,83,4.24,1,6,Medium,8.195,108.2883333,1476,Zone_1,4921,2.43,30.9,Residential
T01903,R0227,2.64,19.46,45.45,6/18/2023,0,-1.042687053,-1.26015342,0,Sunday,June,1,0,0,0,0,0,0,0,1,0,0,0,0,0,3.838376465,1.291983682,4.411349,0,Arjun Nair,25,Other,Pune,7/11/2020,320,23,4.12,2,5,Low,5.664,101.642,2252,Zone_4,4038,2.46,48.2,Business
T01904,R0034,6.08,38.77,146.96,7/21/2023,1,0.144555993,-0.487083494,0,Friday,July,0,1,0,0,0,0,0,0,0,1,0,0,0,0,4.996941967,1.957273908,6.22655603,0,Arjun Iyer,26,Other,Chennai,4/23/2019,484,48,3.1,2,3,Low,7.62,141.75,2697,Zone_5,2590,1.31,43.9,Business
T01905,R0196,8.03,40.53,149.92,12/17/2023,0,0.17917563,-0.048860716,0,Sunday,December,0,0,1,0,0,0,0,0,0,0,0,0,1,0,5.016749895,2.200552367,6.366317617,0,Vivaan Das,18,Male,Hyderabad,6/24/2019,51,9,4.93,1,12,High,7.995833333,135.2858333,2635,Zone_8,4516,1.93,31,Business
T01906,R0295,0.85,4.85,20.88,6/13/2024,1,-1.330053437,-1.662419458,0,Thursday,June,0,1,0,0,0,0,0,0,1,0,0,0,0,0,3.085572978,0.615185639,2.202271555,0,Kavya Gupta,18,Female,Delhi,5/29/2019,98,18,3.59,0,9,Medium,4.974444444,58.22666667,2661,Zone_4,4038,2.46,48.2,Business
T01907,R0237,12.01,82.33,294.45,3/10/2023,1,1.869573004,0.84556321,0,Friday,March,0,0,0,1,0,0,0,0,0,0,0,0,1,0,5.688499618,2.565718293,9.073588044,0,Aadhya Nair,40,Male,Chennai,12/13/2022,36,3,3.71,1,10,Medium,9.737,175.97,1367,Zone_8,4516,1.93,31,Business
T01908,R0008,17.41,116.11,273.32,8/12/2024,0,1.622440253,2.059103211,0,Monday,August,0,0,0,1,0,0,0,0,0,0,1,0,0,0,5.614295308,2.912893995,10.77543503,0,Ishaan Ghosh,28,Female,Jaipur,10/1/2022,215,23,4.02,0,8,Medium,6.03125,111.65875,1440,Zone_6,14627,0.54,37.6,Mixed
T01909,R0232,9.52,79.46,192.94,1/16/2023,1,0.682329958,0.285986432,0,Monday,January,0,0,0,1,0,0,0,0,0,1,0,0,0,0,5.267548833,2.353278207,8.914033879,0,Meera Das,38,Male,Jaipur,12/8/2022,172,15,3.94,1,13,High,7.169230769,114.68,1372,Zone_5,2590,1.31,43.9,Business
T01910,R0183,5.36,30.69,130.84,10/11/2023,1,-0.043980682,-0.648888827,0,Wednesday,October,1,0,0,0,0,0,0,0,1,0,0,0,0,0,4.881589066,1.850028377,5.539855594,0,Arjun Patel,43,Other,Jaipur,8/27/2022,406,66,3.79,2,8,Medium,7.2225,106.3925,1475,Zone_4,4038,2.46,48.2,Business
T01911,R0292,3.51,32.24,46.7,4/16/2023,0,-1.028067273,-1.064638643,0,Sunday,April,0,0,0,1,0,0,0,0,0,0,1,0,0,0,3.864931398,1.506297154,5.678027827,0,Diya Patel,37,Female,Jaipur,6/28/2020,141,19,4.39,0,9,Medium,8.817777778,126.4322222,2265,Zone_6,14627,0.54,37.6,Mixed
T01912,R0270,0.4,3.71,6.92,2/11/2023,0,-1.493327133,-1.763547791,0,Saturday,February,0,0,0,1,0,0,0,0,0,0,0,0,0,1,2.069391206,0.336472237,1.926136028,0,Aadhya Reddy,35,Male,Hyderabad,1/2/2022,455,64,3.08,1,8,Medium,7.38,137.69125,1712,Zone_9,11037,1.83,56.1,Mixed
T01913,R0224,9.7,55.17,127.01,5/8/2023,0,-0.088775686,0.326437766,0,Monday,May,0,0,0,1,1,0,0,0,0,0,0,0,0,0,4.852108386,2.370243741,7.427651042,0,Ishaan Sharma,29,Female,Ahmedabad,8/4/2020,200,1,4.31,0,7,Medium,5.958571429,73.44857143,2228,Zone_1,4921,2.43,30.9,Residential
T01914,R0089,14.31,81.68,133.14,12/22/2023,0,-0.017080288,1.362441359,0,Friday,December,1,0,0,0,0,0,0,0,0,0,0,1,0,0,4.898884031,2.72850621,9.037698822,0,Saanvi Reddy,48,Other,Surat,9/21/2022,308,6,3.91,2,9,Medium,9.981111111,157.2833333,1450,Zone_7,11070,0.64,45.2,Industrial
T01915,R0252,6.9,53.47,157.6,8/5/2023,1,0.268999555,-0.302805198,0,Saturday,August,0,0,1,0,0,0,0,0,0,0,1,0,0,0,5.066385309,2.066862759,7.312318374,0,Reyansh Gupta,38,Other,Ahmedabad,9/23/2020,392,47,4.83,2,16,High,6.275625,105.128125,2178,Zone_6,14627,0.54,37.6,Mixed
T01916,R0140,0.56,4.79,10.76,5/21/2024,0,-1.448415171,-1.72759105,0,Tuesday,May,0,0,1,0,0,0,0,0,0,0,1,0,0,0,2.464703942,0.444685821,2.188606863,0,Aadhya Nair,29,Female,Delhi,4/17/2020,499,45,4.92,0,5,Low,6.962,123.622,2337,Zone_6,14627,0.54,37.6,Mixed
T01917,R0001,3.64,26.21,66.38,1/9/2023,0,-0.797893466,-1.035423791,0,Monday,January,0,0,0,1,0,0,0,0,1,0,0,0,0,0,4.210348238,1.534714366,5.119570294,0,Aarav Das,23,Male,Pune,6/29/2020,56,0,3.76,1,2,Low,10.42,158.785,2264,Zone_4,4038,2.46,48.2,Business
T01918,R0024,5.14,41.41,105.17,8/27/2023,1,-0.344212472,-0.698329346,0,Sunday,August,0,0,1,0,0,0,0,0,0,0,0,0,0,1,4.665041583,1.814824742,6.435060217,0,Meera Kumar,41,Other,Chennai,7/10/2019,140,16,3.49,2,4,Low,7.7425,119.4725,2619,Zone_9,11037,1.83,56.1,Mixed
T01919,R0100,1.66,11.24,25.28,1/6/2024,0,-1.278591813,-1.480388458,0,Saturday,January,0,1,0,0,0,0,0,0,0,1,0,0,0,0,3.268808194,0.978326123,3.352610923,0,Ishaan Gupta,28,Male,Delhi,5/24/2021,383,60,3.79,1,12,High,8.454166667,138.1241667,1935,Zone_5,2590,1.31,43.9,Business
T01920,R0174,6.45,43.18,135.11,1/3/2023,1,0.005960484,-0.403933531,0,Tuesday,January,0,1,0,0,0,0,0,1,0,0,0,0,0,0,4.913463382,2.008214032,6.571149062,0,Aadhya Patel,32,Male,Kolkata,2/7/2019,320,7,3.8,1,7,Medium,8.877142857,131.6842857,2772,Zone_3,12971,2.11,38,Business
T01921,R0149,12.46,71.95,127.51,8/15/2023,0,-0.082927775,0.946691544,0,Tuesday,August,1,0,0,0,0,0,0,0,0,0,0,0,1,0,4.856006722,2.599722324,8.482334584,0,Diya Reddy,30,Male,Jaipur,9/14/2019,89,8,4.57,1,7,Medium,6.06,94.44571429,2553,Zone_8,4516,1.93,31,Business
T01922,R0008,0.41,3.5,8.81,3/25/2024,1,-1.471222026,-1.761300495,0,Monday,March,0,1,0,0,0,0,0,1,0,0,0,0,0,0,2.283402274,0.343589704,1.870828693,0,Ishaan Ghosh,28,Female,Jaipur,10/1/2022,215,23,4.02,0,8,Medium,6.03125,111.65875,1440,Zone_3,12971,2.11,38,Business
T01923,R0204,5.2,46.01,119.73,9/2/2023,1,-0.173921282,-0.684845568,0,Saturday,September,1,0,0,0,0,0,0,0,0,0,0,0,1,0,4.793556647,1.824549292,6.783067153,0,Aarav Kumar,37,Female,Hyderabad,1/1/2019,438,5,3.73,0,7,Medium,9.687142857,128.7642857,2809,Zone_8,4516,1.93,31,Business
T01924,R0142,2.12,10.73,33.63,2/25/2023,0,-1.180931687,-1.377012828,0,Saturday,February,0,1,0,0,0,0,1,0,0,0,0,0,0,0,3.544720358,1.137833002,3.275667871,0,Meera Nair,33,Female,Kolkata,3/4/2021,78,5,3.48,0,4,Low,6.78,104.875,2016,Zone_2,6371,0.91,58.4,Residential
T01925,R0039,3.9,35.93,89.93,4/3/2023,1,-0.522456823,-0.976994087,0,Monday,April,1,0,0,0,0,0,0,0,0,0,0,0,0,1,4.51008998,1.589235205,5.994163828,0,Aadhya Iyer,24,Male,Chennai,11/18/2023,190,14,4.2,1,7,Medium,4.837142857,72.58,1027,Zone_9,11037,1.83,56.1,Mixed
T01926,R0155,7.26,70.43,80.96,4/19/2024,0,-0.62736836,-0.221902531,0,Friday,April,0,0,1,0,0,0,0,0,1,0,0,0,0,0,4.406231323,2.111424588,8.392258337,0,Meera Reddy,23,Male,Hyderabad,2/10/2019,353,8,3.14,1,8,Medium,7.61375,116.46375,2769,Zone_4,4038,2.46,48.2,Business
T01927,R0150,13.11,67.82,119.86,2/26/2023,0,-0.172400825,1.092765803,0,Sunday,February,1,0,0,0,0,1,0,0,0,0,0,0,0,0,4.794632851,2.646883766,8.235289916,0,Ishaan Gupta,33,Male,Pune,2/27/2022,215,16,4.95,1,7,Medium,7.922857143,107.6914286,1656,Zone_10,2440,1.54,35.4,Industrial
T01928,R0073,10.28,63.91,169.9,9/3/2023,0,0.412858184,0.456780951,0,Sunday,September,1,0,0,0,0,0,0,0,0,0,0,0,0,1,5.14107859,2.423031246,7.994373021,0,Meera Das,41,Other,Ahmedabad,6/19/2021,490,30,3.01,2,9,Medium,8.734444444,141.7444444,1909,Zone_9,11037,1.83,56.1,Mixed
T01929,R0191,2.08,18.48,46.88,5/8/2023,1,-1.025962025,-1.386002013,0,Monday,May,0,1,0,0,0,0,1,0,0,0,0,0,0,0,3.868697881,1.124929597,4.298837052,0,Meera Gupta,33,Other,Surat,8/14/2020,87,6,4.56,2,11,High,7.560909091,120.5927273,2218,Zone_2,6371,0.91,58.4,Residential
T01930,R0229,8.47,65.57,122.37,1/29/2023,0,-0.143044308,0.050020321,0,Sunday,January,0,0,0,1,0,0,0,0,0,0,0,0,0,1,4.81518797,2.248128907,8.097530488,0,Reyansh Ghosh,22,Female,Mumbai,11/23/2020,146,16,4.43,0,5,Low,7.736,137.7,2117,Zone_9,11037,1.83,56.1,Mixed
T01931,R0150,6.33,58.62,124.24,2/4/2024,0,-0.121173118,-0.430901087,0,Sunday,February,0,0,0,1,0,0,0,0,1,0,0,0,0,0,4.830231896,1.991975516,7.656369897,0,Ishaan Gupta,33,Male,Pune,2/27/2022,215,16,4.95,1,7,Medium,7.922857143,107.6914286,1656,Zone_4,4038,2.46,48.2,Business
T01932,R0161,7.94,64.43,66.52,10/5/2023,0,-0.796256051,-0.069086383,0,Thursday,October,0,0,1,0,0,0,0,1,0,0,0,0,0,0,4.21242385,2.190535589,8.026830009,0,Aarav Nair,32,Other,Surat,3/27/2019,332,50,4.91,2,6,Medium,5.536666667,94.59333333,2724,Zone_3,12971,2.11,38,Business
T01933,R0115,7,38.11,139.47,6/17/2023,0,0.056954275,-0.280332235,0,Saturday,June,0,0,0,1,0,0,0,0,1,0,0,0,0,0,4.944993943,2.079441542,6.173329734,0,Aarav Ghosh,40,Female,Bengaluru,3/1/2020,170,15,4.4,0,11,High,7.589090909,129.6336364,2384,Zone_4,4038,2.46,48.2,Business
T01934,R0038,9.57,71.28,137.04,1/13/2023,0,0.028533423,0.297222914,0,Friday,January,0,0,0,1,0,0,0,0,0,0,0,1,0,0,4.927543498,2.3580198,8.442748368,0,Aarav Singh,37,Other,Kolkata,2/11/2023,68,7,4.07,2,5,Low,5.946,90.766,1307,Zone_7,11070,0.64,45.2,Industrial
T01935,R0047,8.91,71.28,113.61,4/2/2023,0,-0.245499722,0.148901358,0,Sunday,April,0,1,0,0,0,0,0,0,0,0,0,0,1,0,4.741535061,2.293544348,8.442748368,0,Reyansh Iyer,51,Female,Bengaluru,10/7/2021,69,3,4.86,0,7,Medium,8.89,163.5528571,1799,Zone_8,4516,1.93,31,Business
T01936,R0052,12.33,118.66,304.64,3/5/2024,1,1.988753445,0.917476692,0,Tuesday,March,0,1,0,0,0,0,0,1,0,0,0,0,0,0,5.722407939,2.590017134,10.89311709,0,Reyansh Singh,23,Other,Hyderabad,3/9/2021,40,7,4.74,2,3,Low,10.19666667,171.5533333,2011,Zone_3,12971,2.11,38,Business
T01937,R0090,8.58,76.68,134.5,3/9/2023,0,-0.001173968,0.07474058,0,Thursday,March,0,1,0,0,0,0,0,1,0,0,0,0,0,0,4.90897164,2.259677592,8.756711712,0,Kavya Iyer,33,Female,Mumbai,1/31/2021,152,25,4.51,0,10,Medium,10.813,191.988,2048,Zone_3,12971,2.11,38,Business
T01938,R0199,16.45,130.32,299.2,8/27/2023,0,1.925128165,1.843362766,0,Sunday,August,0,0,1,0,0,0,0,1,0,0,0,0,0,0,5.704448919,2.859339649,11.41577855,0,Aarav Das,29,Male,Ahmedabad,8/3/2021,344,27,3.91,1,10,Medium,8.515,160.05,1864,Zone_3,12971,2.11,38,Business
T01939,R0151,10.6,97.65,252.59,2/12/2023,1,1.379985831,0.528694432,0,Sunday,February,0,1,0,0,0,0,0,0,0,0,1,0,0,0,5.53571879,2.451005098,9.881801455,0,Meera Reddy,34,Male,Hyderabad,2/25/2023,394,56,5,1,7,Medium,8.987142857,159.1428571,1293,Zone_6,14627,0.54,37.6,Mixed
T01940,R0010,15.39,120.45,216.84,7/5/2024,0,0.96186014,1.605149359,0,Friday,July,0,0,0,1,0,0,0,0,0,1,0,0,0,0,5.383760848,2.796671393,10.97497153,0,Vivaan Gupta,25,Female,Surat,5/14/2023,173,1,3.38,0,9,Medium,9.472222222,133.8344444,1215,Zone_5,2590,1.31,43.9,Business
T01941,R0275,11.6,67.31,103.43,2/2/2024,0,-0.364563205,0.753424062,0,Friday,February,0,1,0,0,0,0,0,0,0,1,0,0,0,0,4.64851699,2.533696814,8.204267182,0,Ishaan Das,21,Other,Jaipur,10/4/2022,247,17,3.07,2,4,Low,8.4625,81.5175,1437,Zone_5,2590,1.31,43.9,Business
T01942,R0125,4.64,31.15,86.57,2/25/2023,0,-0.56175479,-0.810694161,0,Saturday,February,0,0,0,1,0,0,0,0,0,0,1,0,0,0,4.472438474,1.729884066,5.581218505,0,Saanvi Ghosh,44,Male,Ahmedabad,4/22/2023,99,19,3.89,1,6,Medium,9.295,186.1266667,1237,Zone_6,14627,0.54,37.6,Mixed
T01943,R0092,14.21,79.37,268.8,4/26/2023,0,1.56957513,1.339968396,0,Wednesday,April,0,1,0,0,0,0,0,0,0,0,1,0,0,0,5.597680944,2.721953106,8.908984229,0,Aarav Nair,21,Male,Surat,7/18/2019,252,23,4.51,1,5,Low,11.438,172.134,2611,Zone_6,14627,0.54,37.6,Mixed
T01944,R0097,13.92,79.12,184.97,2/9/2024,0,0.589114245,1.274796803,0,Friday,February,1,0,0,0,0,0,0,0,0,1,0,0,0,0,5.22558537,2.702702595,8.894942383,0,Aarav Iyer,23,Other,Bengaluru,1/25/2021,478,5,3.28,2,8,Medium,8.67875,139.6375,2054,Zone_5,2590,1.31,43.9,Business
T01945,R0263,6.36,40.84,81.07,5/27/2023,0,-0.626081819,-0.424159198,0,Saturday,May,0,1,0,0,0,0,0,0,0,0,0,1,0,0,4.407572542,1.996059933,6.390618123,0,Ishaan Das,31,Other,Chennai,12/30/2020,297,21,3.84,2,12,High,8.718333333,128.9725,2080,Zone_7,11070,0.64,45.2,Industrial
T01946,R0143,5.26,46.28,121.99,6/27/2023,1,-0.147488721,-0.67136179,0,Tuesday,June,0,0,1,0,0,0,0,0,0,1,0,0,0,0,4.812103051,1.834180185,6.802940541,0,Meera Kumar,42,Other,Kolkata,3/28/2023,74,13,4.56,2,8,Medium,6.13875,107.915,1262,Zone_5,2590,1.31,43.9,Business
T01947,R0222,15.21,120.95,334.62,4/6/2023,1,2.339394234,1.564698025,0,Thursday,April,0,0,0,1,1,0,0,0,0,0,0,0,0,0,5.815979568,2.785628336,10.99772704,0,Aarav Singh,27,Male,Surat,8/28/2022,475,12,3.44,1,8,Medium,9.88125,165.70375,1474,Zone_1,4921,2.43,30.9,Residential
T01948,R0193,13.27,81.64,263.99,3/8/2024,0,1.513318219,1.128722544,0,Friday,March,0,1,0,0,0,0,0,0,0,1,0,0,0,0,5.579692089,2.658159431,9.035485598,0,Kavya Singh,33,Female,Chennai,1/3/2022,389,68,4.41,0,7,Medium,8.012857143,143.6628571,1711,Zone_5,2590,1.31,43.9,Business
T01949,R0283,0.7,5.54,9.75,8/21/2023,0,-1.460227952,-1.696128902,0,Monday,August,0,1,0,0,1,0,0,0,0,0,0,0,0,0,2.374905755,0.530628251,2.353720459,0,Diya Nair,19,Male,Surat,6/15/2023,245,45,3.55,1,7,Medium,7.995714286,144.7471429,1183,Zone_1,4921,2.43,30.9,Residential
T01950,R0006,12.29,87.75,162.03,6/3/2023,0,0.320812053,0.908487507,0,Saturday,June,0,0,1,0,0,0,0,0,0,1,0,0,0,0,5.093934233,2.587011873,9.367496998,0,Aarav Das,45,Female,Jaipur,6/30/2023,248,13,4.64,0,7,Medium,9.034285714,156.49,1168,Zone_5,2590,1.31,43.9,Business
T01951,R0231,16.64,111.73,174.75,1/29/2024,0,0.469582928,1.886061396,0,Monday,January,0,0,1,0,0,0,0,0,1,0,0,0,0,0,5.169062531,2.870169051,10.57024125,0,Ishaan Nair,19,Other,Mumbai,8/26/2019,328,22,4.81,2,7,Medium,8.47,104.5042857,2572,Zone_4,4038,2.46,48.2,Business
T01952,R0176,11.03,65.2,222.95,2/14/2024,1,1.033321622,0.625328173,0,Wednesday,February,0,0,1,0,0,1,0,0,0,0,0,0,0,0,5.411422813,2.48740353,8.074651695,0,Kavya Gupta,43,Male,Mumbai,5/24/2019,260,13,3.95,1,6,Medium,15.17666667,273.0116667,2666,Zone_10,2440,1.54,35.4,Industrial
T01953,R0089,0.62,3.34,14.91,8/9/2024,1,-1.399877503,-1.714107272,0,Friday,August,0,0,0,1,0,0,0,0,0,0,0,0,1,0,2.766947842,0.482426149,1.827566688,0,Saanvi Reddy,48,Other,Surat,9/21/2022,308,6,3.91,2,9,Medium,9.981111111,157.2833333,1450,Zone_8,4516,1.93,31,Business
T01954,R0121,4.08,38.15,53.68,2/18/2024,0,-0.946430425,-0.936542754,0,Sunday,February,1,0,0,0,0,0,0,0,0,1,0,0,0,0,4.001498012,1.625311262,6.176568627,0,Diya Iyer,29,Male,Pune,7/13/2023,378,10,4.17,1,11,High,7.996363636,133.1254545,1155,Zone_5,2590,1.31,43.9,Business
T01955,R0108,10,67.87,243.58,8/30/2023,1,1.274606461,0.393856654,0,Wednesday,August,0,1,0,0,0,0,0,0,0,1,0,0,0,0,5.499542454,2.397895273,8.238325072,0,Reyansh Gupta,18,Male,Pune,5/31/2019,184,32,4.88,1,7,Medium,6.228571429,124.9842857,2659,Zone_5,2590,1.31,43.9,Business
T01956,R0278,6.92,61.26,142.95,4/28/2023,1,0.09765574,-0.298310605,0,Friday,April,0,0,0,1,1,0,0,0,0,0,0,0,0,0,4.969466017,2.069391206,7.826876772,0,Aarav Reddy,20,Female,Mumbai,9/2/2021,382,58,4.27,0,9,Medium,10.83888889,234.5955556,1834,Zone_1,4921,2.43,30.9,Residential
T01957,R0162,14.39,75.49,328.45,9/6/2023,1,2.267231003,1.380419729,0,Wednesday,September,0,1,0,0,0,0,0,1,0,0,0,0,0,0,5.797424597,2.733717948,8.688498144,0,Meera Patel,30,Male,Hyderabad,8/14/2023,394,38,4.28,1,6,Medium,8.855,156.15,1123,Zone_3,12971,2.11,38,Business
T01958,R0299,11.66,90.92,161.08,6/9/2024,0,0.309701021,0.76690784,0,Sunday,June,0,1,0,0,1,0,0,0,0,0,0,0,0,0,5.088090041,2.538447417,9.535197953,0,Ishaan Gupta,33,Other,Kolkata,9/4/2020,457,0,3.92,2,4,Low,7.4725,115.3,2197,Zone_1,4921,2.43,30.9,Residential
T01959,R0046,17.82,152.87,177.66,12/11/2023,0,0.503617775,2.151242359,0,Monday,December,0,1,0,0,1,0,0,0,0,0,0,0,0,0,5.185484558,2.934920134,12.36406082,0,Vivaan Singh,31,Female,Kolkata,8/16/2019,31,4,3.87,0,8,Medium,10.0025,162.0525,2582,Zone_1,4921,2.43,30.9,Residential
T01960,R0089,13.1,67.66,261.49,11/29/2023,0,1.48407866,1.090518507,0,Wednesday,November,0,0,1,0,0,1,0,0,0,0,0,0,0,0,5.570212986,2.646174797,8.225569889,0,Saanvi Reddy,48,Other,Surat,9/21/2022,308,6,3.91,2,9,Medium,9.981111111,157.2833333,1450,Zone_10,2440,1.54,35.4,Industrial
T01961,R0247,10.76,57.77,199.28,6/30/2024,0,0.756481479,0.564651173,0,Sunday,June,0,0,1,0,0,0,0,0,0,0,0,1,0,0,5.299716387,2.464703942,7.600657866,0,Aadhya Das,37,Male,Bengaluru,5/11/2021,249,47,4.92,1,13,High,10.26769231,182.1107692,1948,Zone_7,11070,0.64,45.2,Industrial
T01962,R0003,6.43,43.36,99.99,2/28/2024,0,-0.404796838,-0.408428124,0,Wednesday,February,0,1,0,0,1,0,0,0,0,0,0,0,0,0,4.615021502,2.005525859,6.584831053,0,Kavya Reddy,34,Male,Pune,5/4/2023,45,9,3.76,1,10,Medium,6.768,97.171,1225,Zone_1,4921,2.43,30.9,Residential
T01963,R0145,15.02,110.98,299.04,12/17/2023,0,1.923256834,1.521999396,0,Sunday,December,0,0,0,1,0,0,0,0,0,0,0,0,1,0,5.703915799,2.773837942,10.53470455,0,Saanvi Nair,36,Female,Jaipur,12/9/2022,222,43,4.3,0,4,Low,11.585,163.665,1371,Zone_8,4516,1.93,31,Business
T01964,R0267,8.03,49.21,99.36,11/1/2023,0,-0.412165207,-0.048860716,0,Wednesday,November,1,0,0,0,0,0,0,0,0,0,0,1,0,0,4.608763721,2.200552367,7.014983963,0,Arjun Iyer,37,Other,Jaipur,1/1/2021,131,11,4.5,2,5,Low,9.438,136.338,2078,Zone_7,11070,0.64,45.2,Industrial
T01965,R0143,2.87,28.01,60.09,2/21/2023,1,-0.871460196,-1.208465606,0,Tuesday,February,0,0,0,1,0,0,0,0,1,0,0,0,0,0,4.112348187,1.353254507,5.292447449,0,Meera Kumar,42,Other,Kolkata,3/28/2023,74,13,4.56,2,8,Medium,6.13875,107.915,1262,Zone_4,4038,2.46,48.2,Business
T01966,R0289,8.24,56.3,84.56,6/11/2024,0,-0.585263395,-0.001667494,0,Tuesday,June,0,0,1,0,0,1,0,0,0,0,0,0,0,0,4.449217884,2.223541886,7.503332593,0,Aarav Gupta,21,Other,Chennai,9/30/2021,322,14,4.17,2,8,Medium,8.26625,154.31,1806,Zone_10,2440,1.54,35.4,Industrial
T01967,R0252,7.54,45.25,185.92,5/19/2024,1,0.600225277,-0.158978235,0,Sunday,May,0,1,0,0,0,0,0,0,0,1,0,0,0,0,5.230680718,2.144761008,6.726812024,0,Reyansh Gupta,38,Other,Ahmedabad,9/23/2020,392,47,4.83,2,16,High,6.275625,105.128125,2178,Zone_5,2590,1.31,43.9,Business
T01968,R0010,3.03,20.69,54.25,12/5/2023,0,-0.939763806,-1.172508865,0,Tuesday,December,0,0,0,1,0,0,0,1,0,0,0,0,0,0,4.01186834,1.393766376,4.548626166,0,Vivaan Gupta,25,Female,Surat,5/14/2023,173,1,3.38,0,9,Medium,9.472222222,133.8344444,1215,Zone_3,12971,2.11,38,Business
T01969,R0120,12.14,99.43,144.13,6/8/2023,0,0.111456812,0.874778062,0,Thursday,June,0,0,1,0,0,0,0,0,0,1,0,0,0,0,4.977629892,2.575661013,9.971459271,0,Ishaan Gupta,18,Other,Surat,7/12/2020,311,15,4.55,2,8,Medium,8.525,126.74375,2251,Zone_5,2590,1.31,43.9,Business
T01970,R0088,7.3,62.48,70.07,12/7/2023,0,-0.754735878,-0.212913346,0,Thursday,December,0,1,0,0,0,0,0,0,0,0,0,0,0,1,4.263665307,2.116255515,7.904429138,0,Diya Iyer,22,Other,Jaipur,7/7/2019,438,0,4.78,2,8,Medium,7.78125,111.72,2622,Zone_9,11037,1.83,56.1,Mixed
T01971,R0159,9.98,88.08,145.33,8/18/2024,0,0.1254918,0.389362062,0,Sunday,August,0,0,0,1,0,0,0,0,0,0,0,0,0,1,4.985864345,2.396075436,9.385094565,0,Ishaan Singh,43,Female,Bengaluru,5/21/2020,79,2,4.9,0,4,Low,5.9925,106.2225,2303,Zone_9,11037,1.83,56.1,Mixed
T01972,R0196,4.1,22.45,84.2,1/22/2024,1,-0.589473891,-0.932048161,0,Monday,January,0,0,0,1,0,0,0,0,0,0,0,0,0,1,4.445001434,1.62924054,4.738143096,0,Vivaan Das,18,Male,Hyderabad,6/24/2019,51,9,4.93,1,12,High,7.995833333,135.2858333,2635,Zone_9,11037,1.83,56.1,Mixed
T01973,R0232,7.18,40.61,109.85,12/24/2023,0,-0.289476018,-0.239880901,0,Sunday,December,1,0,0,0,0,0,1,0,0,0,0,0,0,0,4.708177936,2.101692151,6.372597587,0,Meera Das,38,Male,Jaipur,12/8/2022,172,15,3.94,1,13,High,7.169230769,114.68,1372,Zone_2,6371,0.91,58.4,Residential
T01974,R0175,11.87,73.18,277.33,8/15/2023,1,1.669340505,0.814101062,0,Tuesday,August,0,1,0,0,0,0,0,0,0,0,0,0,0,1,5.62880746,2.554899022,8.554530963,0,Diya Patel,35,Male,Chennai,8/18/2022,98,8,3.48,1,8,Medium,8.7825,158.37875,1484,Zone_9,11037,1.83,56.1,Mixed
T01975,R0194,6.77,45.5,78.64,7/25/2024,0,-0.65450267,-0.33202005,0,Thursday,July,0,0,1,0,0,0,0,0,0,0,1,0,0,0,4.377516479,2.050270164,6.745368782,0,Arjun Iyer,30,Other,Jaipur,2/10/2023,10,2,4.06,2,6,Medium,7.268333333,114.0916667,1308,Zone_6,14627,0.54,37.6,Mixed
T01976,R0044,6.17,36.21,70.6,12/14/2023,0,-0.748537091,-0.466857827,0,Thursday,December,0,0,0,1,0,1,0,0,0,0,0,0,0,0,4.271095074,1.969905655,6.017474553,0,Arjun Gupta,36,Female,Hyderabad,8/1/2020,271,5,3.21,0,10,Medium,10.226,166.052,2231,Zone_10,2440,1.54,35.4,Industrial
T01977,R0140,18.92,158,379.63,2/22/2023,1,3.584180732,2.398444952,0,Wednesday,February,0,0,1,0,1,0,0,0,0,0,0,0,0,0,5.941827775,2.991724252,12.56980509,0,Aadhya Nair,29,Female,Delhi,4/17/2020,499,45,4.92,0,5,Low,6.962,123.622,2337,Zone_1,4921,2.43,30.9,Residential
T01978,R0240,9.58,95.55,112.44,7/23/2023,0,-0.259183835,0.29947021,0,Sunday,July,0,0,0,1,0,0,0,0,1,0,0,0,0,0,4.731274063,2.358965426,9.774968031,0,Aarav Iyer,30,Male,Delhi,5/18/2020,174,2,4.07,1,8,Medium,11.515,152.68375,2306,Zone_4,4038,2.46,48.2,Business
T01979,R0050,11.67,100.11,203.43,2/16/2023,0,0.805019147,0.769155136,0,Thursday,February,1,0,0,0,0,0,0,0,0,0,0,1,0,0,5.320225619,2.539236994,10.00549849,0,Diya Das,49,Male,Ahmedabad,10/6/2022,330,41,3.42,1,7,Medium,8.585714286,130.83,1435,Zone_7,11070,0.64,45.2,Industrial
T01980,R0284,11.73,107.22,152.86,1/19/2023,0,0.213561352,0.782638914,0,Thursday,January,0,0,1,0,0,0,0,1,0,0,0,0,0,0,5.036043098,2.543961413,10.35470907,0,Vivaan Das,28,Female,Surat,7/31/2019,135,19,4.95,0,7,Medium,8.701428571,140.9042857,2598,Zone_3,12971,2.11,38,Business
T01981,R0112,8.48,61.81,144.94,4/16/2024,0,0.120930429,0.052267617,0,Tuesday,April,1,0,0,0,0,0,0,0,1,0,0,0,0,0,4.983195578,2.249184316,7.861933604,0,Meera Nair,41,Female,Delhi,11/13/2020,311,11,3.24,0,10,Medium,8.953,115.027,2127,Zone_4,4038,2.46,48.2,Business
T01982,R0009,10.64,61.97,206.85,8/26/2023,0,0.845018863,0.537683618,0,Saturday,August,0,0,1,0,0,0,0,1,0,0,0,0,0,0,5.336816666,2.454447442,7.872102642,0,Diya Patel,42,Female,Ahmedabad,12/15/2019,172,21,4.11,0,7,Medium,9.268571429,130.9128571,2461,Zone_3,12971,2.11,38,Business
T01983,R0243,3.13,18.37,32.73,7/1/2024,0,-1.191457928,-1.150035902,0,Monday,July,0,0,1,0,0,0,0,0,0,0,1,0,0,0,3.518387649,1.418277407,4.286023798,0,Ishaan Patel,33,Male,Jaipur,2/6/2023,315,11,3.7,1,7,Medium,7.901428571,135.5042857,1312,Zone_6,14627,0.54,37.6,Mixed
T01984,R0144,15.24,115.44,279.82,5/15/2023,0,1.698463106,1.571439914,0,Monday,May,1,0,0,0,0,0,0,0,0,1,0,0,0,0,5.637713895,2.787477335,10.74430081,0,Ishaan Kumar,34,Other,Pune,1/31/2021,194,10,3.52,2,9,Medium,9.385555556,172.4944444,2048,Zone_5,2590,1.31,43.9,Business
T01985,R0143,14.23,100.08,209.8,4/20/2024,0,0.879521543,1.344462988,0,Saturday,April,0,1,0,0,0,0,1,0,0,0,0,0,0,0,5.350909817,2.723267167,10.0039992,0,Meera Kumar,42,Other,Kolkata,3/28/2023,74,13,4.56,2,8,Medium,6.13875,107.915,1262,Zone_2,6371,0.91,58.4,Residential
T01986,R0045,8.95,82.11,148.94,3/9/2023,0,0.167713723,0.157890543,0,Thursday,March,1,0,0,0,0,0,0,0,0,0,0,0,0,1,5.010235214,2.297572551,9.061456837,0,Saanvi Iyer,34,Other,Ahmedabad,7/12/2023,100,16,4.88,2,9,Medium,9.725555556,169.9833333,1156,Zone_9,11037,1.83,56.1,Mixed
T01987,R0077,8.03,55.77,179.77,9/8/2023,1,0.528295962,-0.048860716,0,Friday,September,0,0,1,0,0,0,0,0,0,1,0,0,0,0,5.197225505,2.200552367,7.46793144,0,Reyansh Das,28,Male,Mumbai,9/7/2019,406,72,3.79,1,14,High,10.49,167.4157143,2560,Zone_5,2590,1.31,43.9,Business
T01988,R0104,1.8,15.68,28.61,2/28/2024,0,-1.239644721,-1.448926309,0,Wednesday,February,1,0,0,0,0,0,0,0,0,0,0,0,0,1,3.388112142,1.029619417,3.959797975,0,Diya Gupta,52,Male,Kolkata,5/27/2021,328,1,3.7,1,9,Medium,5.187777778,85.04333333,1932,Zone_9,11037,1.83,56.1,Mixed
T01989,R0185,13.15,122.2,234.93,2/17/2023,0,1.173437588,1.101754988,0,Friday,February,0,1,0,0,0,0,0,0,0,0,0,0,1,0,5.463535151,2.649714624,11.05441088,0,Vivaan Sharma,27,Male,Delhi,8/27/2021,201,12,4.05,1,7,Medium,6.247142857,106.2971429,1840,Zone_8,4516,1.93,31,Business
T01990,R0153,6.72,34.64,110.33,4/2/2023,0,-0.283862023,-0.343256531,0,Sunday,April,0,0,1,0,0,0,0,0,0,1,0,0,0,0,4.712498764,2.043814364,5.885575588,0,Aadhya Ghosh,20,Male,Mumbai,5/4/2020,76,14,4.54,1,5,Low,5.768,92.19,2320,Zone_5,2590,1.31,43.9,Business
T01991,R0051,11.05,99.75,93.8,2/26/2024,0,-0.477193986,0.629822766,0,Monday,February,0,1,0,0,0,0,0,1,0,0,0,0,0,0,4.551769409,2.48906466,9.987492178,0,Aarav Nair,21,Male,Kolkata,4/5/2020,213,14,4.02,1,10,Medium,5.918,110.102,2349,Zone_3,12971,2.11,38,Business
T01992,R0100,0.8,5.49,16.39,4/5/2023,1,-1.382567684,-1.673655939,0,Wednesday,April,0,0,1,0,0,0,0,0,0,0,0,0,1,0,2.855895328,0.587786665,2.343074903,0,Ishaan Gupta,28,Male,Delhi,5/24/2021,383,60,3.79,1,12,High,8.454166667,138.1241667,1935,Zone_8,4516,1.93,31,Business
T01993,R0294,11.16,77.36,108.82,9/6/2023,0,-0.301522716,0.654543025,0,Wednesday,September,0,1,0,0,0,0,0,0,1,0,0,0,0,0,4.698842662,2.498151877,8.795453371,0,Arjun Reddy,24,Male,Surat,4/2/2021,41,7,3.2,1,7,Medium,8.097142857,119.3428571,1987,Zone_4,4038,2.46,48.2,Business
T01994,R0260,7.12,41.21,74.41,12/11/2023,0,-0.703976004,-0.253364679,0,Monday,December,0,0,0,1,0,1,0,0,0,0,0,0,0,0,4.322939892,2.094330154,6.419501538,0,Reyansh Das,55,Other,Mumbai,7/17/2019,63,3,4.24,2,6,Medium,6.298333333,114.8766667,2612,Zone_10,2440,1.54,35.4,Industrial
T01995,R0207,8.06,49.34,164.43,2/13/2023,1,0.34888203,-0.042118827,0,Monday,February,0,0,1,0,0,0,0,0,0,0,0,1,0,0,5.108548145,2.20386912,7.024243732,0,Ishaan Iyer,31,Male,Mumbai,12/6/2023,47,3,3.93,1,8,Medium,7.93375,153.9325,1009,Zone_7,11070,0.64,45.2,Industrial
T01996,R0171,0.91,6.44,22.12,3/20/2023,1,-1.315550615,-1.64893568,0,Monday,March,0,0,1,0,0,0,0,0,0,0,1,0,0,0,3.140698044,0.647103242,2.537715508,0,Kavya Singh,23,Female,Jaipur,5/13/2019,276,19,4.3,0,4,Low,3.03,35.78,2677,Zone_6,14627,0.54,37.6,Mixed
T01997,R0287,11.4,103.03,193.75,6/25/2024,0,0.691803575,0.708478136,0,Tuesday,June,1,0,0,0,0,0,0,0,0,1,0,0,0,0,5.271716685,2.517696473,10.15036945,0,Saanvi Singh,18,Other,Delhi,12/17/2021,320,34,3.33,2,6,Medium,6.713333333,123.5566667,1728,Zone_5,2590,1.31,43.9,Business
T01998,R0254,4.94,39.32,58.45,3/23/2024,0,-0.890641347,-0.743275272,0,Saturday,March,1,0,0,0,0,0,0,0,0,0,0,0,0,1,4.085135623,1.781709133,6.270566163,0,Meera Kumar,18,Male,Delhi,3/9/2020,363,70,3.68,1,7,Medium,11.76714286,173.5142857,2376,Zone_9,11037,1.83,56.1,Mixed
T01999,R0267,7.76,51.43,74.92,10/29/2023,0,-0.698011134,-0.109537716,0,Sunday,October,0,0,1,0,0,0,1,0,0,0,0,0,0,0,4.329680154,2.170195905,7.171471258,0,Arjun Iyer,37,Other,Jaipur,1/1/2021,131,11,4.5,2,5,Low,9.438,136.338,2078,Zone_2,6371,0.91,58.4,Residential
T02000,R0202,12.02,114.45,149.05,2/3/2024,0,0.169000264,0.847810507,0,Saturday,February,1,0,0,0,0,1,0,0,0,0,0,0,0,0,5.010968572,2.566486637,10.69813068,0,Aadhya Reddy,27,Male,Ahmedabad,10/28/2021,317,0,4.72,1,8,Medium,9.2125,113.6425,1778,Zone_10,2440,1.54,35.4,Industrial
