customer_id,age,gender,region,education_level,employment_type,annual_income,loan_amount,loan_purpose,credit_score,repayment_history,transaction_count,spending_ratio,join_date,default_flag
CUST00001,54,Male,South,Graduate,Salaried,886382.09,338184.2,Business,775.9,12,248,28.74,2023-09-09,0
CUST00002,32,Male,East,Graduate,Self-Employed,2538050.29,274380.78,Business,484.9,7,439,62.15,2020-11-11,1
CUST00003,25,Female,East,Graduate,Self-Employed,2550668.63,1631792.71,Education,316.0,5,63,6.8,2019-02-21,1
CUST00004,45,Male,South,Graduate,Self-Employed,1286415.4,213936.12,Car,799.2,17,393,5.06,2023-08-08,0
CUST00005,51,Male,South,Graduate,Self-Employed,997939.39,78230.4,Car,513.5,5,370,34.34,2018-09-13,1
CUST00006,21,Female,West,Secondary,Unemployed,2513005.12,1073122.35,Home,537.4,18,188,72.42,2022-08-09,1
CUST00007,37,Female,South,Secondary,Salaried,2930101.45,391214.45,Other,442.9,7,195,117.03,2019-05-12,1
CUST00008,39,Female,South,Graduate,Unemployed,900977.53,312730.11,Education,513.5,7,435,69.99,2024-04-13,1
CUST00009,30,Female,East,Post-Graduate,Salaried,2073146.83,573137.86,Car,728.3,11,452,99.04,2022-01-18,0
CUST00010,66,Other,West,Graduate,Unemployed,2383435.02,960430.11,Business,321.7,1,312,32.36,2023-01-29,1
CUST00011,44,Female,East,Primary,Salaried,2749714.68,1595181.26,Home,455.9,1,431,91.28,2021-05-31,1
CUST00012,63,Female,West,Secondary,Self-Employed,2058155.99,441582.78,Education,732.4,4,9,99.81,2023-12-28,1
CUST00013,36,Male,North,Secondary,Unemployed,1312014.05,1196736.64,Business,464.0,21,462,42.0,2024-10-06,1
CUST00014,55,Other,East,Secondary,Salaried,565304.96,1610364.56,Business,589.6,22,92,57.61,2019-03-16,0
CUST00015,58,Other,West,Post-Graduate,Unemployed,1707857.99,426694.75,Home,842.6,17,420,43.74,2021-12-01,0
CUST00016,30,Other,East,Post-Graduate,Self-Employed,945266.5,1323141.84,Education,338.4,14,475,69.15,2021-07-14,1
CUST00017,22,Male,East,Graduate,Salaried,1246960.27,1742447.24,Car,474.0,1,444,62.12,2024-12-11,1
CUST00018,23,Other,West,Graduate,Salaried,717738.18,675129.19,Other,684.5,14,385,26.97,2025-05-04,0
CUST00019,53,Other,West,Post-Graduate,Unemployed,2872566.58,335543.56,Car,556.1,1,407,70.6,2022-09-24,1
CUST00020,30,Female,West,Primary,Salaried,1988568.62,1581493.16,Home,312.5,4,435,10.62,2026-03-15,1
CUST00021,18,Male,North,Secondary,Self-Employed,2436448.58,1004552.06,Home,740.2,8,211,47.43,2021-12-07,0
CUST00022,70,Other,North,Graduate,Salaried,298183.67,1270376.97,Education,307.8,1,74,109.0,2023-10-08,1
CUST00023,29,Male,West,Secondary,Unemployed,1660931.72,66565.03,Car,631.0,11,276,64.83,2024-07-19,0
CUST00024,61,Female,West,Graduate,Salaried,754127.69,848867.89,Car,323.2,17,315,40.13,2021-05-12,1
CUST00025,56,Other,South,Secondary,Self-Employed,1634885.67,1465572.23,Car,739.7,9,332,74.03,2020-10-24,0
CUST00026,57,Female,North,Secondary,Unemployed,2327032.77,1597848.48,Car,418.7,12,20,74.66,2022-12-30,1
CUST00027,50,Female,South,Primary,Salaried,869502.07,1521736.08,Business,439.7,0,285,30.25,2022-06-23,1
CUST00028,30,Female,North,Post-Graduate,Salaried,1016325.01,1745925.36,Car,732.1,21,181,96.23,2018-09-11,0
CUST00029,42,Other,West,Post-Graduate,Unemployed,640788.08,1803157.11,Other,709.6,18,18,76.53,2020-08-30,0
CUST00030,18,Other,North,Post-Graduate,Unemployed,329580.26,1631826.65,Education,628.2,11,293,114.28,2026-03-07,0
CUST00031,60,Female,East,Post-Graduate,Self-Employed,862435.55,625497.25,Other,314.6,7,177,99.29,2022-05-25,1
CUST00032,63,Male,North,Post-Graduate,Self-Employed,1497316.54,428551.98,Car,424.2,1,483,96.28,2020-06-01,1
CUST00033,65,Female,West,Secondary,Salaried,1082249.57,910235.46,Other,835.3,17,259,40.78,2026-01-18,0
CUST00034,48,Female,East,Graduate,Self-Employed,1625316.16,1807946.05,Car,790.6,16,254,29.17,2023-04-23,0
CUST00035,33,Other,East,Primary,Unemployed,1374710.81,338274.06,Car,524.7,4,353,97.09,2025-07-16,1
CUST00036,24,Other,West,Post-Graduate,Unemployed,2476515.97,1317694.85,Education,407.4,19,461,99.98,2021-05-19,1
CUST00037,39,Female,North,Secondary,Unemployed,2354806.17,506321.99,Other,800.9,11,477,64.0,2023-06-15,0
CUST00038,34,Female,South,Primary,Salaried,2439786.05,1981027.48,Home,611.7,13,471,113.58,2021-04-27,0
CUST00039,27,Male,South,Secondary,Salaried,2305163.88,473902.69,Education,513.8,11,237,70.25,2022-02-26,1
CUST00040,26,Female,East,Post-Graduate,Unemployed,380270.61,1415705.19,Car,306.9,19,32,76.67,2019-11-24,1
CUST00041,63,Female,North,Secondary,Self-Employed,1400791.44,1709089.87,Home,759.0,0,78,111.39,2021-10-03,1
CUST00042,45,Other,East,Secondary,Self-Employed,617823.44,1006874.36,Education,811.0,24,351,56.44,2021-06-28,0
CUST00043,67,Other,North,Secondary,Unemployed,230005.57,1184331.14,Car,461.9,16,392,114.5,2025-10-12,1
CUST00044,21,Male,West,Secondary,Self-Employed,2451484.72,242856.03,Business,834.0,16,189,16.53,2019-11-06,0
CUST00045,62,Female,South,Primary,Unemployed,2111944.46,1940628.34,Car,598.9,22,407,79.96,2025-11-15,0
CUST00046,47,Other,South,Secondary,Self-Employed,417020.71,1045391.44,Other,602.2,23,96,63.6,2023-08-20,0
CUST00047,67,Other,East,Graduate,Salaried,1593251.06,1341640.25,Business,684.7,24,451,65.95,2020-03-03,0
CUST00048,51,Other,South,Primary,Self-Employed,2941721.39,1025340.86,Other,764.7,21,419,30.87,2025-04-07,0
CUST00049,55,Male,East,Post-Graduate,Self-Employed,299725.05,1348527.92,Business,318.6,13,16,35.22,2022-04-04,1
CUST00050,58,Other,East,Post-Graduate,Salaried,2727406.71,1887380.47,Home,410.5,22,257,109.01,2018-01-12,1
CUST00051,40,Female,North,Primary,Unemployed,2631442.96,1942458.86,Home,813.5,12,229,40.04,2019-12-10,0
CUST00052,30,Other,South,Primary,Unemployed,1628912.83,655178.44,Business,776.9,21,250,113.06,2019-01-20,0
CUST00053,64,Other,North,Secondary,Salaried,2313674.93,1109971.14,Home,527.6,11,491,91.14,2020-10-12,1
CUST00054,41,Other,East,Post-Graduate,Salaried,540374.38,618139.02,Business,701.9,13,277,35.57,2020-01-16,0
CUST00055,37,Female,North,Secondary,Unemployed,474906.46,841723.97,Home,310.7,7,19,104.1,2023-08-20,1
CUST00056,42,Other,East,Primary,Salaried,226896.79,826343.12,Business,819.1,9,195,115.12,2026-01-01,0
CUST00057,24,Female,East,Graduate,Salaried,868575.74,20315.21,Car,334.0,3,409,23.97,2022-12-22,1
CUST00058,34,Female,South,Post-Graduate,Unemployed,890576.4,1360335.49,Other,772.8,21,59,60.22,2021-12-21,0
CUST00059,20,Other,South,Graduate,Salaried,2277567.68,1046918.48,Car,766.3,20,306,21.37,2022-03-15,0
CUST00060,27,Male,West,Post-Graduate,Salaried,271499.17,139908.4,Home,386.1,9,89,40.91,2018-10-01,1
CUST00061,51,Male,South,Secondary,Salaried,1309862.18,1637392.59,Home,539.3,5,236,32.34,2021-09-18,1
CUST00062,48,Female,South,Post-Graduate,Self-Employed,2789092.61,1338235.66,Home,753.7,16,327,71.64,2024-04-15,0
CUST00063,42,Male,East,Post-Graduate,Salaried,2852808.77,607328.18,Business,526.8,7,110,8.31,2022-10-03,1
CUST00064,59,Other,North,Primary,Self-Employed,2805533.62,1091449.91,Home,737.2,5,73,68.49,2023-03-28,1
CUST00065,25,Male,East,Primary,Unemployed,2779389.3,514846.61,Business,528.2,4,282,7.78,2025-10-21,1
CUST00066,60,Female,North,Secondary,Salaried,1956196.15,1665664.72,Home,402.5,20,254,23.62,2023-12-13,1
CUST00067,32,Male,South,Primary,Self-Employed,1996005.3,1293414.77,Education,394.7,0,468,24.48,2020-06-11,1
CUST00068,22,Other,East,Graduate,Unemployed,1267224.14,1206150.16,Business,550.3,23,9,87.4,2023-03-06,0
CUST00069,40,Female,North,Post-Graduate,Self-Employed,935228.91,1001018.69,Other,345.8,6,149,48.22,2022-09-25,1
CUST00070,40,Female,North,Post-Graduate,Salaried,1467057.6,1947447.58,Other,404.7,9,338,83.04,2019-09-15,1
CUST00071,54,Other,West,Graduate,Self-Employed,2976500.21,423479.18,Education,707.2,17,478,72.99,2025-06-24,0
CUST00072,43,Male,West,Primary,Salaried,2050058.0,196878.79,Car,438.8,6,368,95.49,2025-04-23,1
CUST00073,67,Male,West,Primary,Salaried,1932388.83,760737.26,Education,783.7,5,146,119.65,2019-01-16,1
CUST00074,56,Other,East,Graduate,Unemployed,2430348.99,1077023.44,Education,564.6,2,260,12.33,2018-09-06,1
CUST00075,19,Female,East,Post-Graduate,Self-Employed,1592512.66,376818.72,Car,820.5,15,286,113.28,2018-09-16,0
CUST00076,48,Female,South,Post-Graduate,Salaried,729144.0,211653.69,Other,840.6,15,45,20.44,2019-10-26,0
CUST00077,44,Other,West,Primary,Salaried,2228835.6,898294.9,Business,697.4,22,417,76.26,2021-03-19,0
CUST00078,39,Other,North,Secondary,Salaried,1203612.78,256229.02,Education,640.7,20,11,34.99,2019-03-18,0
CUST00079,67,Male,East,Secondary,Self-Employed,189400.93,30463.26,Other,805.5,22,401,23.37,2019-03-07,0
CUST00080,19,Male,West,Secondary,Unemployed,226441.78,1036839.03,Education,768.9,24,285,44.09,2020-07-11,0
CUST00081,47,Male,East,Primary,Salaried,1134668.78,236831.01,Education,803.0,9,412,54.67,2024-08-04,0
CUST00082,25,Male,North,Secondary,Unemployed,2445266.96,334624.62,Other,692.3,16,375,61.97,2023-05-17,0
CUST00083,33,Male,East,Primary,Unemployed,2602939.29,1475879.25,Business,522.9,19,147,7.02,2020-03-12,1
CUST00084,31,Female,South,Post-Graduate,Self-Employed,2584934.1,925909.23,Business,619.0,14,394,76.32,2021-11-04,0
CUST00085,68,Female,West,Primary,Self-Employed,1672507.75,1941577.33,Car,790.5,8,189,105.57,2018-10-10,0
CUST00086,64,Male,West,Secondary,Self-Employed,1574120.09,1140515.37,Home,457.4,10,36,13.69,2021-01-04,1
CUST00087,52,Female,East,Post-Graduate,Self-Employed,1364222.13,987960.87,Other,777.1,13,321,41.88,2020-09-17,0
CUST00088,36,Male,North,Graduate,Unemployed,1360375.59,1001962.96,Business,515.6,22,48,90.79,2019-09-14,1
CUST00089,68,Male,North,Secondary,Self-Employed,823602.14,1473933.42,Education,679.7,18,241,14.66,2020-08-16,0
CUST00090,47,Other,East,Secondary,Self-Employed,239845.61,458248.74,Car,462.4,4,265,105.83,2018-05-07,1
CUST00091,58,Male,South,Primary,Self-Employed,1889064.12,28417.55,Other,377.9,11,1,118.34,2020-03-02,1
CUST00092,20,Other,East,Graduate,Salaried,1283508.06,136785.54,Education,329.1,18,124,13.41,2018-05-08,1
CUST00093,68,Female,East,Secondary,Unemployed,2794895.42,1577743.19,Business,586.3,0,281,85.82,2020-04-18,1
CUST00094,25,Other,East,Primary,Salaried,2286571.34,1998357.3,Car,774.8,16,152,76.09,2022-07-07,0
CUST00095,50,Female,West,Post-Graduate,Self-Employed,2113052.76,748871.82,Other,526.8,8,324,26.9,2025-10-07,1
CUST00096,61,Other,North,Primary,Unemployed,1914916.66,1812341.74,Car,374.7,7,67,92.96,2020-04-29,1
CUST00097,61,Male,East,Primary,Salaried,2032499.86,1030620.92,Car,556.2,23,112,11.6,2021-11-18,0
CUST00098,29,Other,East,Secondary,Unemployed,1320428.22,1351454.55,Education,620.7,20,173,85.07,2021-09-13,0
CUST00099,61,Female,North,Primary,Unemployed,517661.41,823399.87,Home,331.4,22,41,95.79,2024-05-09,1
CUST00100,39,Female,East,Primary,Salaried,2538206.38,1156591.76,Home,725.4,2,56,114.64,2020-03-19,1
CUST00101,38,Female,North,Graduate,Salaried,2450809.58,1954036.64,Education,738.0,8,131,94.75,2023-03-16,0
CUST00102,68,Other,North,Post-Graduate,Unemployed,566456.14,1997972.52,Home,317.4,21,347,88.17,2018-03-01,1
CUST00103,60,Other,West,Primary,Unemployed,309525.41,506695.88,Education,352.2,22,418,113.4,2021-11-28,1
CUST00104,39,Other,East,Graduate,Salaried,1052269.72,990294.58,Car,459.5,0,441,57.31,2020-08-25,1
CUST00105,38,Male,North,Primary,Unemployed,411827.06,792748.2,Car,594.1,12,245,62.73,2020-06-27,0
CUST00106,68,Male,East,Graduate,Salaried,1029733.83,825485.65,Other,693.9,17,411,68.62,2019-01-11,0
CUST00107,60,Female,South,Primary,Unemployed,2874524.76,966758.72,Other,353.3,18,29,113.66,2024-10-21,1
CUST00108,61,Female,North,Graduate,Self-Employed,1676807.14,1126637.68,Other,650.4,24,402,85.27,2021-12-03,0
CUST00109,25,Male,South,Post-Graduate,Self-Employed,362319.67,131372.9,Home,766.4,23,329,43.54,2021-11-16,0
CUST00110,57,Male,West,Primary,Self-Employed,588621.4,561133.74,Business,502.9,2,128,22.33,2020-08-25,1
CUST00111,41,Male,East,Graduate,Self-Employed,2551681.22,1590450.75,Education,705.4,23,421,117.64,2021-11-20,0
CUST00112,23,Female,South,Post-Graduate,Salaried,2077662.36,1703028.66,Home,832.9,23,19,102.46,2024-09-13,0
CUST00113,30,Male,North,Primary,Salaried,2539114.63,415976.79,Car,518.1,0,323,113.97,2025-05-08,1
CUST00114,44,Male,West,Post-Graduate,Salaried,2476000.71,988907.21,Business,454.7,7,276,71.23,2023-11-23,1
CUST00115,25,Male,East,Primary,Unemployed,1705144.62,1799281.3,Home,556.0,23,264,74.81,2022-01-02,0
CUST00116,60,Male,North,Secondary,Unemployed,2442124.26,773185.39,Home,711.0,0,214,56.81,2025-06-07,1
CUST00117,21,Other,South,Primary,Self-Employed,522398.91,1860722.39,Home,654.2,1,304,116.32,2018-04-20,1
CUST00118,19,Other,East,Primary,Self-Employed,948386.87,20846.74,Other,731.2,3,176,25.52,2021-11-16,1
CUST00119,23,Other,West,Secondary,Salaried,2750366.53,135422.35,Car,480.4,23,130,115.0,2023-07-20,1
CUST00120,33,Female,West,Secondary,Unemployed,560964.49,664489.47,Education,578.4,8,131,34.77,2025-02-05,0
CUST00121,45,Male,East,Secondary,Unemployed,708595.71,302842.71,Education,815.7,15,327,61.83,2024-02-29,0
CUST00122,64,Other,North,Post-Graduate,Unemployed,905878.91,1287057.54,Car,486.8,21,175,31.68,2020-04-07,1
CUST00123,24,Female,East,Secondary,Self-Employed,2754470.08,382419.33,Other,484.5,24,445,119.84,2026-01-23,1
CUST00124,58,Female,North,Post-Graduate,Salaried,2135257.43,696696.59,Other,309.4,19,486,119.56,2019-09-04,1
CUST00125,38,Male,West,Post-Graduate,Unemployed,297493.7,1624402.3,Other,483.5,18,156,41.7,2023-10-28,1
CUST00126,35,Male,South,Secondary,Unemployed,1243630.37,1533370.7,Business,482.4,1,6,80.64,2022-07-06,1
CUST00127,36,Other,North,Post-Graduate,Unemployed,879196.57,1510336.15,Car,795.0,5,188,72.56,2024-11-17,1
CUST00128,19,Male,South,Post-Graduate,Salaried,2942654.11,1164638.05,Other,621.1,6,210,113.93,2021-07-20,0
CUST00129,35,Female,West,Post-Graduate,Self-Employed,1538495.14,1778015.27,Business,547.5,10,397,37.17,2020-07-09,1
CUST00130,56,Other,North,Primary,Self-Employed,1817384.19,962942.34,Other,726.4,8,386,13.2,2019-01-31,0
CUST00131,30,Other,East,Graduate,Unemployed,784947.78,842351.34,Education,341.7,1,31,62.9,2020-10-16,1
CUST00132,49,Male,East,Post-Graduate,Self-Employed,2533908.73,453311.17,Home,356.2,16,107,19.93,2022-03-09,1
CUST00133,44,Female,West,Secondary,Unemployed,1219881.75,1794024.14,Home,309.7,5,453,58.81,2024-06-16,1
CUST00134,63,Other,West,Secondary,Salaried,2989054.67,134893.6,Business,317.2,6,392,53.72,2025-09-03,1
CUST00135,20,Other,East,Secondary,Self-Employed,758731.41,1822785.45,Other,319.2,5,138,61.26,2018-11-04,1
CUST00136,56,Other,East,Primary,Unemployed,2942492.03,1157229.2,Other,636.8,9,389,25.77,2019-08-14,0
CUST00137,68,Other,North,Post-Graduate,Unemployed,2386246.01,864070.05,Education,398.1,17,280,5.25,2020-06-03,1
CUST00138,54,Other,South,Secondary,Unemployed,1272546.79,91237.33,Education,357.3,19,184,89.74,2023-06-01,1
CUST00139,29,Female,South,Secondary,Self-Employed,2980138.38,1333887.95,Education,404.0,23,360,21.09,2022-01-18,1
CUST00140,60,Female,West,Graduate,Self-Employed,1205638.91,1192891.91,Other,507.4,21,200,34.53,2022-11-19,1
CUST00141,50,Other,North,Primary,Unemployed,2378860.77,1328811.2,Business,691.6,2,119,30.8,2020-10-16,1
CUST00142,57,Female,South,Graduate,Self-Employed,204990.06,1106565.02,Home,826.6,9,134,45.34,2020-06-01,0
CUST00143,47,Female,West,Secondary,Self-Employed,2303394.01,1085929.18,Education,566.9,18,257,91.17,2021-06-30,0
CUST00144,49,Male,North,Graduate,Unemployed,1099353.15,70661.55,Home,342.1,2,421,85.21,2022-01-29,1
CUST00145,25,Other,West,Secondary,Self-Employed,2449168.36,1311249.83,Business,443.6,23,364,106.12,2023-02-01,1
CUST00146,64,Male,South,Secondary,Salaried,2105216.08,1843056.77,Other,751.0,21,68,35.34,2021-11-08,0
CUST00147,65,Male,East,Secondary,Self-Employed,749124.88,1840225.42,Car,340.8,24,20,53.11,2021-03-25,1
CUST00148,29,Female,West,Secondary,Salaried,2523770.82,1826622.57,Education,668.2,7,10,94.21,2026-03-05,0
CUST00149,46,Other,West,Primary,Salaried,1326779.56,778995.0,Home,344.7,20,422,107.93,2023-04-05,1
CUST00150,20,Male,North,Secondary,Self-Employed,2423609.67,1368598.49,Car,750.9,11,271,114.94,2021-02-09,0
CUST00151,22,Male,East,Secondary,Self-Employed,2843964.16,1193787.2,Education,448.1,9,166,20.09,2022-09-19,1
CUST00152,63,Other,South,Post-Graduate,Salaried,2755199.01,430923.42,Other,362.8,6,292,117.84,2024-03-02,1
CUST00153,52,Female,South,Secondary,Self-Employed,2579051.85,1873087.52,Business,804.9,19,177,20.52,2018-03-25,0
CUST00154,19,Other,North,Primary,Unemployed,1922525.81,1764113.62,Business,502.3,2,34,48.19,2019-12-16,1
CUST00155,58,Female,South,Graduate,Self-Employed,1025941.11,544210.51,Other,461.5,21,462,63.64,2025-01-21,1
CUST00156,50,Female,West,Primary,Self-Employed,237569.74,1658762.52,Other,454.7,20,80,100.43,2021-04-02,1
CUST00157,67,Male,North,Secondary,Salaried,556486.6,1288622.29,Home,735.6,12,197,6.45,2021-01-11,0
CUST00158,42,Female,West,Graduate,Salaried,1284141.03,130946.77,Business,422.1,3,430,23.03,2018-03-18,1
CUST00159,57,Other,North,Graduate,Self-Employed,2513234.38,1495247.09,Home,386.4,6,312,37.77,2020-12-12,1
CUST00160,55,Male,North,Graduate,Self-Employed,1490199.13,138107.23,Other,502.9,0,269,14.22,2023-12-12,1
CUST00161,61,Male,South,Graduate,Salaried,297437.75,1101366.97,Business,677.7,0,410,45.91,2024-02-13,1
CUST00162,46,Male,North,Secondary,Self-Employed,1926803.0,273967.86,Car,844.5,11,259,113.42,2025-11-21,0
CUST00163,18,Male,North,Primary,Unemployed,2763472.14,61744.85,Other,687.9,0,203,100.15,2019-01-01,1
CUST00164,46,Other,North,Graduate,Self-Employed,1920527.92,1652118.01,Car,556.0,1,468,114.42,2025-10-09,1
CUST00165,67,Other,East,Secondary,Unemployed,2109602.23,1731578.88,Business,752.6,13,78,80.54,2024-11-03,0
CUST00166,28,Female,East,Graduate,Salaried,2439143.95,1401362.49,Business,406.6,16,451,7.53,2020-12-12,1
CUST00167,24,Female,West,Graduate,Self-Employed,1133807.96,1902549.0,Business,644.8,9,174,43.31,2025-09-16,0
CUST00168,20,Female,North,Post-Graduate,Self-Employed,1364686.22,1352515.43,Car,532.9,17,486,69.45,2021-11-10,1
CUST00169,45,Male,South,Secondary,Salaried,463246.47,1266055.45,Education,382.4,8,159,12.69,2023-01-23,1
CUST00170,33,Female,South,Graduate,Self-Employed,2323654.05,1600702.3,Business,667.3,6,325,13.68,2022-05-01,0
CUST00171,51,Other,South,Graduate,Self-Employed,2753800.41,81315.29,Education,704.0,16,284,33.75,2022-10-23,0
CUST00172,29,Female,East,Secondary,Salaried,2139770.49,279163.65,Other,648.3,5,500,75.3,2022-11-18,1
CUST00173,50,Other,South,Secondary,Unemployed,1921799.12,1190244.48,Home,540.6,6,106,25.88,2025-05-04,1
CUST00174,63,Other,South,Primary,Salaried,1891369.01,978197.58,Education,648.0,12,211,18.32,2023-12-29,0
CUST00175,62,Male,West,Graduate,Salaried,630825.69,1071598.92,Other,755.9,18,329,9.55,2018-02-26,0
CUST00176,19,Female,East,Primary,Unemployed,650814.36,1369947.5,Car,540.3,16,249,49.0,2026-03-17,1
CUST00177,42,Male,West,Primary,Unemployed,1514531.53,390887.9,Home,627.9,2,141,19.82,2019-03-01,1
CUST00178,62,Other,East,Primary,Unemployed,1141072.13,1891538.92,Home,638.9,24,367,101.66,2018-05-11,0
CUST00179,47,Other,East,Post-Graduate,Self-Employed,2111332.24,1920429.17,Car,504.1,11,401,94.99,2026-03-05,1
CUST00180,66,Male,West,Secondary,Self-Employed,2933442.8,1907232.26,Business,526.1,16,146,47.05,2025-10-24,1
CUST00181,63,Other,South,Post-Graduate,Unemployed,701969.72,1543427.15,Home,400.5,18,196,56.22,2021-04-24,1
CUST00182,40,Male,West,Graduate,Salaried,515179.76,1278654.38,Education,617.1,12,206,38.52,2025-01-08,0
CUST00183,24,Male,East,Secondary,Salaried,2138498.35,1101304.41,Education,733.8,0,205,21.85,2023-07-14,1
CUST00184,40,Female,North,Primary,Unemployed,780992.48,1754231.08,Home,532.9,10,133,40.31,2019-10-17,1
CUST00185,28,Female,North,Primary,Unemployed,2678445.49,1513443.33,Car,783.8,21,300,95.29,2025-02-25,0
CUST00186,63,Female,East,Secondary,Unemployed,2681791.81,485610.34,Other,656.6,10,338,103.01,2024-03-31,0
CUST00187,18,Other,North,Secondary,Unemployed,1758918.54,1333597.91,Car,391.7,22,324,44.44,2019-06-24,1
CUST00188,61,Female,South,Graduate,Self-Employed,1712634.54,860071.24,Other,508.5,10,322,73.06,2022-06-04,1
CUST00189,33,Female,West,Post-Graduate,Self-Employed,2554042.95,1933780.73,Car,476.5,1,56,35.57,2020-08-22,1
CUST00190,37,Other,North,Graduate,Unemployed,1065324.41,85545.92,Education,408.1,1,192,60.64,2025-09-12,1
CUST00191,69,Other,West,Secondary,Unemployed,2705031.7,432026.94,Other,713.9,17,162,63.3,2018-01-26,0
CUST00192,51,Female,West,Graduate,Salaried,2960073.02,183661.55,Other,565.9,15,297,57.73,2018-04-28,0
CUST00193,68,Female,East,Post-Graduate,Self-Employed,2562955.93,1880177.23,Business,807.1,2,309,96.75,2019-12-28,1
CUST00194,63,Other,North,Post-Graduate,Unemployed,556973.66,1136371.4,Other,684.1,23,173,11.69,2025-10-17,0
CUST00195,39,Other,East,Graduate,Self-Employed,263525.56,531726.89,Education,474.8,21,301,96.78,2018-10-30,1
CUST00196,32,Male,West,Post-Graduate,Unemployed,2904833.02,335024.58,Car,362.3,20,181,78.14,2025-11-05,1
CUST00197,30,Female,West,Primary,Unemployed,366373.76,796759.77,Other,655.4,22,280,86.28,2023-01-22,0
CUST00198,42,Female,West,Post-Graduate,Salaried,113973.4,1026329.14,Car,643.8,20,34,52.92,2019-01-03,0
CUST00199,66,Female,West,Primary,Salaried,1407758.12,798349.89,Home,688.2,16,194,52.76,2026-01-17,0
CUST00200,18,Female,East,Post-Graduate,Self-Employed,966904.25,1240771.47,Other,509.2,16,338,16.4,2024-03-14,1
CUST00201,42,Other,South,Secondary,Self-Employed,663966.18,508480.58,Education,504.5,17,154,90.39,2025-07-26,1
CUST00202,48,Male,East,Primary,Salaried,1428416.68,977259.39,Car,847.3,9,495,12.72,2021-04-19,0
CUST00203,25,Other,South,Primary,Salaried,1256163.43,796759.4,Car,475.4,2,405,12.7,2018-08-12,1
CUST00204,46,Male,South,Graduate,Unemployed,1839205.4,1870988.76,Home,708.5,6,108,73.9,2020-05-03,0
CUST00205,56,Male,West,Secondary,Unemployed,2058031.23,864012.93,Car,577.7,9,124,25.02,2025-09-01,0
CUST00206,43,Male,East,Primary,Unemployed,1779858.41,1014215.99,Home,313.3,15,107,48.1,2024-07-23,1
CUST00207,25,Female,North,Secondary,Salaried,2073827.98,1035091.86,Home,833.7,14,120,77.82,2020-04-05,0
CUST00208,60,Female,East,Primary,Unemployed,1070856.42,835822.06,Other,493.6,7,72,58.15,2024-12-07,1
CUST00209,30,Other,South,Graduate,Self-Employed,2063439.47,1887963.98,Business,717.7,20,130,67.87,2025-11-04,0
CUST00210,19,Female,South,Primary,Self-Employed,1582250.36,934871.93,Car,618.6,7,106,89.59,2021-05-15,0
CUST00211,27,Female,East,Primary,Unemployed,706767.66,1436030.72,Education,489.2,5,482,16.12,2025-07-21,1
CUST00212,51,Male,East,Primary,Self-Employed,2847131.73,715634.1,Other,659.9,17,268,31.21,2020-03-29,0
CUST00213,21,Female,South,Primary,Salaried,390506.61,1136995.36,Business,374.0,14,283,102.55,2021-08-16,1
CUST00214,56,Female,West,Primary,Self-Employed,386143.63,1902166.73,Car,698.0,6,499,109.54,2019-09-23,0
CUST00215,59,Female,South,Post-Graduate,Salaried,2901201.95,1525045.97,Home,684.3,1,225,87.81,2025-08-04,1
CUST00216,36,Female,West,Graduate,Self-Employed,1874189.61,1947930.79,Business,842.6,15,424,105.04,2020-06-12,0
CUST00217,27,Female,North,Secondary,Unemployed,764031.91,1935639.85,Car,827.5,2,279,106.93,2024-06-27,1
CUST00218,43,Other,West,Secondary,Salaried,756911.92,22014.19,Car,720.0,15,170,97.74,2026-01-13,0
CUST00219,39,Female,South,Post-Graduate,Self-Employed,1859254.58,360582.57,Education,699.2,24,226,39.34,2026-01-09,0
CUST00220,69,Other,West,Primary,Self-Employed,912117.87,1515798.49,Other,755.5,5,239,34.94,2018-09-12,1
CUST00221,54,Other,South,Secondary,Salaried,1466109.06,1603264.39,Other,655.0,6,364,74.26,2020-03-10,0
CUST00222,24,Other,North,Graduate,Unemployed,2488079.97,1348710.43,Education,772.7,5,473,99.26,2018-06-03,1
CUST00223,61,Female,East,Secondary,Self-Employed,1665473.92,1099541.27,Car,646.9,15,111,31.92,2025-04-05,0
CUST00224,42,Female,South,Post-Graduate,Salaried,1818779.54,55114.6,Car,777.9,12,129,82.42,2022-12-22,0
CUST00225,22,Other,West,Graduate,Unemployed,2239705.79,1241239.39,Business,752.2,17,395,103.71,2023-12-27,0
CUST00226,30,Other,North,Post-Graduate,Self-Employed,2561412.44,1879243.12,Other,465.7,21,358,20.99,2023-06-11,1
CUST00227,49,Female,South,Primary,Unemployed,568940.83,838776.66,Home,774.2,3,480,79.47,2024-09-27,1
CUST00228,59,Other,South,Primary,Self-Employed,1563118.51,646629.77,Business,644.2,22,475,13.43,2023-10-25,0
CUST00229,70,Other,South,Post-Graduate,Self-Employed,919828.95,1429914.79,Other,805.5,7,216,44.23,2022-09-25,0
CUST00230,65,Other,South,Post-Graduate,Unemployed,314478.24,1507552.0,Other,437.4,16,380,19.89,2022-05-27,1
CUST00231,35,Female,South,Graduate,Unemployed,1702911.83,591495.97,Car,797.8,14,145,114.34,2020-09-08,0
CUST00232,27,Male,South,Secondary,Unemployed,264835.05,30480.33,Car,841.8,4,484,63.11,2018-03-11,1
CUST00233,18,Other,North,Post-Graduate,Unemployed,1934939.03,1184980.98,Home,670.2,15,473,49.98,2025-12-29,0
CUST00234,52,Male,North,Primary,Salaried,1066949.42,1223643.13,Other,420.8,3,84,38.53,2024-09-09,1
CUST00235,56,Female,North,Primary,Self-Employed,112975.05,723876.15,Other,822.8,14,423,99.55,2021-09-03,0
CUST00236,30,Other,West,Primary,Self-Employed,2703023.81,1102585.45,Car,690.3,11,394,37.47,2020-04-12,0
CUST00237,20,Male,South,Graduate,Salaried,1219299.03,448373.94,Home,500.2,13,327,9.75,2021-04-26,1
CUST00238,37,Female,North,Primary,Unemployed,1664725.77,369400.12,Home,562.7,2,31,40.43,2020-08-14,1
CUST00239,69,Other,East,Primary,Salaried,2148546.88,482530.44,Education,456.1,5,152,8.97,2022-06-23,1
CUST00240,19,Female,North,Secondary,Self-Employed,698927.43,1611878.29,Business,576.0,24,268,51.71,2022-07-25,0
CUST00241,52,Other,North,Post-Graduate,Self-Employed,1405605.52,1386619.8,Education,773.2,23,365,84.03,2018-03-08,0
CUST00242,42,Female,West,Post-Graduate,Unemployed,1327078.24,230625.12,Home,805.3,24,347,75.5,2026-02-21,0
CUST00243,54,Female,East,Primary,Unemployed,1476443.36,1605022.63,Education,572.3,12,449,66.22,2023-09-26,0
CUST00244,30,Male,South,Secondary,Self-Employed,1255330.86,849270.75,Business,720.8,19,415,90.39,2025-03-16,0
CUST00245,61,Other,West,Secondary,Salaried,2604739.18,422638.89,Car,489.4,17,197,117.15,2019-10-17,1
CUST00246,39,Other,North,Post-Graduate,Salaried,2595108.3,1383357.64,Education,472.7,13,57,94.39,2023-06-30,1
CUST00247,26,Male,East,Graduate,Salaried,2562682.69,1968641.95,Business,404.0,19,310,44.18,2018-01-27,1
CUST00248,65,Male,South,Post-Graduate,Salaried,1158136.74,1812926.65,Business,383.6,2,183,116.62,2024-08-17,1
CUST00249,58,Female,North,Secondary,Unemployed,200907.76,1863081.74,Car,352.5,17,210,43.57,2025-10-11,1
CUST00250,35,Male,West,Primary,Salaried,2034325.41,54886.5,Car,400.6,7,64,70.78,2021-08-18,1
CUST00251,69,Male,West,Secondary,Unemployed,857383.41,1957697.07,Other,750.3,14,497,117.11,2022-01-19,0
CUST00252,37,Male,East,Post-Graduate,Unemployed,2051151.37,1073250.22,Business,659.8,7,199,23.51,2022-11-24,0
CUST00253,40,Female,East,Secondary,Self-Employed,1441059.4,1890129.09,Car,773.4,7,489,68.06,2021-04-26,0
CUST00254,60,Other,North,Post-Graduate,Self-Employed,1323556.29,369042.93,Business,793.5,6,224,22.32,2019-02-21,0
CUST00255,55,Female,West,Secondary,Unemployed,1510673.85,1717776.84,Car,555.7,20,64,9.72,2023-08-14,0
CUST00256,29,Male,North,Post-Graduate,Salaried,1440861.9,475833.04,Business,360.7,13,439,61.13,2026-01-06,1
CUST00257,55,Other,North,Post-Graduate,Salaried,277864.57,1102352.11,Car,353.5,6,328,82.49,2024-02-07,1
CUST00258,32,Other,East,Secondary,Self-Employed,2234341.25,1085370.0,Other,475.4,9,45,16.83,2021-07-08,1
CUST00259,58,Other,West,Primary,Salaried,2046348.64,1400042.38,Business,552.1,18,349,91.33,2018-05-18,0
CUST00260,41,Female,South,Secondary,Unemployed,555017.84,717027.54,Other,512.9,12,176,96.64,2025-01-20,1
CUST00261,29,Other,South,Graduate,Unemployed,1765011.99,1894329.87,Home,658.0,10,115,113.54,2024-04-05,0
CUST00262,45,Male,South,Secondary,Self-Employed,2155572.56,170647.12,Car,415.0,18,193,99.11,2025-11-09,1
CUST00263,30,Other,South,Secondary,Unemployed,2586469.14,294232.04,Car,585.2,9,206,31.9,2023-01-24,0
CUST00264,48,Male,East,Primary,Salaried,2312069.84,1588437.36,Car,572.3,18,316,67.76,2020-02-06,0
CUST00265,25,Other,East,Post-Graduate,Unemployed,1246909.32,1505554.26,Business,376.5,3,287,104.33,2019-11-04,1
CUST00266,23,Other,West,Post-Graduate,Salaried,1435684.36,330893.93,Education,733.8,16,210,50.87,2021-12-23,0
CUST00267,58,Female,North,Graduate,Salaried,1751463.31,222836.78,Home,660.6,18,262,102.54,2021-09-15,0
CUST00268,29,Male,West,Secondary,Self-Employed,2314369.15,1712981.67,Car,372.4,5,407,92.31,2024-07-25,1
CUST00269,28,Other,North,Primary,Self-Employed,2196678.76,1407428.67,Business,512.0,15,127,102.25,2021-08-21,1
CUST00270,36,Male,East,Graduate,Self-Employed,2891426.8,329212.28,Car,619.0,22,492,97.13,2023-01-17,0
CUST00271,41,Male,South,Graduate,Unemployed,1429227.74,1688447.82,Business,682.1,11,108,14.14,2020-07-01,0
CUST00272,20,Other,West,Graduate,Salaried,1540739.42,425643.92,Business,837.2,9,401,96.57,2025-03-28,0
CUST00273,59,Female,South,Graduate,Salaried,2516146.66,1355021.35,Home,362.8,1,482,113.54,2025-10-13,1
CUST00274,18,Female,North,Secondary,Unemployed,2250810.15,1030315.52,Education,820.9,7,144,105.66,2020-08-02,0
CUST00275,49,Female,North,Post-Graduate,Salaried,2536563.9,1513717.71,Car,723.8,12,250,115.34,2022-04-13,0
CUST00276,68,Male,East,Secondary,Unemployed,1190928.88,1712567.12,Home,468.2,15,255,87.5,2021-10-03,1
CUST00277,41,Other,West,Post-Graduate,Salaried,2666275.97,801539.33,Other,443.7,17,257,100.91,2020-05-02,1
CUST00278,43,Female,South,Post-Graduate,Unemployed,2104581.46,129691.27,Car,538.8,5,84,6.16,2018-07-03,1
CUST00279,45,Other,East,Graduate,Unemployed,2631189.09,590853.34,Home,544.4,20,416,43.66,2018-04-09,1
CUST00280,28,Other,East,Secondary,Unemployed,2715497.54,1972009.2,Business,395.4,18,48,92.12,2023-01-20,1
CUST00281,65,Female,East,Secondary,Self-Employed,2846477.14,637774.53,Business,314.9,20,24,117.18,2019-10-09,1
CUST00282,54,Male,North,Graduate,Salaried,2856450.84,379192.8,Other,382.6,9,463,113.46,2024-04-09,1
CUST00283,36,Male,North,Graduate,Self-Employed,230374.79,944271.04,Business,446.2,15,457,78.5,2018-04-10,1
CUST00284,61,Other,East,Graduate,Self-Employed,189319.59,611649.31,Car,718.1,11,442,21.5,2025-05-11,0
CUST00285,19,Female,South,Primary,Unemployed,2104427.96,1808155.52,Education,542.4,9,301,117.43,2025-08-19,1
CUST00286,24,Other,North,Secondary,Salaried,337386.94,625572.34,Other,501.9,9,424,36.32,2024-09-28,1
CUST00287,30,Male,West,Post-Graduate,Unemployed,635721.08,440877.01,Other,674.8,24,90,5.14,2023-11-25,0
CUST00288,68,Male,South,Primary,Unemployed,599022.87,1201083.0,Other,637.4,5,89,70.33,2022-04-02,1
CUST00289,69,Other,North,Primary,Self-Employed,1794921.63,678581.95,Other,374.0,13,98,32.64,2018-06-10,1
CUST00290,69,Other,East,Secondary,Unemployed,2815424.77,1669373.66,Education,390.3,22,400,28.98,2021-11-06,1
CUST00291,26,Other,East,Graduate,Self-Employed,2571163.85,1550032.58,Home,504.5,19,83,11.49,2022-09-30,1
CUST00292,68,Other,North,Post-Graduate,Self-Employed,365267.51,796951.17,Education,775.6,14,211,78.0,2021-04-29,0
CUST00293,41,Male,North,Secondary,Self-Employed,495398.02,596413.5,Home,593.6,8,421,70.85,2022-06-12,0
CUST00294,22,Female,North,Graduate,Salaried,2431109.3,84916.12,Other,684.0,20,249,20.09,2021-11-09,0
CUST00295,22,Other,East,Post-Graduate,Self-Employed,2885100.73,400177.08,Business,347.7,20,174,111.38,2023-02-03,1
CUST00296,25,Male,North,Primary,Unemployed,2522400.06,1063005.85,Other,658.5,21,273,104.36,2021-07-29,0
CUST00297,66,Female,South,Secondary,Self-Employed,1299395.44,815327.48,Other,354.8,8,201,119.98,2023-10-26,1
CUST00298,58,Male,East,Primary,Self-Employed,206174.62,1989791.96,Home,526.4,22,235,64.99,2020-11-23,1
CUST00299,39,Other,North,Graduate,Unemployed,1272173.57,1875530.6,Education,469.2,5,274,48.72,2023-07-14,1
CUST00300,44,Male,North,Primary,Salaried,1821053.26,1884066.45,Other,439.8,3,302,65.25,2023-04-06,1
CUST00301,58,Other,East,Secondary,Self-Employed,747968.39,1440406.47,Home,339.9,11,469,31.2,2021-09-29,1
CUST00302,25,Other,South,Secondary,Self-Employed,2621624.53,25646.85,Home,569.1,6,231,73.25,2022-09-30,0
CUST00303,25,Male,North,Graduate,Self-Employed,1337370.73,715132.03,Education,463.2,19,241,26.05,2020-12-15,1
CUST00304,37,Male,South,Secondary,Unemployed,1717678.28,314811.73,Education,760.7,23,372,80.31,2021-12-25,0
CUST00305,25,Other,South,Graduate,Self-Employed,1769709.21,1908726.37,Home,684.3,3,465,21.07,2023-08-13,1
CUST00306,19,Male,East,Post-Graduate,Unemployed,2128037.37,1944888.21,Home,718.3,8,354,106.58,2018-07-27,0
CUST00307,66,Male,West,Primary,Self-Employed,2025036.03,761119.84,Education,310.8,12,422,16.34,2024-12-06,1
CUST00308,40,Female,West,Primary,Unemployed,2290432.18,455638.31,Education,379.7,8,43,114.45,2022-06-30,1
CUST00309,32,Other,South,Primary,Salaried,1374324.21,1044128.71,Car,799.1,10,111,78.29,2026-02-24,0
CUST00310,60,Male,North,Post-Graduate,Unemployed,2652428.25,456182.05,Other,586.8,2,278,41.81,2020-06-17,1
CUST00311,61,Other,North,Post-Graduate,Self-Employed,294960.41,271466.96,Other,626.5,0,6,71.66,2024-04-10,1
CUST00312,46,Female,West,Primary,Unemployed,2148378.93,1090252.54,Home,499.5,7,360,115.31,2024-03-02,1
CUST00313,64,Other,West,Primary,Self-Employed,2742684.1,271831.51,Education,761.5,10,250,90.65,2022-12-23,0
CUST00314,28,Other,North,Post-Graduate,Self-Employed,197986.37,779474.47,Other,360.8,8,499,5.73,2019-05-16,1
CUST00315,56,Female,North,Secondary,Self-Employed,1006829.25,1372514.36,Education,484.3,9,94,94.13,2022-10-23,1
CUST00316,45,Male,West,Post-Graduate,Salaried,1461689.71,1920275.81,Education,797.3,4,93,73.98,2020-07-23,1
CUST00317,48,Other,East,Secondary,Salaried,1873810.39,843320.04,Other,419.0,20,251,86.99,2022-07-23,1
CUST00318,57,Other,South,Secondary,Self-Employed,2479069.2,1038872.99,Other,346.6,21,357,44.36,2020-08-28,1
CUST00319,52,Male,West,Primary,Self-Employed,1281235.01,270094.28,Education,333.1,11,46,109.36,2020-11-11,1
CUST00320,38,Male,North,Post-Graduate,Unemployed,854260.93,1081977.75,Car,370.3,8,48,7.27,2023-06-11,1
CUST00321,28,Male,East,Secondary,Self-Employed,1875946.89,441065.8,Other,446.6,4,238,48.96,2026-02-24,1
CUST00322,28,Other,South,Secondary,Self-Employed,1597578.68,452020.55,Other,779.4,17,324,55.79,2022-07-22,0
CUST00323,55,Other,West,Graduate,Self-Employed,2852940.05,639550.42,Car,623.7,12,177,60.2,2024-01-17,0
CUST00324,64,Female,East,Primary,Self-Employed,2335195.8,214455.92,Home,663.2,2,376,20.92,2025-01-23,1
CUST00325,24,Female,North,Secondary,Self-Employed,1011261.72,913717.15,Other,768.4,2,480,31.87,2022-08-02,1
CUST00326,54,Female,East,Primary,Self-Employed,2110304.92,1110758.21,Business,652.8,22,495,54.94,2021-01-02,0
CUST00327,25,Other,North,Graduate,Unemployed,162345.28,1073761.22,Other,441.4,1,396,11.31,2025-07-17,1
CUST00328,50,Other,South,Primary,Salaried,825487.68,1681002.67,Business,767.4,12,294,48.13,2024-07-29,0
CUST00329,32,Female,West,Post-Graduate,Unemployed,1769525.84,1276181.11,Other,664.2,4,257,62.69,2019-03-17,1
CUST00330,26,Other,North,Graduate,Self-Employed,969501.23,520372.68,Business,800.1,8,326,116.25,2020-12-16,0
CUST00331,33,Female,North,Secondary,Unemployed,1638320.09,1654946.88,Car,792.8,22,249,112.76,2021-05-28,0
CUST00332,62,Female,South,Graduate,Unemployed,290749.49,1853058.23,Education,333.5,9,401,13.17,2020-10-12,1
CUST00333,18,Male,North,Primary,Unemployed,2061008.36,586709.08,Other,533.8,3,467,56.99,2022-01-17,1
CUST00334,30,Other,South,Primary,Unemployed,2645806.12,607789.29,Home,790.0,19,111,37.97,2024-06-10,0
CUST00335,52,Male,South,Post-Graduate,Self-Employed,1130195.38,1992293.36,Other,681.1,4,409,118.33,2018-07-24,1
CUST00336,47,Female,West,Primary,Unemployed,1744981.04,1418075.0,Business,382.1,24,430,99.59,2023-12-16,1
CUST00337,29,Male,South,Primary,Salaried,506531.8,1196208.76,Home,472.8,22,81,50.34,2020-06-12,1
CUST00338,60,Female,West,Primary,Unemployed,1827896.13,168611.82,Car,826.2,2,210,39.12,2025-06-25,1
CUST00339,26,Male,West,Graduate,Self-Employed,400591.44,198922.54,Education,543.4,23,395,6.92,2023-08-05,1
CUST00340,67,Male,East,Secondary,Unemployed,916255.39,376965.01,Business,311.6,12,408,117.66,2023-11-29,1
CUST00341,29,Female,West,Secondary,Self-Employed,2928248.17,1387792.45,Car,551.9,12,371,19.72,2018-06-23,0
CUST00342,39,Female,South,Graduate,Unemployed,517895.29,890252.96,Education,760.3,0,329,36.16,2024-11-05,1
CUST00343,54,Other,West,Graduate,Self-Employed,2423913.86,617659.53,Business,310.7,4,29,90.49,2021-04-22,1
CUST00344,26,Other,North,Secondary,Unemployed,1711425.02,1415899.03,Car,514.5,0,473,114.01,2021-08-13,1
CUST00345,51,Other,East,Secondary,Unemployed,1078184.9,486195.4,Home,745.7,15,466,112.48,2021-09-18,0
CUST00346,54,Other,West,Graduate,Self-Employed,1087892.56,846201.47,Business,356.1,6,271,81.16,2025-04-06,1
CUST00347,56,Female,West,Post-Graduate,Unemployed,353756.48,574117.71,Business,597.4,12,384,44.53,2023-02-11,0
CUST00348,54,Other,North,Post-Graduate,Self-Employed,2184281.53,914706.8,Education,375.4,20,280,69.42,2022-04-21,1
CUST00349,30,Male,North,Secondary,Salaried,958270.41,1349784.79,Business,449.3,20,255,75.49,2025-09-02,1
CUST00350,51,Female,North,Post-Graduate,Unemployed,2125316.4,1245471.82,Other,689.6,10,473,65.24,2022-05-24,0
CUST00351,22,Other,North,Post-Graduate,Salaried,1165053.26,1126997.05,Business,762.2,0,137,89.26,2023-10-20,1
CUST00352,62,Other,East,Secondary,Self-Employed,1296075.32,1668157.11,Home,840.6,9,92,13.92,2019-03-26,0
CUST00353,57,Female,West,Graduate,Salaried,2317353.66,798023.85,Home,650.3,3,304,52.09,2022-11-25,1
CUST00354,47,Other,South,Primary,Self-Employed,1743795.5,117694.29,Business,753.8,19,78,47.01,2020-07-16,0
CUST00355,61,Other,West,Post-Graduate,Unemployed,1925011.31,780090.21,Other,654.7,14,246,119.42,2018-01-04,0
CUST00356,29,Other,East,Graduate,Salaried,994696.25,575129.99,Education,321.5,15,326,39.99,2020-10-23,1
CUST00357,60,Female,East,Post-Graduate,Self-Employed,2504155.03,235143.51,Home,405.7,10,418,34.03,2023-02-17,1
CUST00358,48,Male,South,Graduate,Unemployed,1745550.48,1958283.59,Home,824.5,0,52,33.73,2021-07-22,1
CUST00359,66,Other,West,Graduate,Salaried,2655686.67,81177.22,Car,454.6,14,121,68.26,2019-03-09,1
CUST00360,65,Male,East,Primary,Unemployed,1431066.31,187454.18,Education,505.8,24,74,47.02,2021-06-05,1
CUST00361,27,Female,West,Graduate,Salaried,2628514.21,1526145.67,Education,459.5,23,265,14.08,2021-05-29,1
CUST00362,28,Other,North,Graduate,Unemployed,250374.41,341221.93,Other,452.2,14,266,83.23,2022-09-22,1
CUST00363,18,Other,West,Graduate,Salaried,581420.99,1700870.88,Other,616.5,20,345,43.43,2026-03-07,0
CUST00364,46,Male,South,Primary,Self-Employed,1369754.16,1300940.92,Home,691.8,7,145,119.45,2026-03-18,0
CUST00365,44,Male,South,Primary,Salaried,1669505.22,1231060.23,Education,762.7,15,499,27.17,2018-01-08,0
CUST00366,30,Female,West,Secondary,Self-Employed,139168.88,1276659.69,Home,397.1,1,108,78.5,2019-06-12,1
CUST00367,64,Male,West,Graduate,Salaried,1550713.7,1223399.26,Business,411.1,3,189,35.75,2023-07-19,1
CUST00368,29,Male,North,Secondary,Salaried,2411932.33,346768.77,Education,484.6,12,287,41.11,2023-07-04,1
CUST00369,64,Male,North,Post-Graduate,Salaried,1752518.64,216241.5,Business,333.0,7,343,35.03,2019-12-02,1
CUST00370,61,Other,South,Graduate,Self-Employed,559118.69,1813439.49,Other,762.9,9,206,38.48,2019-04-13,0
CUST00371,39,Other,North,Secondary,Self-Employed,2169177.69,528411.43,Car,792.1,6,40,99.76,2024-10-18,0
CUST00372,67,Other,South,Post-Graduate,Unemployed,487153.25,872467.72,Home,430.5,0,48,68.48,2020-04-08,1
CUST00373,21,Female,East,Post-Graduate,Unemployed,628834.66,1253188.29,Car,849.6,22,17,48.81,2020-02-19,0
CUST00374,65,Female,East,Primary,Self-Employed,468118.14,295861.0,Education,733.6,19,223,7.09,2022-12-14,0
CUST00375,27,Male,West,Graduate,Salaried,1355973.6,275957.26,Other,795.7,8,80,57.74,2022-07-28,0
CUST00376,63,Female,West,Secondary,Self-Employed,2532108.14,541533.77,Other,777.7,24,321,105.83,2020-01-12,0
CUST00377,19,Other,North,Graduate,Unemployed,1695046.56,590837.03,Home,801.9,18,119,80.85,2025-10-26,0
CUST00378,69,Male,South,Graduate,Unemployed,2858441.18,1666636.96,Business,599.9,18,228,9.66,2018-02-24,0
CUST00379,50,Male,North,Post-Graduate,Salaried,175794.27,171358.67,Home,751.0,4,122,16.91,2021-10-07,1
CUST00380,68,Female,East,Primary,Unemployed,1682652.09,47873.29,Other,443.2,16,405,77.55,2018-05-14,1
CUST00381,60,Male,East,Primary,Self-Employed,720099.17,1314300.6,Home,418.1,10,253,11.91,2026-02-04,1
CUST00382,55,Male,North,Post-Graduate,Self-Employed,565315.8,1153004.98,Home,429.4,6,296,36.22,2018-08-02,1
CUST00383,54,Other,North,Graduate,Salaried,2950551.39,469246.43,Business,439.6,24,420,61.85,2020-03-30,1
CUST00384,56,Other,North,Graduate,Self-Employed,236152.2,1335501.85,Other,601.5,24,101,54.75,2022-12-04,0
CUST00385,35,Female,North,Primary,Unemployed,1904682.66,1933913.27,Other,365.4,19,77,48.06,2019-09-22,1
CUST00386,32,Female,South,Secondary,Self-Employed,2563572.95,798594.47,Home,588.3,15,15,25.12,2022-05-15,0
CUST00387,22,Other,East,Post-Graduate,Self-Employed,1695210.12,977015.55,Home,765.7,20,495,113.24,2019-10-18,0
CUST00388,69,Other,South,Primary,Self-Employed,297688.33,929741.3,Business,560.0,17,436,71.9,2020-09-17,0
CUST00389,28,Female,South,Post-Graduate,Salaried,1477516.0,569718.28,Other,392.6,15,46,112.63,2022-10-19,1
CUST00390,53,Male,West,Post-Graduate,Unemployed,864102.07,956661.43,Other,590.6,19,80,47.15,2021-06-07,0
CUST00391,23,Other,North,Primary,Salaried,1491600.52,578953.98,Home,645.6,17,280,35.92,2018-02-08,0
CUST00392,35,Other,South,Post-Graduate,Unemployed,1409638.0,1520220.15,Education,578.8,0,357,26.35,2024-11-25,1
CUST00393,25,Female,West,Post-Graduate,Self-Employed,1476660.1,1314680.12,Car,426.5,21,373,51.19,2020-08-10,1
CUST00394,57,Male,North,Post-Graduate,Salaried,518204.86,701157.19,Car,841.6,20,220,31.83,2021-05-10,0
CUST00395,24,Other,West,Graduate,Self-Employed,816959.82,392207.99,Home,329.1,21,119,79.4,2021-05-13,1
CUST00396,19,Male,East,Graduate,Unemployed,2333898.14,1807236.25,Other,666.9,5,345,24.86,2020-06-13,1
CUST00397,26,Other,West,Post-Graduate,Unemployed,2014405.67,893251.71,Car,578.7,10,60,54.72,2020-03-02,0
CUST00398,48,Female,South,Graduate,Unemployed,686052.1,1638347.97,Business,533.5,17,386,84.67,2021-05-10,1
CUST00399,26,Male,South,Post-Graduate,Unemployed,2358820.8,1516011.93,Home,606.0,2,224,68.15,2024-04-08,1
CUST00400,70,Female,East,Post-Graduate,Salaried,1164461.12,1934982.94,Car,623.2,3,177,92.73,2022-06-25,1
CUST00401,56,Male,South,Primary,Salaried,373953.55,1766227.1,Car,630.7,6,215,101.59,2018-11-16,0
CUST00402,38,Other,South,Graduate,Unemployed,1673463.33,963936.71,Business,657.2,17,145,31.27,2018-02-12,0
CUST00403,22,Female,South,Secondary,Unemployed,817741.18,1609109.87,Car,436.3,3,279,12.62,2022-09-22,1
CUST00404,66,Female,South,Post-Graduate,Unemployed,2846257.99,1844039.05,Car,752.2,0,190,63.7,2024-05-11,1
CUST00405,59,Female,South,Secondary,Unemployed,1948484.0,488405.69,Home,821.6,14,145,78.24,2022-03-06,0
CUST00406,39,Other,East,Secondary,Self-Employed,2963660.01,667337.34,Home,322.5,7,152,42.06,2025-10-14,1
CUST00407,33,Other,North,Graduate,Salaried,749783.55,217309.25,Education,341.5,11,188,40.41,2018-07-28,1
CUST00408,48,Male,West,Secondary,Salaried,2752266.2,106147.74,Education,362.3,7,47,20.17,2023-06-28,1
CUST00409,52,Male,North,Graduate,Salaried,2456526.5,884134.65,Other,404.0,13,336,75.64,2025-12-21,1
CUST00410,68,Other,South,Post-Graduate,Self-Employed,1130229.5,1502690.66,Other,709.4,12,396,6.28,2025-02-17,0
CUST00411,27,Other,South,Graduate,Self-Employed,2652921.9,552741.46,Home,626.3,9,446,34.42,2019-02-08,0
CUST00412,20,Other,West,Primary,Salaried,441687.83,1053925.21,Car,673.1,18,30,63.39,2022-12-07,0
CUST00413,47,Male,West,Secondary,Salaried,2556247.98,1076773.15,Education,370.1,17,246,56.39,2021-04-24,1
CUST00414,51,Other,West,Post-Graduate,Salaried,135209.41,1137455.05,Home,734.1,14,134,27.56,2025-04-09,0
CUST00415,25,Other,East,Post-Graduate,Self-Employed,1428803.88,474410.93,Home,337.8,16,72,51.89,2020-10-08,1
CUST00416,25,Other,East,Secondary,Unemployed,1366582.14,117772.81,Business,762.7,4,128,39.74,2018-05-26,1
CUST00417,29,Other,West,Primary,Salaried,2616247.54,1756060.78,Car,585.5,9,414,105.0,2020-11-19,0
CUST00418,31,Male,South,Graduate,Salaried,138913.68,75157.44,Car,593.8,2,131,35.72,2018-10-22,1
CUST00419,37,Female,West,Post-Graduate,Unemployed,1663783.89,1744968.43,Business,798.6,10,178,114.47,2020-04-06,0
CUST00420,49,Female,West,Graduate,Unemployed,2802794.25,1159177.08,Education,629.7,9,262,71.62,2019-01-26,0
CUST00421,28,Male,North,Primary,Unemployed,1424840.25,639565.27,Car,355.0,4,35,69.27,2023-05-16,1
CUST00422,26,Male,East,Graduate,Salaried,556924.79,238594.28,Business,445.0,24,96,70.29,2025-12-26,1
CUST00423,34,Male,South,Secondary,Unemployed,2948231.42,1538971.57,Other,709.2,24,29,65.65,2025-07-14,0
CUST00424,40,Male,West,Primary,Salaried,350416.45,126763.23,Home,701.6,3,360,115.1,2025-09-12,1
CUST00425,48,Female,North,Secondary,Unemployed,1836730.49,294824.71,Car,351.7,15,435,93.72,2018-02-14,1
CUST00426,68,Male,East,Graduate,Self-Employed,2487969.87,848132.44,Business,756.3,20,268,43.44,2026-01-26,0
CUST00427,48,Other,South,Primary,Salaried,2464426.44,193189.93,Other,467.8,10,73,17.16,2024-09-01,1
CUST00428,63,Other,East,Secondary,Self-Employed,1011588.12,160619.37,Education,668.3,14,79,7.77,2019-04-12,0
CUST00429,63,Male,West,Graduate,Unemployed,1216718.62,1330452.52,Car,604.5,17,148,37.24,2021-12-01,0
CUST00430,19,Female,North,Graduate,Self-Employed,2924993.1,137380.65,Home,783.2,15,295,6.91,2021-06-12,0
CUST00431,25,Female,North,Graduate,Salaried,1829714.68,1276594.73,Car,537.2,14,377,80.56,2025-04-03,1
CUST00432,30,Other,West,Primary,Unemployed,2269101.91,1567721.76,Business,774.3,1,438,106.44,2021-05-16,1
CUST00433,62,Male,North,Primary,Salaried,469935.16,1456010.21,Car,514.0,15,288,49.41,2022-12-26,1
CUST00434,53,Other,North,Graduate,Self-Employed,894845.75,689667.35,Business,484.7,4,349,52.03,2022-01-17,1
CUST00435,25,Other,South,Post-Graduate,Unemployed,2336571.26,1831930.63,Home,661.7,19,193,68.27,2026-03-07,0
CUST00436,42,Other,West,Secondary,Salaried,2846362.38,501847.01,Education,787.6,16,287,38.14,2020-02-03,0
CUST00437,37,Male,South,Secondary,Self-Employed,555780.83,979265.05,Car,482.9,6,308,90.53,2019-10-29,1
CUST00438,37,Male,West,Secondary,Unemployed,1913098.7,1060019.83,Business,443.6,17,461,104.26,2023-12-30,1
CUST00439,58,Female,West,Post-Graduate,Unemployed,489974.1,1695069.62,Education,665.4,16,238,47.63,2020-06-16,0
CUST00440,39,Male,West,Primary,Salaried,388062.57,1155683.74,Car,849.2,1,260,104.13,2021-03-17,1
CUST00441,48,Female,South,Post-Graduate,Salaried,1111746.57,1265042.6,Home,528.9,2,230,104.96,2020-06-18,1
CUST00442,38,Other,South,Graduate,Salaried,535149.12,636289.55,Business,401.9,2,288,49.52,2020-02-29,1
CUST00443,53,Other,North,Primary,Salaried,500892.37,1158788.66,Business,471.6,21,458,57.95,2022-08-02,1
CUST00444,45,Female,East,Graduate,Self-Employed,2134261.95,199705.33,Business,450.4,17,208,45.89,2018-03-07,1
CUST00445,63,Other,East,Graduate,Salaried,2990314.75,1794743.24,Other,443.4,9,172,66.15,2023-12-01,1
CUST00446,45,Male,West,Secondary,Self-Employed,1074335.06,524752.67,Other,557.7,13,466,5.4,2018-11-10,0
CUST00447,21,Female,South,Graduate,Salaried,2977546.12,331506.26,Other,702.6,0,112,59.8,2025-04-21,1
CUST00448,41,Other,North,Graduate,Unemployed,1832095.95,1373418.07,Business,708.7,12,32,59.51,2020-05-14,0
CUST00449,21,Male,West,Primary,Unemployed,648370.69,574647.31,Home,731.6,3,234,90.11,2024-05-20,1
CUST00450,60,Female,South,Graduate,Unemployed,730648.69,232839.04,Car,676.7,4,35,81.33,2021-07-11,1
CUST00451,38,Female,South,Secondary,Unemployed,596570.83,1183606.01,Other,471.0,19,497,114.6,2021-05-18,1
CUST00452,34,Female,North,Primary,Unemployed,1047811.96,1850769.75,Education,598.1,23,449,83.4,2025-05-06,0
CUST00453,54,Other,East,Secondary,Unemployed,2229827.76,262675.37,Education,562.9,13,248,20.04,2020-12-17,0
CUST00454,18,Other,North,Secondary,Salaried,2779997.41,380118.95,Education,428.3,13,475,65.82,2025-12-31,1
CUST00455,51,Other,East,Graduate,Salaried,1643415.22,1218863.19,Home,789.7,6,393,52.94,2019-03-19,0
CUST00456,41,Male,South,Post-Graduate,Salaried,2690389.07,71783.47,Business,725.2,23,157,75.61,2021-03-10,0
CUST00457,67,Male,East,Primary,Unemployed,588797.23,1792772.83,Other,636.3,14,404,110.36,2022-12-06,0
CUST00458,57,Other,West,Graduate,Salaried,126036.86,691234.35,Education,472.3,16,271,97.57,2019-07-17,1
CUST00459,24,Other,North,Graduate,Self-Employed,2563557.19,1790657.21,Other,400.3,14,2,21.51,2020-01-18,1
CUST00460,29,Male,North,Graduate,Unemployed,2645146.87,809234.78,Business,538.7,9,309,91.26,2022-03-27,1
CUST00461,27,Male,North,Graduate,Unemployed,2704738.79,1418782.5,Business,330.7,19,441,43.18,2021-06-11,1
CUST00462,51,Male,West,Graduate,Salaried,2404633.03,1748989.07,Other,684.2,17,105,28.45,2022-06-12,0
CUST00463,30,Female,South,Primary,Self-Employed,633308.19,87849.5,Education,839.7,14,75,64.67,2021-08-03,0
CUST00464,31,Female,North,Secondary,Unemployed,114048.13,83778.44,Other,674.1,17,65,117.2,2019-01-11,0
CUST00465,20,Male,North,Graduate,Salaried,113395.89,457459.99,Car,391.5,7,89,74.83,2023-12-14,1
CUST00466,24,Female,South,Graduate,Salaried,2042385.6,1558576.8,Education,735.6,24,88,66.78,2024-09-13,0
CUST00467,56,Male,South,Graduate,Unemployed,1211098.85,875486.32,Car,464.1,14,31,90.91,2022-07-16,1
CUST00468,52,Other,West,Graduate,Unemployed,2655299.52,1564984.82,Home,369.4,4,434,100.29,2019-12-25,1
CUST00469,51,Other,South,Primary,Unemployed,1076562.94,632398.35,Education,586.5,13,132,96.86,2025-02-09,0
CUST00470,55,Other,South,Primary,Unemployed,707086.42,661674.5,Education,801.8,13,435,114.46,2019-06-29,0
CUST00471,29,Female,South,Secondary,Unemployed,2796296.03,935412.79,Car,693.5,11,118,61.86,2024-02-25,0
CUST00472,32,Female,East,Primary,Self-Employed,121300.46,60284.93,Car,461.3,4,22,109.18,2023-10-19,1
CUST00473,32,Female,East,Secondary,Salaried,1766092.06,390803.68,Business,671.4,1,74,73.68,2020-08-25,1
CUST00474,21,Female,South,Primary,Self-Employed,1805750.88,375578.67,Car,797.3,20,16,68.63,2022-09-25,0
CUST00475,22,Female,North,Graduate,Self-Employed,2733414.54,1960823.41,Home,509.3,18,467,43.32,2023-07-25,1
CUST00476,19,Female,South,Secondary,Salaried,1512693.16,386868.47,Other,587.6,0,149,116.84,2020-07-08,1
CUST00477,22,Male,East,Secondary,Unemployed,756285.69,866610.07,Home,649.9,11,155,91.11,2023-05-06,0
CUST00478,43,Other,North,Graduate,Unemployed,696505.95,1710532.03,Business,787.9,8,120,10.64,2022-02-04,0
CUST00479,48,Male,North,Secondary,Salaried,1761942.88,1140508.66,Car,733.9,13,181,31.25,2025-01-09,0
CUST00480,55,Other,East,Post-Graduate,Self-Employed,1893219.48,480752.46,Car,695.4,12,491,5.18,2018-12-31,0
CUST00481,29,Male,North,Secondary,Salaried,1388138.98,847374.6,Education,824.5,17,245,60.15,2021-06-25,0
CUST00482,35,Male,West,Primary,Unemployed,2015355.04,1522306.2,Other,747.7,22,235,37.29,2024-04-25,0
CUST00483,56,Male,North,Primary,Self-Employed,1950260.93,593409.55,Education,697.7,16,215,49.0,2019-09-22,0
CUST00484,56,Other,South,Secondary,Unemployed,492988.89,1237796.37,Home,312.7,13,189,117.44,2018-12-01,1
CUST00485,27,Other,West,Primary,Salaried,1365550.04,1618022.33,Other,405.6,16,253,80.9,2019-05-02,1
CUST00486,52,Male,North,Secondary,Salaried,1656662.47,1971841.64,Business,563.6,2,229,38.88,2022-05-17,1
CUST00487,23,Other,East,Post-Graduate,Self-Employed,234256.47,661919.01,Car,460.2,18,336,45.48,2019-06-22,1
CUST00488,55,Female,North,Graduate,Self-Employed,2321445.51,1563964.21,Home,650.3,4,21,27.36,2021-11-19,1
CUST00489,24,Other,South,Secondary,Salaried,308605.08,1955946.1,Car,776.8,12,421,42.64,2018-05-27,0
CUST00490,51,Other,North,Primary,Salaried,1476825.94,509024.48,Home,379.7,15,319,81.01,2018-02-20,1
CUST00491,67,Male,South,Secondary,Unemployed,2557861.19,1822775.99,Home,824.2,18,71,35.99,2018-01-21,0
CUST00492,21,Male,South,Primary,Salaried,2389694.09,1220168.77,Home,712.6,1,47,95.36,2025-12-03,1
CUST00493,28,Male,East,Secondary,Self-Employed,2744290.83,532341.07,Other,570.7,16,229,108.86,2022-12-28,0
CUST00494,37,Female,West,Primary,Unemployed,891902.95,1874153.41,Home,825.3,15,23,9.11,2021-10-26,0
CUST00495,47,Other,East,Primary,Self-Employed,794526.11,1056321.29,Other,694.8,4,129,20.13,2024-05-27,1
CUST00496,47,Male,North,Primary,Self-Employed,1288762.4,1054424.23,Education,796.2,15,177,100.98,2022-11-09,0
CUST00497,51,Female,South,Secondary,Self-Employed,849212.62,1129509.97,Education,491.7,13,42,89.64,2024-08-12,1
CUST00498,34,Female,North,Primary,Self-Employed,2127829.34,1790171.15,Home,319.4,5,219,41.44,2018-03-28,1
CUST00499,55,Other,South,Graduate,Self-Employed,1889608.86,803538.01,Business,722.3,23,463,52.28,2022-08-03,0
CUST00500,19,Other,North,Primary,Self-Employed,2614161.63,1770233.61,Business,619.4,16,277,53.63,2024-04-06,0
CUST00501,44,Female,South,Post-Graduate,Unemployed,2220162.62,1012068.47,Other,774.2,13,137,48.59,2022-03-21,0
CUST00502,23,Other,East,Primary,Unemployed,289258.62,85290.9,Car,525.1,15,427,111.18,2018-04-29,1
CUST00503,38,Female,North,Primary,Self-Employed,933198.57,1838295.87,Business,531.8,6,90,36.48,2019-08-23,1
CUST00504,25,Female,East,Post-Graduate,Unemployed,2997123.82,864406.19,Home,379.0,9,397,82.95,2021-08-09,1
CUST00505,34,Male,North,Post-Graduate,Salaried,1878461.87,1689319.54,Education,524.3,16,241,114.33,2025-02-06,1
CUST00506,38,Female,South,Primary,Self-Employed,987308.38,1937133.39,Home,556.6,19,112,11.8,2023-07-02,0
CUST00507,57,Other,South,Post-Graduate,Salaried,108893.66,282964.38,Business,745.2,19,432,118.92,2024-06-02,0
CUST00508,56,Other,North,Graduate,Unemployed,2353874.54,1432234.4,Home,533.6,7,72,36.23,2021-04-05,1
CUST00509,20,Female,West,Secondary,Salaried,528735.56,85674.68,Education,406.4,23,493,11.77,2019-11-05,1
CUST00510,68,Male,North,Secondary,Self-Employed,1272326.46,1093684.54,Education,463.0,9,317,107.09,2018-02-21,1
CUST00511,39,Other,North,Graduate,Salaried,1813119.46,1647324.91,Business,665.7,5,395,35.57,2020-02-27,1
CUST00512,27,Male,East,Primary,Self-Employed,1118188.07,1081282.72,Home,474.1,24,315,50.16,2025-03-19,1
CUST00513,56,Female,South,Graduate,Self-Employed,587141.75,1921236.45,Other,463.0,4,319,27.07,2020-08-21,1
CUST00514,48,Other,North,Secondary,Self-Employed,2037143.57,1185603.88,Business,775.1,3,295,46.59,2024-03-23,1
CUST00515,36,Female,East,Primary,Unemployed,691143.02,722337.95,Other,819.1,17,129,12.01,2018-04-19,0
CUST00516,30,Female,East,Post-Graduate,Self-Employed,1108882.85,806502.37,Education,447.6,24,336,75.15,2019-03-10,1
CUST00517,20,Other,East,Secondary,Salaried,280650.27,713666.13,Car,406.1,18,374,14.24,2022-12-23,1
CUST00518,64,Male,West,Secondary,Self-Employed,2482198.67,1816796.42,Education,597.4,2,215,111.8,2022-11-02,1
CUST00519,38,Other,South,Post-Graduate,Unemployed,845371.07,1693697.04,Home,453.2,23,5,84.84,2021-04-27,1
CUST00520,20,Male,West,Post-Graduate,Self-Employed,2293575.5,1329766.21,Home,770.1,16,174,102.29,2024-07-13,0
CUST00521,70,Other,South,Secondary,Self-Employed,1028644.1,1716817.9,Education,688.7,6,243,7.57,2024-08-27,0
CUST00522,59,Female,East,Post-Graduate,Self-Employed,2138482.98,1151108.7,Home,535.6,14,497,81.33,2023-10-20,1
CUST00523,60,Female,North,Post-Graduate,Unemployed,2041350.77,897213.76,Business,749.6,11,93,45.34,2023-06-06,0
CUST00524,47,Other,South,Secondary,Self-Employed,2891366.53,307644.6,Education,511.4,21,308,18.38,2023-12-09,1
CUST00525,30,Female,South,Graduate,Unemployed,627019.91,237840.76,Education,749.3,3,276,15.63,2022-09-19,1
CUST00526,32,Other,West,Post-Graduate,Salaried,1386625.79,391401.63,Home,592.1,22,271,52.99,2021-05-21,0
CUST00527,62,Female,South,Graduate,Salaried,2053777.16,113467.7,Other,573.7,0,335,109.22,2023-05-20,1
CUST00528,41,Male,East,Secondary,Self-Employed,2915047.24,1613871.52,Other,730.5,16,356,115.73,2019-01-22,0
CUST00529,36,Other,East,Graduate,Self-Employed,1957375.42,510383.1,Other,533.4,2,111,60.57,2021-11-26,1
CUST00530,40,Other,North,Primary,Unemployed,876119.73,1441419.62,Other,544.8,10,348,86.52,2024-11-19,1
CUST00531,48,Other,West,Primary,Salaried,1067263.25,650926.33,Home,456.0,20,244,108.31,2024-02-06,1
CUST00532,69,Male,South,Primary,Unemployed,1933619.75,1251564.99,Education,559.6,22,248,116.27,2025-11-20,0
CUST00533,56,Female,West,Post-Graduate,Self-Employed,1597451.62,1424025.38,Education,468.3,6,52,56.33,2018-11-05,1
CUST00534,24,Female,North,Secondary,Self-Employed,858673.84,1055617.83,Other,827.2,7,252,93.71,2019-01-26,0
CUST00535,62,Male,East,Post-Graduate,Self-Employed,2313891.57,480246.08,Education,407.4,13,132,40.55,2022-12-18,1
CUST00536,21,Female,South,Secondary,Unemployed,2377696.51,593334.81,Education,646.5,12,113,109.66,2021-08-03,0
CUST00537,70,Female,West,Post-Graduate,Self-Employed,2151390.24,1558963.56,Home,434.7,18,95,51.89,2018-09-05,1
CUST00538,53,Male,North,Secondary,Unemployed,1109366.96,1036526.99,Home,520.8,10,228,66.88,2019-12-13,1
CUST00539,21,Female,South,Secondary,Self-Employed,245543.18,290157.53,Other,667.0,9,208,7.95,2021-07-05,0
CUST00540,60,Other,East,Post-Graduate,Unemployed,1064643.03,1561266.12,Home,491.0,11,254,6.85,2024-06-02,1
CUST00541,38,Male,South,Post-Graduate,Salaried,902627.64,646060.65,Education,742.1,14,65,10.69,2020-01-03,0
CUST00542,67,Male,West,Primary,Self-Employed,212214.97,1801811.58,Home,596.6,12,127,60.96,2021-11-21,0
CUST00543,29,Male,West,Post-Graduate,Self-Employed,183115.7,1287579.99,Home,598.1,22,36,44.75,2020-06-15,0
CUST00544,68,Female,South,Post-Graduate,Salaried,1389431.99,197838.89,Business,816.6,16,309,56.13,2018-03-16,0
CUST00545,59,Other,East,Secondary,Self-Employed,2431063.79,1646673.29,Education,550.9,11,215,33.82,2018-03-17,0
CUST00546,37,Female,West,Primary,Self-Employed,1342327.17,1585423.59,Education,505.9,7,125,84.22,2023-03-12,1
CUST00547,48,Other,West,Graduate,Self-Employed,1352516.34,615389.1,Home,435.2,13,117,62.51,2020-07-19,1
CUST00548,58,Male,North,Post-Graduate,Salaried,2595655.73,520830.16,Car,558.9,18,65,63.93,2021-10-20,0
CUST00549,32,Other,North,Graduate,Unemployed,2582677.66,14968.92,Business,449.7,23,65,101.81,2018-07-18,1
CUST00550,53,Female,North,Secondary,Salaried,1770462.93,1207866.77,Other,670.9,18,114,34.28,2023-01-03,0
CUST00551,26,Male,South,Graduate,Self-Employed,121379.02,798320.0,Education,577.4,3,416,79.26,2025-10-31,1
CUST00552,62,Other,North,Graduate,Salaried,111513.3,124370.57,Home,496.8,16,323,13.48,2026-03-05,1
CUST00553,41,Other,West,Post-Graduate,Salaried,702408.02,390127.64,Other,429.5,6,63,114.23,2022-12-01,1
CUST00554,46,Female,North,Primary,Self-Employed,509731.61,1067090.66,Education,439.0,2,335,30.78,2019-08-23,1
CUST00555,54,Other,East,Primary,Self-Employed,1745486.57,345821.78,Education,620.8,2,81,116.48,2020-11-29,1
CUST00556,18,Other,South,Secondary,Salaried,1818146.77,456988.61,Home,489.5,10,27,97.86,2025-07-12,1
CUST00557,32,Female,North,Primary,Salaried,479180.05,1740171.3,Education,758.8,2,282,117.01,2018-10-22,1
CUST00558,42,Female,West,Post-Graduate,Self-Employed,1014860.76,1894727.17,Car,688.3,23,181,88.49,2020-06-04,0
CUST00559,56,Female,East,Graduate,Self-Employed,1211952.01,1422959.55,Business,476.5,16,393,28.45,2020-12-12,1
CUST00560,62,Female,North,Secondary,Salaried,1631149.85,1565201.92,Home,801.7,17,476,110.0,2022-10-01,0
CUST00561,52,Female,West,Secondary,Unemployed,2405224.81,924337.11,Car,607.9,5,483,8.73,2023-11-10,1
CUST00562,64,Male,North,Secondary,Self-Employed,2394943.42,663178.64,Car,759.8,9,484,106.55,2019-03-27,0
CUST00563,67,Female,West,Graduate,Salaried,1111781.8,423452.25,Business,696.3,21,305,18.99,2021-06-17,0
CUST00564,26,Other,South,Post-Graduate,Unemployed,2311474.84,1342205.37,Education,615.7,16,455,78.78,2026-02-11,0
CUST00565,43,Other,South,Post-Graduate,Self-Employed,2711276.22,167053.42,Car,793.5,23,309,116.01,2019-11-22,0
CUST00566,43,Other,North,Graduate,Unemployed,1944299.41,208076.21,Other,336.0,5,307,23.78,2024-12-24,1
CUST00567,31,Other,South,Post-Graduate,Salaried,699700.55,887544.72,Car,721.7,16,358,95.68,2020-01-07,0
CUST00568,28,Other,East,Post-Graduate,Self-Employed,1632159.7,1401327.85,Car,670.5,21,303,103.79,2022-06-25,0
CUST00569,45,Female,West,Primary,Salaried,2120687.89,247941.87,Business,439.5,22,14,38.84,2025-01-10,1
CUST00570,30,Male,North,Graduate,Self-Employed,2162982.01,1174738.94,Car,798.1,14,110,103.41,2018-03-15,0
CUST00571,40,Other,North,Post-Graduate,Salaried,1129446.45,246117.13,Other,752.6,6,69,11.97,2021-10-19,0
CUST00572,41,Other,South,Graduate,Salaried,2086854.71,616814.83,Home,634.3,10,10,15.41,2020-12-29,0
CUST00573,48,Male,West,Post-Graduate,Unemployed,1957530.28,799655.61,Car,818.0,13,310,54.51,2018-10-16,0
CUST00574,46,Other,North,Secondary,Self-Employed,1166340.3,234338.75,Home,537.3,1,380,25.34,2025-07-08,1
CUST00575,65,Male,South,Primary,Salaried,2020238.96,18981.19,Education,762.4,4,120,103.03,2021-02-23,1
CUST00576,62,Other,South,Graduate,Unemployed,2599965.71,65633.59,Home,309.8,0,23,89.25,2023-02-14,1
CUST00577,34,Other,East,Post-Graduate,Salaried,1877513.74,1149678.86,Home,340.1,5,406,18.83,2024-06-07,1
CUST00578,19,Female,North,Primary,Unemployed,1646589.46,1232220.22,Home,649.8,11,260,18.13,2023-03-25,0
CUST00579,20,Female,East,Graduate,Self-Employed,2521888.85,1473565.59,Business,454.4,22,396,16.7,2022-09-11,1
CUST00580,34,Male,North,Secondary,Unemployed,1516110.2,110826.06,Business,571.1,20,446,102.08,2021-11-29,0
CUST00581,62,Male,North,Post-Graduate,Self-Employed,1276823.94,1479248.73,Car,490.7,6,165,111.51,2022-12-31,1
CUST00582,48,Male,East,Post-Graduate,Unemployed,717665.87,1252709.61,Other,317.9,9,179,44.7,2019-11-01,1
CUST00583,43,Female,South,Post-Graduate,Self-Employed,1361074.67,1625680.68,Business,789.9,19,312,73.75,2019-10-04,0
CUST00584,22,Female,North,Secondary,Salaried,2810533.28,1702998.58,Education,422.8,4,171,83.13,2022-12-18,1
CUST00585,56,Female,North,Secondary,Salaried,866466.0,963625.29,Education,693.5,11,332,10.32,2023-08-24,0
CUST00586,46,Female,South,Graduate,Salaried,162389.17,649537.05,Other,485.3,6,366,68.21,2023-10-12,1
CUST00587,35,Other,South,Post-Graduate,Salaried,2027192.59,922479.9,Home,313.0,0,281,67.86,2020-03-11,1
CUST00588,43,Female,North,Secondary,Salaried,2445813.56,1029079.94,Education,391.9,0,235,58.98,2022-09-06,1
CUST00589,52,Other,East,Secondary,Self-Employed,463298.28,1519058.09,Car,551.3,18,112,8.96,2018-11-11,0
CUST00590,23,Other,South,Post-Graduate,Unemployed,1968543.04,1837107.62,Car,705.7,17,115,42.97,2022-11-27,0
CUST00591,29,Other,North,Primary,Salaried,1130899.73,558109.0,Home,747.0,19,15,19.52,2024-08-29,0
CUST00592,41,Male,East,Graduate,Unemployed,2103709.61,225904.16,Car,815.8,5,281,31.67,2021-06-07,1
CUST00593,52,Male,South,Secondary,Unemployed,1293314.84,1288877.47,Other,803.5,12,236,61.51,2021-01-28,0
CUST00594,70,Female,West,Graduate,Self-Employed,1075440.79,181637.68,Car,590.7,4,437,42.79,2021-08-11,1
CUST00595,42,Other,East,Secondary,Salaried,1971200.82,1474869.08,Car,840.5,12,272,94.36,2018-07-23,0
CUST00596,19,Male,East,Secondary,Unemployed,2538867.45,525409.59,Home,531.7,4,90,72.27,2025-06-29,1
CUST00597,43,Other,North,Primary,Salaried,2902777.3,1222433.35,Business,458.6,12,122,81.51,2025-07-02,1
CUST00598,63,Female,North,Primary,Unemployed,1521608.97,717185.31,Business,651.4,1,212,98.13,2020-11-10,1
CUST00599,20,Other,North,Secondary,Self-Employed,1431001.66,1614164.39,Car,501.5,14,298,91.42,2024-11-02,1
CUST00600,32,Female,North,Graduate,Unemployed,1287800.94,1191801.66,Other,486.4,8,255,109.29,2018-03-14,1
CUST00601,33,Female,South,Primary,Self-Employed,921569.97,742350.96,Education,602.5,2,444,60.43,2025-06-19,1
CUST00602,23,Female,West,Primary,Unemployed,496253.63,1036105.45,Business,820.2,20,114,106.64,2025-04-28,0
CUST00603,43,Female,West,Primary,Salaried,461787.52,1648900.49,Education,635.1,1,339,116.48,2022-01-16,1
CUST00604,20,Other,East,Post-Graduate,Self-Employed,1350157.48,1863950.89,Business,786.9,11,477,23.18,2025-06-02,0
CUST00605,24,Female,West,Post-Graduate,Self-Employed,2382977.92,1323089.02,Business,464.3,20,316,100.74,2018-07-06,1
CUST00606,51,Male,South,Secondary,Salaried,1528048.76,614339.92,Business,465.6,12,363,7.42,2019-09-21,1
CUST00607,21,Female,East,Primary,Unemployed,298298.52,421547.71,Education,794.6,11,206,8.36,2019-07-02,0
CUST00608,21,Male,South,Secondary,Unemployed,1182906.14,603627.67,Other,316.0,11,53,78.04,2018-11-19,1
CUST00609,55,Female,South,Graduate,Salaried,1689592.4,158948.56,Home,301.2,4,380,72.73,2023-12-07,1
CUST00610,27,Female,West,Secondary,Self-Employed,220296.53,1378759.73,Car,806.3,3,129,21.29,2024-03-29,1
CUST00611,37,Male,East,Primary,Self-Employed,259742.61,1594084.65,Education,520.1,0,100,89.06,2022-09-11,1
CUST00612,44,Male,North,Secondary,Self-Employed,2894391.24,617940.5,Business,341.2,15,65,7.58,2024-09-16,1
CUST00613,46,Male,North,Primary,Unemployed,2152396.26,1944218.08,Education,654.3,11,144,65.89,2018-12-14,0
CUST00614,20,Female,East,Secondary,Salaried,1602662.37,94111.31,Business,665.6,20,65,24.71,2025-07-27,0
CUST00615,70,Female,East,Graduate,Salaried,2168173.56,947354.52,Car,482.9,2,406,116.91,2025-04-14,1
CUST00616,42,Male,East,Primary,Self-Employed,1383747.99,1653678.89,Business,534.4,13,454,67.11,2020-11-19,1
CUST00617,28,Male,West,Secondary,Salaried,1964844.17,1906977.92,Car,471.9,8,180,29.7,2018-08-10,1
CUST00618,18,Male,North,Secondary,Salaried,937223.36,1023088.2,Car,770.0,22,499,22.09,2021-08-04,0
CUST00619,37,Male,West,Primary,Unemployed,1375537.13,867051.67,Education,608.8,23,68,60.71,2023-11-28,0
CUST00620,55,Other,North,Post-Graduate,Self-Employed,777662.09,678395.09,Car,602.4,12,288,28.17,2019-10-27,0
CUST00621,25,Male,East,Post-Graduate,Salaried,2745128.47,1700508.92,Other,583.8,6,378,73.25,2019-12-19,0
CUST00622,44,Female,East,Primary,Salaried,2336038.14,1405706.75,Car,577.1,1,124,79.5,2020-04-16,1
CUST00623,26,Other,South,Primary,Self-Employed,1120166.82,1993177.54,Business,450.2,5,229,89.25,2020-07-12,1
CUST00624,52,Female,North,Post-Graduate,Salaried,1474474.85,1593005.84,Business,358.2,19,286,54.61,2020-01-13,1
CUST00625,61,Female,North,Graduate,Unemployed,620982.23,268076.5,Home,711.3,17,258,98.2,2022-12-24,0
CUST00626,45,Female,East,Primary,Unemployed,1723628.06,666898.72,Education,410.5,20,372,53.03,2018-05-20,1
CUST00627,54,Male,South,Primary,Self-Employed,2392430.29,1888554.61,Business,506.2,3,42,46.67,2025-01-03,1
CUST00628,66,Male,West,Graduate,Salaried,275279.76,1360522.22,Home,529.9,17,339,50.79,2020-05-24,1
CUST00629,57,Female,North,Graduate,Self-Employed,2089407.23,1714243.0,Business,548.6,0,341,100.01,2020-08-17,1
CUST00630,52,Female,West,Secondary,Self-Employed,510341.15,1927813.48,Home,472.7,3,41,55.85,2026-01-17,1
CUST00631,33,Other,South,Secondary,Self-Employed,1193080.12,1003331.55,Home,714.4,11,27,88.88,2020-03-07,0
CUST00632,37,Other,South,Secondary,Self-Employed,2117928.86,24594.05,Car,397.7,12,35,34.99,2023-07-25,1
CUST00633,59,Other,South,Post-Graduate,Self-Employed,2701922.37,1089076.22,Home,620.3,16,302,25.2,2026-03-19,0
CUST00634,18,Other,East,Graduate,Unemployed,1570122.77,1897629.63,Other,789.4,22,312,18.77,2021-03-13,0
CUST00635,52,Other,South,Post-Graduate,Salaried,940552.89,1725636.27,Home,462.9,7,458,20.97,2023-02-22,1
CUST00636,35,Female,North,Post-Graduate,Self-Employed,172300.14,1753381.64,Home,604.8,14,370,84.76,2018-11-26,0
CUST00637,22,Male,South,Post-Graduate,Unemployed,2557418.44,1537830.58,Home,741.7,21,307,100.36,2018-06-05,0
CUST00638,52,Male,North,Post-Graduate,Self-Employed,1695789.13,837992.81,Education,765.7,14,497,79.26,2025-11-27,0
CUST00639,55,Other,West,Post-Graduate,Unemployed,871976.22,424025.28,Car,710.6,13,210,57.47,2023-10-27,0
CUST00640,24,Other,North,Graduate,Salaried,1240661.69,540535.15,Business,320.8,10,278,113.22,2025-05-20,1
CUST00641,46,Other,South,Post-Graduate,Salaried,1341087.07,1324121.08,Car,419.6,14,260,14.86,2019-08-21,1
CUST00642,34,Male,North,Primary,Self-Employed,1754547.78,647017.69,Car,654.9,14,139,85.8,2023-07-28,0
CUST00643,44,Male,North,Post-Graduate,Salaried,739474.36,1728782.58,Other,365.4,10,386,13.33,2020-11-05,1
CUST00644,29,Other,West,Post-Graduate,Unemployed,491632.16,953745.47,Other,682.1,20,484,89.96,2019-02-02,0
CUST00645,23,Other,North,Graduate,Self-Employed,454848.77,1594052.13,Education,836.3,9,128,36.82,2022-01-02,0
CUST00646,40,Female,South,Primary,Salaried,2845160.57,126166.62,Other,526.4,18,292,98.62,2019-04-12,1
CUST00647,32,Other,East,Graduate,Unemployed,2946786.78,357495.75,Business,343.5,1,203,84.36,2018-03-17,1
CUST00648,46,Female,East,Secondary,Self-Employed,213482.76,885692.21,Other,494.2,5,354,90.16,2021-12-18,1
CUST00649,57,Other,West,Secondary,Self-Employed,2331070.01,1301135.36,Business,465.5,6,113,30.95,2018-11-06,1
CUST00650,48,Female,West,Graduate,Self-Employed,643805.36,79313.42,Other,439.9,21,186,82.05,2019-08-21,1
CUST00651,59,Female,South,Post-Graduate,Unemployed,2006677.5,1587042.54,Home,524.9,0,432,14.45,2023-07-20,1
CUST00652,38,Male,South,Graduate,Salaried,2910954.84,780494.68,Business,406.4,7,397,74.0,2024-07-28,1
CUST00653,24,Other,West,Graduate,Salaried,185963.92,960679.22,Education,500.2,0,481,75.18,2019-09-16,1
CUST00654,19,Other,South,Secondary,Unemployed,601464.73,1907154.28,Education,304.4,10,260,32.89,2021-10-05,1
CUST00655,32,Other,West,Primary,Unemployed,1989070.01,1264643.09,Other,592.0,19,294,74.26,2023-03-30,0
CUST00656,52,Male,North,Primary,Self-Employed,1879228.85,305152.8,Car,393.3,8,65,76.46,2024-04-15,1
CUST00657,40,Other,East,Post-Graduate,Self-Employed,856082.78,1484497.24,Other,328.4,2,179,40.18,2022-01-31,1
CUST00658,44,Male,North,Primary,Self-Employed,2050862.55,1091708.99,Business,468.9,18,134,84.52,2022-10-06,1
CUST00659,51,Female,East,Primary,Self-Employed,2957383.85,212888.28,Business,647.3,21,500,104.59,2023-09-04,0
CUST00660,43,Male,West,Primary,Self-Employed,1224307.49,837959.19,Home,540.2,15,12,14.63,2019-06-29,1
CUST00661,56,Male,West,Secondary,Salaried,1508999.11,1203006.29,Other,355.6,5,41,41.67,2019-04-20,1
CUST00662,39,Female,West,Graduate,Salaried,932846.88,1786779.55,Home,483.2,24,129,94.74,2025-07-06,1
CUST00663,39,Female,South,Primary,Salaried,2028151.45,292010.57,Car,814.3,11,41,105.92,2022-02-05,0
CUST00664,56,Female,East,Primary,Salaried,308210.74,1556388.46,Car,551.3,14,60,119.16,2021-08-17,0
CUST00665,69,Other,East,Primary,Salaried,2632849.7,134069.6,Education,527.9,13,155,25.9,2023-04-04,1
CUST00666,18,Male,South,Graduate,Salaried,292530.38,855965.89,Other,822.7,14,128,99.37,2025-06-11,0
CUST00667,55,Female,West,Post-Graduate,Self-Employed,1191122.47,1761742.35,Education,458.5,3,164,46.85,2022-05-20,1
CUST00668,69,Other,North,Secondary,Unemployed,2654953.03,1317180.55,Home,643.0,6,50,32.0,2024-05-28,0
CUST00669,68,Female,West,Graduate,Self-Employed,1213382.3,1445489.59,Car,490.6,22,286,108.94,2023-12-21,1
CUST00670,28,Female,South,Post-Graduate,Salaried,1658312.86,1833880.66,Education,784.2,14,13,37.45,2019-05-03,0
CUST00671,70,Female,North,Graduate,Salaried,1756870.17,1185059.01,Business,483.5,6,139,52.49,2020-07-07,1
CUST00672,29,Other,East,Graduate,Salaried,878073.75,428149.12,Business,481.5,15,461,88.37,2022-03-12,1
CUST00673,37,Female,South,Graduate,Salaried,2897569.5,1405674.1,Other,372.0,24,209,66.68,2023-12-19,1
CUST00674,57,Other,North,Primary,Self-Employed,2955524.86,1218563.32,Car,618.3,1,321,88.32,2019-03-17,1
CUST00675,21,Female,South,Primary,Self-Employed,1602212.7,317100.51,Home,465.3,20,46,64.49,2020-04-01,1
CUST00676,19,Other,South,Post-Graduate,Salaried,416012.04,814115.7,Home,377.7,7,359,35.89,2024-08-11,1
CUST00677,55,Male,East,Graduate,Unemployed,606219.97,1663315.06,Other,703.9,4,232,50.89,2019-11-20,1
CUST00678,52,Male,South,Secondary,Unemployed,1689050.32,1043249.01,Business,583.5,13,148,28.06,2022-12-10,0
CUST00679,53,Female,South,Primary,Unemployed,1083394.25,447168.4,Home,413.3,19,428,83.51,2025-09-08,1
CUST00680,35,Female,East,Secondary,Salaried,1234949.69,953799.78,Other,819.5,20,411,101.93,2025-09-29,0
CUST00681,53,Male,North,Secondary,Self-Employed,2710949.29,125254.82,Car,334.1,21,290,13.17,2023-07-28,1
CUST00682,35,Male,East,Post-Graduate,Salaried,1368433.69,330819.8,Car,435.3,14,24,104.13,2021-11-04,1
CUST00683,40,Other,East,Graduate,Salaried,2006237.86,400917.67,Business,448.4,20,10,47.39,2022-06-12,1
CUST00684,45,Female,East,Secondary,Salaried,782042.36,1866148.15,Education,389.4,17,324,61.13,2023-10-10,1
CUST00685,51,Male,West,Graduate,Self-Employed,1099378.71,1879056.91,Home,343.1,22,253,34.66,2025-03-21,1
CUST00686,32,Other,East,Secondary,Self-Employed,1176862.32,727583.99,Education,718.9,11,421,93.94,2021-05-08,0
CUST00687,44,Other,West,Secondary,Salaried,320743.54,443134.5,Education,698.7,21,380,19.92,2020-04-04,0
CUST00688,29,Female,North,Post-Graduate,Unemployed,1798454.66,1583264.46,Car,333.9,20,336,81.66,2018-12-28,1
CUST00689,25,Other,South,Graduate,Salaried,161534.57,1686848.53,Home,542.4,19,308,58.94,2023-07-10,1
CUST00690,21,Female,North,Secondary,Self-Employed,2399978.49,1730168.49,Business,530.9,13,187,14.37,2026-03-17,1
CUST00691,24,Male,East,Post-Graduate,Unemployed,268443.83,679932.63,Education,304.0,21,142,22.99,2019-05-05,1
CUST00692,45,Female,South,Graduate,Unemployed,496495.09,1163543.2,Car,341.9,24,218,109.8,2020-12-07,1
CUST00693,41,Female,North,Secondary,Self-Employed,2845144.68,702108.15,Other,806.7,18,265,38.65,2024-06-25,0
CUST00694,29,Other,West,Secondary,Unemployed,425383.48,179113.14,Education,466.4,20,434,34.1,2020-06-07,1
CUST00695,44,Other,North,Graduate,Salaried,476743.29,719141.56,Business,325.0,6,319,81.24,2020-09-15,1
CUST00696,62,Male,North,Secondary,Unemployed,1191663.45,1409311.89,Other,488.8,11,99,90.58,2023-01-25,1
CUST00697,41,Male,East,Graduate,Salaried,2052271.5,1786540.53,Other,434.7,2,54,60.09,2021-07-01,1
CUST00698,36,Male,East,Primary,Self-Employed,1809697.25,900013.69,Car,528.0,3,66,78.7,2021-10-18,1
CUST00699,68,Female,North,Secondary,Unemployed,2274508.34,806710.87,Other,833.8,11,340,111.79,2021-04-03,0
CUST00700,54,Male,West,Post-Graduate,Salaried,1647699.25,1437779.86,Other,444.1,2,495,21.13,2019-04-28,1
CUST00701,60,Male,West,Secondary,Salaried,2384589.84,92844.22,Education,782.9,1,1,21.21,2025-10-17,1
CUST00702,60,Male,East,Secondary,Self-Employed,2407209.25,155917.89,Home,447.1,13,117,34.53,2020-04-13,1
CUST00703,40,Female,North,Graduate,Unemployed,636464.17,87162.18,Other,693.5,2,17,45.31,2026-02-12,1
CUST00704,51,Female,East,Post-Graduate,Self-Employed,1871450.31,771501.26,Education,772.9,21,147,38.82,2021-01-27,0
CUST00705,63,Other,South,Secondary,Unemployed,2051239.2,1901342.06,Other,781.1,23,408,94.93,2019-04-29,0
CUST00706,19,Male,North,Primary,Self-Employed,2737115.15,1193001.21,Car,393.8,3,106,66.98,2022-06-10,1
CUST00707,63,Other,West,Graduate,Salaried,1884025.99,15124.16,Car,321.6,10,27,41.61,2020-09-21,1
CUST00708,44,Male,East,Primary,Unemployed,1619457.06,249518.72,Other,336.2,4,127,69.3,2019-08-12,1
CUST00709,37,Other,West,Primary,Unemployed,1853212.01,1996749.11,Home,819.0,17,194,85.79,2025-10-23,0
CUST00710,58,Other,South,Primary,Salaried,2881083.6,931118.38,Home,375.2,21,202,102.64,2019-11-26,1
CUST00711,49,Other,South,Secondary,Unemployed,2104875.35,1591834.1,Business,411.2,19,398,85.3,2021-06-07,1
CUST00712,31,Male,North,Primary,Unemployed,2301953.67,993174.0,Business,520.2,3,443,62.98,2023-10-03,1
CUST00713,43,Female,West,Primary,Salaried,2393742.62,811971.02,Business,716.9,13,81,70.01,2024-12-27,0
CUST00714,21,Female,East,Post-Graduate,Self-Employed,2451894.12,1425066.63,Business,805.6,8,407,98.14,2023-01-28,0
CUST00715,64,Female,South,Graduate,Self-Employed,1454326.11,664000.12,Business,537.3,10,462,34.6,2020-05-21,1
CUST00716,25,Male,West,Graduate,Self-Employed,430344.3,138078.84,Other,737.0,0,242,103.37,2025-12-04,1
CUST00717,54,Female,North,Primary,Unemployed,554554.74,1033415.15,Home,454.2,8,437,55.04,2024-11-24,1
CUST00718,52,Male,South,Secondary,Unemployed,2827906.9,487733.81,Other,327.9,3,136,97.09,2025-04-05,1
CUST00719,50,Male,South,Graduate,Salaried,808986.74,1458233.44,Car,355.5,23,498,39.77,2026-03-09,1
CUST00720,27,Other,North,Primary,Salaried,1120896.04,1104835.23,Business,306.3,7,120,34.17,2025-08-29,1
CUST00721,41,Male,North,Secondary,Unemployed,1373329.03,1690897.62,Home,502.6,14,264,6.86,2024-05-14,1
CUST00722,43,Female,North,Primary,Self-Employed,968317.56,741636.67,Car,318.5,2,333,94.14,2023-05-01,1
CUST00723,20,Female,North,Graduate,Unemployed,254122.19,1845971.53,Home,602.4,17,193,97.9,2018-04-07,0
CUST00724,33,Male,South,Graduate,Unemployed,1940567.93,369280.95,Car,319.0,17,249,37.11,2021-06-26,1
CUST00725,59,Female,North,Secondary,Self-Employed,740324.0,945248.29,Other,814.4,4,447,115.34,2021-08-10,1
CUST00726,44,Other,South,Secondary,Salaried,848303.98,519288.06,Education,319.9,17,168,64.13,2023-03-03,1
CUST00727,22,Male,West,Graduate,Unemployed,1839709.17,229938.88,Home,384.0,4,412,56.62,2025-07-20,1
CUST00728,32,Male,North,Primary,Unemployed,191429.68,185574.77,Education,831.7,15,363,15.65,2018-05-20,0
CUST00729,52,Male,West,Graduate,Salaried,1975818.0,1546073.96,Home,775.3,24,48,63.27,2020-05-15,0
CUST00730,45,Other,West,Primary,Salaried,2788778.04,476224.01,Home,654.2,13,56,96.66,2020-06-02,0
CUST00731,60,Female,East,Secondary,Unemployed,748039.9,861746.01,Other,808.0,18,440,113.02,2023-08-03,0
CUST00732,56,Male,West,Post-Graduate,Unemployed,1696862.9,783392.38,Other,363.4,8,457,35.09,2024-04-17,1
CUST00733,60,Male,South,Secondary,Unemployed,2242507.95,1407878.21,Other,314.8,18,342,88.69,2022-06-13,1
CUST00734,23,Female,South,Post-Graduate,Self-Employed,2877550.71,813665.08,Education,809.5,8,341,38.85,2025-08-04,0
CUST00735,68,Other,North,Graduate,Self-Employed,1015414.97,488267.98,Education,837.6,0,281,91.19,2020-09-10,1
CUST00736,51,Male,South,Graduate,Self-Employed,1481372.3,1280014.98,Other,640.7,23,138,85.49,2018-06-23,0
CUST00737,45,Female,South,Secondary,Self-Employed,2860992.9,1654971.46,Other,701.3,23,163,45.11,2020-11-30,0
CUST00738,22,Female,North,Primary,Unemployed,2473182.16,1370409.28,Other,620.8,20,322,53.36,2024-03-11,0
CUST00739,37,Female,West,Post-Graduate,Unemployed,585217.85,1409416.26,Car,837.3,9,450,117.14,2018-12-30,0
CUST00740,47,Other,South,Graduate,Salaried,2837440.22,1191537.83,Education,769.2,24,448,111.62,2024-06-12,0
CUST00741,67,Female,East,Secondary,Salaried,1107383.6,403506.14,Business,732.6,11,264,94.14,2019-12-20,0
CUST00742,24,Male,West,Post-Graduate,Unemployed,2277801.38,1318787.51,Business,476.3,13,482,67.18,2018-10-09,1
CUST00743,55,Other,South,Secondary,Salaried,2845762.56,1002354.96,Other,526.5,0,468,77.74,2018-09-11,1
CUST00744,20,Female,South,Graduate,Unemployed,308158.66,659136.26,Other,690.1,7,259,44.9,2024-06-02,0
CUST00745,38,Other,South,Post-Graduate,Self-Employed,2509017.62,152136.5,Education,609.3,9,468,22.8,2018-11-19,0
CUST00746,63,Male,South,Post-Graduate,Unemployed,1133979.82,1004378.28,Car,374.5,1,23,59.18,2023-01-30,1
CUST00747,32,Female,North,Graduate,Self-Employed,191641.41,1266455.88,Other,820.3,23,119,15.49,2021-02-11,0
CUST00748,47,Male,South,Graduate,Salaried,787594.81,1286342.9,Other,501.7,18,138,69.87,2021-03-25,1
CUST00749,21,Female,West,Secondary,Unemployed,1530788.27,587306.5,Home,384.2,5,30,52.59,2025-12-17,1
CUST00750,56,Male,North,Secondary,Unemployed,1666181.91,787018.01,Education,812.7,4,319,106.42,2024-07-12,1
CUST00751,18,Female,East,Primary,Salaried,1422144.03,1109615.63,Business,475.3,5,446,84.9,2020-12-22,1
CUST00752,56,Female,South,Secondary,Unemployed,170185.43,1485040.38,Business,767.9,11,349,37.98,2024-03-11,0
CUST00753,27,Male,South,Post-Graduate,Unemployed,2152483.3,703221.46,Other,457.3,24,60,57.17,2023-09-29,1
CUST00754,56,Male,East,Graduate,Salaried,1658240.08,148904.06,Other,622.4,2,483,39.36,2021-11-23,1
CUST00755,57,Male,East,Primary,Salaried,2158890.4,1261036.34,Business,713.7,23,297,73.1,2024-02-22,0
CUST00756,67,Other,West,Secondary,Salaried,2457201.53,622401.62,Car,365.2,22,243,37.16,2018-12-17,1
CUST00757,51,Female,West,Secondary,Unemployed,2283604.64,872694.13,Education,582.9,16,432,17.01,2018-04-12,0
CUST00758,60,Male,West,Post-Graduate,Unemployed,327244.55,1190321.31,Other,570.4,16,162,53.21,2019-12-07,0
CUST00759,24,Male,South,Secondary,Self-Employed,2319113.94,94417.45,Home,344.9,13,143,79.0,2018-03-09,1
CUST00760,48,Female,East,Primary,Unemployed,2237877.72,557638.16,Other,674.1,19,35,30.06,2025-11-21,0
CUST00761,35,Male,North,Primary,Unemployed,2799785.44,987018.81,Education,445.7,4,243,117.68,2022-01-08,1
CUST00762,58,Other,West,Secondary,Unemployed,2915899.54,1671288.57,Education,686.2,6,159,78.84,2018-03-18,0
CUST00763,48,Male,West,Primary,Salaried,2450967.98,1779135.57,Car,555.7,10,438,48.0,2021-12-28,0
CUST00764,63,Male,North,Secondary,Self-Employed,881586.48,1848559.31,Education,580.0,15,73,76.85,2018-01-23,0
CUST00765,26,Male,North,Secondary,Self-Employed,2215915.15,1982996.17,Education,330.3,4,344,63.62,2018-10-05,1
CUST00766,35,Male,South,Graduate,Self-Employed,2347200.59,391222.84,Car,695.1,7,51,19.38,2020-03-15,0
CUST00767,30,Other,North,Primary,Self-Employed,2251716.48,828333.56,Car,770.2,3,38,79.45,2023-05-30,1
CUST00768,54,Female,North,Graduate,Unemployed,2532237.5,982987.38,Other,403.5,23,61,19.31,2024-11-06,1
CUST00769,36,Female,East,Secondary,Salaried,367673.35,1892128.05,Business,522.4,10,124,33.78,2026-03-08,1
CUST00770,24,Female,West,Secondary,Salaried,1339667.55,495960.28,Other,656.3,21,165,31.69,2021-01-11,0
CUST00771,40,Other,North,Post-Graduate,Self-Employed,1238586.2,120624.26,Other,402.5,5,288,92.13,2024-12-01,1
CUST00772,44,Female,East,Post-Graduate,Salaried,866099.69,1221650.45,Education,480.0,7,113,32.98,2020-02-04,1
CUST00773,39,Other,East,Post-Graduate,Unemployed,519057.15,49453.32,Other,632.4,21,274,100.18,2019-03-12,0
CUST00774,21,Other,South,Primary,Self-Employed,327996.26,1308684.16,Other,396.6,9,445,64.74,2019-06-15,1
CUST00775,36,Male,North,Graduate,Unemployed,2258386.02,1316271.31,Business,395.5,3,112,16.03,2024-05-06,1
CUST00776,65,Male,North,Primary,Self-Employed,2649904.21,1280153.45,Home,698.2,5,135,112.75,2022-07-24,1
CUST00777,28,Other,East,Secondary,Unemployed,2966341.73,1705302.69,Home,591.6,1,165,31.41,2024-08-26,1
CUST00778,57,Female,South,Post-Graduate,Salaried,245815.4,344759.55,Home,687.5,12,99,7.38,2021-05-05,0
CUST00779,46,Male,North,Secondary,Unemployed,274174.99,1791850.92,Education,739.0,16,388,55.75,2022-07-02,0
CUST00780,43,Female,East,Secondary,Unemployed,154569.47,614026.4,Car,425.2,2,332,23.55,2021-04-23,1
CUST00781,68,Male,North,Graduate,Unemployed,272048.59,793362.85,Car,402.6,24,79,60.35,2025-10-03,1
CUST00782,41,Male,West,Graduate,Unemployed,1328468.45,1225014.2,Business,741.1,15,120,76.08,2019-04-21,0
CUST00783,70,Other,West,Primary,Unemployed,680872.18,1839442.69,Other,614.0,4,66,47.16,2018-12-24,1
CUST00784,69,Male,East,Primary,Self-Employed,591458.17,1669403.79,Car,584.4,21,460,87.33,2024-09-09,0
CUST00785,48,Male,East,Secondary,Unemployed,1327968.0,1781119.04,Car,768.0,10,274,34.73,2019-09-01,0
CUST00786,50,Male,West,Secondary,Self-Employed,2761610.92,547347.44,Car,522.0,13,172,106.07,2021-09-24,1
CUST00787,49,Male,North,Primary,Unemployed,1224565.94,224980.61,Education,390.1,16,45,86.72,2023-03-24,1
CUST00788,67,Male,East,Post-Graduate,Unemployed,1479018.25,235744.15,Other,434.2,18,123,25.41,2020-09-09,1
CUST00789,32,Other,South,Secondary,Self-Employed,1629004.08,1707721.29,Car,590.3,1,158,34.94,2020-11-04,1
CUST00790,26,Other,North,Graduate,Salaried,1556521.1,304493.25,Other,543.0,24,235,106.41,2018-02-03,1
CUST00791,51,Female,South,Graduate,Self-Employed,2183582.2,1962237.41,Other,398.4,4,79,87.42,2019-03-11,1
CUST00792,60,Other,North,Post-Graduate,Self-Employed,1380978.89,858910.81,Home,545.0,11,228,10.5,2019-02-04,1
CUST00793,61,Female,West,Secondary,Unemployed,2694985.33,1333596.54,Education,512.0,10,129,31.94,2023-07-29,1
CUST00794,68,Other,East,Post-Graduate,Salaried,272249.8,1359073.8,Car,613.5,1,226,100.0,2022-12-12,1
CUST00795,33,Male,West,Secondary,Self-Employed,2024416.62,1841254.66,Home,346.3,8,260,12.08,2026-01-14,1
CUST00796,51,Other,West,Primary,Unemployed,1199526.9,513948.91,Education,749.9,20,386,106.77,2024-09-20,0
CUST00797,44,Other,South,Primary,Salaried,488105.12,1768261.59,Home,582.4,21,496,101.59,2025-03-01,0
CUST00798,60,Male,South,Post-Graduate,Unemployed,2307982.1,1807106.22,Car,591.6,0,381,84.12,2024-02-26,1
CUST00799,43,Male,South,Graduate,Self-Employed,2997284.63,618003.24,Car,633.7,18,202,17.77,2024-05-11,0
CUST00800,20,Female,North,Graduate,Unemployed,600461.4,324626.47,Car,426.6,10,76,93.23,2024-09-16,1
CUST00801,34,Other,South,Graduate,Self-Employed,841929.8,1347512.87,Business,572.1,10,173,84.51,2023-12-26,0
CUST00802,34,Male,South,Post-Graduate,Salaried,1284423.42,1839369.93,Education,636.5,21,70,24.18,2025-11-03,0
CUST00803,19,Other,North,Post-Graduate,Unemployed,1493057.06,1366243.4,Car,529.5,15,413,74.73,2020-07-03,1
CUST00804,39,Male,North,Post-Graduate,Self-Employed,1837562.01,97580.61,Business,676.3,20,107,104.24,2018-12-30,0
CUST00805,34,Female,West,Graduate,Self-Employed,606550.97,562624.5,Education,718.5,2,393,114.36,2025-11-14,1
CUST00806,57,Female,West,Primary,Salaried,693525.23,933594.85,Business,374.3,10,399,100.34,2024-02-02,1
CUST00807,55,Male,West,Primary,Self-Employed,2941872.08,1247742.01,Business,790.7,23,18,114.06,2023-08-12,0
CUST00808,58,Male,East,Post-Graduate,Unemployed,689289.55,265068.67,Home,482.7,4,392,94.09,2021-12-24,1
CUST00809,50,Male,South,Post-Graduate,Salaried,2892790.24,382132.37,Car,738.2,23,163,115.23,2021-01-02,0
CUST00810,18,Male,South,Graduate,Unemployed,795621.19,1273256.47,Business,500.7,23,41,119.24,2024-08-26,1
CUST00811,67,Other,East,Graduate,Self-Employed,1558838.0,827158.03,Home,409.8,20,166,89.97,2021-09-30,1
CUST00812,63,Other,West,Graduate,Unemployed,1436916.03,683604.34,Car,612.2,19,166,68.69,2025-10-26,0
CUST00813,22,Male,West,Secondary,Self-Employed,2778802.59,236086.22,Education,397.3,18,462,89.08,2018-06-06,1
CUST00814,52,Male,North,Secondary,Salaried,2486631.22,873947.14,Education,348.9,23,83,94.94,2025-11-27,1
CUST00815,22,Female,West,Secondary,Salaried,1642780.22,1287136.18,Car,420.3,10,394,84.72,2025-07-14,1
CUST00816,37,Other,West,Primary,Self-Employed,600377.37,317992.2,Education,537.3,14,78,81.95,2019-11-07,1
CUST00817,70,Female,East,Post-Graduate,Unemployed,706679.2,1376867.72,Home,544.3,17,102,89.35,2024-09-16,1
CUST00818,19,Male,East,Secondary,Self-Employed,380847.51,260866.3,Home,476.4,13,68,28.19,2018-08-13,1
CUST00819,43,Female,South,Post-Graduate,Unemployed,456581.96,132890.83,Business,547.2,6,112,35.56,2021-10-22,1
CUST00820,43,Male,West,Primary,Unemployed,2998146.13,99031.81,Other,466.2,21,143,59.2,2019-10-16,1
CUST00821,54,Female,South,Post-Graduate,Unemployed,1703840.16,1782845.82,Home,337.7,14,299,65.99,2025-09-13,1
CUST00822,62,Other,East,Post-Graduate,Unemployed,226473.13,222580.5,Other,813.5,14,171,62.48,2019-01-08,0
CUST00823,49,Female,South,Post-Graduate,Unemployed,238026.11,434767.28,Other,743.4,17,481,102.07,2019-08-06,0
CUST00824,56,Other,North,Graduate,Unemployed,1830785.99,1514589.85,Business,541.1,11,121,53.66,2025-12-07,1
CUST00825,44,Other,South,Graduate,Self-Employed,769197.57,640476.0,Other,351.8,10,207,79.11,2019-02-15,1
CUST00826,24,Other,South,Post-Graduate,Unemployed,2283206.64,1234453.49,Other,832.0,9,18,40.58,2021-03-03,0
CUST00827,54,Other,East,Post-Graduate,Unemployed,943502.93,1145299.04,Education,674.4,19,420,96.56,2023-08-01,0
CUST00828,28,Other,North,Graduate,Self-Employed,2950051.89,1377205.26,Business,680.9,0,52,5.19,2022-05-31,1
CUST00829,64,Male,West,Primary,Self-Employed,2480688.01,975767.5,Car,615.9,19,19,59.39,2023-11-12,0
CUST00830,69,Other,East,Primary,Self-Employed,2362392.25,990727.48,Home,319.5,15,200,108.41,2019-11-08,1
CUST00831,53,Other,East,Graduate,Salaried,2325068.43,1002232.38,Business,458.1,0,33,89.44,2018-06-30,1
CUST00832,45,Other,East,Post-Graduate,Unemployed,1349535.3,149228.63,Home,656.8,7,337,93.81,2020-01-27,0
CUST00833,56,Male,East,Post-Graduate,Unemployed,1860294.33,300808.45,Home,577.4,17,217,62.53,2023-07-15,0
CUST00834,40,Other,East,Primary,Salaried,242114.37,971414.5,Home,419.3,13,321,49.1,2018-08-10,1
CUST00835,47,Other,West,Graduate,Unemployed,2140473.25,713691.52,Education,776.5,15,396,119.66,2024-08-06,0
CUST00836,43,Male,South,Primary,Unemployed,1841595.28,1728019.73,Business,475.5,24,20,67.14,2025-06-27,1
CUST00837,31,Male,South,Secondary,Salaried,865088.14,1055367.06,Education,489.7,15,43,57.04,2019-04-18,1
CUST00838,21,Male,North,Secondary,Self-Employed,1354940.37,1664773.3,Education,600.2,1,327,83.76,2024-09-05,1
CUST00839,46,Other,East,Secondary,Self-Employed,952167.45,1564453.07,Education,710.1,11,252,41.49,2024-07-06,0
CUST00840,35,Female,West,Secondary,Salaried,2870577.44,1505163.33,Car,523.7,23,294,58.47,2019-06-15,1
CUST00841,63,Other,South,Graduate,Self-Employed,2349192.84,1460074.55,Other,823.0,22,5,8.93,2025-06-09,0
CUST00842,55,Female,West,Graduate,Unemployed,2939793.35,953168.79,Other,683.6,8,474,103.5,2020-06-18,0
CUST00843,61,Female,East,Primary,Unemployed,417157.04,1209151.03,Other,540.8,15,320,82.85,2018-12-29,1
CUST00844,44,Female,North,Primary,Unemployed,567041.45,1264880.16,Education,420.3,0,427,83.45,2023-04-08,1
CUST00845,70,Other,South,Secondary,Unemployed,837089.24,448798.88,Home,527.9,18,84,103.94,2021-03-23,1
CUST00846,58,Other,North,Secondary,Salaried,2211845.63,300017.06,Education,431.7,3,286,53.85,2019-02-11,1
CUST00847,59,Other,West,Primary,Unemployed,2429944.97,542160.7,Other,787.3,15,42,60.44,2020-09-05,0
CUST00848,43,Other,East,Graduate,Unemployed,1430148.01,1658462.37,Car,416.0,2,263,23.47,2021-09-23,1
CUST00849,60,Female,North,Post-Graduate,Self-Employed,1171772.48,256118.45,Other,551.8,20,239,78.21,2026-02-07,0
CUST00850,33,Other,South,Post-Graduate,Self-Employed,2352161.73,1653395.7,Home,761.7,2,494,52.03,2019-05-19,1
CUST00851,39,Female,South,Secondary,Self-Employed,2016976.8,1841747.76,Business,533.9,12,489,14.22,2024-09-03,1
CUST00852,31,Female,East,Primary,Self-Employed,902043.09,953340.91,Education,571.7,10,99,6.12,2022-01-30,0
CUST00853,48,Other,West,Primary,Self-Employed,2000085.51,83965.64,Business,830.2,5,218,12.77,2019-10-16,1
CUST00854,25,Male,West,Post-Graduate,Unemployed,216388.82,1969473.23,Business,549.9,16,92,91.46,2019-05-11,1
CUST00855,64,Male,North,Graduate,Self-Employed,351478.54,1391713.73,Car,722.6,8,72,80.93,2025-12-31,0
CUST00856,70,Female,North,Secondary,Self-Employed,719096.63,140832.96,Car,706.0,13,108,31.47,2020-07-03,0
CUST00857,57,Male,North,Secondary,Self-Employed,879895.06,233489.88,Car,459.5,3,148,104.32,2020-12-10,1
CUST00858,49,Male,East,Post-Graduate,Unemployed,2638241.66,1294486.8,Home,576.8,16,206,9.54,2021-02-20,0
CUST00859,26,Female,West,Post-Graduate,Salaried,2003326.58,474557.16,Car,322.7,13,92,115.38,2021-11-23,1
CUST00860,30,Male,South,Graduate,Salaried,1748280.24,468773.96,Home,394.8,23,189,28.79,2022-09-04,1
CUST00861,58,Male,South,Primary,Unemployed,1626938.37,1186957.57,Car,700.8,23,334,31.18,2025-09-07,0
CUST00862,52,Female,East,Graduate,Unemployed,2963191.25,552265.01,Home,390.5,16,274,55.51,2023-01-24,1
CUST00863,55,Male,South,Primary,Self-Employed,1257481.37,1398313.83,Education,818.6,14,212,86.67,2025-07-20,0
CUST00864,46,Other,North,Secondary,Self-Employed,2820919.29,1380746.28,Education,787.2,9,304,12.89,2025-11-16,0
CUST00865,34,Male,East,Graduate,Self-Employed,1181748.63,701097.47,Car,397.5,8,414,15.86,2025-03-31,1
CUST00866,50,Other,East,Graduate,Self-Employed,2318595.94,76240.53,Home,450.1,4,388,5.93,2018-07-12,1
CUST00867,56,Other,East,Primary,Salaried,2950405.14,1388966.25,Education,730.0,3,448,74.39,2020-09-30,1
CUST00868,28,Other,East,Post-Graduate,Unemployed,2455421.87,1560591.5,Other,643.9,12,425,66.6,2024-10-15,0
CUST00869,28,Male,North,Primary,Self-Employed,1919143.15,1877250.87,Education,615.2,10,472,112.33,2024-10-05,0
CUST00870,67,Male,East,Primary,Salaried,2624276.75,432631.01,Home,677.9,15,390,77.23,2021-08-14,0
CUST00871,23,Male,West,Primary,Unemployed,1126546.01,1322463.09,Car,393.8,4,341,26.02,2019-08-13,1
CUST00872,45,Male,South,Secondary,Salaried,2453761.94,1755926.18,Car,315.0,11,274,84.81,2024-12-07,1
CUST00873,64,Male,East,Primary,Salaried,253010.23,115357.18,Other,703.6,13,498,79.37,2021-09-13,0
CUST00874,49,Male,East,Graduate,Unemployed,1423641.15,1052846.33,Business,455.1,0,270,7.49,2024-12-02,1
CUST00875,20,Other,East,Graduate,Unemployed,1709421.66,1333789.89,Business,709.2,7,284,67.34,2025-01-10,0
CUST00876,59,Female,South,Secondary,Unemployed,773812.12,1973477.06,Car,617.3,1,308,20.82,2024-12-17,1
CUST00877,47,Female,South,Primary,Unemployed,2046572.89,1737927.99,Business,680.7,11,190,113.09,2021-01-13,0
CUST00878,57,Female,East,Primary,Self-Employed,2063365.42,435530.02,Car,453.3,23,219,88.24,2025-01-11,1
CUST00879,60,Female,South,Post-Graduate,Unemployed,2667551.96,1262673.33,Business,565.3,17,342,119.11,2024-12-22,0
CUST00880,19,Other,East,Secondary,Unemployed,1250348.16,24032.42,Home,496.3,19,145,40.5,2023-02-11,1
CUST00881,59,Other,South,Post-Graduate,Salaried,2263891.32,1239078.56,Home,845.5,5,180,104.35,2025-10-10,1
CUST00882,52,Other,South,Graduate,Self-Employed,1339647.92,1575636.81,Home,312.4,21,68,117.1,2021-06-14,1
CUST00883,25,Male,South,Graduate,Salaried,1037561.97,1297170.04,Education,576.1,7,186,97.04,2019-10-02,0
CUST00884,24,Female,West,Secondary,Self-Employed,2055847.74,480782.85,Other,381.6,7,106,50.54,2019-02-03,1
CUST00885,34,Other,North,Graduate,Self-Employed,1739552.18,609497.84,Other,648.1,4,217,58.37,2022-09-21,1
CUST00886,19,Female,North,Primary,Unemployed,2653624.35,857964.33,Other,330.2,9,81,93.42,2018-07-19,1
CUST00887,43,Other,East,Graduate,Self-Employed,766285.72,221568.95,Home,443.5,16,221,42.88,2022-10-12,1
CUST00888,55,Female,East,Graduate,Salaried,1834034.61,427362.22,Home,468.7,22,476,47.92,2024-05-09,1
CUST00889,42,Female,North,Graduate,Unemployed,469667.85,273692.17,Education,539.3,1,423,77.21,2020-12-09,1
CUST00890,33,Male,North,Graduate,Unemployed,2445066.57,914181.8,Education,428.4,14,495,100.93,2023-08-26,1
CUST00891,20,Other,West,Primary,Self-Employed,1299243.36,1988613.29,Home,769.3,1,248,119.02,2018-02-10,1
CUST00892,62,Female,South,Graduate,Salaried,1028051.72,1128804.69,Home,726.3,13,164,48.39,2022-08-02,0
CUST00893,69,Male,North,Post-Graduate,Unemployed,743358.35,1541122.53,Car,546.1,18,455,101.37,2020-08-29,1
CUST00894,43,Male,East,Secondary,Salaried,2003955.33,234590.04,Car,498.5,3,181,49.98,2020-05-11,1
CUST00895,27,Male,North,Graduate,Unemployed,1529944.26,76890.04,Other,653.6,7,46,32.14,2022-07-27,0
CUST00896,48,Male,South,Secondary,Salaried,2715994.05,325623.02,Other,485.1,9,355,63.85,2019-12-16,1
CUST00897,20,Other,North,Post-Graduate,Self-Employed,293207.64,1352831.3,Education,393.6,22,247,51.64,2019-04-11,1
CUST00898,56,Other,North,Primary,Unemployed,1279995.47,1504478.67,Other,387.2,13,219,80.02,2019-03-16,1
CUST00899,47,Male,North,Post-Graduate,Unemployed,306712.25,1173861.17,Education,536.4,13,276,56.66,2019-12-25,1
CUST00900,34,Female,West,Primary,Salaried,1916228.05,1294251.44,Other,806.6,15,401,95.41,2024-03-03,0
CUST00901,41,Other,South,Primary,Self-Employed,239952.55,315306.12,Car,480.5,15,443,41.69,2020-01-14,1
CUST00902,43,Other,North,Secondary,Self-Employed,2792941.83,781975.16,Other,715.1,3,204,83.74,2018-09-14,1
CUST00903,22,Male,North,Primary,Unemployed,1407115.66,1701640.63,Business,567.2,6,315,63.86,2026-01-14,0
CUST00904,66,Male,South,Secondary,Self-Employed,1313910.99,1971638.58,Business,481.4,16,362,95.83,2023-04-19,1
CUST00905,60,Other,East,Secondary,Unemployed,2265564.86,684185.36,Home,435.9,18,95,96.26,2024-10-31,1
CUST00906,61,Female,South,Graduate,Unemployed,1838016.74,125017.71,Home,379.9,8,209,61.35,2018-06-15,1
CUST00907,32,Male,North,Primary,Unemployed,243354.26,1346527.75,Home,758.9,3,197,90.45,2021-11-09,1
CUST00908,37,Male,West,Graduate,Unemployed,1358753.77,370001.62,Business,486.1,22,453,7.53,2019-05-14,1
CUST00909,25,Female,South,Graduate,Salaried,1587473.13,1175300.26,Education,380.8,19,371,81.95,2020-12-23,1
CUST00910,22,Other,South,Graduate,Self-Employed,701767.99,845664.63,Car,319.8,0,79,78.64,2019-01-11,1
CUST00911,18,Male,West,Post-Graduate,Self-Employed,2790819.82,1139357.96,Home,371.1,18,383,82.38,2020-09-12,1
CUST00912,54,Other,East,Secondary,Self-Employed,868622.28,1370003.8,Education,610.8,20,476,99.28,2022-03-02,0
CUST00913,46,Male,West,Primary,Salaried,2827673.37,1539607.45,Car,618.8,10,8,6.79,2019-09-15,0
CUST00914,60,Other,South,Graduate,Unemployed,1622755.75,1876818.07,Other,817.7,20,4,58.74,2020-01-20,0
CUST00915,56,Male,West,Graduate,Salaried,158043.64,1147363.79,Home,818.5,18,43,71.94,2023-07-01,0
CUST00916,60,Male,North,Primary,Unemployed,1782611.11,1182243.01,Car,733.1,21,51,116.33,2019-04-06,0
CUST00917,26,Other,North,Secondary,Unemployed,1522308.11,862757.51,Business,503.2,5,144,5.53,2019-09-26,1
CUST00918,62,Male,North,Post-Graduate,Unemployed,842525.52,1593047.64,Other,698.6,5,103,100.75,2022-12-14,1
CUST00919,37,Male,West,Graduate,Self-Employed,1633580.01,1359538.76,Education,515.5,6,60,32.89,2024-06-27,1
CUST00920,63,Female,East,Graduate,Salaried,1183311.87,1239745.79,Other,836.4,17,305,45.94,2021-05-08,0
CUST00921,36,Other,West,Primary,Unemployed,1479312.61,1015954.78,Business,362.0,8,355,26.01,2022-02-11,1
CUST00922,34,Male,North,Primary,Unemployed,538065.26,1430436.8,Car,629.7,24,224,27.0,2020-08-20,0
CUST00923,37,Female,East,Secondary,Unemployed,2725678.58,1041110.79,Car,753.9,16,149,36.23,2020-01-31,0
CUST00924,50,Female,South,Graduate,Self-Employed,1268236.31,792832.84,Home,323.4,18,9,106.82,2024-02-12,1
CUST00925,43,Female,North,Post-Graduate,Self-Employed,850468.23,399036.23,Home,404.9,22,117,108.33,2024-03-11,1
CUST00926,63,Male,North,Graduate,Salaried,128519.31,496436.35,Car,371.8,14,476,69.6,2018-07-08,1
CUST00927,29,Female,South,Post-Graduate,Salaried,1623446.24,896906.18,Other,566.8,14,244,110.34,2025-05-03,0
CUST00928,21,Male,West,Primary,Salaried,1150522.68,261105.65,Business,704.4,13,242,50.75,2026-01-12,0
CUST00929,63,Other,South,Post-Graduate,Salaried,1358723.09,868356.08,Other,484.0,24,8,111.1,2024-08-22,1
CUST00930,53,Male,North,Post-Graduate,Self-Employed,711069.04,989208.37,Home,818.9,4,320,25.43,2025-01-23,1
CUST00931,67,Other,West,Graduate,Unemployed,1250053.8,1023605.79,Education,594.9,11,452,82.9,2022-05-11,0
CUST00932,51,Male,South,Post-Graduate,Salaried,1305174.71,323741.68,Education,363.7,17,180,67.47,2018-09-03,1
CUST00933,54,Other,South,Graduate,Self-Employed,1209165.67,208237.0,Car,781.8,0,453,25.36,2023-09-06,1
CUST00934,53,Male,East,Primary,Unemployed,2454526.8,1904327.51,Home,349.7,18,163,20.73,2020-04-11,1
CUST00935,42,Female,West,Post-Graduate,Unemployed,1516023.23,1589793.82,Business,392.1,20,380,76.42,2018-10-13,1
CUST00936,64,Male,South,Graduate,Unemployed,1285883.7,571380.33,Car,383.1,24,405,8.61,2024-03-14,1
CUST00937,33,Female,South,Secondary,Salaried,2346423.11,1425645.73,Business,556.3,20,366,33.85,2021-08-19,0
CUST00938,26,Other,West,Graduate,Salaried,1340882.66,1920188.58,Other,640.3,9,236,113.71,2018-02-23,0
CUST00939,22,Other,West,Primary,Unemployed,1507321.98,444483.18,Business,499.2,23,163,25.84,2022-11-26,1
CUST00940,42,Other,North,Primary,Unemployed,2818151.34,1596059.45,Other,703.1,4,374,90.04,2024-08-29,1
CUST00941,27,Male,South,Post-Graduate,Unemployed,146699.01,490326.76,Home,714.1,7,308,54.32,2020-12-09,0
CUST00942,48,Male,West,Primary,Salaried,2898663.56,741339.02,Car,620.1,21,304,8.92,2023-12-14,0
CUST00943,64,Other,West,Graduate,Self-Employed,1669825.0,20912.53,Business,464.8,4,215,66.98,2018-09-02,1
CUST00944,66,Other,North,Primary,Unemployed,782586.12,1296104.61,Home,683.1,13,156,6.36,2022-05-20,0
CUST00945,38,Female,East,Post-Graduate,Unemployed,1722424.72,678755.09,Home,340.3,3,157,50.94,2024-12-05,1
CUST00946,27,Female,South,Secondary,Salaried,712820.26,1736114.49,Other,313.9,17,113,40.9,2020-06-14,1
CUST00947,19,Male,East,Graduate,Self-Employed,787690.5,1779065.7,Other,379.6,11,441,60.58,2024-05-13,1
CUST00948,39,Other,East,Post-Graduate,Unemployed,2425775.16,1669739.18,Car,423.2,24,418,22.94,2024-11-25,1
CUST00949,49,Female,East,Post-Graduate,Salaried,516783.03,693350.62,Car,497.8,18,424,26.68,2026-02-23,1
CUST00950,31,Male,North,Graduate,Salaried,938715.62,115923.51,Other,461.3,6,378,78.8,2019-11-19,1
CUST00951,53,Male,North,Graduate,Unemployed,918375.55,1948305.35,Business,434.5,16,247,24.3,2023-08-14,1
CUST00952,54,Other,East,Primary,Salaried,2223219.28,183155.0,Home,730.0,12,144,58.15,2021-10-19,0
CUST00953,51,Female,North,Graduate,Salaried,1662907.53,1830089.59,Education,537.3,2,436,5.62,2023-12-03,1
CUST00954,44,Male,South,Secondary,Unemployed,2565176.88,1662866.18,Business,398.3,15,274,41.63,2018-03-25,1
CUST00955,55,Male,West,Post-Graduate,Self-Employed,2508253.84,1075602.62,Car,636.2,18,226,58.01,2023-04-13,0
CUST00956,45,Other,North,Graduate,Unemployed,664064.48,1383830.0,Home,344.7,21,444,42.23,2025-08-22,1
CUST00957,20,Female,East,Primary,Salaried,1287901.9,1183388.33,Education,734.4,2,99,95.74,2021-09-06,1
CUST00958,36,Male,East,Post-Graduate,Self-Employed,1947259.02,1622466.45,Education,668.3,5,47,28.62,2020-01-29,1
CUST00959,22,Male,South,Secondary,Self-Employed,2976932.53,825612.45,Business,443.9,5,438,109.3,2023-12-04,1
CUST00960,49,Female,North,Graduate,Unemployed,2452592.01,416925.88,Business,495.1,23,321,76.38,2019-07-06,1
CUST00961,22,Female,North,Primary,Salaried,1686420.47,401493.68,Business,344.9,23,481,101.71,2020-01-18,1
CUST00962,37,Female,East,Graduate,Unemployed,302757.27,716853.98,Car,348.8,4,263,65.78,2022-03-14,1
CUST00963,57,Male,North,Graduate,Salaried,1003956.28,439966.35,Education,688.2,11,164,55.66,2020-10-04,0
CUST00964,34,Male,North,Post-Graduate,Self-Employed,935832.28,1749508.55,Car,626.4,6,12,16.38,2024-12-08,0
CUST00965,53,Female,West,Primary,Unemployed,1608742.58,1135746.5,Business,711.4,7,489,11.7,2024-12-18,0
CUST00966,46,Male,East,Post-Graduate,Self-Employed,1399903.64,1958406.82,Other,661.9,1,233,51.7,2023-09-15,1
CUST00967,22,Female,North,Graduate,Unemployed,514658.85,1547802.93,Education,417.0,15,379,15.84,2019-01-09,1
CUST00968,32,Female,North,Post-Graduate,Salaried,726472.62,126385.0,Other,538.8,6,277,88.79,2021-10-30,1
CUST00969,53,Female,West,Graduate,Self-Employed,223175.64,677434.07,Business,627.6,23,40,111.89,2019-11-02,0
CUST00970,24,Other,North,Primary,Salaried,800899.47,791357.56,Business,395.8,12,478,33.01,2022-11-29,1
CUST00971,36,Male,North,Graduate,Unemployed,813688.61,496532.19,Car,567.1,13,371,67.0,2022-01-02,0
CUST00972,44,Male,North,Post-Graduate,Self-Employed,891909.56,7870.45,Home,647.6,15,118,83.32,2024-10-13,0
CUST00973,38,Female,South,Graduate,Self-Employed,914741.62,1039957.04,Other,826.3,10,158,24.36,2018-10-02,0
CUST00974,19,Other,East,Secondary,Self-Employed,1674030.17,1495968.43,Other,575.5,20,173,25.45,2020-06-30,0
CUST00975,70,Male,North,Graduate,Unemployed,2293096.06,1828029.08,Other,837.4,22,304,50.14,2021-07-05,0
CUST00976,58,Male,North,Primary,Salaried,1625918.22,1173779.69,Business,656.5,5,498,20.25,2025-08-03,1
CUST00977,62,Other,East,Graduate,Salaried,625447.94,401607.46,Car,633.4,21,86,12.87,2020-12-24,0
CUST00978,50,Male,South,Primary,Salaried,204883.03,1067585.62,Other,394.3,21,263,40.0,2019-10-16,1
CUST00979,68,Other,West,Primary,Self-Employed,742598.94,233293.37,Car,621.6,21,80,106.38,2023-03-28,0
CUST00980,49,Other,West,Primary,Self-Employed,2145451.08,1094078.83,Home,630.6,8,190,109.36,2022-04-25,0
CUST00981,62,Female,West,Post-Graduate,Salaried,1348057.57,841077.19,Car,710.6,9,460,15.91,2018-08-23,0
CUST00982,23,Male,East,Graduate,Salaried,2368700.24,713328.48,Car,491.0,5,302,102.6,2024-07-07,1
CUST00983,62,Male,North,Primary,Self-Employed,388210.55,1181794.42,Business,350.2,17,19,82.54,2022-07-17,1
CUST00984,38,Female,West,Primary,Salaried,153706.7,64739.34,Home,782.1,13,482,113.07,2021-06-17,0
CUST00985,23,Female,East,Secondary,Unemployed,2389268.18,883132.87,Education,703.5,2,144,50.54,2023-03-31,1
CUST00986,27,Other,South,Primary,Salaried,2993693.94,1420011.77,Other,762.3,18,266,105.1,2024-07-29,0
CUST00987,52,Male,East,Post-Graduate,Unemployed,440206.58,438223.92,Car,533.9,17,492,24.33,2023-01-31,1
CUST00988,66,Other,North,Primary,Unemployed,2846201.21,1110609.52,Other,631.3,4,400,54.27,2020-09-21,1
CUST00989,49,Male,East,Secondary,Salaried,2379619.68,1157818.42,Business,835.8,11,74,34.4,2021-05-20,0
CUST00990,39,Female,South,Primary,Unemployed,651771.64,30057.61,Education,553.6,18,170,107.06,2021-04-11,0
CUST00991,29,Male,South,Secondary,Self-Employed,2862097.31,457809.85,Education,338.0,7,343,89.13,2022-08-25,1
CUST00992,61,Other,West,Primary,Self-Employed,316928.07,81803.84,Business,329.0,2,29,49.12,2025-11-06,1
CUST00993,35,Other,North,Graduate,Unemployed,1746657.55,1688245.57,Other,804.8,21,231,11.22,2023-12-26,0
CUST00994,18,Female,West,Post-Graduate,Unemployed,2854215.61,1241360.45,Education,585.0,10,17,55.14,2020-12-27,0
CUST00995,70,Male,West,Secondary,Self-Employed,2248010.52,102717.42,Car,649.9,19,137,104.43,2019-08-19,0
CUST00996,37,Male,West,Post-Graduate,Self-Employed,999019.6,385251.99,Car,466.6,10,144,16.06,2020-02-03,1
CUST00997,65,Other,North,Primary,Unemployed,2348116.09,1550559.57,Business,387.0,21,183,8.47,2021-05-20,1
CUST00998,65,Female,East,Primary,Self-Employed,886238.24,162942.2,Business,425.3,12,235,51.38,2019-08-24,1
CUST00999,70,Male,West,Primary,Unemployed,2834248.26,1977093.23,Education,713.7,20,480,54.46,2021-08-03,0
CUST01000,45,Male,South,Graduate,Salaried,1881292.92,1733649.73,Home,814.7,13,308,62.39,2023-11-27,0
CUST01001,50,Male,East,Primary,Self-Employed,2811364.26,365327.17,Business,323.6,7,132,28.04,2020-01-22,1
CUST01002,46,Female,East,Primary,Salaried,2733680.23,1481084.04,Education,845.6,17,197,87.26,2025-01-14,0
CUST01003,37,Male,East,Post-Graduate,Salaried,1158040.79,1861111.38,Education,494.9,4,350,50.58,2018-05-16,1
CUST01004,25,Male,South,Secondary,Self-Employed,1988378.63,1869118.84,Business,665.0,23,463,29.0,2025-09-26,0
CUST01005,42,Male,East,Graduate,Unemployed,2508221.37,710458.98,Car,656.8,13,485,117.01,2018-09-07,0
CUST01006,26,Male,North,Post-Graduate,Self-Employed,1661020.24,1947911.42,Car,630.0,22,404,57.2,2022-07-06,0
CUST01007,28,Other,West,Primary,Unemployed,1510478.04,430493.61,Education,620.2,4,72,29.3,2018-11-04,1
CUST01008,56,Female,East,Graduate,Unemployed,251020.59,536952.84,Home,485.4,17,6,71.46,2023-02-06,1
CUST01009,40,Female,West,Post-Graduate,Self-Employed,210031.16,28604.63,Other,321.5,10,274,99.59,2023-11-22,1
CUST01010,24,Other,East,Secondary,Self-Employed,1683574.57,102583.8,Education,724.3,11,149,11.54,2020-12-12,0
CUST01011,50,Female,South,Secondary,Unemployed,1531220.76,1833388.72,Other,550.5,9,350,75.24,2023-09-13,0
CUST01012,23,Male,East,Graduate,Self-Employed,2936308.95,1039108.43,Other,532.9,18,209,44.6,2018-03-29,1
CUST01013,24,Female,West,Graduate,Unemployed,977095.81,96786.32,Home,511.9,19,62,51.38,2024-05-14,1
CUST01014,44,Other,North,Secondary,Self-Employed,2557853.74,632134.19,Education,546.6,5,226,57.79,2023-04-02,1
CUST01015,35,Male,West,Primary,Unemployed,2548687.81,955287.59,Education,597.0,14,242,52.3,2019-06-18,0
CUST01016,21,Male,South,Primary,Self-Employed,2325294.71,969236.64,Other,389.8,20,94,51.68,2022-02-12,1
CUST01017,50,Male,West,Secondary,Salaried,1983110.57,1262325.32,Car,797.2,24,494,30.94,2023-11-11,0
CUST01018,44,Other,South,Post-Graduate,Unemployed,1366253.15,170674.36,Other,465.1,24,155,33.37,2019-10-01,1
CUST01019,21,Other,West,Secondary,Self-Employed,541193.2,759726.06,Education,783.8,5,320,70.15,2018-07-26,1
CUST01020,51,Male,South,Graduate,Unemployed,1428438.41,1726574.56,Other,361.4,12,158,96.8,2018-05-29,1
CUST01021,54,Other,East,Primary,Salaried,1839796.61,1152613.12,Business,847.3,19,384,85.81,2023-06-16,0
CUST01022,51,Male,East,Primary,Self-Employed,1695390.81,930348.84,Home,464.1,9,217,35.64,2024-12-12,1
CUST01023,67,Male,North,Graduate,Self-Employed,1703459.45,1265618.03,Other,451.4,17,402,12.88,2020-05-22,1
CUST01024,50,Other,East,Secondary,Salaried,1481789.6,1952180.91,Education,616.3,1,205,118.28,2024-04-09,1
CUST01025,40,Female,North,Primary,Self-Employed,1128265.59,60639.02,Business,396.3,10,475,10.41,2021-12-22,1
CUST01026,25,Other,West,Graduate,Self-Employed,1419726.78,1596513.72,Education,603.5,24,200,55.09,2024-12-12,0
CUST01027,38,Female,East,Post-Graduate,Self-Employed,2155238.22,1351119.88,Education,516.6,8,441,61.27,2023-10-24,1
CUST01028,70,Other,South,Graduate,Salaried,464039.63,1999209.44,Education,463.4,3,485,119.12,2023-04-20,1
CUST01029,66,Male,North,Graduate,Self-Employed,2816715.23,1148533.41,Home,378.8,15,371,25.82,2024-11-12,1
CUST01030,43,Other,South,Post-Graduate,Self-Employed,1661066.28,1616501.69,Education,788.1,16,345,72.2,2025-07-17,0
CUST01031,58,Male,North,Primary,Unemployed,2445927.29,880532.43,Car,484.8,3,379,61.23,2024-09-14,1
CUST01032,46,Male,West,Graduate,Unemployed,1281033.41,1938679.08,Home,636.7,17,110,36.79,2023-05-03,0
CUST01033,30,Male,East,Post-Graduate,Self-Employed,458938.33,582342.58,Other,478.7,4,370,60.9,2021-07-16,1
CUST01034,54,Female,North,Primary,Unemployed,1818513.52,564401.9,Other,666.3,3,104,111.34,2020-10-07,1
CUST01035,46,Male,South,Graduate,Self-Employed,1798172.81,812392.89,Home,503.9,11,490,64.69,2019-04-17,1
CUST01036,40,Other,South,Post-Graduate,Unemployed,558715.55,195392.08,Business,745.0,15,290,24.37,2022-07-04,0
CUST01037,33,Male,North,Graduate,Unemployed,2514922.97,476244.86,Education,499.5,1,341,55.99,2021-08-24,1
CUST01038,70,Male,South,Primary,Unemployed,1124345.84,1063337.55,Car,607.5,8,487,81.25,2026-03-01,0
CUST01039,55,Other,West,Graduate,Self-Employed,2211583.36,1461022.03,Business,762.6,19,254,88.91,2023-12-17,0
CUST01040,23,Male,East,Secondary,Unemployed,1884954.7,1958021.87,Education,399.1,4,15,106.91,2020-10-05,1
CUST01041,28,Male,North,Post-Graduate,Unemployed,2906202.43,475522.8,Home,607.3,14,371,75.51,2023-05-27,0
CUST01042,20,Female,East,Primary,Unemployed,1225396.34,1957743.02,Other,677.2,0,138,78.05,2019-12-10,1
CUST01043,58,Female,West,Post-Graduate,Self-Employed,974684.98,706639.26,Home,541.4,9,213,97.19,2021-05-20,1
CUST01044,46,Other,East,Secondary,Self-Employed,2839368.07,1639255.05,Other,621.7,21,168,7.69,2020-10-05,0
CUST01045,55,Other,West,Post-Graduate,Salaried,2661365.73,1530711.2,Education,483.4,18,494,76.32,2025-07-07,1
CUST01046,37,Female,South,Post-Graduate,Self-Employed,771008.32,736138.65,Other,682.0,17,380,77.1,2025-12-22,0
CUST01047,63,Male,East,Post-Graduate,Unemployed,514497.56,1899234.75,Home,447.9,10,421,14.26,2025-08-14,1
CUST01048,29,Male,North,Secondary,Self-Employed,1332028.07,1572293.51,Business,738.6,3,139,27.27,2023-10-31,1
CUST01049,25,Other,South,Graduate,Self-Employed,298320.12,277682.2,Business,634.0,0,345,104.71,2024-03-07,1
CUST01050,25,Female,West,Graduate,Salaried,2053834.8,849506.32,Business,778.4,2,102,24.18,2022-01-29,1
CUST01051,44,Female,North,Secondary,Salaried,2063056.57,961549.26,Business,544.9,8,205,66.6,2019-12-15,1
CUST01052,24,Female,North,Primary,Salaried,2592570.65,1301996.06,Home,677.0,8,77,46.24,2024-01-29,0
CUST01053,55,Female,North,Primary,Salaried,867587.36,388730.97,Business,362.7,16,38,53.54,2019-09-18,1
CUST01054,32,Female,East,Secondary,Unemployed,1718665.12,1974585.62,Other,415.2,14,4,95.78,2026-01-03,1
CUST01055,50,Female,West,Graduate,Unemployed,216439.25,100057.08,Education,519.7,4,85,41.21,2021-04-05,1
CUST01056,65,Male,South,Post-Graduate,Unemployed,2137821.59,1856028.52,Other,482.9,1,355,100.49,2024-09-22,1
CUST01057,65,Male,South,Secondary,Self-Employed,2630327.08,1877354.87,Other,611.2,15,193,27.98,2026-03-10,0
CUST01058,56,Female,East,Post-Graduate,Salaried,1798185.88,339696.33,Education,641.7,9,21,90.17,2018-03-09,0
CUST01059,60,Female,North,Post-Graduate,Salaried,863291.25,219923.03,Car,362.2,0,133,81.9,2025-09-10,1
CUST01060,18,Female,West,Primary,Salaried,2573400.36,858815.94,Car,815.1,0,142,40.13,2019-02-13,1
CUST01061,35,Male,North,Graduate,Salaried,2080347.78,1266746.19,Home,651.1,1,369,54.54,2022-10-08,1
CUST01062,40,Other,North,Graduate,Unemployed,1081655.09,82136.56,Business,836.3,8,416,83.91,2025-03-03,0
CUST01063,39,Male,West,Graduate,Self-Employed,111544.52,949288.99,Home,712.0,18,153,62.49,2023-07-12,0
CUST01064,27,Male,West,Secondary,Salaried,1406377.94,649834.87,Education,461.1,16,406,45.52,2025-10-22,1
CUST01065,31,Female,East,Secondary,Self-Employed,177988.05,1730455.28,Car,723.0,3,3,89.7,2021-08-22,1
CUST01066,29,Female,West,Secondary,Salaried,1856951.43,762232.25,Other,475.2,19,300,104.91,2018-08-16,1
CUST01067,55,Other,South,Post-Graduate,Salaried,647721.05,194828.6,Education,470.2,0,89,67.45,2023-11-15,1
CUST01068,67,Male,West,Primary,Salaried,2787719.68,1587833.45,Other,835.6,19,19,51.86,2019-03-25,0
CUST01069,43,Male,West,Primary,Salaried,2987850.99,845371.19,Home,761.3,14,78,94.44,2020-03-02,0
CUST01070,28,Female,South,Primary,Self-Employed,188265.95,26826.8,Car,706.7,11,218,46.8,2019-01-28,0
CUST01071,48,Female,West,Primary,Unemployed,2451151.62,1412527.45,Business,354.7,7,431,46.95,2021-07-16,1
CUST01072,63,Other,South,Primary,Self-Employed,616048.29,558310.54,Other,784.0,10,452,81.72,2019-06-30,0
CUST01073,46,Male,North,Primary,Salaried,1051105.61,1058601.7,Education,534.2,20,220,56.01,2018-08-18,1
CUST01074,21,Female,West,Secondary,Salaried,2823074.72,1212026.75,Other,704.7,1,484,113.24,2025-02-24,1
CUST01075,22,Female,South,Graduate,Salaried,410709.02,723648.47,Home,752.8,1,256,114.39,2022-08-12,1
CUST01076,46,Male,East,Graduate,Salaried,2393242.45,908685.9,Home,812.8,10,108,69.33,2018-12-05,0
CUST01077,56,Other,West,Graduate,Unemployed,1240130.34,704230.29,Other,588.4,21,150,110.2,2025-03-16,0
CUST01078,23,Male,South,Graduate,Unemployed,2688565.56,610885.22,Home,722.9,13,65,85.85,2023-07-28,0
CUST01079,65,Female,South,Graduate,Salaried,2818190.0,831680.93,Business,396.2,1,319,100.56,2025-06-14,1
CUST01080,20,Other,North,Post-Graduate,Salaried,240214.76,118277.18,Other,702.9,22,241,107.07,2024-08-22,0
CUST01081,30,Male,North,Post-Graduate,Self-Employed,2926201.58,933671.93,Other,429.5,12,420,108.03,2023-04-13,1
CUST01082,42,Male,North,Primary,Unemployed,2375861.49,51233.27,Car,424.5,16,50,104.5,2023-01-17,1
CUST01083,46,Other,South,Secondary,Unemployed,2588417.33,1485694.57,Business,542.8,13,155,19.67,2018-09-24,1
CUST01084,26,Female,South,Graduate,Salaried,968487.92,1939793.05,Education,632.2,3,126,15.6,2021-10-17,1
CUST01085,70,Female,East,Post-Graduate,Unemployed,661696.31,589039.73,Other,721.1,9,282,89.21,2018-09-25,0
CUST01086,62,Other,West,Graduate,Unemployed,1812156.67,135532.93,Home,320.5,17,480,118.99,2025-03-16,1
CUST01087,24,Female,East,Graduate,Unemployed,1309912.58,669397.93,Car,647.5,17,481,87.51,2022-10-06,0
CUST01088,43,Male,North,Post-Graduate,Self-Employed,985338.02,246751.08,Home,803.5,4,261,45.23,2025-09-14,1
CUST01089,20,Male,East,Post-Graduate,Salaried,2122342.01,1951172.83,Education,695.1,16,208,7.89,2018-12-08,0
CUST01090,69,Female,North,Graduate,Salaried,1577529.6,1504531.27,Business,444.8,14,72,117.21,2026-02-19,1
CUST01091,48,Male,North,Graduate,Self-Employed,1990063.6,331074.75,Home,363.3,6,407,117.79,2024-04-09,1
CUST01092,47,Male,South,Graduate,Self-Employed,676635.18,157199.13,Education,520.9,7,499,115.24,2024-09-15,1
CUST01093,58,Male,West,Secondary,Self-Employed,641258.4,1794844.41,Business,510.5,21,197,76.42,2024-08-12,1
CUST01094,65,Male,East,Post-Graduate,Self-Employed,1317564.88,179102.1,Home,762.6,6,439,75.7,2021-03-05,0
CUST01095,39,Male,South,Secondary,Salaried,2253412.32,1558593.53,Education,712.6,2,466,78.92,2022-02-17,1
CUST01096,60,Other,West,Graduate,Self-Employed,736604.96,1303409.29,Business,761.1,10,179,102.09,2022-04-04,0
CUST01097,50,Male,South,Graduate,Salaried,1031232.36,858590.28,Car,323.0,6,227,36.69,2019-05-26,1
CUST01098,28,Male,East,Secondary,Salaried,2397534.08,755348.34,Other,633.5,4,324,118.01,2024-08-02,1
CUST01099,19,Male,West,Graduate,Salaried,800997.83,1591780.86,Car,347.1,22,499,66.24,2026-02-22,1
CUST01100,38,Other,West,Secondary,Salaried,1573839.87,1490199.28,Home,645.5,20,446,37.49,2020-05-22,0
CUST01101,55,Other,South,Primary,Unemployed,1292679.35,1051954.38,Car,716.4,21,342,34.28,2024-09-22,0
CUST01102,46,Male,North,Secondary,Self-Employed,346447.45,1706782.05,Car,374.7,12,387,111.43,2020-02-14,1
CUST01103,54,Male,South,Primary,Salaried,1645566.81,238481.99,Other,748.7,15,459,28.67,2022-05-12,0
CUST01104,38,Female,North,Secondary,Self-Employed,491348.45,851878.32,Home,386.1,2,402,64.53,2018-01-04,1
CUST01105,53,Male,East,Primary,Unemployed,2822573.56,1079266.39,Business,827.6,1,44,91.87,2021-01-25,1
CUST01106,30,Female,South,Post-Graduate,Unemployed,1452009.5,417583.82,Education,406.4,13,325,44.79,2018-05-02,1
CUST01107,67,Other,East,Secondary,Unemployed,1671485.86,1347978.03,Education,799.5,19,51,110.15,2024-07-18,0
CUST01108,22,Female,West,Primary,Unemployed,1203696.12,1623090.59,Education,609.7,9,216,18.18,2020-01-15,0
CUST01109,63,Female,East,Graduate,Self-Employed,128721.87,79004.57,Education,629.0,15,275,56.7,2019-10-15,0
CUST01110,26,Other,South,Secondary,Unemployed,1984386.51,1293710.25,Car,711.5,4,303,107.99,2024-07-08,1
CUST01111,44,Female,South,Graduate,Unemployed,1844108.19,90890.3,Car,817.5,9,468,45.77,2020-12-06,0
CUST01112,46,Male,North,Post-Graduate,Unemployed,719748.01,1475151.69,Education,333.7,17,50,47.67,2023-05-27,1
CUST01113,22,Male,South,Post-Graduate,Self-Employed,2420867.22,1112063.02,Home,750.4,3,372,102.56,2025-09-06,1
CUST01114,20,Female,South,Post-Graduate,Self-Employed,1189808.5,662775.86,Car,579.2,16,236,51.96,2020-07-25,0
CUST01115,48,Female,South,Post-Graduate,Self-Employed,2510077.96,1565853.59,Education,579.5,15,403,16.95,2023-10-09,0
CUST01116,37,Male,West,Graduate,Self-Employed,2139836.94,1044718.44,Education,504.9,7,433,106.69,2024-06-04,1
CUST01117,38,Male,South,Post-Graduate,Self-Employed,1726118.2,1197274.46,Home,641.9,24,38,111.7,2024-03-19,0
CUST01118,19,Female,East,Post-Graduate,Self-Employed,943696.54,784396.62,Home,707.7,18,353,30.75,2025-03-09,0
CUST01119,31,Male,South,Post-Graduate,Unemployed,866650.46,1239746.14,Home,749.5,20,456,55.27,2022-10-31,0
CUST01120,59,Male,North,Graduate,Unemployed,2187821.6,771919.49,Home,818.2,8,254,30.11,2020-11-20,0
CUST01121,60,Female,West,Secondary,Unemployed,1472786.18,860026.31,Education,334.3,22,499,96.98,2024-02-06,1
CUST01122,61,Female,South,Secondary,Self-Employed,787524.21,1773174.4,Car,301.6,10,235,80.55,2023-12-01,1
CUST01123,36,Female,West,Post-Graduate,Salaried,958117.9,185515.28,Business,536.3,8,54,7.41,2022-11-01,1
CUST01124,65,Female,West,Post-Graduate,Self-Employed,704372.11,410228.31,Home,370.1,9,192,80.42,2023-07-10,1
CUST01125,68,Female,North,Primary,Self-Employed,1336793.36,1212090.06,Home,478.4,3,441,64.18,2025-05-15,1
CUST01126,48,Female,East,Graduate,Self-Employed,830491.92,790443.8,Car,830.4,3,472,99.03,2022-05-25,1
CUST01127,27,Other,West,Post-Graduate,Unemployed,2123561.2,1073362.78,Business,612.5,2,226,23.99,2024-05-25,1
CUST01128,45,Male,North,Graduate,Self-Employed,2402427.41,869909.06,Home,383.8,0,270,31.79,2020-01-22,1
CUST01129,69,Other,South,Secondary,Self-Employed,1772808.22,145498.41,Home,325.7,23,59,13.57,2023-08-19,1
CUST01130,43,Other,North,Secondary,Unemployed,2649285.17,150295.49,Education,538.7,24,480,72.03,2024-02-20,1
CUST01131,66,Female,South,Secondary,Unemployed,2415081.35,541435.36,Other,442.6,8,405,48.94,2021-08-07,1
CUST01132,69,Male,North,Graduate,Salaried,385723.64,363939.01,Education,578.2,2,500,41.74,2020-04-10,1
CUST01133,69,Male,South,Graduate,Salaried,2280635.95,150504.4,Business,668.9,22,400,112.62,2018-09-06,0
CUST01134,50,Other,South,Primary,Self-Employed,2145852.35,113580.62,Other,323.9,23,263,12.27,2024-11-27,1
CUST01135,70,Female,East,Graduate,Self-Employed,721667.58,975992.8,Other,712.4,22,135,113.96,2019-03-02,0
CUST01136,32,Other,North,Post-Graduate,Unemployed,1050624.03,143714.52,Other,538.5,4,131,39.97,2022-09-14,1
CUST01137,58,Other,East,Post-Graduate,Salaried,2354209.63,969500.69,Education,401.4,8,116,51.6,2023-04-21,1
CUST01138,28,Other,South,Graduate,Salaried,1747197.41,1571561.63,Education,833.6,2,310,96.25,2024-11-12,1
CUST01139,46,Female,North,Secondary,Self-Employed,2994152.18,1264085.62,Business,683.4,22,329,7.46,2022-12-18,0
CUST01140,47,Other,West,Graduate,Unemployed,1031464.53,303750.62,Business,364.1,20,104,69.19,2026-03-10,1
CUST01141,69,Female,West,Primary,Self-Employed,746167.07,660713.41,Business,613.0,19,444,41.31,2019-02-03,0
CUST01142,44,Other,East,Post-Graduate,Self-Employed,1539304.41,1548056.94,Home,380.3,24,403,84.39,2021-07-18,1
CUST01143,53,Female,South,Graduate,Self-Employed,823261.67,1205614.6,Business,689.2,13,224,74.08,2023-01-10,0
CUST01144,24,Male,South,Post-Graduate,Unemployed,2212909.58,1235769.02,Home,326.6,6,1,119.45,2021-08-13,1
CUST01145,31,Other,West,Post-Graduate,Salaried,2633866.75,607040.41,Car,426.6,13,126,7.86,2019-11-08,1
CUST01146,23,Other,South,Graduate,Self-Employed,1762008.87,630843.39,Business,620.2,12,43,119.67,2024-05-30,0
CUST01147,27,Male,East,Secondary,Unemployed,601386.53,1213083.03,Business,339.4,0,251,101.66,2024-12-29,1
CUST01148,57,Male,South,Secondary,Self-Employed,182800.54,397217.39,Education,547.3,7,377,69.21,2022-09-24,1
CUST01149,27,Male,North,Graduate,Salaried,129660.4,890550.96,Home,587.4,10,206,63.04,2025-11-21,0
CUST01150,70,Female,South,Post-Graduate,Unemployed,1944456.02,1561703.4,Car,732.9,10,459,65.88,2020-12-06,0
CUST01151,64,Male,East,Graduate,Unemployed,1589662.88,48414.62,Business,544.9,2,80,75.01,2019-08-13,1
CUST01152,59,Female,North,Post-Graduate,Salaried,2878724.7,780412.89,Car,624.6,17,44,7.85,2023-06-23,0
CUST01153,60,Female,South,Graduate,Unemployed,2864759.0,1997438.45,Education,807.0,4,497,53.18,2021-02-03,1
CUST01154,64,Female,North,Primary,Unemployed,557356.54,1218661.12,Home,728.6,19,347,78.36,2024-03-23,0
CUST01155,22,Female,South,Post-Graduate,Salaried,894746.65,74075.45,Business,358.2,3,455,48.72,2018-04-02,1
CUST01156,49,Male,North,Secondary,Salaried,362599.14,288597.81,Business,401.4,15,35,51.52,2019-11-03,1
CUST01157,20,Female,North,Secondary,Salaried,2769363.81,73345.29,Car,301.4,3,321,33.21,2019-02-15,1
CUST01158,68,Male,North,Secondary,Salaried,2878505.92,664892.1,Car,323.5,4,254,115.11,2026-01-09,1
CUST01159,18,Female,East,Post-Graduate,Salaried,868421.94,757642.94,Home,673.8,14,81,62.69,2023-11-04,0
CUST01160,60,Other,South,Primary,Unemployed,1508374.01,786810.29,Other,803.7,14,193,83.23,2020-12-17,0
CUST01161,26,Other,West,Primary,Unemployed,1689597.62,812579.99,Business,523.6,24,310,94.07,2024-12-21,1
CUST01162,62,Male,East,Secondary,Unemployed,570250.74,1555635.92,Home,652.9,4,329,107.34,2022-08-15,1
CUST01163,18,Female,North,Secondary,Unemployed,2772674.57,931714.28,Business,393.5,21,109,114.87,2025-09-15,1
CUST01164,68,Male,East,Graduate,Unemployed,2053315.99,1214225.68,Education,752.0,10,282,116.62,2018-01-07,0
CUST01165,50,Other,North,Graduate,Unemployed,2782751.26,1849597.43,Education,450.3,18,372,11.25,2024-07-20,1
CUST01166,47,Female,South,Graduate,Unemployed,1643510.93,1147004.39,Home,459.5,22,71,71.95,2023-04-24,1
CUST01167,30,Male,South,Post-Graduate,Unemployed,2374303.12,688500.5,Other,406.3,14,51,103.06,2021-09-01,1
CUST01168,42,Female,East,Secondary,Unemployed,1819322.2,1380925.48,Business,688.7,2,144,41.14,2023-06-20,1
CUST01169,38,Female,North,Secondary,Salaried,1040119.92,248610.65,Business,765.3,6,305,97.53,2021-03-07,0
CUST01170,40,Male,West,Graduate,Unemployed,231049.53,1330061.15,Business,308.7,20,115,21.79,2024-01-15,1
CUST01171,60,Male,West,Secondary,Unemployed,129130.01,1978496.39,Other,443.8,18,483,8.48,2018-01-14,1
CUST01172,47,Male,North,Secondary,Self-Employed,2013605.67,1746404.54,Business,659.4,4,332,29.13,2018-05-26,1
CUST01173,35,Other,West,Post-Graduate,Unemployed,1585280.46,249670.73,Education,461.7,1,299,41.85,2019-10-18,1
CUST01174,47,Male,East,Secondary,Self-Employed,527503.07,1799124.21,Home,744.3,1,192,10.43,2025-08-25,1
CUST01175,26,Female,West,Secondary,Self-Employed,1695234.52,1434071.51,Home,665.5,23,23,42.85,2025-02-15,0
CUST01176,44,Male,North,Graduate,Salaried,547200.71,1260215.21,Car,492.5,21,435,20.34,2022-07-12,1
CUST01177,56,Other,East,Post-Graduate,Salaried,2512056.55,1652922.68,Education,771.7,24,457,106.98,2022-10-23,0
CUST01178,45,Male,South,Primary,Salaried,2891090.83,429589.64,Car,589.8,9,356,112.48,2024-10-31,0
CUST01179,64,Female,East,Secondary,Unemployed,2878954.47,324085.69,Home,779.2,16,12,88.55,2019-10-05,0
CUST01180,35,Other,North,Graduate,Self-Employed,2509840.84,643028.78,Car,654.2,16,140,14.98,2024-04-01,0
CUST01181,40,Other,South,Graduate,Self-Employed,2582490.49,1935056.55,Car,593.7,18,127,15.04,2022-08-21,0
CUST01182,21,Male,North,Graduate,Salaried,1477778.54,1084502.44,Car,403.9,15,281,7.06,2025-11-20,1
CUST01183,39,Male,North,Post-Graduate,Self-Employed,1996667.32,473988.64,Business,553.9,16,13,85.98,2019-09-24,0
CUST01184,49,Male,East,Post-Graduate,Salaried,2131224.62,605195.61,Car,357.1,15,442,40.95,2019-07-08,1
CUST01185,50,Male,West,Graduate,Unemployed,413598.79,1292890.88,Other,822.1,10,393,86.14,2021-04-28,0
CUST01186,42,Female,North,Post-Graduate,Salaried,1820309.03,168070.6,Home,491.6,12,270,55.32,2018-04-02,1
CUST01187,53,Other,North,Graduate,Self-Employed,562065.22,355664.71,Education,615.0,22,452,114.69,2025-06-06,0
CUST01188,30,Male,South,Primary,Self-Employed,1655637.01,1857084.56,Other,818.2,6,305,74.05,2020-02-21,0
CUST01189,51,Female,East,Primary,Salaried,1804775.68,1979800.96,Home,713.8,22,447,22.15,2024-04-18,0
CUST01190,32,Female,East,Post-Graduate,Self-Employed,2111281.78,710190.47,Other,547.8,6,457,35.87,2018-09-23,1
CUST01191,48,Other,North,Graduate,Self-Employed,1329655.38,950139.79,Other,627.1,0,292,48.02,2022-04-30,1
CUST01192,61,Female,East,Graduate,Unemployed,1714173.79,38612.69,Education,417.8,8,445,52.35,2019-07-09,1
CUST01193,51,Other,South,Primary,Unemployed,1381447.05,1937701.39,Other,663.2,21,408,21.27,2020-08-23,0
CUST01194,41,Male,South,Primary,Salaried,1825915.9,122839.85,Home,723.7,19,242,54.01,2023-12-29,0
CUST01195,43,Other,West,Post-Graduate,Unemployed,900209.69,1936981.08,Home,802.3,6,420,68.64,2024-03-24,0
CUST01196,18,Female,North,Graduate,Unemployed,506007.44,1284578.28,Education,708.9,9,66,23.28,2024-08-28,0
CUST01197,23,Female,South,Primary,Self-Employed,2620880.89,1485906.35,Business,667.1,16,207,70.26,2021-09-10,0
CUST01198,54,Female,North,Post-Graduate,Salaried,2337904.39,1004859.84,Other,770.2,14,345,79.15,2018-03-21,0
CUST01199,69,Female,North,Secondary,Salaried,1852236.13,1030063.24,Other,480.6,17,188,11.86,2020-03-28,1
CUST01200,24,Other,North,Post-Graduate,Unemployed,1558711.34,1853869.86,Education,328.3,0,4,39.29,2025-05-04,1
CUST01201,69,Other,South,Graduate,Unemployed,1363799.6,385205.06,Home,485.6,7,237,119.84,2021-03-29,1
CUST01202,41,Male,East,Graduate,Unemployed,1241950.97,919518.77,Other,419.6,18,458,7.23,2022-08-17,1
CUST01203,54,Other,West,Post-Graduate,Self-Employed,2631665.65,112771.19,Car,706.2,15,189,7.47,2020-11-17,0
CUST01204,21,Other,South,Secondary,Salaried,478285.28,595663.81,Home,638.3,10,375,75.63,2026-02-05,0
CUST01205,66,Male,East,Primary,Salaried,439951.29,371059.93,Other,344.8,2,397,13.64,2020-07-06,1
CUST01206,33,Female,West,Primary,Self-Employed,2102131.24,1969170.12,Education,625.5,0,265,86.18,2023-09-12,1
CUST01207,44,Other,South,Secondary,Salaried,1437255.63,144402.96,Home,736.5,15,150,15.46,2021-11-20,0
CUST01208,68,Male,North,Primary,Unemployed,2550213.61,1922031.04,Car,572.6,0,364,25.12,2019-02-24,1
CUST01209,57,Other,East,Secondary,Salaried,2841888.57,1881906.38,Other,336.1,23,80,77.41,2020-05-05,1
CUST01210,48,Male,West,Post-Graduate,Unemployed,2141145.88,566254.85,Education,336.7,19,491,14.22,2020-04-11,1
CUST01211,62,Other,East,Post-Graduate,Salaried,1125748.88,116368.46,Home,532.3,23,201,63.31,2019-05-13,1
CUST01212,62,Male,West,Post-Graduate,Self-Employed,251833.51,1734980.38,Education,769.2,13,348,83.71,2019-01-24,0
CUST01213,70,Male,North,Primary,Self-Employed,2878198.14,278271.54,Home,375.4,12,125,117.98,2021-06-06,1
CUST01214,57,Female,East,Graduate,Unemployed,2377833.86,1362140.48,Other,491.2,8,163,60.21,2025-03-13,1
CUST01215,24,Male,West,Graduate,Unemployed,2956552.88,1343197.86,Home,498.9,4,431,37.38,2020-03-23,1
CUST01216,46,Male,West,Graduate,Self-Employed,1696465.46,1298867.04,Business,561.8,1,436,87.38,2018-01-01,1
CUST01217,63,Female,East,Graduate,Salaried,940689.94,1627109.74,Other,843.7,16,489,23.04,2020-06-25,0
CUST01218,30,Female,South,Graduate,Self-Employed,1240145.77,1654261.26,Car,355.8,19,154,25.09,2023-09-03,1
CUST01219,69,Male,East,Secondary,Unemployed,872186.49,1523916.36,Education,325.7,19,171,75.56,2024-01-07,1
CUST01220,41,Other,South,Post-Graduate,Salaried,1494796.32,1660331.43,Business,637.7,13,259,51.96,2025-01-20,0
CUST01221,45,Female,South,Graduate,Self-Employed,2271154.66,158084.28,Car,306.7,9,342,50.21,2019-01-17,1
CUST01222,70,Male,East,Post-Graduate,Salaried,2579112.18,56930.3,Home,784.6,1,417,33.69,2024-04-05,1
CUST01223,36,Other,South,Post-Graduate,Self-Employed,1692738.54,764861.2,Business,766.4,22,81,117.26,2019-10-28,0
CUST01224,40,Female,East,Graduate,Self-Employed,2837176.43,1727879.6,Home,832.9,18,41,86.73,2025-03-13,0
CUST01225,23,Other,East,Secondary,Self-Employed,2802226.13,391935.25,Other,412.3,24,119,33.77,2021-02-26,1
CUST01226,47,Male,South,Post-Graduate,Salaried,2914391.04,369098.1,Other,543.3,13,214,22.38,2021-02-20,1
CUST01227,21,Female,West,Graduate,Unemployed,609850.57,1999232.55,Home,646.0,18,295,77.08,2022-09-20,0
CUST01228,38,Other,South,Secondary,Salaried,314769.4,16187.33,Other,829.5,24,160,28.15,2025-12-11,0
CUST01229,44,Female,South,Graduate,Salaried,2863601.26,223989.25,Other,341.1,21,69,36.79,2025-12-02,1
CUST01230,41,Male,North,Secondary,Self-Employed,1107760.65,64232.28,Education,566.5,4,280,52.19,2025-03-30,1
CUST01231,34,Female,South,Primary,Salaried,2245760.15,1609831.16,Other,360.4,24,305,18.91,2021-07-29,1
CUST01232,33,Other,East,Graduate,Self-Employed,391871.7,903344.05,Car,826.4,16,162,37.3,2019-08-18,0
CUST01233,68,Female,East,Graduate,Unemployed,528938.61,681990.69,Education,702.9,8,406,67.72,2020-10-01,0
CUST01234,33,Male,West,Post-Graduate,Self-Employed,171109.85,1182658.01,Home,504.6,2,219,91.07,2019-09-30,1
CUST01235,68,Other,North,Secondary,Unemployed,578011.07,883144.78,Other,605.4,16,303,81.13,2018-07-09,0
CUST01236,43,Other,North,Primary,Unemployed,317242.08,527845.39,Car,329.3,8,60,5.49,2019-02-07,1
CUST01237,27,Other,East,Post-Graduate,Unemployed,2220070.5,1476160.68,Business,386.4,17,95,12.94,2025-04-07,1
CUST01238,67,Female,South,Graduate,Salaried,915656.38,434063.55,Other,436.9,0,216,63.08,2022-06-01,1
CUST01239,29,Other,South,Primary,Salaried,2803746.45,791458.95,Car,822.0,2,47,70.14,2024-05-01,1
CUST01240,41,Male,West,Graduate,Self-Employed,1779359.83,432572.09,Business,689.3,14,324,18.05,2020-05-05,0
CUST01241,53,Male,North,Post-Graduate,Self-Employed,1153101.45,485570.64,Other,552.6,13,81,117.86,2020-02-25,0
CUST01242,61,Male,West,Primary,Self-Employed,1095718.58,409211.8,Business,807.5,13,420,97.03,2023-03-20,0
CUST01243,40,Male,West,Graduate,Salaried,687886.6,551179.39,Car,527.4,12,19,36.02,2021-07-19,1
CUST01244,29,Male,West,Graduate,Salaried,1319122.98,502393.83,Education,753.5,14,291,112.17,2019-03-22,0
CUST01245,52,Female,South,Post-Graduate,Self-Employed,2253814.35,1499864.06,Business,680.0,23,415,73.18,2020-07-20,0
CUST01246,70,Other,West,Primary,Self-Employed,2061117.42,1332367.03,Education,501.4,15,138,116.11,2023-10-18,1
CUST01247,39,Other,West,Graduate,Self-Employed,538807.0,118040.75,Education,311.2,9,66,55.33,2018-09-04,1
CUST01248,67,Male,South,Secondary,Unemployed,2618236.99,979107.23,Car,331.8,1,95,61.2,2021-05-27,1
CUST01249,66,Other,South,Post-Graduate,Salaried,1635579.82,1587260.04,Education,762.4,10,186,41.46,2023-12-08,0
CUST01250,46,Other,West,Secondary,Self-Employed,1131288.09,977013.11,Other,612.8,8,471,39.69,2020-01-31,0
CUST01251,26,Male,West,Post-Graduate,Unemployed,1980893.67,977629.99,Business,580.5,4,444,21.24,2024-02-22,1
CUST01252,57,Female,West,Primary,Salaried,849105.88,1420625.7,Education,831.6,8,160,41.68,2026-01-30,0
CUST01253,43,Male,East,Graduate,Unemployed,2581444.59,1232155.09,Education,613.3,6,407,21.35,2020-05-11,0
CUST01254,30,Other,South,Post-Graduate,Unemployed,1630722.13,1147993.49,Business,434.3,10,499,14.96,2022-09-07,1
CUST01255,42,Other,North,Post-Graduate,Unemployed,2218436.46,498665.76,Car,385.5,14,330,47.87,2023-08-24,1
CUST01256,22,Female,South,Graduate,Salaried,1215218.14,1524915.83,Other,448.3,20,397,73.16,2026-01-03,1
CUST01257,31,Male,South,Graduate,Self-Employed,2082327.43,344667.14,Home,377.5,22,2,58.61,2018-09-29,1
CUST01258,47,Female,West,Post-Graduate,Self-Employed,987071.75,905724.38,Home,323.3,18,416,41.77,2020-03-14,1
CUST01259,54,Female,West,Graduate,Salaried,2859078.36,1645360.4,Other,739.6,20,131,63.38,2022-09-29,0
CUST01260,62,Other,East,Post-Graduate,Salaried,1586658.41,1829123.18,Car,604.0,9,401,48.56,2026-02-28,0
CUST01261,70,Female,North,Post-Graduate,Self-Employed,2927234.22,33890.55,Car,694.6,6,41,15.13,2026-03-14,0
CUST01262,37,Male,East,Post-Graduate,Salaried,2364888.9,1984278.72,Business,508.3,19,445,22.45,2021-11-17,1
CUST01263,31,Male,South,Graduate,Unemployed,2624450.29,50028.62,Business,797.8,4,27,61.06,2021-11-17,1
CUST01264,28,Female,North,Graduate,Unemployed,1347417.38,1975075.37,Home,653.5,5,220,66.66,2020-02-13,1
CUST01265,66,Female,West,Primary,Unemployed,2430720.14,1506846.91,Business,606.1,11,60,6.67,2019-01-17,0
CUST01266,59,Male,North,Post-Graduate,Self-Employed,2714082.71,439176.23,Business,833.2,0,329,45.1,2018-09-17,1
CUST01267,47,Other,West,Graduate,Self-Employed,999622.38,760546.9,Education,633.7,0,293,7.74,2021-12-16,1
CUST01268,36,Male,North,Graduate,Self-Employed,1817091.55,1007349.33,Business,799.9,17,325,65.64,2025-05-18,0
CUST01269,58,Other,North,Graduate,Unemployed,2255521.29,993375.84,Car,485.6,15,59,19.94,2020-09-08,1
CUST01270,20,Male,East,Post-Graduate,Salaried,1060788.72,1120510.0,Education,663.2,17,454,49.72,2020-09-05,0
CUST01271,49,Female,East,Post-Graduate,Self-Employed,2319264.67,998104.03,Other,716.4,15,340,49.52,2019-03-14,0
CUST01272,20,Male,South,Primary,Unemployed,2149260.58,42289.18,Other,329.3,4,87,88.7,2021-11-23,1
CUST01273,53,Female,South,Primary,Self-Employed,734099.68,1287317.57,Business,542.5,17,176,19.69,2019-02-03,1
CUST01274,41,Female,South,Secondary,Unemployed,816733.31,603503.84,Other,546.4,13,389,62.85,2018-05-04,1
CUST01275,40,Other,East,Post-Graduate,Self-Employed,2413692.46,679486.25,Car,590.4,2,361,97.9,2026-03-16,1
CUST01276,26,Male,North,Secondary,Salaried,1261499.5,629607.25,Car,691.0,10,271,71.91,2025-12-02,0
CUST01277,56,Other,West,Graduate,Salaried,2205433.4,406082.53,Home,521.3,11,79,28.84,2026-02-01,1
CUST01278,29,Male,East,Graduate,Unemployed,2335631.06,379588.0,Business,785.2,5,384,73.26,2018-12-07,1
CUST01279,40,Other,North,Primary,Self-Employed,2244644.59,1822810.61,Business,511.1,12,331,107.56,2020-03-02,1
CUST01280,49,Female,East,Primary,Unemployed,1215801.26,278808.63,Business,726.5,6,424,13.68,2023-04-12,0
CUST01281,29,Male,North,Graduate,Salaried,2196399.53,1061584.34,Business,787.3,11,425,58.63,2018-02-24,0
CUST01282,57,Male,South,Post-Graduate,Self-Employed,1444878.17,1554323.29,Other,429.5,5,451,78.4,2018-01-02,1
CUST01283,50,Female,South,Primary,Salaried,439433.54,61066.85,Car,413.2,16,222,41.66,2022-12-01,1
CUST01284,48,Female,West,Post-Graduate,Salaried,1793336.86,401350.96,Business,361.4,3,361,41.9,2026-01-21,1
CUST01285,54,Male,East,Post-Graduate,Self-Employed,741614.53,214306.35,Car,765.6,17,297,73.17,2022-05-23,0
CUST01286,21,Female,South,Primary,Unemployed,383133.15,1293272.75,Car,741.7,1,167,114.54,2018-03-20,1
CUST01287,60,Other,South,Primary,Unemployed,2667492.76,1957033.11,Other,716.5,23,373,99.67,2022-07-13,0
CUST01288,63,Female,South,Graduate,Salaried,2244832.19,1088950.53,Business,712.6,7,71,100.25,2020-10-09,0
CUST01289,65,Female,North,Secondary,Salaried,865991.92,1424445.06,Other,588.0,22,457,119.75,2024-06-02,0
CUST01290,41,Male,South,Post-Graduate,Unemployed,1914583.34,908761.36,Education,540.6,22,1,47.32,2021-05-19,1
CUST01291,38,Female,South,Graduate,Unemployed,374838.99,362470.55,Car,455.1,9,356,35.84,2022-01-12,1
CUST01292,44,Female,East,Primary,Unemployed,1333929.32,215754.93,Business,755.4,1,276,64.77,2025-07-21,1
CUST01293,20,Male,West,Secondary,Salaried,132199.18,1521326.41,Other,312.2,23,416,94.04,2020-04-22,1
CUST01294,43,Female,East,Secondary,Self-Employed,2298016.83,832798.89,Business,590.7,17,308,28.26,2026-02-21,0
CUST01295,19,Female,East,Primary,Self-Employed,220822.95,1801173.44,Car,630.9,24,121,48.8,2021-10-05,0
CUST01296,59,Female,West,Graduate,Unemployed,2161344.43,896872.85,Other,316.8,14,254,56.08,2024-06-19,1
CUST01297,42,Female,East,Primary,Salaried,1854611.89,175098.31,Car,699.9,7,135,19.2,2019-01-17,0
CUST01298,55,Female,East,Primary,Unemployed,553266.56,1930207.29,Car,609.7,13,293,44.7,2021-02-16,0
CUST01299,40,Female,East,Primary,Salaried,2150977.42,1937562.26,Education,779.7,21,489,84.77,2021-08-13,0
CUST01300,57,Male,West,Graduate,Salaried,351553.41,971704.39,Home,780.5,0,179,75.38,2025-06-21,1
CUST01301,29,Male,West,Post-Graduate,Self-Employed,191310.44,604980.3,Home,515.0,22,244,18.24,2022-08-22,1
CUST01302,30,Female,North,Post-Graduate,Self-Employed,2475232.47,819135.77,Education,516.8,23,345,68.31,2026-01-03,1
CUST01303,51,Male,North,Primary,Self-Employed,2224274.35,114170.07,Home,330.1,21,30,115.95,2018-05-06,1
CUST01304,69,Male,East,Graduate,Self-Employed,363326.82,725393.41,Home,669.6,7,335,104.98,2018-03-09,0
CUST01305,53,Male,West,Post-Graduate,Salaried,712548.71,1497865.43,Business,408.1,6,279,47.93,2021-03-10,1
CUST01306,40,Female,West,Primary,Unemployed,165417.26,147063.04,Car,377.7,20,490,37.95,2018-10-17,1
CUST01307,47,Female,South,Secondary,Unemployed,2740661.69,1956252.04,Car,423.1,20,438,27.73,2025-01-28,1
CUST01308,68,Male,South,Post-Graduate,Self-Employed,2267591.99,256605.13,Business,687.2,18,198,83.97,2018-12-06,0
CUST01309,43,Other,North,Graduate,Unemployed,762757.29,1323257.48,Home,651.1,24,425,106.98,2024-11-15,0
CUST01310,39,Other,East,Primary,Self-Employed,1860342.29,815513.97,Education,681.4,18,292,35.36,2024-12-20,0
CUST01311,32,Female,West,Secondary,Unemployed,396952.66,381380.3,Other,770.2,4,281,98.89,2021-06-12,1
CUST01312,41,Female,West,Post-Graduate,Self-Employed,2656376.06,518929.39,Business,547.2,19,482,96.61,2025-09-12,1
CUST01313,19,Other,West,Graduate,Unemployed,1747095.21,1962717.36,Home,553.8,13,468,113.41,2020-12-29,0
CUST01314,64,Female,West,Graduate,Self-Employed,1474708.44,593500.48,Other,359.1,18,472,72.95,2023-12-16,1
CUST01315,49,Male,West,Graduate,Unemployed,2316488.29,65986.35,Home,748.7,16,26,15.08,2021-02-02,0
CUST01316,39,Other,South,Post-Graduate,Salaried,1442864.48,1456705.72,Home,374.6,23,146,101.04,2025-05-13,1
CUST01317,34,Male,East,Post-Graduate,Unemployed,2109628.93,1876650.78,Car,533.8,16,471,75.01,2019-03-01,1
CUST01318,22,Other,West,Post-Graduate,Salaried,1188255.71,32874.54,Business,693.5,12,202,37.17,2018-08-12,0
CUST01319,31,Other,West,Secondary,Salaried,2232726.62,117273.37,Car,654.3,22,53,51.58,2018-12-10,0
CUST01320,48,Male,South,Primary,Unemployed,2835321.95,1222587.1,Other,705.7,19,204,18.66,2023-08-27,0
CUST01321,22,Male,East,Secondary,Salaried,2166960.29,1263364.82,Education,538.8,23,146,72.75,2024-10-11,1
CUST01322,46,Other,South,Secondary,Self-Employed,885164.56,1421416.43,Business,680.6,0,363,108.23,2025-11-15,1
CUST01323,58,Female,North,Primary,Unemployed,778259.6,626268.84,Car,411.1,5,73,22.83,2024-12-14,1
CUST01324,57,Male,East,Primary,Salaried,1113519.11,685061.19,Car,408.1,1,246,83.72,2022-07-23,1
CUST01325,36,Female,North,Graduate,Salaried,1318962.52,1989343.45,Education,778.5,1,188,67.88,2024-06-19,1
CUST01326,68,Male,South,Secondary,Unemployed,1782800.86,1363620.65,Business,736.4,23,335,118.03,2021-11-01,0
CUST01327,47,Female,West,Graduate,Unemployed,218190.17,1547020.0,Home,460.2,5,216,48.62,2024-12-24,1
CUST01328,53,Female,West,Post-Graduate,Unemployed,2003493.35,1631671.71,Home,649.3,13,47,26.75,2023-01-22,0
CUST01329,38,Female,North,Post-Graduate,Self-Employed,2155818.28,382074.08,Education,603.7,8,63,34.33,2024-09-02,0
CUST01330,70,Male,North,Secondary,Unemployed,2831528.21,688453.46,Business,837.3,13,269,43.17,2023-10-28,0
CUST01331,37,Male,West,Graduate,Unemployed,2657515.22,738669.23,Home,733.9,9,383,19.43,2025-12-29,0
CUST01332,29,Other,East,Primary,Self-Employed,2328446.28,1315907.87,Business,792.8,7,52,117.95,2020-01-06,0
CUST01333,42,Male,South,Primary,Unemployed,2434866.98,214085.24,Car,646.9,16,464,116.31,2019-04-16,0
CUST01334,58,Other,South,Graduate,Salaried,2786126.57,765942.74,Other,326.3,18,232,82.97,2019-12-23,1
CUST01335,35,Other,West,Primary,Unemployed,2030302.91,926998.79,Car,778.5,16,25,27.13,2020-05-21,0
CUST01336,66,Male,North,Secondary,Self-Employed,2616575.31,195661.4,Business,794.6,19,179,118.95,2022-08-16,0
CUST01337,67,Male,North,Secondary,Unemployed,948746.77,1506680.73,Other,783.2,5,313,100.34,2020-01-04,1
CUST01338,25,Other,South,Secondary,Self-Employed,2432695.19,1368657.23,Education,672.3,17,202,71.67,2020-05-12,0
CUST01339,64,Female,North,Post-Graduate,Self-Employed,1010778.57,1669764.88,Education,680.3,7,270,33.97,2019-02-15,0
CUST01340,34,Other,South,Secondary,Unemployed,255084.86,946774.57,Other,520.6,23,39,86.44,2021-04-27,1
CUST01341,63,Other,West,Secondary,Unemployed,609381.81,1340637.74,Other,602.2,20,320,25.53,2025-05-17,0
CUST01342,66,Female,North,Primary,Unemployed,505204.93,429979.94,Business,549.4,8,170,84.9,2024-04-18,1
CUST01343,18,Male,South,Post-Graduate,Unemployed,970852.14,850849.35,Car,849.3,6,235,53.41,2022-12-08,0
CUST01344,40,Female,South,Secondary,Salaried,1082307.06,1584008.37,Home,381.0,8,425,64.25,2022-11-27,1
CUST01345,56,Other,East,Primary,Unemployed,1288635.74,498539.94,Business,434.5,8,307,9.63,2024-02-23,1
CUST01346,40,Male,South,Post-Graduate,Self-Employed,330681.2,425033.4,Business,702.9,17,66,66.57,2019-06-19,0
CUST01347,28,Female,East,Post-Graduate,Self-Employed,2371392.98,1636708.96,Car,708.6,17,409,46.58,2018-04-29,0
CUST01348,35,Other,West,Graduate,Self-Employed,1398234.31,865154.75,Home,818.6,22,211,14.23,2018-08-14,0
CUST01349,41,Other,West,Primary,Unemployed,266875.87,1790142.65,Home,518.3,7,337,119.28,2024-01-10,1
CUST01350,18,Male,West,Graduate,Unemployed,123300.44,455526.1,Business,380.4,10,416,114.66,2018-03-26,1
CUST01351,22,Male,North,Graduate,Unemployed,1976134.04,538006.09,Home,327.9,10,280,36.46,2018-12-06,1
CUST01352,53,Other,East,Primary,Salaried,2612238.15,541484.09,Home,802.1,22,395,75.75,2025-02-24,0
CUST01353,58,Male,East,Post-Graduate,Self-Employed,2302252.31,291802.32,Home,626.4,18,470,83.72,2020-03-09,0
CUST01354,18,Other,East,Graduate,Self-Employed,529046.93,314942.52,Car,474.4,24,181,65.69,2019-12-30,1
CUST01355,44,Male,South,Primary,Salaried,2494013.58,1290777.47,Home,342.9,18,147,45.62,2019-08-30,1
CUST01356,36,Male,South,Primary,Salaried,721536.04,727393.38,Education,709.8,23,411,38.53,2021-09-24,0
CUST01357,34,Male,North,Graduate,Salaried,1734735.93,638355.88,Home,626.9,20,79,79.0,2024-03-02,0
CUST01358,34,Other,North,Graduate,Self-Employed,345945.14,433354.32,Other,408.6,7,27,105.66,2022-11-05,1
CUST01359,66,Other,North,Primary,Self-Employed,1388124.36,1546111.13,Home,423.9,1,128,68.87,2023-09-26,1
CUST01360,36,Other,East,Graduate,Salaried,995398.67,1878034.74,Business,752.7,9,279,46.21,2019-08-05,0
CUST01361,54,Other,East,Secondary,Self-Employed,1114398.05,947985.14,Other,324.3,22,466,22.75,2025-10-05,1
CUST01362,49,Male,West,Post-Graduate,Unemployed,2938201.97,1066223.67,Business,419.4,13,441,114.91,2022-05-31,1
CUST01363,40,Female,North,Primary,Salaried,513094.29,434363.68,Business,361.6,3,494,22.75,2022-10-26,1
CUST01364,22,Other,South,Secondary,Unemployed,519725.27,1962982.01,Home,362.4,3,437,34.62,2018-02-12,1
CUST01365,28,Female,East,Secondary,Salaried,163362.49,1800831.8,Other,459.2,6,168,100.22,2024-12-23,1
CUST01366,27,Male,South,Secondary,Salaried,1013233.99,1334459.97,Home,776.7,21,414,57.11,2025-02-02,0
CUST01367,31,Other,South,Primary,Unemployed,1992138.51,1925226.55,Car,383.3,5,21,104.42,2018-11-30,1
CUST01368,59,Male,East,Post-Graduate,Self-Employed,2655171.18,564112.02,Education,379.3,9,391,36.0,2022-10-27,1
CUST01369,20,Male,North,Post-Graduate,Unemployed,2978640.13,1003384.48,Business,385.0,0,85,6.41,2023-07-23,1
CUST01370,60,Female,North,Primary,Self-Employed,646556.01,421553.21,Car,309.6,22,298,101.56,2023-01-16,1
CUST01371,38,Male,East,Primary,Salaried,989331.85,179767.13,Education,639.1,10,278,58.35,2024-12-02,0
CUST01372,43,Male,South,Primary,Unemployed,1190806.64,1307051.31,Car,347.1,23,250,44.6,2023-10-04,1
CUST01373,68,Male,East,Primary,Self-Employed,2921124.99,634703.7,Home,330.9,13,334,117.68,2021-01-23,1
CUST01374,27,Male,East,Primary,Self-Employed,547117.19,1413199.15,Car,589.4,1,435,16.62,2025-01-29,1
CUST01375,30,Male,West,Post-Graduate,Self-Employed,2222926.97,1673589.5,Home,574.5,15,434,68.96,2023-08-10,0
CUST01376,25,Male,South,Primary,Salaried,2703951.78,43298.76,Business,465.1,15,60,27.82,2024-02-04,1
CUST01377,52,Female,West,Graduate,Unemployed,2552360.6,1910369.02,Education,390.7,8,37,36.73,2023-10-05,1
CUST01378,69,Male,North,Secondary,Unemployed,517233.02,757886.78,Education,336.2,19,465,43.2,2025-03-10,1
CUST01379,31,Female,South,Graduate,Salaried,902001.74,307293.1,Business,604.6,4,487,7.65,2025-11-08,1
CUST01380,23,Female,North,Post-Graduate,Unemployed,1716700.0,1646536.06,Car,797.8,4,414,42.2,2022-10-21,1
CUST01381,43,Female,West,Secondary,Salaried,327177.88,1111260.07,Home,426.8,1,43,71.34,2021-11-21,1
CUST01382,68,Other,North,Post-Graduate,Salaried,1280396.4,1367779.36,Home,438.1,15,350,101.97,2024-04-28,1
CUST01383,62,Male,West,Secondary,Unemployed,2356546.94,133787.14,Education,802.5,11,385,108.67,2020-01-12,0
CUST01384,50,Female,West,Secondary,Unemployed,2380011.06,10583.75,Business,668.2,16,153,85.9,2022-07-15,0
CUST01385,21,Female,South,Graduate,Unemployed,1486359.52,708382.87,Home,524.5,17,385,115.8,2024-11-22,1
CUST01386,64,Other,North,Graduate,Unemployed,431760.09,1813203.97,Home,641.6,2,194,11.73,2019-07-10,1
CUST01387,39,Female,North,Secondary,Self-Employed,2807216.54,910432.55,Home,772.8,6,128,11.53,2025-02-28,0
CUST01388,25,Female,West,Graduate,Unemployed,2450199.97,1886659.2,Car,641.8,5,201,41.58,2022-02-03,1
CUST01389,20,Male,North,Post-Graduate,Unemployed,186640.22,266836.73,Education,363.0,19,70,46.06,2018-06-11,1
CUST01390,62,Male,South,Graduate,Salaried,1405545.65,892423.25,Home,527.1,4,307,14.26,2021-04-22,1
CUST01391,63,Other,South,Secondary,Self-Employed,2977044.03,903834.62,Car,363.7,13,98,79.24,2021-08-14,1
CUST01392,57,Male,South,Secondary,Unemployed,2380030.5,1790876.65,Business,629.8,24,238,99.93,2020-11-23,0
CUST01393,33,Male,South,Secondary,Unemployed,295343.98,114635.34,Education,386.4,3,189,96.9,2025-04-05,1
CUST01394,20,Male,North,Post-Graduate,Salaried,1223453.09,394374.45,Business,677.9,18,89,95.41,2022-09-16,0
CUST01395,56,Female,East,Primary,Self-Employed,919813.56,1648330.8,Other,360.5,3,487,53.3,2020-07-24,1
CUST01396,51,Female,West,Graduate,Unemployed,2238967.26,1204586.79,Car,445.8,8,38,81.58,2022-10-21,1
CUST01397,45,Male,West,Post-Graduate,Self-Employed,1860504.7,1346760.46,Car,731.6,21,474,18.78,2022-11-29,0
CUST01398,44,Female,West,Secondary,Self-Employed,1887890.02,1135046.12,Other,603.9,0,245,71.18,2020-04-27,1
CUST01399,33,Female,East,Graduate,Unemployed,2774205.86,579481.47,Education,303.5,15,113,96.61,2018-06-12,1
CUST01400,25,Male,North,Secondary,Salaried,1220011.52,1920715.5,Car,711.6,8,454,66.05,2022-03-01,0
CUST01401,32,Male,East,Primary,Unemployed,2839244.16,49724.41,Home,355.1,4,373,97.21,2025-07-20,1
CUST01402,40,Female,East,Graduate,Self-Employed,146095.85,977600.28,Car,420.9,6,260,91.87,2021-06-30,1
CUST01403,64,Other,West,Secondary,Unemployed,2389342.34,232150.93,Other,754.6,14,63,67.84,2021-05-03,0
CUST01404,70,Female,West,Post-Graduate,Self-Employed,2730949.36,1381134.79,Education,529.8,12,478,50.47,2018-10-29,1
CUST01405,58,Other,East,Secondary,Salaried,306262.27,1826689.56,Home,539.0,0,164,32.81,2019-11-15,1
CUST01406,42,Female,East,Primary,Unemployed,798647.07,968754.43,Car,347.1,17,174,9.24,2026-03-18,1
CUST01407,55,Female,West,Post-Graduate,Unemployed,296824.85,1362319.88,Car,767.5,5,46,12.14,2023-10-25,1
CUST01408,33,Male,East,Secondary,Unemployed,232714.49,479479.68,Education,730.0,22,449,56.54,2019-08-08,0
CUST01409,58,Female,West,Post-Graduate,Self-Employed,2886140.07,1194618.01,Other,836.0,3,237,19.84,2019-06-16,1
CUST01410,27,Female,West,Graduate,Unemployed,1589766.23,1685002.66,Education,401.8,20,155,34.16,2020-04-03,1
CUST01411,59,Female,South,Secondary,Salaried,1665493.1,1301399.21,Car,734.4,15,71,111.55,2019-10-21,0
CUST01412,37,Male,North,Graduate,Unemployed,2433675.12,1825118.24,Other,646.8,18,466,39.14,2025-09-20,0
CUST01413,28,Female,South,Graduate,Self-Employed,2771492.84,681025.48,Education,451.9,20,146,118.55,2025-02-18,1
CUST01414,46,Female,West,Secondary,Self-Employed,1223761.46,43341.87,Home,832.4,17,165,37.24,2021-10-13,0
CUST01415,65,Other,North,Graduate,Unemployed,1016328.4,1150302.96,Home,801.7,9,170,22.69,2024-03-04,0
CUST01416,29,Male,East,Primary,Salaried,1075925.05,127549.53,Business,373.6,21,327,13.6,2018-12-23,1
CUST01417,34,Male,East,Post-Graduate,Salaried,2413835.64,484332.89,Education,744.5,8,373,61.04,2022-02-06,0
CUST01418,65,Male,East,Post-Graduate,Self-Employed,1573797.07,80114.08,Car,400.2,9,487,119.72,2025-04-25,1
CUST01419,22,Male,South,Graduate,Self-Employed,1895144.26,348691.47,Home,810.2,12,392,24.29,2018-06-07,0
CUST01420,69,Male,South,Post-Graduate,Self-Employed,1746183.91,804515.06,Other,485.6,18,68,36.69,2019-12-03,1
CUST01421,53,Female,West,Post-Graduate,Unemployed,1813723.7,625412.63,Other,503.4,17,323,56.23,2021-09-23,1
CUST01422,64,Male,North,Primary,Unemployed,1410646.28,1136559.95,Other,506.3,16,68,107.79,2018-08-27,1
CUST01423,25,Other,North,Graduate,Self-Employed,2981125.52,812471.81,Education,835.5,23,418,117.26,2020-01-30,0
CUST01424,64,Other,West,Secondary,Self-Employed,1596151.24,1054266.23,Business,457.0,14,462,46.28,2018-01-28,1
CUST01425,19,Male,North,Graduate,Unemployed,1665319.38,1585805.58,Education,640.3,9,178,55.27,2024-09-27,0
CUST01426,46,Male,East,Primary,Unemployed,1940090.12,229372.13,Business,736.1,21,429,33.47,2021-06-12,0
CUST01427,55,Male,North,Graduate,Self-Employed,1680482.79,123627.04,Other,816.0,8,154,79.76,2025-02-03,0
CUST01428,49,Female,South,Primary,Salaried,1859871.0,1923126.46,Education,422.2,4,309,113.71,2020-04-22,1
CUST01429,20,Other,North,Post-Graduate,Self-Employed,2542571.19,1276011.72,Car,408.6,17,473,118.91,2023-06-04,1
CUST01430,29,Female,West,Graduate,Unemployed,851214.87,883944.72,Other,389.3,9,193,5.15,2023-05-29,1
CUST01431,41,Male,South,Graduate,Self-Employed,1988188.04,1414895.12,Home,492.1,13,467,57.52,2022-01-18,1
CUST01432,58,Male,North,Primary,Salaried,1721796.0,1639647.37,Other,351.7,13,441,83.16,2026-01-22,1
CUST01433,36,Female,West,Primary,Salaried,1894764.13,871400.92,Home,790.1,3,104,57.1,2021-12-21,1
CUST01434,64,Other,North,Primary,Self-Employed,1583727.41,854208.58,Education,378.1,24,479,35.06,2020-11-26,1
CUST01435,48,Male,North,Secondary,Salaried,2747669.1,1122015.08,Other,736.1,9,131,54.26,2018-02-20,0
CUST01436,23,Female,East,Secondary,Salaried,438505.65,136940.79,Car,364.9,15,423,75.94,2021-01-04,1
CUST01437,63,Other,West,Graduate,Salaried,1664937.51,757910.16,Other,790.0,6,294,84.53,2024-07-20,0
CUST01438,42,Female,South,Primary,Unemployed,1984556.73,472176.1,Car,377.9,20,62,66.3,2020-01-23,1
CUST01439,22,Female,North,Secondary,Self-Employed,407426.47,1430191.18,Home,669.4,24,109,51.55,2023-06-05,0
CUST01440,62,Other,East,Secondary,Unemployed,1928304.29,1197071.33,Other,787.8,4,489,90.91,2019-04-17,1
CUST01441,65,Male,North,Secondary,Self-Employed,1921726.32,19160.16,Business,544.7,15,130,107.79,2025-11-09,1
CUST01442,18,Other,East,Graduate,Unemployed,2703470.24,744393.26,Other,576.8,19,341,15.73,2021-05-08,0
CUST01443,60,Other,North,Secondary,Unemployed,2963594.16,1304802.01,Other,530.6,17,268,70.82,2023-11-09,1
CUST01444,47,Male,East,Secondary,Salaried,1855397.74,976583.51,Home,456.1,3,348,6.22,2023-05-11,1
CUST01445,67,Other,South,Graduate,Salaried,1041596.34,1049226.09,Business,504.0,17,412,108.58,2022-10-29,1
CUST01446,66,Male,South,Graduate,Salaried,2586586.86,1975718.94,Home,475.3,22,69,39.43,2018-04-07,1
CUST01447,27,Male,South,Secondary,Salaried,2709216.13,778845.88,Car,313.6,10,494,41.54,2019-06-16,1
CUST01448,20,Other,North,Primary,Salaried,1567597.53,364529.79,Business,558.1,10,111,27.63,2022-01-18,0
CUST01449,49,Female,West,Primary,Self-Employed,1490821.73,318449.01,Business,826.4,24,162,72.29,2025-12-27,0
CUST01450,31,Female,North,Graduate,Salaried,393862.49,379014.67,Business,591.6,13,287,21.06,2025-10-30,0
CUST01451,56,Other,South,Post-Graduate,Unemployed,127550.0,1779265.75,Business,419.0,6,246,74.24,2021-01-20,1
CUST01452,38,Male,North,Graduate,Self-Employed,2277623.06,772888.39,Home,388.4,12,386,31.64,2019-01-05,1
CUST01453,21,Female,East,Secondary,Unemployed,2114648.17,298029.16,Other,426.7,9,208,52.78,2018-12-13,1
CUST01454,63,Female,West,Post-Graduate,Self-Employed,1057714.96,902272.63,Home,551.2,5,350,112.61,2018-06-16,1
CUST01455,40,Other,South,Post-Graduate,Self-Employed,1040576.4,111873.2,Education,773.6,20,262,37.86,2025-10-28,0
CUST01456,22,Other,North,Graduate,Self-Employed,1535970.49,404614.88,Other,807.6,4,293,36.75,2025-07-17,1
CUST01457,36,Female,East,Post-Graduate,Self-Employed,509494.48,1330863.33,Education,364.7,15,331,104.35,2022-12-31,1
CUST01458,44,Male,North,Secondary,Unemployed,2222715.87,1098545.51,Education,826.9,0,238,91.49,2019-04-16,1
CUST01459,31,Female,East,Primary,Self-Employed,1419675.35,1892955.25,Education,749.3,13,74,26.69,2019-10-27,0
CUST01460,21,Male,East,Secondary,Salaried,1806017.32,1188790.97,Other,772.8,20,138,66.28,2018-11-25,0
CUST01461,62,Male,West,Primary,Self-Employed,698733.08,100925.97,Education,566.8,22,112,91.34,2025-10-09,0
CUST01462,48,Other,North,Post-Graduate,Salaried,1163184.97,985146.18,Other,555.5,0,108,61.67,2023-06-06,1
CUST01463,62,Female,South,Secondary,Salaried,2951303.14,653409.46,Education,407.5,10,17,58.46,2018-10-14,1
CUST01464,23,Other,East,Post-Graduate,Unemployed,2787557.32,800050.84,Education,678.1,19,5,23.92,2020-03-17,0
CUST01465,41,Female,North,Primary,Self-Employed,725369.42,822717.73,Education,345.6,13,326,105.96,2021-11-09,1
CUST01466,57,Female,North,Secondary,Self-Employed,1676511.87,193611.69,Car,407.0,17,356,63.34,2019-12-24,1
CUST01467,57,Other,South,Secondary,Unemployed,747241.05,591626.25,Car,583.4,15,63,8.79,2024-04-20,0
CUST01468,33,Female,West,Secondary,Self-Employed,2025658.92,1860843.88,Business,323.4,23,121,115.06,2020-01-17,1
CUST01469,53,Other,East,Graduate,Self-Employed,2732630.23,1894891.16,Other,764.1,10,179,90.32,2024-09-27,0
CUST01470,26,Male,East,Graduate,Unemployed,239751.51,547014.39,Education,659.7,10,260,68.74,2018-08-02,0
CUST01471,37,Other,South,Graduate,Self-Employed,892768.81,511878.0,Business,841.8,21,7,23.95,2026-02-08,0
CUST01472,24,Other,South,Primary,Self-Employed,1845721.64,469663.88,Car,558.8,12,111,41.55,2020-02-19,0
CUST01473,62,Other,West,Post-Graduate,Salaried,2264373.45,528657.44,Car,833.8,4,201,98.18,2022-07-30,1
CUST01474,60,Female,East,Secondary,Salaried,1022252.4,635238.03,Other,797.3,16,64,95.27,2023-07-15,0
CUST01475,60,Male,South,Graduate,Salaried,2493706.7,1365729.41,Education,844.7,11,78,9.79,2018-08-22,0
CUST01476,26,Female,West,Primary,Self-Employed,2345949.46,1363780.15,Car,616.8,22,287,66.61,2023-11-06,0
CUST01477,60,Male,South,Graduate,Self-Employed,111038.35,420377.98,Business,547.5,8,337,60.07,2024-12-09,1
CUST01478,27,Female,West,Graduate,Self-Employed,2026456.4,1302472.04,Other,626.1,10,323,117.4,2021-03-12,0
CUST01479,52,Other,South,Primary,Salaried,983426.14,359863.6,Car,662.4,17,201,115.82,2022-02-14,0
CUST01480,48,Female,North,Primary,Unemployed,1504396.69,736147.06,Home,753.8,19,323,93.96,2021-03-26,0
CUST01481,29,Female,North,Primary,Unemployed,947058.96,1905654.84,Education,471.5,2,119,110.27,2022-04-23,1
CUST01482,34,Other,South,Post-Graduate,Self-Employed,112662.79,124356.71,Business,555.9,18,221,107.0,2025-05-16,0
CUST01483,18,Female,West,Post-Graduate,Salaried,1717904.77,1179199.15,Education,418.3,14,310,16.52,2018-04-15,1
CUST01484,65,Other,South,Primary,Self-Employed,1966538.77,1538132.16,Home,497.1,21,8,62.89,2021-03-08,1
CUST01485,37,Female,North,Graduate,Unemployed,1749721.78,898042.44,Education,459.0,8,373,31.63,2023-04-17,1
CUST01486,54,Male,South,Graduate,Self-Employed,385570.81,1595905.96,Car,333.8,0,146,116.03,2018-01-22,1
CUST01487,18,Other,South,Primary,Unemployed,1150829.63,926590.31,Car,372.0,13,207,72.14,2023-11-22,1
CUST01488,31,Female,South,Primary,Self-Employed,133265.98,997831.28,Education,558.7,14,344,119.3,2021-10-17,0
CUST01489,63,Male,East,Secondary,Unemployed,2931347.99,134967.03,Home,635.5,14,461,82.86,2024-06-04,0
CUST01490,56,Female,South,Graduate,Self-Employed,1253738.74,1280195.1,Business,761.9,11,74,113.86,2022-01-18,0
CUST01491,37,Other,North,Graduate,Self-Employed,2307487.73,70240.87,Education,791.4,19,285,107.86,2024-12-29,0
CUST01492,67,Male,West,Secondary,Salaried,131766.07,420885.29,Education,452.4,4,77,36.87,2024-03-10,1
CUST01493,20,Male,West,Secondary,Unemployed,2113331.43,1071427.27,Education,839.1,8,287,12.11,2020-01-31,0
CUST01494,33,Other,East,Graduate,Salaried,1457076.18,1067091.19,Business,460.0,20,116,47.61,2023-12-09,1
CUST01495,30,Other,South,Secondary,Self-Employed,2034945.18,862590.68,Education,434.0,7,428,107.89,2023-05-28,1
CUST01496,57,Female,North,Graduate,Salaried,1076520.23,1378588.36,Education,547.9,20,286,9.49,2026-03-02,1
CUST01497,45,Male,South,Primary,Salaried,2869192.67,331033.91,Car,762.0,1,80,47.95,2025-08-10,1
CUST01498,18,Other,West,Post-Graduate,Unemployed,2516212.07,195061.92,Car,488.9,14,428,37.04,2020-08-26,1
CUST01499,67,Male,East,Primary,Salaried,957546.18,449302.19,Education,608.0,23,160,23.06,2022-03-25,0
CUST01500,27,Male,West,Post-Graduate,Unemployed,1374769.67,159187.82,Business,748.6,20,184,97.27,2023-07-02,0
CUST01501,40,Other,West,Primary,Salaried,910722.79,642396.79,Education,691.5,14,89,23.12,2025-07-22,0
CUST01502,49,Male,West,Secondary,Unemployed,1422991.89,1559942.2,Car,341.1,13,442,108.79,2020-04-20,1
CUST01503,33,Male,North,Primary,Unemployed,486009.54,1234586.39,Car,613.5,0,215,109.28,2021-02-18,1
CUST01504,27,Other,East,Primary,Unemployed,581482.52,736450.66,Business,458.6,11,3,60.59,2024-06-08,1
CUST01505,70,Other,West,Post-Graduate,Salaried,356790.58,1562521.79,Home,359.1,1,64,75.59,2020-05-28,1
CUST01506,64,Female,East,Primary,Unemployed,2056648.67,435497.76,Other,406.1,1,23,116.79,2020-09-28,1
CUST01507,61,Male,South,Secondary,Unemployed,1475286.74,1793866.79,Other,607.7,1,250,32.45,2022-06-03,1
CUST01508,21,Female,East,Primary,Self-Employed,2079384.5,160798.72,Education,797.7,22,487,22.42,2022-12-05,0
CUST01509,62,Female,West,Post-Graduate,Salaried,2162212.45,1056104.86,Home,776.6,6,137,85.76,2018-04-24,0
CUST01510,62,Female,West,Primary,Unemployed,226247.56,683315.95,Education,436.7,21,185,19.56,2024-12-25,1
CUST01511,57,Female,West,Post-Graduate,Self-Employed,909930.29,1279771.79,Education,300.3,10,237,105.15,2022-06-17,1
CUST01512,53,Male,South,Secondary,Self-Employed,1492190.88,661581.11,Home,761.1,2,226,116.16,2020-10-08,1
CUST01513,62,Other,East,Secondary,Self-Employed,1047562.48,887208.51,Home,447.2,22,235,31.83,2024-10-13,1
CUST01514,29,Other,North,Secondary,Salaried,193674.39,1778941.48,Other,602.7,1,473,6.58,2018-04-04,1
CUST01515,18,Other,West,Graduate,Self-Employed,1218448.31,1723520.32,Business,582.8,4,375,50.1,2021-05-04,1
CUST01516,66,Female,West,Post-Graduate,Self-Employed,2918706.92,150690.5,Education,632.0,21,474,33.95,2025-12-12,0
CUST01517,38,Male,South,Graduate,Self-Employed,720603.09,342634.2,Education,301.3,18,146,74.24,2021-03-15,1
CUST01518,27,Male,South,Post-Graduate,Unemployed,848888.88,1625933.62,Business,308.6,21,401,102.01,2021-07-17,1
CUST01519,23,Female,South,Post-Graduate,Salaried,145814.49,223638.14,Home,520.0,13,201,76.99,2025-02-01,1
CUST01520,60,Other,East,Primary,Unemployed,634450.42,1871577.88,Car,552.6,24,150,111.52,2019-10-13,0
CUST01521,22,Other,North,Post-Graduate,Self-Employed,2912147.83,1938007.11,Car,790.2,5,244,97.5,2025-09-18,1
CUST01522,68,Female,West,Secondary,Salaried,268517.41,812268.3,Car,392.7,6,386,14.65,2025-05-23,1
CUST01523,27,Other,South,Graduate,Self-Employed,1461931.91,820697.8,Car,593.3,7,229,6.37,2025-04-18,0
CUST01524,37,Other,North,Primary,Unemployed,1471187.85,928936.69,Education,540.2,10,387,104.88,2019-11-25,1
CUST01525,32,Other,West,Primary,Salaried,1196548.95,550560.51,Business,736.0,8,461,87.87,2018-08-10,0
CUST01526,59,Other,West,Graduate,Salaried,142786.14,1718996.1,Home,606.0,5,391,89.16,2018-12-26,1
CUST01527,61,Female,East,Secondary,Salaried,892100.62,965881.17,Car,530.1,3,222,73.56,2020-10-24,1
CUST01528,39,Male,North,Primary,Self-Employed,954881.35,1713667.33,Car,703.4,22,335,7.31,2019-10-17,0
CUST01529,26,Other,West,Graduate,Self-Employed,2535118.2,439883.65,Home,536.5,19,125,48.14,2020-08-15,1
CUST01530,51,Male,North,Primary,Unemployed,1318678.0,1513806.51,Car,362.1,6,108,64.96,2025-05-16,1
CUST01531,64,Female,South,Secondary,Self-Employed,253180.93,1098767.56,Other,825.6,4,208,51.45,2022-06-10,1
CUST01532,20,Male,North,Primary,Unemployed,1176767.18,1587924.14,Other,528.6,23,106,119.43,2020-02-25,1
CUST01533,43,Other,North,Primary,Self-Employed,735169.78,446119.12,Education,775.3,9,164,55.19,2023-09-28,0
CUST01534,40,Male,East,Primary,Self-Employed,510678.4,521421.18,Car,786.7,22,297,45.85,2021-05-26,0
CUST01535,40,Other,West,Post-Graduate,Salaried,2866748.17,1089588.24,Other,748.8,5,18,35.55,2019-11-18,1
CUST01536,30,Other,North,Graduate,Salaried,1593157.98,1872726.58,Other,759.7,18,153,47.7,2023-07-10,0
CUST01537,56,Female,West,Post-Graduate,Salaried,2959337.3,686320.06,Other,306.0,20,194,104.33,2020-07-01,1
CUST01538,67,Male,East,Primary,Unemployed,2555500.41,1724813.21,Car,608.5,5,174,112.38,2022-03-28,1
CUST01539,19,Male,West,Post-Graduate,Unemployed,1598194.89,912701.92,Home,770.1,4,368,5.41,2020-11-24,1
CUST01540,51,Male,North,Primary,Unemployed,2138174.35,638238.72,Other,832.8,1,233,8.78,2024-01-09,1
CUST01541,52,Female,West,Secondary,Unemployed,2795139.71,1667759.79,Business,525.0,6,338,48.05,2023-11-04,1
CUST01542,33,Female,South,Primary,Self-Employed,2303758.07,1446706.56,Business,842.7,21,451,51.44,2020-06-22,0
CUST01543,30,Other,West,Post-Graduate,Unemployed,2229126.07,1027407.48,Education,450.6,15,151,78.35,2023-12-08,1
CUST01544,28,Other,West,Secondary,Self-Employed,2971968.62,142806.86,Other,844.2,21,141,29.05,2024-12-11,0
CUST01545,50,Other,South,Post-Graduate,Self-Employed,2349023.42,1366681.4,Business,321.2,13,140,110.8,2023-07-12,1
CUST01546,49,Female,South,Post-Graduate,Unemployed,458545.35,706410.18,Business,841.4,10,147,67.87,2022-10-12,0
CUST01547,66,Female,North,Post-Graduate,Unemployed,1834785.92,1115221.95,Business,389.0,15,69,98.48,2024-11-23,1
CUST01548,42,Female,West,Primary,Unemployed,1609815.11,120598.51,Home,322.8,7,156,11.84,2021-09-09,1
CUST01549,48,Male,West,Secondary,Salaried,1912271.4,287513.58,Business,616.1,19,89,15.01,2023-03-08,0
CUST01550,64,Female,West,Secondary,Salaried,426229.54,125079.41,Education,756.0,9,477,74.73,2022-09-07,0
CUST01551,59,Other,West,Post-Graduate,Unemployed,1252009.07,567657.03,Home,312.0,3,440,81.34,2023-03-23,1
CUST01552,67,Other,East,Post-Graduate,Unemployed,1179316.91,8981.63,Business,336.9,12,205,26.46,2018-01-28,1
CUST01553,44,Other,South,Secondary,Salaried,125335.72,1780959.53,Business,795.3,22,183,53.36,2022-03-04,0
CUST01554,24,Male,North,Post-Graduate,Self-Employed,2636195.15,1803840.88,Business,755.5,4,249,32.93,2022-09-26,1
CUST01555,62,Other,East,Primary,Salaried,731706.2,1806031.62,Other,637.1,8,213,108.69,2025-11-12,0
CUST01556,40,Other,West,Graduate,Salaried,2675454.82,1157866.68,Other,592.6,3,5,73.41,2018-07-31,1
CUST01557,44,Male,West,Graduate,Unemployed,1917437.38,870768.31,Home,687.5,19,110,113.6,2019-08-13,0
CUST01558,68,Other,South,Secondary,Unemployed,2252255.05,820038.89,Business,807.1,8,54,12.16,2019-07-22,0
CUST01559,58,Other,West,Primary,Self-Employed,2562502.65,1423299.44,Education,641.5,17,12,116.42,2022-05-31,0
CUST01560,18,Female,East,Graduate,Self-Employed,2998718.52,1256765.75,Other,750.3,1,61,56.58,2021-06-13,1
CUST01561,63,Other,East,Secondary,Self-Employed,2505517.36,1426694.31,Education,608.4,10,453,32.39,2021-03-20,0
CUST01562,60,Female,East,Primary,Self-Employed,2645985.08,1511797.43,Business,725.0,12,380,21.72,2019-11-24,0
CUST01563,59,Female,South,Secondary,Unemployed,2598758.22,218450.27,Car,442.3,23,188,31.6,2018-01-30,1
CUST01564,34,Male,South,Graduate,Salaried,1453922.22,248330.52,Car,773.3,20,428,43.44,2021-10-18,0
CUST01565,35,Other,North,Primary,Unemployed,2409809.72,1943294.49,Business,303.2,18,9,78.38,2020-02-24,1
CUST01566,25,Other,North,Post-Graduate,Unemployed,2550939.56,1977917.34,Other,633.9,5,314,48.47,2019-06-26,1
CUST01567,50,Female,North,Secondary,Unemployed,2997755.22,1704265.74,Other,432.8,15,80,32.01,2018-10-22,1
CUST01568,26,Male,East,Graduate,Self-Employed,2105174.43,1505329.34,Car,817.8,6,179,84.15,2019-07-06,0
CUST01569,22,Male,West,Post-Graduate,Unemployed,2526980.54,165327.74,Home,363.7,12,54,38.78,2022-08-30,1
CUST01570,22,Male,East,Post-Graduate,Unemployed,2820861.04,115272.37,Education,387.9,7,450,49.74,2022-05-24,1
CUST01571,54,Female,South,Post-Graduate,Unemployed,978309.83,33317.74,Education,412.6,4,391,87.86,2025-01-01,1
CUST01572,33,Other,West,Primary,Self-Employed,2757209.13,1393979.8,Education,319.6,6,9,114.18,2018-10-16,1
CUST01573,65,Male,North,Post-Graduate,Unemployed,588922.47,1438385.33,Car,508.9,23,161,58.23,2023-01-12,1
CUST01574,31,Other,East,Secondary,Self-Employed,2583164.5,781771.85,Education,826.7,4,432,66.61,2020-07-22,1
CUST01575,49,Other,West,Secondary,Self-Employed,305357.33,1139793.06,Education,352.4,23,245,28.04,2022-06-28,1
CUST01576,19,Other,East,Post-Graduate,Unemployed,1017150.51,1854447.98,Education,482.5,21,225,94.92,2025-02-25,1
CUST01577,68,Male,East,Primary,Self-Employed,1620493.14,1944853.96,Other,392.4,8,218,87.38,2022-10-08,1
CUST01578,67,Female,West,Post-Graduate,Salaried,405696.59,428879.47,Other,308.6,6,238,60.85,2025-06-07,1
CUST01579,18,Female,West,Secondary,Unemployed,1752134.13,1493428.92,Other,557.0,2,338,58.17,2019-08-04,1
CUST01580,62,Male,West,Post-Graduate,Salaried,2162596.08,1527812.68,Home,834.5,14,54,79.92,2023-01-02,0
CUST01581,67,Male,East,Graduate,Unemployed,2908944.03,1812031.71,Education,796.0,12,432,13.86,2025-05-17,0
CUST01582,54,Male,West,Primary,Self-Employed,2795161.16,1534317.16,Other,725.8,4,109,51.94,2025-01-26,1
CUST01583,43,Female,South,Secondary,Salaried,1588114.4,1843950.89,Car,422.8,2,272,45.42,2025-07-23,1
CUST01584,20,Female,West,Secondary,Unemployed,1300806.71,1957973.94,Education,427.6,11,395,15.34,2018-05-16,1
CUST01585,51,Female,North,Primary,Salaried,1425450.86,1768975.58,Business,774.5,1,303,62.27,2019-06-19,1
CUST01586,20,Other,East,Primary,Self-Employed,2642362.08,1371407.94,Business,476.1,15,366,11.15,2019-07-31,1
CUST01587,38,Female,West,Post-Graduate,Salaried,1412095.65,1652135.8,Home,697.0,23,371,38.3,2020-06-07,0
CUST01588,25,Other,South,Primary,Unemployed,933288.13,1985925.97,Car,845.6,6,396,34.93,2020-07-29,0
CUST01589,59,Male,South,Post-Graduate,Self-Employed,2998969.21,1551346.68,Home,795.0,3,280,84.75,2021-09-30,1
CUST01590,49,Female,North,Graduate,Unemployed,1939346.97,269623.63,Business,601.4,7,116,35.76,2021-07-08,0
CUST01591,51,Female,North,Primary,Salaried,1485733.16,243547.88,Business,560.9,1,490,66.09,2022-04-09,1
CUST01592,43,Other,East,Secondary,Unemployed,2598233.68,189639.83,Car,499.0,11,321,99.3,2022-09-26,1
CUST01593,51,Other,South,Graduate,Salaried,540674.31,468196.63,Car,755.6,8,367,71.99,2025-06-16,0
CUST01594,37,Female,South,Primary,Unemployed,669342.15,453476.34,Home,508.2,15,314,36.17,2020-01-15,1
CUST01595,20,Male,West,Secondary,Unemployed,2341301.6,487083.01,Education,621.0,15,401,34.99,2020-11-27,0
CUST01596,40,Female,North,Primary,Unemployed,1202122.81,491687.34,Car,820.3,14,437,41.4,2019-10-14,0
CUST01597,49,Other,West,Secondary,Salaried,695120.14,248156.71,Car,455.9,7,497,83.16,2018-10-31,1
CUST01598,33,Other,North,Graduate,Unemployed,2108664.82,1223975.46,Home,846.3,17,423,87.57,2021-01-27,0
CUST01599,57,Other,West,Post-Graduate,Salaried,2295360.16,37667.92,Other,343.3,21,346,73.77,2023-06-26,1
CUST01600,54,Female,West,Secondary,Salaried,2330107.92,1415091.48,Car,446.9,16,468,31.44,2023-12-04,1
CUST01601,38,Female,South,Primary,Unemployed,576489.29,1194188.97,Other,494.5,20,168,55.65,2020-01-21,1
CUST01602,50,Male,South,Primary,Salaried,2753885.25,1785351.79,Home,532.7,4,18,20.5,2023-07-19,1
CUST01603,59,Female,West,Secondary,Self-Employed,1197868.47,1872939.04,Other,592.9,6,431,37.77,2020-07-21,0
CUST01604,62,Female,South,Post-Graduate,Salaried,2271152.99,1753999.27,Other,679.5,11,227,116.22,2020-02-19,0
CUST01605,48,Male,South,Graduate,Salaried,1631075.18,600620.0,Home,580.2,1,11,67.22,2023-08-29,1
CUST01606,52,Other,West,Graduate,Salaried,2153630.88,61319.7,Other,474.9,9,173,41.79,2020-07-02,1
CUST01607,67,Other,East,Post-Graduate,Salaried,2586236.15,687970.99,Home,404.3,12,376,98.47,2021-11-08,1
CUST01608,56,Other,West,Post-Graduate,Salaried,2914631.23,756107.61,Other,725.9,12,281,84.44,2018-12-21,0
CUST01609,42,Male,West,Secondary,Unemployed,2907315.57,1869460.18,Other,546.8,10,193,19.91,2020-11-08,1
CUST01610,28,Other,West,Secondary,Salaried,1519359.1,427513.05,Car,547.6,1,282,112.87,2021-01-28,1
CUST01611,48,Other,West,Post-Graduate,Salaried,2365148.84,1991009.9,Business,465.9,9,104,57.88,2025-05-27,1
CUST01612,21,Male,North,Graduate,Salaried,2577644.31,293852.94,Home,471.9,4,211,59.5,2019-10-21,1
CUST01613,34,Female,East,Post-Graduate,Self-Employed,2401627.57,1409187.47,Home,664.5,2,468,76.66,2022-01-29,1
CUST01614,42,Female,West,Post-Graduate,Salaried,1527292.71,1259119.5,Business,784.1,7,293,27.72,2024-01-13,0
CUST01615,36,Male,South,Primary,Salaried,738017.45,291932.02,Other,422.6,6,407,43.72,2024-12-05,1
CUST01616,64,Other,East,Primary,Salaried,1740618.94,1900482.24,Education,645.6,3,297,61.61,2021-11-19,1
CUST01617,32,Female,East,Primary,Unemployed,886604.41,544168.73,Car,823.8,23,371,95.17,2025-02-21,0
CUST01618,33,Female,West,Secondary,Salaried,2729116.44,1127335.84,Other,405.9,16,293,15.35,2020-01-14,1
CUST01619,23,Male,North,Graduate,Unemployed,2389683.38,517422.06,Business,590.0,0,108,46.1,2023-10-21,1
CUST01620,30,Female,West,Secondary,Salaried,1360677.41,273773.19,Car,602.2,22,132,63.66,2018-03-30,0
CUST01621,56,Female,North,Primary,Self-Employed,797210.22,462905.27,Education,805.7,24,141,23.93,2021-06-18,0
CUST01622,51,Female,North,Primary,Salaried,1463854.07,1440803.07,Business,402.3,9,42,116.57,2020-07-01,1
CUST01623,58,Male,West,Secondary,Self-Employed,2835536.72,309297.11,Education,782.8,24,484,113.34,2020-08-24,0
CUST01624,60,Other,South,Primary,Unemployed,1309479.06,1207348.34,Car,672.4,6,473,12.0,2021-11-12,0
CUST01625,19,Other,North,Post-Graduate,Self-Employed,2694388.7,350887.34,Car,395.9,15,10,14.16,2024-06-14,1
CUST01626,54,Female,East,Post-Graduate,Self-Employed,2901496.24,1391103.87,Home,355.9,16,163,11.0,2019-11-15,1
CUST01627,52,Other,South,Secondary,Self-Employed,1690257.09,753086.22,Other,511.8,1,237,94.23,2022-12-30,1
CUST01628,32,Female,East,Post-Graduate,Unemployed,1193187.51,1634184.65,Car,816.5,2,386,112.7,2020-03-08,1
CUST01629,62,Other,South,Graduate,Self-Employed,591723.91,1843586.51,Home,448.4,22,179,12.53,2021-11-29,1
CUST01630,62,Male,South,Secondary,Salaried,1541405.87,1922284.03,Business,767.1,21,161,106.29,2023-01-12,0
CUST01631,61,Other,North,Secondary,Unemployed,1028885.07,1074006.65,Business,406.2,17,446,24.15,2024-11-01,1
CUST01632,28,Male,East,Primary,Self-Employed,850154.74,638296.32,Car,531.9,4,334,19.68,2024-11-25,1
CUST01633,41,Female,North,Primary,Salaried,2285099.65,1838696.07,Car,537.2,3,481,77.05,2021-04-05,1
CUST01634,62,Other,South,Graduate,Unemployed,1240857.73,675120.88,Home,611.9,14,327,12.48,2021-09-05,0
CUST01635,34,Male,North,Graduate,Unemployed,1094253.2,866868.17,Car,383.2,23,94,44.14,2026-03-15,1
CUST01636,66,Other,East,Graduate,Unemployed,2953421.99,1542824.36,Education,840.2,8,322,113.68,2025-06-06,0
CUST01637,68,Other,South,Primary,Salaried,1101863.73,1980591.78,Business,486.4,22,260,82.5,2021-05-11,1
CUST01638,18,Male,West,Graduate,Self-Employed,1400804.66,874856.67,Education,364.5,10,314,77.48,2018-05-14,1
CUST01639,66,Female,East,Post-Graduate,Salaried,2971564.46,1498083.06,Home,350.2,23,249,32.48,2020-10-12,1
CUST01640,32,Female,South,Secondary,Salaried,1957016.31,1145615.91,Education,501.8,11,454,17.98,2021-12-02,1
CUST01641,35,Male,South,Post-Graduate,Self-Employed,1172393.11,778603.63,Home,395.2,13,487,9.87,2025-04-17,1
CUST01642,26,Female,North,Primary,Salaried,1400599.45,43258.27,Other,775.2,7,443,33.86,2023-06-09,0
CUST01643,42,Male,East,Secondary,Unemployed,2644188.43,565222.97,Home,829.4,14,164,71.34,2018-10-24,0
CUST01644,60,Female,East,Graduate,Salaried,479146.41,447737.78,Home,445.9,3,27,109.5,2021-03-13,1
CUST01645,32,Female,South,Graduate,Unemployed,1959847.2,1761340.0,Other,457.1,20,227,54.7,2020-12-18,1
CUST01646,59,Other,North,Graduate,Salaried,374942.35,831774.58,Business,737.2,2,9,68.76,2024-03-17,1
CUST01647,59,Male,East,Primary,Self-Employed,1900445.68,1041608.28,Car,415.1,17,128,117.37,2019-02-16,1
CUST01648,65,Female,East,Post-Graduate,Salaried,2484403.44,918120.61,Home,525.1,22,339,16.61,2020-07-24,1
CUST01649,33,Female,South,Post-Graduate,Unemployed,2544995.97,738035.85,Car,395.4,9,355,22.87,2019-03-10,1
CUST01650,54,Male,North,Post-Graduate,Salaried,1584284.66,1989137.21,Home,753.2,2,86,111.79,2019-01-27,1
CUST01651,24,Female,North,Graduate,Salaried,1376991.52,176930.36,Other,442.2,16,114,16.31,2020-01-25,1
CUST01652,31,Male,North,Primary,Unemployed,2806690.77,1150712.27,Education,562.9,9,61,115.99,2021-11-29,0
CUST01653,25,Male,North,Graduate,Unemployed,2401867.12,1198458.55,Business,632.8,2,92,73.37,2020-04-13,1
CUST01654,40,Other,South,Primary,Salaried,609309.61,1011198.02,Car,783.2,0,355,74.91,2023-04-29,1
CUST01655,38,Other,East,Secondary,Unemployed,2276016.54,1477782.79,Home,773.5,12,82,104.61,2026-01-05,0
CUST01656,39,Female,East,Post-Graduate,Unemployed,217991.48,384401.69,Other,619.2,14,142,40.57,2018-06-29,0
CUST01657,56,Other,North,Secondary,Self-Employed,2080611.9,658447.9,Car,631.0,0,480,65.98,2024-07-12,1
CUST01658,32,Male,West,Secondary,Self-Employed,2532350.77,1201043.75,Home,380.6,22,368,5.87,2022-08-16,1
CUST01659,33,Other,South,Primary,Unemployed,2143629.41,1863314.55,Home,799.0,1,385,17.72,2023-11-19,1
CUST01660,58,Male,North,Graduate,Self-Employed,1088127.21,497893.07,Other,529.2,5,39,97.91,2021-02-03,1
CUST01661,70,Other,North,Graduate,Unemployed,2738945.45,1909712.04,Other,510.8,22,352,94.57,2020-04-08,1
CUST01662,43,Female,North,Primary,Self-Employed,184397.4,396254.13,Car,392.3,19,491,55.94,2018-04-12,1
CUST01663,43,Other,West,Primary,Unemployed,1421317.44,1509854.66,Business,336.9,11,24,48.99,2018-06-20,1
CUST01664,67,Other,North,Primary,Unemployed,1756449.9,1798857.2,Car,775.8,3,258,60.14,2024-12-06,1
CUST01665,30,Other,West,Graduate,Salaried,545270.14,86299.49,Other,665.2,9,33,87.03,2025-07-14,0
CUST01666,58,Female,East,Secondary,Salaried,998809.08,1751371.94,Business,347.1,19,171,80.13,2018-07-27,1
CUST01667,58,Other,West,Primary,Unemployed,2597273.44,1373885.94,Business,735.3,4,249,67.19,2023-06-29,1
CUST01668,58,Other,North,Secondary,Salaried,2706355.52,1176542.74,Other,450.8,16,116,62.52,2018-06-14,1
CUST01669,34,Other,North,Graduate,Salaried,2117374.17,228973.67,Business,605.2,3,366,75.05,2025-03-30,1
CUST01670,56,Female,West,Graduate,Self-Employed,1277159.94,1657623.51,Home,704.7,22,211,15.15,2019-07-13,0
CUST01671,58,Other,North,Secondary,Unemployed,1110964.82,705301.08,Education,536.1,15,29,33.15,2023-12-02,1
CUST01672,25,Other,West,Graduate,Unemployed,973618.21,1445915.12,Home,791.7,19,411,27.03,2022-01-21,0
CUST01673,51,Female,North,Secondary,Salaried,489880.04,1076540.42,Home,667.4,12,102,25.61,2022-05-20,0
CUST01674,63,Male,East,Primary,Unemployed,2005758.35,1903538.66,Home,832.7,20,463,63.86,2021-11-02,0
CUST01675,33,Female,North,Post-Graduate,Unemployed,280724.8,1604145.22,Car,712.8,8,394,58.25,2018-04-24,0
CUST01676,40,Other,North,Primary,Self-Employed,858939.47,1300910.17,Education,507.8,24,236,43.07,2025-03-26,1
CUST01677,34,Male,West,Secondary,Salaried,1766289.4,1208796.41,Education,460.7,5,377,101.6,2020-03-03,1
CUST01678,60,Other,South,Graduate,Unemployed,2241550.14,1698989.71,Other,603.4,21,408,64.84,2023-06-03,0
CUST01679,21,Female,West,Primary,Unemployed,2273882.69,571394.97,Other,827.1,13,263,77.02,2025-04-07,0
CUST01680,19,Female,West,Post-Graduate,Unemployed,1006494.94,1358163.68,Education,453.9,0,30,84.17,2021-04-07,1
CUST01681,30,Male,South,Secondary,Salaried,1235009.24,1798114.28,Education,479.3,18,283,85.62,2019-05-05,1
CUST01682,31,Other,South,Secondary,Self-Employed,487079.23,1262175.98,Other,637.7,24,319,106.6,2021-04-17,0
CUST01683,34,Male,South,Graduate,Self-Employed,2873973.99,1265405.92,Other,581.2,4,425,62.0,2024-10-06,1
CUST01684,61,Male,East,Post-Graduate,Self-Employed,1530010.44,699679.42,Business,455.2,19,334,65.29,2020-06-02,1
CUST01685,31,Female,East,Graduate,Unemployed,2991155.2,1773729.04,Business,612.6,15,426,39.22,2021-01-29,0
CUST01686,54,Male,North,Post-Graduate,Salaried,1891120.91,307767.94,Other,313.0,24,31,52.23,2019-12-01,1
CUST01687,32,Male,North,Primary,Salaried,2132224.87,1849945.73,Car,468.7,9,223,56.14,2018-07-18,1
CUST01688,23,Female,South,Primary,Salaried,1378985.83,29291.14,Business,463.7,3,46,89.02,2019-01-17,1
CUST01689,34,Male,East,Graduate,Self-Employed,1707566.47,335248.44,Other,580.7,2,85,14.1,2019-01-06,1
CUST01690,22,Male,South,Secondary,Self-Employed,961201.82,1902793.98,Education,545.2,23,278,29.38,2024-03-19,1
CUST01691,61,Male,South,Primary,Unemployed,1685667.91,146155.04,Home,519.4,0,253,74.21,2020-11-28,1
CUST01692,55,Female,East,Graduate,Unemployed,2275154.24,1636171.46,Other,431.8,13,361,68.88,2019-12-11,1
CUST01693,43,Female,North,Post-Graduate,Unemployed,1384892.62,1178660.57,Car,579.0,0,78,36.1,2018-01-06,1
CUST01694,65,Female,North,Post-Graduate,Salaried,2710210.69,1894813.5,Home,671.1,5,345,101.68,2024-07-29,1
CUST01695,50,Female,South,Secondary,Salaried,515869.63,1032539.31,Other,527.1,10,343,110.02,2024-03-14,1
CUST01696,48,Male,North,Graduate,Unemployed,854057.79,1312298.14,Other,773.5,12,182,47.51,2024-05-08,0
CUST01697,54,Other,West,Post-Graduate,Self-Employed,1279905.01,116325.14,Education,595.2,24,462,115.22,2021-02-23,0
CUST01698,31,Male,South,Primary,Salaried,385366.95,191877.07,Other,534.9,9,479,46.36,2023-09-23,1
CUST01699,66,Female,East,Post-Graduate,Salaried,2762705.93,953325.04,Car,458.1,0,185,56.82,2024-08-16,1
CUST01700,31,Female,South,Secondary,Self-Employed,391454.94,313622.03,Car,733.1,22,411,18.46,2024-12-27,0
CUST01701,18,Other,South,Secondary,Unemployed,1419909.53,103956.22,Other,373.9,15,67,15.93,2024-07-19,1
CUST01702,64,Male,East,Post-Graduate,Unemployed,2180249.29,1304333.41,Car,419.1,3,183,58.16,2018-11-17,1
CUST01703,38,Male,South,Primary,Salaried,1202331.67,936910.75,Education,795.2,3,396,25.42,2025-03-14,1
CUST01704,63,Female,East,Post-Graduate,Unemployed,175736.9,1663995.46,Home,430.7,0,47,116.79,2022-12-21,1
CUST01705,41,Male,West,Secondary,Salaried,390304.96,1659246.38,Car,796.5,11,217,12.59,2018-04-26,0
CUST01706,36,Female,North,Graduate,Self-Employed,1382493.78,1536371.83,Business,824.7,6,99,74.45,2024-10-08,0
CUST01707,37,Male,North,Graduate,Unemployed,2332625.64,1492743.1,Home,699.6,15,154,8.4,2020-10-05,0
CUST01708,35,Other,South,Secondary,Unemployed,2512228.96,416173.93,Business,446.2,19,318,12.65,2021-09-13,1
CUST01709,63,Male,West,Graduate,Unemployed,516986.91,1113942.28,Home,599.4,7,166,39.26,2021-05-24,0
CUST01710,58,Other,South,Secondary,Unemployed,2661271.37,909088.84,Education,718.9,14,404,48.11,2022-01-09,0
CUST01711,65,Other,North,Secondary,Salaried,2928451.34,1176351.82,Car,303.8,6,334,42.48,2021-10-30,1
CUST01712,69,Male,South,Primary,Unemployed,1152809.45,1901306.42,Other,831.3,14,378,16.44,2024-11-23,0
CUST01713,41,Male,East,Post-Graduate,Salaried,1152560.48,818654.18,Education,411.3,20,494,19.79,2020-08-22,1
CUST01714,22,Male,East,Post-Graduate,Unemployed,448108.96,1688515.49,Car,523.3,8,70,85.98,2021-12-24,1
CUST01715,43,Male,South,Post-Graduate,Self-Employed,2923096.1,1835294.69,Home,523.1,19,296,37.52,2023-01-08,1
CUST01716,32,Other,East,Graduate,Salaried,2297021.07,398402.85,Education,815.3,20,403,85.57,2025-03-28,0
CUST01717,60,Other,South,Post-Graduate,Unemployed,958920.88,1047154.29,Car,502.1,20,118,86.29,2019-10-19,1
CUST01718,67,Other,East,Post-Graduate,Salaried,2234707.33,518814.8,Car,583.3,20,283,93.16,2022-02-15,0
CUST01719,63,Other,West,Post-Graduate,Unemployed,2458109.3,904242.16,Education,683.5,5,19,41.68,2020-03-14,1
CUST01720,43,Other,North,Graduate,Self-Employed,2335796.23,1731678.81,Business,594.8,15,271,14.28,2020-10-26,0
CUST01721,22,Male,West,Secondary,Salaried,2723611.31,789708.31,Other,816.4,12,372,83.36,2023-04-15,0
CUST01722,56,Female,South,Graduate,Salaried,1621233.67,1367883.48,Car,846.2,4,74,69.14,2018-02-01,1
CUST01723,45,Male,South,Secondary,Salaried,716357.3,1192121.96,Home,656.0,14,295,61.61,2020-05-15,0
CUST01724,53,Male,South,Secondary,Unemployed,1657880.4,1187300.47,Business,454.8,17,413,35.03,2020-07-05,1
CUST01725,31,Female,North,Secondary,Unemployed,2952179.89,689374.39,Business,688.3,17,106,18.59,2023-11-26,0
CUST01726,38,Male,West,Secondary,Salaried,1456803.97,8430.97,Business,613.6,10,52,60.78,2020-05-24,0
CUST01727,22,Male,South,Post-Graduate,Self-Employed,1043692.44,495888.8,Other,368.8,16,108,45.38,2020-02-14,1
CUST01728,21,Other,South,Secondary,Unemployed,2667051.61,1236331.24,Home,630.6,16,147,93.94,2024-06-24,0
CUST01729,43,Female,West,Secondary,Self-Employed,899513.69,1621620.57,Business,578.4,22,490,49.21,2025-05-09,0
CUST01730,64,Other,South,Graduate,Salaried,2127015.69,1015224.86,Education,602.0,1,73,84.0,2019-08-02,1
CUST01731,58,Male,South,Secondary,Salaried,1596455.21,222652.97,Home,328.2,14,204,111.11,2023-05-06,1
CUST01732,49,Male,South,Graduate,Self-Employed,830532.52,420662.41,Education,509.3,19,109,34.97,2020-01-29,1
CUST01733,23,Female,East,Primary,Salaried,2604862.06,543827.73,Home,684.0,21,397,78.6,2025-07-07,0
CUST01734,60,Other,South,Secondary,Unemployed,1317001.49,649645.79,Business,457.4,5,130,90.55,2023-10-09,1
CUST01735,54,Other,West,Primary,Unemployed,627075.24,1218729.19,Home,674.5,20,140,102.8,2018-11-14,0
CUST01736,22,Female,South,Graduate,Unemployed,874975.98,1387098.11,Other,702.5,6,475,94.97,2024-02-01,0
CUST01737,25,Male,North,Post-Graduate,Salaried,634308.5,1281495.61,Education,574.3,21,255,84.42,2019-04-14,0
CUST01738,39,Other,South,Secondary,Self-Employed,1825657.28,947497.05,Education,484.0,14,494,70.96,2021-09-10,1
CUST01739,36,Female,South,Secondary,Unemployed,1376744.36,1529098.23,Business,472.7,11,19,62.84,2020-10-12,1
CUST01740,22,Female,East,Secondary,Salaried,1986392.67,78804.19,Education,808.3,24,154,108.01,2019-12-09,0
CUST01741,50,Other,East,Primary,Unemployed,2355446.83,399193.38,Business,836.1,3,65,118.2,2020-12-05,1
CUST01742,40,Female,North,Primary,Salaried,720920.76,261113.51,Car,415.3,20,403,54.58,2020-01-16,1
CUST01743,55,Male,West,Primary,Unemployed,1806368.02,1263787.23,Car,675.0,11,93,5.93,2021-03-18,0
CUST01744,55,Other,East,Graduate,Self-Employed,530284.56,785943.93,Other,537.9,18,406,116.23,2022-02-19,1
CUST01745,65,Other,South,Secondary,Salaried,359744.11,505976.83,Car,790.5,18,331,60.53,2024-03-01,0
CUST01746,33,Female,West,Secondary,Self-Employed,1839337.62,1868107.36,Car,829.1,11,10,68.34,2020-10-02,0
CUST01747,26,Male,East,Graduate,Unemployed,2546627.32,102911.86,Home,418.1,22,171,58.91,2022-09-05,1
CUST01748,23,Female,South,Primary,Salaried,325059.64,1576931.66,Education,563.7,12,238,78.72,2021-06-07,0
CUST01749,28,Male,East,Primary,Unemployed,2195813.87,1143504.76,Business,686.7,9,8,70.78,2023-03-14,0
CUST01750,61,Other,West,Secondary,Self-Employed,2065062.1,67676.1,Other,653.4,18,74,66.56,2024-09-29,0
CUST01751,56,Female,West,Secondary,Unemployed,1137153.42,1837044.26,Business,808.8,7,295,14.29,2025-07-06,0
CUST01752,64,Male,West,Post-Graduate,Self-Employed,2806690.55,1778413.14,Car,837.1,2,310,105.71,2025-05-02,1
CUST01753,60,Female,East,Secondary,Salaried,2890577.34,84166.58,Home,544.7,18,248,107.02,2023-07-24,1
CUST01754,59,Female,South,Primary,Unemployed,1967673.53,1122231.17,Business,482.5,2,69,108.74,2019-08-13,1
CUST01755,28,Other,North,Graduate,Salaried,2742202.08,1863234.47,Other,352.1,13,151,36.87,2025-07-15,1
CUST01756,55,Male,East,Primary,Unemployed,541358.92,829461.74,Education,517.8,1,170,70.25,2025-11-03,1
CUST01757,36,Other,East,Post-Graduate,Salaried,1661280.73,1317007.85,Car,726.5,2,471,42.91,2024-12-05,1
CUST01758,52,Female,North,Secondary,Unemployed,2174204.35,325413.53,Home,660.0,18,459,17.03,2020-05-05,0
CUST01759,55,Other,North,Secondary,Salaried,1998267.84,1325114.33,Home,545.1,1,290,44.74,2019-10-22,1
CUST01760,52,Female,South,Graduate,Salaried,1507404.53,1675277.46,Other,490.3,12,301,97.15,2023-10-17,1
CUST01761,45,Male,North,Secondary,Unemployed,210468.92,606147.36,Education,465.4,19,297,28.57,2024-05-22,1
CUST01762,25,Other,North,Primary,Self-Employed,2766613.46,1185063.96,Car,795.3,12,306,63.29,2023-04-11,0
CUST01763,32,Female,West,Graduate,Salaried,2818605.72,883908.15,Other,819.1,3,391,89.99,2021-11-13,1
CUST01764,26,Female,South,Graduate,Self-Employed,1957195.18,1017257.29,Business,779.3,2,217,94.0,2023-08-08,1
CUST01765,31,Female,North,Primary,Unemployed,842677.41,1396153.46,Business,333.3,22,299,42.6,2019-06-08,1
CUST01766,65,Other,East,Post-Graduate,Self-Employed,247496.01,1324441.97,Home,650.4,13,5,50.29,2023-03-30,0
CUST01767,34,Other,West,Graduate,Salaried,331249.03,204205.2,Education,384.3,5,438,10.83,2020-12-08,1
CUST01768,38,Other,South,Primary,Salaried,606244.44,705994.05,Education,659.0,8,252,32.82,2018-09-25,0
CUST01769,49,Male,South,Primary,Unemployed,2982647.23,994208.63,Education,327.2,21,151,101.4,2023-09-11,1
CUST01770,34,Female,East,Primary,Self-Employed,1962907.58,958855.7,Business,484.4,12,345,41.05,2021-05-12,1
CUST01771,22,Male,South,Graduate,Unemployed,198484.15,256141.5,Home,556.2,9,121,70.05,2023-07-14,0
CUST01772,18,Female,East,Post-Graduate,Unemployed,1820362.55,1680787.77,Business,765.1,21,333,37.9,2021-12-21,0
CUST01773,31,Male,East,Secondary,Self-Employed,1348026.28,742713.98,Other,839.7,18,424,53.18,2019-03-26,0
CUST01774,33,Other,East,Graduate,Unemployed,589939.01,1701436.51,Car,559.9,20,154,22.37,2020-11-13,0
CUST01775,18,Other,West,Secondary,Salaried,2627105.9,1242638.49,Home,397.2,23,215,40.22,2023-03-21,1
CUST01776,58,Male,North,Post-Graduate,Self-Employed,1909627.24,1226948.22,Home,315.0,11,92,104.98,2026-03-13,1
CUST01777,31,Other,East,Post-Graduate,Unemployed,1645711.13,451678.03,Education,404.3,16,458,106.55,2025-03-07,1
CUST01778,26,Male,West,Primary,Self-Employed,1796057.89,1187693.91,Business,780.4,13,441,67.44,2021-11-15,0
CUST01779,66,Male,South,Secondary,Unemployed,636387.55,92896.26,Other,791.0,10,392,13.8,2020-05-14,0
CUST01780,63,Male,East,Post-Graduate,Self-Employed,2346050.78,1005531.65,Car,548.9,12,296,36.46,2021-05-10,1
CUST01781,21,Other,East,Secondary,Unemployed,2827388.4,1672600.99,Education,475.9,21,111,108.37,2020-11-03,1
CUST01782,46,Other,East,Secondary,Salaried,1751285.51,528868.06,Business,401.4,13,247,34.81,2025-01-06,1
CUST01783,46,Male,North,Secondary,Unemployed,2978581.8,1003346.26,Home,589.6,1,167,99.13,2024-11-21,1
CUST01784,66,Male,East,Primary,Unemployed,477248.31,608765.18,Business,719.0,6,271,29.85,2022-12-30,0
CUST01785,18,Male,South,Graduate,Salaried,1990100.29,1708577.47,Business,528.6,6,299,81.51,2019-08-30,1
CUST01786,58,Other,East,Post-Graduate,Unemployed,1234992.88,436420.79,Business,303.0,8,256,107.41,2021-05-11,1
CUST01787,62,Other,South,Post-Graduate,Salaried,416285.21,1694317.01,Other,408.6,17,493,49.89,2018-04-01,1
CUST01788,27,Female,East,Primary,Self-Employed,1825185.77,1179232.95,Home,332.0,21,473,66.06,2019-01-05,1
CUST01789,58,Female,West,Graduate,Unemployed,1537837.96,904809.04,Home,403.4,13,182,90.31,2023-07-09,1
CUST01790,64,Male,East,Post-Graduate,Unemployed,2969981.2,1977453.18,Car,607.7,1,49,63.52,2023-12-24,1
CUST01791,48,Male,West,Secondary,Salaried,834066.05,1164703.65,Other,787.6,22,403,54.47,2020-09-06,0
CUST01792,21,Female,West,Graduate,Self-Employed,818837.1,236814.74,Other,689.1,0,167,13.67,2025-09-24,1
CUST01793,24,Other,West,Secondary,Unemployed,520865.2,216307.07,Business,786.0,17,391,21.5,2018-01-05,0
CUST01794,25,Female,North,Post-Graduate,Unemployed,2564683.22,940587.35,Car,568.6,21,387,24.23,2019-04-19,0
CUST01795,65,Other,South,Secondary,Unemployed,2510957.13,300620.78,Education,628.2,17,372,90.97,2025-01-10,0
CUST01796,30,Female,East,Primary,Self-Employed,2185029.54,730972.28,Car,613.4,20,491,21.28,2020-12-09,0
CUST01797,45,Female,East,Post-Graduate,Self-Employed,591700.15,995844.79,Business,443.2,1,12,47.27,2018-05-27,1
CUST01798,30,Other,South,Secondary,Unemployed,927999.68,900270.91,Other,664.9,16,310,9.19,2020-08-05,0
CUST01799,30,Male,South,Primary,Unemployed,2088255.52,1511827.63,Business,847.3,7,204,21.84,2021-12-17,0
CUST01800,47,Male,East,Primary,Self-Employed,1753535.05,404352.59,Education,502.5,18,375,24.32,2019-10-13,1
CUST01801,68,Male,East,Graduate,Salaried,1147695.21,1973989.65,Home,787.5,13,233,27.47,2018-05-21,0
CUST01802,18,Female,South,Primary,Self-Employed,1903960.16,1129737.06,Other,397.5,5,9,40.35,2020-02-20,1
CUST01803,63,Male,East,Graduate,Unemployed,2571902.5,1997285.64,Business,383.2,20,241,106.43,2025-12-20,1
CUST01804,25,Female,West,Secondary,Salaried,273456.04,275460.43,Business,422.5,5,348,39.8,2018-05-30,1
CUST01805,68,Male,East,Secondary,Unemployed,1182405.33,404145.98,Other,818.3,3,190,52.45,2018-08-07,1
CUST01806,55,Male,South,Post-Graduate,Unemployed,402866.59,968162.47,Business,587.5,21,111,102.37,2019-05-29,0
CUST01807,41,Female,South,Secondary,Unemployed,2053724.82,1950245.81,Car,654.3,11,487,64.43,2021-02-07,0
CUST01808,54,Other,East,Secondary,Unemployed,2786680.42,1611559.84,Home,722.9,22,470,20.0,2019-01-16,0
CUST01809,24,Other,South,Primary,Unemployed,350645.36,410058.5,Home,510.4,1,397,54.57,2020-02-28,1
CUST01810,37,Male,South,Secondary,Salaried,1417691.41,999416.63,Business,734.9,11,29,110.65,2018-07-19,0
CUST01811,27,Other,East,Post-Graduate,Self-Employed,145846.57,1643352.75,Business,455.8,13,454,93.66,2019-05-20,1
CUST01812,61,Female,West,Primary,Self-Employed,1329788.94,1484624.79,Education,737.4,4,385,107.93,2019-02-22,1
CUST01813,33,Female,East,Secondary,Self-Employed,2777772.24,566243.3,Other,321.3,1,408,48.37,2020-06-02,1
CUST01814,60,Male,East,Post-Graduate,Self-Employed,2755740.74,422565.54,Car,354.0,6,129,110.8,2019-08-20,1
CUST01815,21,Female,West,Graduate,Self-Employed,1496708.15,1446683.57,Business,401.9,1,304,98.68,2022-10-28,1
CUST01816,36,Other,North,Secondary,Self-Employed,355777.75,1077442.37,Home,842.1,10,138,81.0,2022-01-09,0
CUST01817,31,Other,West,Graduate,Unemployed,1817211.61,1433314.68,Business,408.7,8,126,116.32,2024-05-16,1
CUST01818,57,Other,South,Primary,Self-Employed,2547997.52,987404.04,Home,538.8,10,132,63.69,2021-12-15,1
CUST01819,56,Male,North,Secondary,Unemployed,2758829.81,102466.12,Home,693.2,10,436,39.23,2025-08-13,0
CUST01820,60,Other,East,Post-Graduate,Salaried,2990303.75,1372638.16,Other,324.2,13,29,61.52,2018-09-29,1
CUST01821,58,Female,South,Secondary,Self-Employed,329482.99,1630879.06,Car,714.4,13,323,80.79,2020-03-13,0
CUST01822,24,Male,North,Graduate,Salaried,1633154.38,616388.34,Car,423.8,21,177,104.81,2025-02-05,1
CUST01823,66,Other,South,Primary,Salaried,246977.61,1086126.09,Education,421.1,3,214,5.64,2021-09-28,1
CUST01824,31,Male,East,Graduate,Unemployed,628307.19,1953747.96,Business,686.8,15,419,94.52,2023-08-20,0
CUST01825,52,Other,North,Primary,Salaried,412332.45,1305658.55,Home,306.7,10,353,5.93,2024-08-17,1
CUST01826,68,Other,North,Post-Graduate,Self-Employed,2659308.87,1077283.18,Home,564.2,15,49,88.78,2019-10-13,0
CUST01827,59,Female,West,Primary,Salaried,1474165.27,843705.49,Home,720.5,24,295,94.87,2022-01-13,0
CUST01828,69,Other,West,Post-Graduate,Salaried,2428208.09,908822.01,Other,374.1,18,53,50.04,2020-09-13,1
CUST01829,21,Female,South,Post-Graduate,Salaried,1844499.53,1007535.24,Education,574.9,2,220,14.67,2018-04-21,1
CUST01830,60,Male,South,Graduate,Salaried,1662044.06,1676745.02,Business,753.0,9,348,68.47,2020-04-21,0
CUST01831,70,Other,South,Primary,Salaried,2357423.7,481720.71,Education,827.3,5,158,66.16,2022-05-25,1
CUST01832,64,Other,East,Graduate,Self-Employed,872298.33,1693761.9,Business,789.5,19,442,18.55,2022-07-23,0
CUST01833,55,Male,North,Secondary,Self-Employed,996364.01,819886.16,Education,714.6,23,227,73.35,2018-07-11,0
CUST01834,18,Female,South,Post-Graduate,Salaried,2800417.42,700897.61,Home,696.9,17,30,85.21,2018-04-17,0
CUST01835,33,Male,East,Graduate,Unemployed,2114624.83,608832.38,Car,447.7,20,456,76.39,2021-08-11,1
CUST01836,22,Other,East,Post-Graduate,Unemployed,1148528.24,187710.66,Business,515.1,8,397,21.53,2022-04-23,1
CUST01837,43,Male,South,Post-Graduate,Unemployed,1417774.52,80846.4,Education,643.5,22,102,21.28,2021-09-13,0
CUST01838,28,Other,East,Post-Graduate,Salaried,2859049.5,554576.29,Home,441.0,1,331,20.34,2020-05-23,1
CUST01839,53,Male,South,Secondary,Salaried,323856.02,1827772.88,Other,827.1,23,456,12.41,2025-12-04,0
CUST01840,59,Male,South,Primary,Salaried,1637856.98,996750.51,Home,824.0,1,449,65.93,2021-06-11,1
CUST01841,18,Other,North,Post-Graduate,Salaried,1588388.9,52399.09,Business,645.6,2,292,50.35,2022-02-09,1
CUST01842,39,Other,North,Primary,Self-Employed,1156847.63,1872402.84,Car,459.2,5,35,7.53,2019-08-15,1
CUST01843,52,Female,East,Secondary,Self-Employed,2481016.39,1122070.35,Business,394.2,8,274,72.33,2023-05-28,1
CUST01844,45,Male,North,Post-Graduate,Self-Employed,1554081.11,1141969.25,Education,528.7,17,96,67.11,2024-10-02,1
CUST01845,24,Female,North,Secondary,Salaried,2268452.37,1512765.11,Other,416.5,16,105,11.77,2024-12-05,1
CUST01846,28,Other,North,Post-Graduate,Salaried,2002203.95,1770932.32,Car,367.2,0,132,87.78,2019-12-30,1
CUST01847,40,Other,East,Primary,Salaried,2273214.91,1544677.03,Home,830.5,13,124,73.09,2025-05-02,0
CUST01848,45,Other,North,Primary,Salaried,2148176.18,1776016.78,Education,612.9,2,67,100.71,2018-11-04,1
CUST01849,70,Other,West,Secondary,Self-Employed,2530752.85,603487.06,Car,669.3,17,460,34.9,2020-12-02,0
CUST01850,59,Female,North,Secondary,Salaried,1549406.85,748167.72,Education,741.1,20,403,20.34,2025-10-09,0
CUST01851,55,Other,East,Primary,Unemployed,877167.99,1220816.39,Education,648.8,6,224,108.09,2026-01-16,0
CUST01852,21,Male,East,Primary,Unemployed,571997.51,167747.95,Home,553.2,1,148,27.3,2025-09-27,1
CUST01853,23,Male,East,Secondary,Unemployed,1326846.03,1545607.44,Other,641.1,13,72,113.28,2018-04-26,0
CUST01854,49,Female,East,Graduate,Salaried,1973303.05,402545.69,Business,407.6,20,98,101.13,2025-05-01,1
CUST01855,48,Other,East,Secondary,Self-Employed,955309.06,1988552.19,Business,408.9,20,377,117.6,2023-08-13,1
CUST01856,47,Other,North,Secondary,Salaried,2856229.7,1160952.67,Home,589.7,21,391,49.83,2018-01-25,0
CUST01857,19,Female,West,Secondary,Unemployed,2924206.66,618969.61,Car,808.2,17,411,8.61,2018-09-06,0
CUST01858,33,Other,South,Post-Graduate,Self-Employed,1481761.67,1641273.05,Other,661.9,0,322,56.28,2020-08-25,1
CUST01859,52,Female,North,Primary,Unemployed,2723411.52,1661533.57,Car,698.8,19,195,83.7,2019-12-30,0
CUST01860,48,Male,West,Graduate,Self-Employed,1616831.69,1482419.29,Other,567.5,10,307,58.8,2018-10-09,0
CUST01861,70,Other,South,Secondary,Self-Employed,712528.52,93457.19,Education,789.5,9,85,34.85,2021-08-10,0
CUST01862,66,Other,North,Primary,Salaried,1319730.19,76557.12,Car,346.2,4,105,25.79,2019-07-03,1
CUST01863,47,Female,East,Secondary,Unemployed,1073764.79,101327.69,Home,393.6,3,258,55.18,2019-03-16,1
CUST01864,62,Other,South,Secondary,Unemployed,758907.66,1848242.57,Business,455.3,5,384,44.45,2020-12-16,1
CUST01865,23,Other,East,Primary,Self-Employed,2612988.88,483209.35,Home,794.3,24,192,23.0,2024-01-30,0
CUST01866,63,Male,North,Primary,Salaried,179187.82,1957162.76,Home,591.8,24,172,114.47,2018-08-29,0
CUST01867,54,Other,North,Secondary,Self-Employed,1494488.47,1687118.56,Business,848.2,22,217,99.1,2018-01-31,0
CUST01868,38,Male,North,Post-Graduate,Unemployed,1035726.83,1607452.26,Education,759.0,12,403,71.7,2020-08-11,0
CUST01869,31,Female,East,Post-Graduate,Self-Employed,1964658.75,389854.76,Other,521.4,12,138,44.57,2024-08-24,1
CUST01870,23,Male,North,Graduate,Unemployed,2395782.7,880116.56,Car,597.2,19,273,54.14,2024-02-10,0
CUST01871,30,Other,North,Primary,Unemployed,1168067.83,1188393.04,Car,422.7,7,412,12.04,2018-01-02,1
CUST01872,68,Female,East,Primary,Unemployed,416097.16,1177877.0,Education,811.6,4,211,69.99,2023-12-22,1
CUST01873,23,Male,East,Secondary,Salaried,2035015.37,1801583.59,Home,402.3,20,270,110.6,2019-04-22,1
CUST01874,66,Male,South,Primary,Self-Employed,2829628.73,1701761.63,Other,685.0,1,161,57.43,2022-09-14,1
CUST01875,35,Male,West,Primary,Self-Employed,1122837.39,1583371.87,Home,808.3,14,18,79.5,2018-12-06,0
CUST01876,39,Other,South,Secondary,Salaried,2527910.4,137388.19,Business,348.5,13,268,114.21,2023-10-24,1
CUST01877,46,Female,West,Secondary,Salaried,1395974.44,1891936.79,Home,596.0,11,20,33.7,2021-08-24,0
CUST01878,48,Other,South,Post-Graduate,Unemployed,2775522.52,244330.63,Education,465.7,10,187,109.1,2018-06-12,1
CUST01879,23,Other,East,Post-Graduate,Salaried,2553064.31,900455.34,Home,723.7,14,113,79.21,2019-01-07,0
CUST01880,66,Male,North,Primary,Self-Employed,2975085.12,1993128.03,Business,524.5,0,423,100.89,2023-09-22,1
CUST01881,65,Female,East,Post-Graduate,Unemployed,1998564.46,418779.7,Other,720.4,1,94,41.76,2018-01-20,1
CUST01882,48,Male,North,Secondary,Salaried,2219266.15,842611.58,Education,672.3,4,200,77.28,2022-09-14,1
CUST01883,64,Male,North,Post-Graduate,Unemployed,1617259.45,1319455.58,Other,772.0,8,201,59.16,2024-08-30,0
CUST01884,66,Female,East,Secondary,Salaried,1490726.48,1141092.29,Other,833.9,6,120,117.96,2018-12-13,0
CUST01885,36,Other,West,Graduate,Self-Employed,344484.03,1740391.49,Education,665.7,24,197,92.34,2022-09-02,0
CUST01886,63,Male,South,Post-Graduate,Self-Employed,1653488.22,1767501.41,Car,437.5,6,104,39.9,2023-06-02,1
CUST01887,24,Other,West,Secondary,Self-Employed,1646405.73,797585.0,Business,617.6,12,45,44.66,2024-05-23,0
CUST01888,24,Other,West,Post-Graduate,Unemployed,835925.68,1318577.57,Car,578.3,7,382,25.14,2018-05-13,0
CUST01889,42,Male,East,Primary,Salaried,2401944.98,796183.72,Home,845.2,12,214,72.05,2021-05-27,0
CUST01890,41,Other,South,Primary,Self-Employed,1364774.16,179411.51,Business,332.6,20,342,34.74,2022-03-27,1
CUST01891,21,Other,West,Graduate,Self-Employed,2487030.11,860037.05,Education,737.4,11,203,91.79,2019-04-26,0
CUST01892,41,Female,North,Secondary,Unemployed,2620616.87,330708.12,Home,456.9,19,249,54.78,2023-12-11,1
CUST01893,47,Other,North,Post-Graduate,Salaried,2490261.55,1458528.27,Home,332.7,18,210,93.14,2018-04-01,1
CUST01894,47,Male,North,Primary,Unemployed,1900873.26,675583.57,Other,848.9,18,219,49.99,2024-05-27,0
CUST01895,53,Other,West,Graduate,Self-Employed,297897.96,67056.35,Education,629.2,1,496,29.33,2018-09-22,1
CUST01896,68,Other,South,Graduate,Unemployed,2026043.5,1648933.66,Home,543.9,15,320,9.53,2018-12-11,1
CUST01897,25,Male,North,Primary,Salaried,1369464.1,673331.2,Other,644.7,16,295,41.14,2022-01-09,0
CUST01898,68,Male,South,Secondary,Unemployed,2813940.25,1527182.26,Business,506.3,23,455,22.64,2018-07-29,1
CUST01899,36,Male,East,Primary,Unemployed,2259285.49,1333850.62,Home,652.4,15,334,69.58,2018-02-02,0
CUST01900,43,Male,North,Post-Graduate,Self-Employed,2447488.14,471352.25,Business,573.6,11,22,23.35,2021-10-01,0
CUST01901,23,Female,East,Primary,Unemployed,281704.34,817246.52,Business,653.8,11,328,81.22,2022-01-11,0
CUST01902,35,Male,East,Secondary,Self-Employed,150504.41,1825294.33,Home,443.7,21,426,83.96,2019-07-09,1
CUST01903,69,Other,West,Graduate,Unemployed,2453754.26,1314080.19,Car,440.1,17,42,32.62,2019-01-24,1
CUST01904,28,Male,North,Post-Graduate,Unemployed,194174.22,1963973.63,Home,514.6,14,467,37.9,2018-11-07,1
CUST01905,29,Other,East,Post-Graduate,Salaried,2066523.27,887726.99,Home,724.2,24,494,65.81,2024-08-09,0
CUST01906,34,Male,East,Graduate,Self-Employed,1528553.95,1241841.66,Car,615.6,23,336,113.78,2018-02-25,0
CUST01907,23,Male,South,Secondary,Self-Employed,1068269.79,843228.92,Business,613.7,24,368,112.47,2020-10-31,0
CUST01908,55,Other,West,Primary,Unemployed,1743887.01,1613237.14,Home,833.4,23,342,36.65,2024-12-15,0
CUST01909,35,Male,West,Secondary,Unemployed,183554.81,1042337.29,Education,567.7,0,138,77.79,2021-11-29,1
CUST01910,66,Other,North,Post-Graduate,Salaried,2339507.28,131646.3,Business,384.4,9,192,60.3,2022-09-14,1
CUST01911,34,Male,East,Primary,Salaried,1762110.4,1567779.82,Other,789.9,24,354,101.64,2024-08-20,0
CUST01912,31,Male,North,Graduate,Self-Employed,900152.96,1291063.43,Home,774.1,14,265,47.09,2020-01-11,0
CUST01913,64,Male,West,Graduate,Salaried,2340044.93,1721771.59,Business,679.9,8,153,70.46,2022-03-12,0
CUST01914,25,Female,North,Graduate,Self-Employed,697628.52,1460360.47,Home,502.5,16,175,78.81,2024-12-23,1
CUST01915,51,Female,West,Primary,Salaried,1674532.4,1099752.92,Business,364.5,2,412,48.19,2023-06-24,1
CUST01916,42,Male,West,Graduate,Salaried,1882644.57,899138.32,Other,768.6,5,382,22.14,2019-02-21,1
CUST01917,55,Female,West,Post-Graduate,Self-Employed,1207136.87,116645.08,Business,751.7,15,359,56.88,2018-04-02,0
CUST01918,22,Male,North,Graduate,Salaried,2983536.65,1055944.38,Home,688.5,24,353,116.51,2024-01-04,0
CUST01919,28,Other,West,Post-Graduate,Self-Employed,1909523.18,1782760.68,Other,369.1,1,476,105.82,2021-03-18,1
CUST01920,63,Other,South,Primary,Salaried,2769303.51,690252.09,Car,672.6,18,294,108.17,2025-03-20,0
CUST01921,59,Male,South,Secondary,Unemployed,1863084.39,440814.05,Home,825.4,20,88,117.11,2020-01-03,0
CUST01922,53,Male,North,Graduate,Unemployed,1081766.25,385837.54,Home,730.9,22,427,91.18,2021-10-03,0
CUST01923,46,Female,North,Post-Graduate,Unemployed,239005.92,1505057.89,Car,784.1,5,284,28.12,2024-01-20,1
CUST01924,33,Male,West,Graduate,Unemployed,467371.27,305511.65,Home,716.7,13,342,11.16,2018-04-02,0
CUST01925,68,Male,South,Primary,Unemployed,2494699.16,216807.6,Education,626.9,11,271,29.52,2019-02-18,0
CUST01926,21,Female,West,Primary,Salaried,2407643.78,1528856.72,Business,813.8,18,350,109.55,2020-05-18,0
CUST01927,35,Female,South,Secondary,Self-Employed,1835754.95,1541343.88,Car,574.3,8,211,62.56,2021-10-30,0
CUST01928,65,Male,North,Secondary,Unemployed,2650227.46,1344813.68,Car,648.3,1,259,81.26,2020-04-13,1
CUST01929,50,Male,North,Graduate,Unemployed,865481.03,292446.04,Education,398.7,6,246,43.73,2023-08-28,1
CUST01930,58,Male,North,Graduate,Salaried,1509701.4,396021.68,Education,818.3,2,159,58.95,2025-06-20,1
CUST01931,42,Female,North,Secondary,Unemployed,2663134.62,1808046.9,Car,726.1,19,208,87.37,2023-03-01,0
CUST01932,56,Male,East,Graduate,Self-Employed,690257.05,937332.15,Business,310.9,9,5,55.15,2018-05-21,1
CUST01933,42,Other,North,Primary,Unemployed,1144690.44,188672.5,Car,634.7,17,436,103.94,2019-10-19,0
CUST01934,64,Male,East,Post-Graduate,Salaried,356654.64,572470.21,Education,736.3,23,434,71.45,2023-10-19,0
CUST01935,69,Female,South,Secondary,Unemployed,2368634.92,1451703.9,Car,402.8,11,339,11.66,2020-07-12,1
CUST01936,65,Other,North,Graduate,Self-Employed,2613194.29,1817822.7,Education,344.1,22,19,71.68,2020-07-05,1
CUST01937,25,Male,East,Secondary,Unemployed,2507645.05,769769.08,Home,631.8,0,8,108.6,2022-08-15,1
CUST01938,24,Female,East,Primary,Salaried,418863.18,849521.46,Education,738.3,6,492,76.72,2024-01-08,0
CUST01939,68,Other,West,Graduate,Salaried,1992051.75,1189775.88,Car,597.4,15,320,6.58,2023-05-18,0
CUST01940,37,Female,East,Graduate,Unemployed,1009761.69,1969733.79,Other,480.7,3,457,69.39,2025-07-27,1
CUST01941,23,Female,East,Post-Graduate,Unemployed,2504314.21,1665193.61,Business,777.6,21,333,9.61,2020-12-21,0
CUST01942,42,Female,West,Secondary,Unemployed,1469826.72,1825044.69,Business,563.2,20,464,114.2,2020-07-17,0
CUST01943,30,Male,North,Primary,Salaried,2497978.68,1954348.31,Other,499.3,15,450,61.92,2025-05-27,1
CUST01944,26,Other,South,Secondary,Unemployed,1454283.59,1193925.79,Home,742.1,4,128,49.27,2019-07-11,1
CUST01945,68,Male,North,Graduate,Unemployed,945010.04,1603041.32,Home,555.0,10,192,80.13,2021-11-01,0
CUST01946,63,Other,North,Graduate,Salaried,2356551.96,1870014.6,Other,454.7,13,226,77.82,2024-05-08,1
CUST01947,62,Male,West,Post-Graduate,Self-Employed,1885842.73,515505.78,Other,499.1,15,164,90.98,2019-07-04,1
CUST01948,24,Other,North,Primary,Unemployed,2082949.0,1661118.03,Home,536.9,15,195,70.9,2026-01-06,1
CUST01949,64,Female,West,Post-Graduate,Salaried,363411.32,1049737.97,Home,484.9,10,498,42.34,2018-01-22,1
CUST01950,67,Male,West,Post-Graduate,Salaried,1232246.41,1134415.63,Business,485.1,21,213,45.92,2020-04-08,1
CUST01951,55,Male,South,Graduate,Self-Employed,1523121.18,815746.45,Home,371.6,16,110,7.13,2021-05-20,1
CUST01952,35,Female,South,Graduate,Self-Employed,2626623.97,1963139.49,Other,670.5,12,14,24.78,2022-04-08,0
CUST01953,21,Male,South,Secondary,Salaried,1276008.17,784232.95,Home,554.9,16,2,100.31,2022-04-16,0
CUST01954,24,Male,North,Graduate,Self-Employed,471340.93,52607.36,Car,771.2,23,228,15.0,2022-05-01,0
CUST01955,34,Male,South,Secondary,Unemployed,919059.84,1373000.82,Home,475.7,2,84,19.43,2025-06-14,1
CUST01956,38,Female,West,Primary,Self-Employed,2455506.49,1803474.64,Car,702.5,10,94,13.45,2021-01-11,0
CUST01957,33,Other,East,Graduate,Self-Employed,321499.25,815053.72,Business,569.8,9,250,26.04,2019-05-02,0
CUST01958,19,Male,North,Post-Graduate,Self-Employed,597440.98,228920.19,Car,808.3,6,105,42.33,2020-08-02,0
CUST01959,60,Other,South,Graduate,Unemployed,548086.16,1200038.04,Car,473.3,0,127,80.66,2026-01-12,1
CUST01960,40,Male,West,Secondary,Salaried,731490.38,1077295.48,Business,305.6,10,187,106.56,2021-02-14,1
CUST01961,42,Other,South,Post-Graduate,Salaried,1938099.01,1911473.41,Car,715.5,24,190,27.02,2024-09-13,0
CUST01962,26,Male,North,Graduate,Unemployed,523673.76,1764862.49,Business,765.8,8,54,53.35,2025-11-02,0
CUST01963,46,Other,South,Post-Graduate,Unemployed,1807649.27,1145346.18,Home,482.3,7,152,113.79,2021-03-16,1
CUST01964,38,Female,West,Secondary,Unemployed,2096406.84,785716.5,Education,726.7,16,456,45.1,2023-03-18,0
CUST01965,30,Other,West,Secondary,Unemployed,2719073.04,1073876.79,Other,492.9,10,218,26.94,2021-07-05,1
CUST01966,31,Other,North,Post-Graduate,Self-Employed,527763.18,990860.36,Business,440.0,9,94,113.1,2018-10-28,1
CUST01967,19,Female,West,Primary,Salaried,1597973.48,1064146.8,Education,496.8,3,467,9.76,2021-08-31,1
CUST01968,50,Female,East,Post-Graduate,Salaried,2976315.71,282950.05,Business,640.5,15,238,110.65,2022-01-01,0
CUST01969,56,Male,West,Primary,Unemployed,1356996.8,1433230.57,Education,666.9,18,396,85.04,2025-12-27,0
CUST01970,26,Other,North,Secondary,Self-Employed,464165.82,193565.53,Business,376.4,13,225,11.44,2025-01-20,1
CUST01971,42,Other,East,Primary,Unemployed,1113063.41,586264.71,Business,564.7,24,134,52.23,2021-08-31,0
CUST01972,50,Male,North,Secondary,Self-Employed,590475.43,1303585.72,Home,654.3,5,388,18.9,2021-06-02,1
CUST01973,68,Male,West,Primary,Unemployed,1738295.22,1084900.8,Other,515.3,10,384,53.7,2019-07-31,1
CUST01974,37,Other,East,Post-Graduate,Self-Employed,957643.57,980900.5,Other,585.7,13,49,70.31,2025-06-25,0
CUST01975,24,Female,North,Secondary,Salaried,1200385.03,294957.95,Education,635.1,21,49,24.63,2025-04-12,0
CUST01976,38,Female,North,Primary,Salaried,434965.29,636253.83,Education,650.9,2,67,89.44,2024-04-20,1
CUST01977,64,Male,East,Secondary,Salaried,733157.31,1689297.58,Business,841.7,7,420,20.86,2023-09-18,0
CUST01978,40,Female,South,Graduate,Unemployed,2450541.41,1428154.84,Car,718.0,18,498,19.1,2023-03-02,0
CUST01979,47,Other,North,Post-Graduate,Self-Employed,2969055.77,1219622.91,Home,450.6,16,254,59.61,2018-02-15,1
CUST01980,58,Other,South,Post-Graduate,Salaried,1540946.43,1584632.04,Education,755.1,20,402,119.8,2026-02-10,0
CUST01981,45,Male,North,Primary,Unemployed,2197587.56,1116186.58,Education,519.7,18,330,22.27,2024-08-10,1
CUST01982,58,Female,South,Post-Graduate,Salaried,2887121.81,711541.8,Home,783.1,0,452,90.86,2020-04-17,1
CUST01983,38,Female,South,Post-Graduate,Unemployed,709202.92,197799.82,Other,558.3,2,182,65.74,2024-11-08,1
CUST01984,21,Female,North,Post-Graduate,Self-Employed,2325481.15,773058.6,Business,499.6,14,154,18.32,2025-04-03,1
CUST01985,31,Other,North,Secondary,Self-Employed,1328507.93,870766.62,Other,481.1,11,29,43.39,2021-07-31,1
CUST01986,25,Male,South,Post-Graduate,Self-Employed,2715067.76,1682669.71,Home,761.9,2,27,91.25,2025-09-09,1
CUST01987,26,Other,North,Post-Graduate,Self-Employed,402696.88,638085.43,Home,328.5,19,163,105.52,2019-10-25,1
CUST01988,49,Male,West,Post-Graduate,Salaried,2818362.83,576435.24,Home,604.7,7,315,33.74,2025-12-09,0
CUST01989,44,Male,West,Secondary,Unemployed,509552.01,1388901.78,Home,779.0,12,317,65.97,2023-04-18,0
CUST01990,69,Male,West,Primary,Unemployed,2369937.8,1613659.78,Other,703.3,3,98,118.85,2023-11-29,1
CUST01991,27,Other,South,Post-Graduate,Self-Employed,146243.32,562625.16,Home,486.7,6,455,71.54,2020-10-04,1
CUST01992,54,Female,East,Secondary,Self-Employed,1470438.29,776923.94,Education,479.5,9,327,11.74,2019-12-20,1
CUST01993,40,Male,East,Graduate,Unemployed,2090383.67,433214.81,Home,644.6,17,314,10.55,2019-07-04,0
CUST01994,35,Other,North,Secondary,Unemployed,2868338.61,147230.71,Other,686.0,3,436,68.0,2018-10-30,1
CUST01995,67,Other,East,Primary,Self-Employed,1049955.28,450361.42,Education,545.6,3,253,8.96,2018-12-31,1
CUST01996,38,Other,West,Post-Graduate,Salaried,2332977.56,650141.83,Other,688.9,11,36,112.01,2022-07-19,0
CUST01997,32,Other,West,Secondary,Self-Employed,156454.76,1608122.94,Other,749.7,20,394,106.06,2020-12-04,0
CUST01998,66,Female,West,Post-Graduate,Self-Employed,676825.92,1594551.03,Other,838.1,0,278,16.81,2024-01-01,1
CUST01999,39,Other,West,Primary,Unemployed,1300414.17,826618.83,Business,348.5,3,109,97.83,2023-01-29,1
CUST02000,47,Female,North,Post-Graduate,Unemployed,2555802.5,1900292.38,Car,718.0,4,108,21.47,2018-11-20,1
CUST02001,22,Female,South,Secondary,Self-Employed,1862296.81,425013.17,Business,471.8,11,425,44.27,2018-12-31,1
CUST02002,59,Female,West,Secondary,Unemployed,1176923.15,813167.58,Education,595.8,17,330,102.15,2020-05-31,0
CUST02003,38,Other,East,Post-Graduate,Self-Employed,1692514.73,1286494.79,Education,674.7,19,32,72.56,2024-07-27,0
CUST02004,46,Other,West,Graduate,Unemployed,948533.43,1773384.95,Business,779.6,24,305,8.58,2024-05-28,0
CUST02005,40,Other,West,Post-Graduate,Self-Employed,2708260.51,68037.36,Car,548.5,7,300,55.99,2024-05-11,1
CUST02006,55,Female,North,Primary,Unemployed,2848793.92,517246.5,Home,537.6,24,223,48.29,2020-10-04,1
CUST02007,38,Other,South,Primary,Unemployed,1935826.54,561718.6,Other,385.6,20,276,75.95,2020-03-04,1
CUST02008,21,Female,South,Primary,Self-Employed,1451589.49,449744.56,Car,789.7,0,157,92.57,2026-03-02,1
CUST02009,53,Other,West,Graduate,Salaried,705280.35,423868.38,Car,456.4,15,492,71.01,2019-07-23,1
CUST02010,27,Other,North,Post-Graduate,Self-Employed,2190439.19,1128984.87,Other,346.9,1,156,39.76,2021-12-28,1
CUST02011,61,Other,East,Primary,Salaried,2352658.98,1925144.12,Other,363.6,1,5,80.71,2024-10-09,1
CUST02012,46,Other,East,Primary,Salaried,1353932.69,162057.76,Home,445.9,14,413,42.65,2022-07-02,1
CUST02013,22,Male,South,Post-Graduate,Self-Employed,165669.57,1649996.04,Car,639.4,15,291,44.03,2023-01-19,0
CUST02014,67,Other,North,Secondary,Unemployed,164379.64,1752188.54,Other,787.5,14,195,110.79,2025-05-16,0
CUST02015,47,Male,East,Post-Graduate,Salaried,432608.87,257991.84,Education,612.8,2,86,70.31,2023-01-31,1
CUST02016,42,Female,North,Post-Graduate,Unemployed,290306.54,1655068.64,Home,667.3,1,62,39.13,2022-05-11,1
CUST02017,24,Other,East,Secondary,Self-Employed,755218.28,1993859.28,Education,499.1,6,276,32.94,2020-08-08,1
CUST02018,23,Other,South,Primary,Self-Employed,962091.74,284652.14,Home,392.2,17,405,15.44,2024-03-10,1
CUST02019,56,Female,South,Post-Graduate,Self-Employed,2598681.99,602662.16,Other,679.7,8,204,69.51,2022-01-30,0
CUST02020,43,Male,South,Primary,Self-Employed,2895060.76,1271776.13,Car,573.7,11,13,114.16,2022-12-16,0
CUST02021,31,Other,North,Secondary,Unemployed,579396.74,1559285.34,Education,372.6,1,230,56.12,2023-10-21,1
CUST02022,51,Female,North,Secondary,Unemployed,450132.22,990638.19,Education,325.7,24,69,11.22,2024-03-25,1
CUST02023,21,Male,North,Graduate,Unemployed,1251886.54,471334.44,Business,842.6,17,418,10.31,2018-04-16,0
CUST02024,50,Male,North,Secondary,Salaried,252607.35,1140698.19,Business,325.8,0,297,27.68,2024-10-02,1
CUST02025,27,Other,West,Secondary,Unemployed,1388672.18,845285.37,Home,836.3,20,403,54.8,2019-07-17,0
CUST02026,37,Other,South,Secondary,Unemployed,2870759.38,1554462.3,Home,563.3,17,417,23.05,2024-02-24,0
CUST02027,45,Female,North,Post-Graduate,Unemployed,1770844.12,38160.42,Car,675.0,9,169,107.54,2021-09-22,0
CUST02028,69,Other,East,Graduate,Salaried,1887201.57,1486693.75,Other,826.1,9,396,10.22,2023-01-07,0
CUST02029,24,Other,North,Post-Graduate,Unemployed,1538091.0,952057.17,Other,752.2,9,335,97.97,2024-09-02,0
CUST02030,58,Male,West,Graduate,Salaried,350323.68,310003.93,Education,405.8,7,156,119.94,2025-05-01,1
CUST02031,37,Male,East,Post-Graduate,Unemployed,2272022.27,1021308.28,Other,840.3,12,368,115.21,2019-08-06,0
CUST02032,57,Female,South,Secondary,Self-Employed,1620277.53,576904.67,Home,615.0,7,149,16.18,2018-01-29,0
CUST02033,27,Other,North,Post-Graduate,Unemployed,2948676.5,463609.31,Car,453.8,12,137,19.31,2019-10-29,1
CUST02034,34,Female,South,Primary,Self-Employed,537116.72,1808057.79,Education,398.2,6,85,85.93,2024-10-25,1
CUST02035,64,Male,North,Secondary,Unemployed,633136.86,463334.03,Business,434.3,8,438,21.94,2025-03-29,1
CUST02036,62,Other,East,Primary,Self-Employed,491135.34,28319.49,Other,339.0,24,346,78.69,2019-06-14,1
CUST02037,23,Female,North,Primary,Salaried,1574770.1,1102195.03,Business,578.7,17,14,48.0,2021-08-13,0
CUST02038,25,Female,East,Graduate,Salaried,2826086.88,637438.37,Home,539.8,4,210,39.41,2019-10-11,1
CUST02039,32,Male,South,Post-Graduate,Unemployed,983896.14,1135811.58,Education,810.6,2,15,102.95,2022-11-09,1
CUST02040,65,Male,East,Secondary,Salaried,1340004.63,1660396.33,Business,732.8,17,105,54.2,2018-11-14,0
CUST02041,21,Male,North,Primary,Salaried,975727.5,311207.84,Car,355.7,22,29,87.21,2025-04-27,1
CUST02042,37,Female,North,Secondary,Unemployed,2440128.83,165007.24,Home,423.0,7,316,102.69,2021-01-05,1
CUST02043,27,Male,South,Secondary,Salaried,2397041.55,584000.59,Other,446.2,5,490,50.29,2025-08-13,1
CUST02044,25,Male,East,Post-Graduate,Salaried,2019572.28,1083527.42,Car,328.2,3,157,55.85,2019-06-30,1
CUST02045,44,Other,South,Post-Graduate,Unemployed,2725328.68,409618.97,Home,607.8,24,399,101.91,2021-07-03,0
CUST02046,45,Female,East,Post-Graduate,Unemployed,2186946.55,510791.83,Education,710.8,7,75,107.79,2019-12-16,0
CUST02047,65,Female,West,Primary,Unemployed,2402178.01,1929658.04,Car,615.6,4,461,22.78,2022-06-05,1
CUST02048,48,Female,North,Primary,Salaried,2528771.36,315050.17,Business,703.9,21,431,98.18,2022-03-08,0
CUST02049,49,Female,South,Secondary,Self-Employed,2980680.59,91537.98,Education,438.3,9,494,81.13,2019-08-12,1
CUST02050,69,Female,North,Secondary,Self-Employed,486884.37,757616.89,Business,483.7,14,344,5.3,2025-08-14,1
CUST02051,53,Male,South,Graduate,Salaried,934455.89,610453.46,Business,822.9,22,250,18.3,2023-04-11,0
CUST02052,37,Other,North,Post-Graduate,Unemployed,2266652.16,1432408.54,Home,839.7,23,411,58.26,2022-06-24,0
CUST02053,45,Female,East,Secondary,Self-Employed,2989865.27,1721390.29,Home,642.3,16,397,25.41,2021-01-20,0
CUST02054,56,Female,South,Graduate,Self-Employed,2634491.22,657671.22,Business,479.7,16,157,118.07,2020-12-27,1
CUST02055,38,Female,West,Post-Graduate,Self-Employed,1651972.05,1395847.58,Home,407.2,17,131,7.74,2019-03-24,1
CUST02056,24,Male,West,Secondary,Self-Employed,2597110.44,811795.12,Car,809.1,17,248,41.04,2025-06-29,0
CUST02057,57,Female,North,Primary,Salaried,2769838.92,1088381.7,Other,440.4,21,116,64.51,2024-08-03,1
CUST02058,33,Male,North,Post-Graduate,Unemployed,744105.36,603212.59,Home,383.7,2,382,82.63,2023-01-12,1
CUST02059,44,Male,South,Primary,Salaried,2244489.87,615026.24,Car,391.0,5,89,8.21,2020-01-13,1
CUST02060,28,Male,North,Secondary,Salaried,749611.18,297055.89,Education,718.9,8,75,47.01,2023-04-17,0
CUST02061,55,Female,West,Post-Graduate,Self-Employed,2591971.77,816195.29,Education,387.8,8,26,83.67,2023-12-21,1
CUST02062,31,Female,West,Secondary,Self-Employed,765922.77,385001.71,Education,522.9,13,428,94.32,2022-10-31,1
CUST02063,60,Other,West,Graduate,Unemployed,2489733.44,460753.2,Business,685.7,4,344,76.7,2022-10-28,1
CUST02064,66,Female,North,Secondary,Self-Employed,867883.96,200200.83,Business,386.4,15,476,29.3,2021-05-10,1
CUST02065,49,Other,North,Secondary,Salaried,2394243.79,266461.25,Home,698.6,2,326,97.12,2025-10-13,1
CUST02066,59,Female,South,Post-Graduate,Self-Employed,2021840.26,228623.01,Home,329.2,19,488,107.35,2024-06-13,1
CUST02067,63,Female,South,Post-Graduate,Unemployed,239998.69,407963.17,Car,645.6,6,129,16.8,2020-09-09,0
CUST02068,24,Male,South,Secondary,Salaried,242148.2,200654.92,Home,600.1,4,281,38.99,2023-07-16,1
CUST02069,43,Other,South,Secondary,Salaried,1795751.51,331968.74,Business,752.0,11,171,85.36,2021-01-10,0
CUST02070,33,Female,West,Graduate,Self-Employed,1639758.32,260455.95,Car,582.6,24,252,9.08,2025-05-29,0
CUST02071,58,Other,East,Graduate,Self-Employed,1289143.89,1611029.18,Car,570.4,18,500,74.14,2018-10-01,0
CUST02072,45,Female,East,Post-Graduate,Self-Employed,2037220.32,505943.46,Car,504.0,14,24,110.37,2020-01-21,1
CUST02073,42,Female,West,Post-Graduate,Unemployed,2936222.03,1219053.09,Other,370.8,22,236,101.19,2025-08-12,1
CUST02074,60,Male,South,Graduate,Self-Employed,323442.02,1407722.48,Home,515.2,24,318,60.05,2021-04-04,1
CUST02075,65,Female,West,Graduate,Salaried,1754835.05,210102.2,Other,595.5,20,329,50.51,2024-10-25,0
CUST02076,20,Female,East,Post-Graduate,Salaried,1265494.59,958209.51,Home,665.9,18,86,34.36,2019-04-22,0
CUST02077,21,Female,East,Graduate,Self-Employed,117307.6,1201325.67,Home,585.9,6,15,89.71,2020-04-12,0
CUST02078,69,Other,North,Secondary,Unemployed,2141884.71,1116080.64,Car,507.4,1,315,19.44,2023-05-22,1
CUST02079,64,Male,West,Primary,Salaried,1899131.92,1834701.81,Business,383.8,1,428,35.1,2021-10-19,1
CUST02080,34,Male,West,Secondary,Salaried,1306735.11,596229.66,Other,697.6,11,76,6.44,2018-06-09,0
CUST02081,40,Other,West,Primary,Unemployed,256802.83,424083.11,Car,554.5,15,431,19.01,2024-12-17,0
CUST02082,67,Male,West,Post-Graduate,Unemployed,562072.11,1076544.11,Education,547.0,21,139,82.27,2022-05-26,1
CUST02083,56,Male,East,Graduate,Salaried,2825839.75,1778582.63,Other,303.6,23,277,14.76,2019-03-17,1
CUST02084,24,Other,East,Graduate,Unemployed,1682121.51,435212.48,Other,404.7,18,324,31.63,2020-01-25,1
CUST02085,50,Male,West,Primary,Unemployed,1634337.27,196189.0,Business,508.7,14,52,27.6,2021-12-14,1
CUST02086,45,Female,South,Graduate,Unemployed,879568.24,1090554.47,Car,696.2,10,418,108.55,2024-01-12,0
CUST02087,57,Male,East,Post-Graduate,Unemployed,1449622.01,306992.67,Business,607.4,0,134,68.52,2023-06-17,1
CUST02088,29,Female,West,Post-Graduate,Salaried,2013000.4,1871700.88,Education,721.3,1,107,22.93,2024-11-02,1
CUST02089,51,Other,South,Secondary,Self-Employed,1676840.72,789059.79,Business,820.4,17,405,15.51,2025-08-03,0
CUST02090,51,Male,South,Graduate,Salaried,360268.09,1591506.3,Home,717.4,1,174,102.43,2021-08-22,1
CUST02091,33,Male,South,Graduate,Unemployed,2648153.0,1775371.56,Other,654.5,20,282,43.39,2025-08-14,0
CUST02092,42,Other,West,Post-Graduate,Salaried,687769.56,195246.29,Home,737.0,15,345,114.3,2025-03-18,0
CUST02093,58,Male,North,Secondary,Salaried,122052.88,138316.28,Business,725.6,24,92,30.23,2018-02-12,0
CUST02094,35,Other,North,Graduate,Self-Employed,1280994.17,876433.65,Car,786.3,19,130,79.86,2024-07-05,0
CUST02095,20,Female,South,Secondary,Self-Employed,1727136.91,1651872.5,Business,774.8,13,405,8.47,2021-12-21,0
CUST02096,59,Female,East,Secondary,Salaried,2322427.65,158079.43,Other,619.0,22,408,100.04,2020-08-21,0
CUST02097,61,Other,South,Secondary,Salaried,2768452.4,1923876.37,Business,818.7,22,357,66.51,2023-04-12,0
CUST02098,56,Other,West,Post-Graduate,Salaried,1984487.05,1584397.01,Business,434.8,9,175,92.25,2020-01-18,1
CUST02099,51,Female,North,Post-Graduate,Self-Employed,234971.74,336812.09,Home,655.0,22,434,105.91,2025-10-10,0
CUST02100,49,Male,West,Primary,Self-Employed,2141582.04,992493.04,Home,649.6,0,324,59.84,2019-10-07,1
CUST02101,42,Other,East,Secondary,Unemployed,1147056.86,500394.29,Car,548.4,13,398,20.71,2025-11-11,1
CUST02102,35,Male,West,Primary,Self-Employed,306675.15,214857.35,Business,593.2,0,113,16.7,2019-04-21,1
CUST02103,41,Male,West,Post-Graduate,Salaried,2056205.12,785935.34,Home,457.7,16,307,13.93,2019-08-19,1
CUST02104,65,Male,North,Post-Graduate,Unemployed,433649.69,896900.29,Business,756.9,2,238,9.13,2020-06-01,1
CUST02105,65,Male,West,Primary,Self-Employed,2901035.94,406844.76,Education,588.4,13,427,64.89,2020-09-08,0
CUST02106,45,Female,South,Graduate,Self-Employed,958234.17,1140232.42,Car,425.3,6,72,82.84,2020-01-11,1
CUST02107,54,Other,West,Primary,Salaried,1653406.38,725631.87,Education,438.9,20,234,84.59,2024-03-08,1
CUST02108,50,Female,North,Post-Graduate,Self-Employed,596100.8,1871679.65,Education,485.9,18,247,93.08,2019-11-29,1
CUST02109,54,Female,West,Post-Graduate,Self-Employed,144356.64,1897168.87,Education,606.2,4,221,75.1,2020-07-16,1
CUST02110,23,Other,North,Graduate,Unemployed,496464.16,1278757.83,Other,408.1,2,376,98.83,2024-10-21,1
CUST02111,60,Female,North,Primary,Self-Employed,1161597.32,53115.38,Home,365.5,16,298,44.32,2026-03-01,1
CUST02112,41,Female,East,Secondary,Salaried,886305.13,1880223.17,Education,783.1,7,397,96.32,2018-08-12,0
CUST02113,57,Male,South,Secondary,Unemployed,1780698.91,1885039.51,Business,677.4,3,416,78.23,2019-08-03,1
CUST02114,43,Male,South,Primary,Self-Employed,2300531.11,1395206.75,Car,646.7,8,73,67.63,2018-01-30,0
CUST02115,54,Other,East,Primary,Self-Employed,453583.09,642894.38,Home,376.9,23,439,43.54,2024-05-22,1
CUST02116,30,Other,West,Graduate,Salaried,1345222.57,1987610.11,Car,678.1,12,251,70.09,2025-04-07,0
CUST02117,66,Female,South,Post-Graduate,Self-Employed,838849.38,598537.9,Education,364.9,14,145,41.11,2020-11-17,1
CUST02118,23,Other,South,Graduate,Salaried,132290.51,1821057.32,Education,376.8,4,19,119.17,2021-01-19,1
CUST02119,18,Female,North,Secondary,Salaried,2557302.45,1237670.11,Business,307.6,4,392,87.15,2022-04-06,1
CUST02120,50,Female,East,Graduate,Salaried,1926204.04,1631171.54,Car,770.8,6,120,38.48,2025-03-12,0
CUST02121,34,Male,West,Graduate,Salaried,670009.09,1378267.79,Other,680.3,6,500,100.23,2018-08-13,0
CUST02122,25,Female,North,Graduate,Self-Employed,1378502.96,266237.06,Home,439.8,15,450,66.24,2018-05-10,1
CUST02123,27,Male,South,Primary,Unemployed,274493.81,90901.77,Business,678.4,8,431,26.32,2022-10-07,0
CUST02124,20,Other,South,Graduate,Self-Employed,1761086.28,1301569.48,Other,496.5,19,445,26.82,2023-12-11,1
CUST02125,42,Male,North,Primary,Salaried,2974103.07,207440.48,Other,389.9,18,249,119.63,2023-08-21,1
CUST02126,62,Other,North,Graduate,Unemployed,1921943.01,1828855.4,Car,671.0,8,105,32.0,2019-10-27,0
CUST02127,36,Male,East,Graduate,Salaried,2609132.21,1069420.39,Business,365.2,3,266,31.41,2022-05-28,1
CUST02128,52,Male,North,Post-Graduate,Self-Employed,1594935.08,668128.64,Other,714.1,17,477,111.9,2021-04-04,0
CUST02129,68,Female,South,Graduate,Salaried,1885112.1,1837520.36,Car,389.2,4,443,107.7,2025-07-05,1
CUST02130,36,Female,North,Secondary,Self-Employed,603000.07,630098.24,Education,622.4,15,405,52.79,2023-12-01,0
CUST02131,67,Other,East,Primary,Self-Employed,818726.01,1762233.55,Car,702.2,14,176,81.11,2019-06-28,0
CUST02132,30,Male,West,Primary,Salaried,589495.95,1360337.19,Business,764.9,3,298,92.93,2022-02-05,1
CUST02133,34,Male,North,Graduate,Salaried,821301.63,167463.03,Other,335.9,0,469,9.24,2024-01-08,1
CUST02134,48,Female,North,Primary,Salaried,1525663.15,1986928.63,Home,682.6,9,434,88.49,2025-12-24,0
CUST02135,42,Male,North,Primary,Salaried,2510115.7,319818.91,Home,525.0,24,346,33.09,2025-09-30,1
CUST02136,34,Male,East,Secondary,Salaried,1591636.22,443037.27,Education,680.7,13,248,74.32,2021-04-24,0
CUST02137,18,Other,South,Post-Graduate,Salaried,2493250.04,269976.98,Home,552.1,17,459,84.11,2024-09-10,0
CUST02138,27,Other,West,Post-Graduate,Self-Employed,1736086.0,1111165.3,Car,722.1,23,179,30.79,2024-09-22,0
CUST02139,42,Female,North,Primary,Salaried,831316.26,639634.66,Other,389.8,20,401,98.62,2020-03-28,1
CUST02140,37,Male,South,Secondary,Unemployed,158634.29,1152012.81,Home,683.2,5,437,61.02,2022-06-20,1
CUST02141,24,Male,South,Graduate,Salaried,2174925.34,1873956.08,Business,822.5,8,401,104.79,2025-07-29,0
CUST02142,49,Female,West,Secondary,Self-Employed,2290599.01,1967250.56,Business,789.6,12,495,19.97,2023-11-27,0
CUST02143,58,Other,East,Post-Graduate,Self-Employed,726160.94,1271518.96,Home,665.1,9,124,88.68,2019-02-22,0
CUST02144,39,Other,North,Secondary,Self-Employed,1323677.22,1797499.24,Other,760.1,24,15,56.06,2023-04-07,0
CUST02145,47,Other,East,Secondary,Salaried,1823588.26,561943.22,Car,623.8,5,256,103.93,2018-08-04,1
CUST02146,18,Female,West,Post-Graduate,Unemployed,1439646.32,1268450.09,Other,424.5,1,261,38.74,2019-05-03,1
CUST02147,66,Other,East,Secondary,Self-Employed,2141968.31,1846242.2,Other,651.6,4,227,112.77,2020-09-18,1
CUST02148,20,Other,East,Post-Graduate,Self-Employed,2950036.75,296542.38,Business,577.7,24,264,66.92,2021-05-12,0
CUST02149,42,Female,North,Post-Graduate,Salaried,1509696.94,632738.75,Home,575.8,16,63,25.09,2021-09-06,0
CUST02150,69,Female,South,Post-Graduate,Self-Employed,1009114.73,1058339.15,Education,711.6,19,341,55.95,2023-09-06,0
CUST02151,35,Male,South,Graduate,Salaried,2595201.32,1907623.23,Car,556.0,22,179,87.94,2022-04-22,0
CUST02152,29,Other,South,Post-Graduate,Unemployed,2259960.33,697250.31,Education,506.5,22,292,45.37,2024-05-29,1
CUST02153,44,Other,South,Secondary,Salaried,921069.56,459418.52,Home,569.0,17,35,18.52,2019-06-27,0
CUST02154,26,Male,North,Primary,Salaried,2614586.65,1867407.82,Car,427.6,7,459,21.87,2019-10-27,1
CUST02155,29,Female,East,Graduate,Salaried,1830587.83,256856.34,Other,447.7,0,202,18.92,2024-12-13,1
CUST02156,63,Female,East,Secondary,Salaried,2818993.0,1500154.11,Other,467.2,2,21,117.96,2022-10-27,1
CUST02157,29,Other,East,Post-Graduate,Salaried,234566.34,379279.02,Business,728.4,12,326,46.71,2020-06-16,0
CUST02158,62,Female,South,Post-Graduate,Unemployed,1272792.28,496825.59,Car,787.7,15,179,15.55,2021-12-09,0
CUST02159,48,Other,East,Secondary,Self-Employed,542813.72,182242.5,Business,701.5,11,337,36.94,2025-03-21,0
CUST02160,59,Female,North,Primary,Unemployed,1512544.77,624849.32,Home,503.3,17,149,31.36,2018-12-03,1
CUST02161,20,Other,South,Primary,Self-Employed,2162676.75,1734971.27,Business,371.7,9,171,9.15,2018-07-16,1
CUST02162,46,Other,West,Primary,Self-Employed,1219175.79,1445392.64,Education,519.2,17,391,111.13,2022-06-03,1
CUST02163,47,Female,West,Secondary,Self-Employed,918829.1,1953216.15,Education,712.5,18,193,33.59,2024-04-30,0
CUST02164,69,Male,North,Primary,Self-Employed,1530667.09,1898768.33,Education,571.2,1,38,103.65,2025-12-02,1
CUST02165,22,Other,West,Graduate,Self-Employed,2680113.24,1110423.54,Home,608.7,13,66,62.81,2022-06-15,0
CUST02166,23,Other,West,Primary,Salaried,2988256.35,1624743.49,Home,398.3,13,304,86.45,2022-11-24,1
CUST02167,66,Female,West,Graduate,Unemployed,2521554.81,1041701.79,Education,784.9,0,201,97.71,2026-03-20,1
CUST02168,60,Female,East,Graduate,Unemployed,607878.67,518443.8,Other,480.1,5,44,71.96,2022-11-23,1
CUST02169,28,Other,East,Graduate,Unemployed,1666464.97,1153855.55,Other,801.0,20,346,66.88,2022-09-04,0
CUST02170,70,Female,East,Post-Graduate,Unemployed,1886618.31,1458517.51,Home,452.1,4,319,77.08,2024-03-17,1
CUST02171,21,Male,South,Post-Graduate,Self-Employed,941361.55,1750407.87,Business,830.6,10,274,61.6,2020-07-08,0
CUST02172,43,Female,South,Post-Graduate,Self-Employed,1500450.83,1565138.35,Home,821.2,6,252,70.31,2022-08-06,0
CUST02173,23,Male,East,Secondary,Salaried,1703043.62,137450.38,Home,420.7,18,294,91.01,2021-02-22,1
CUST02174,60,Other,East,Secondary,Salaried,212778.57,1060695.85,Home,508.9,11,111,111.4,2019-11-29,1
CUST02175,52,Female,East,Graduate,Self-Employed,1539424.87,697914.55,Home,302.5,13,169,94.15,2020-04-29,1
CUST02176,66,Female,East,Primary,Unemployed,1095050.81,1775115.5,Other,705.6,2,292,97.81,2025-04-20,1
CUST02177,33,Male,West,Secondary,Self-Employed,1108997.46,344057.53,Home,468.7,22,289,62.0,2025-07-16,1
CUST02178,24,Female,East,Graduate,Self-Employed,1661730.41,169483.78,Car,378.5,19,441,41.21,2018-08-05,1
CUST02179,54,Female,East,Secondary,Self-Employed,343795.97,1872624.43,Business,660.8,11,31,112.66,2024-11-30,0
CUST02180,52,Male,North,Secondary,Self-Employed,2632163.84,1013941.37,Other,623.7,22,484,52.44,2021-01-20,0
CUST02181,63,Female,West,Secondary,Self-Employed,2313517.62,1741445.39,Home,403.0,12,127,100.97,2018-04-16,1
CUST02182,59,Other,South,Secondary,Unemployed,2620831.09,1307391.38,Other,454.4,17,49,109.87,2024-06-20,1
CUST02183,68,Female,West,Secondary,Unemployed,1352625.85,1951823.47,Education,641.2,5,413,118.8,2018-07-20,1
CUST02184,37,Other,West,Post-Graduate,Unemployed,2368734.83,1769025.79,Car,812.6,1,269,97.92,2026-01-09,1
CUST02185,67,Female,South,Graduate,Unemployed,791414.42,1070294.78,Home,481.9,6,421,16.56,2022-07-20,1
CUST02186,63,Other,East,Graduate,Salaried,1574520.17,1967197.15,Business,613.2,23,500,79.31,2022-04-14,0
CUST02187,30,Other,West,Post-Graduate,Unemployed,2792650.92,1446012.51,Education,789.9,9,66,100.03,2024-11-27,0
CUST02188,49,Female,West,Secondary,Salaried,1642913.63,926725.38,Education,528.4,19,282,108.34,2020-12-15,1
CUST02189,63,Male,North,Post-Graduate,Self-Employed,1715107.49,307759.06,Education,692.0,15,51,82.22,2025-06-27,0
CUST02190,29,Male,East,Graduate,Unemployed,2289655.27,1940593.2,Other,441.6,8,310,20.43,2026-01-12,1
CUST02191,55,Other,North,Graduate,Self-Employed,1859421.95,1698229.12,Other,772.6,23,42,115.33,2020-12-14,0
CUST02192,24,Other,East,Post-Graduate,Self-Employed,1609407.89,545668.16,Education,633.7,19,101,99.93,2019-08-09,0
CUST02193,66,Male,South,Post-Graduate,Salaried,1579423.4,1440561.74,Car,498.8,8,326,62.87,2020-01-18,1
CUST02194,61,Male,East,Primary,Salaried,778364.26,297508.25,Other,364.4,23,58,42.83,2022-09-11,1
CUST02195,26,Female,East,Graduate,Salaried,2204981.81,1134606.22,Other,771.6,13,146,28.17,2025-04-01,0
CUST02196,60,Male,South,Post-Graduate,Salaried,1565813.64,1011268.43,Business,450.7,21,312,53.16,2020-02-05,1
CUST02197,34,Male,South,Primary,Salaried,1482940.35,1387108.98,Home,662.7,12,135,77.31,2022-06-09,0
CUST02198,25,Female,West,Secondary,Unemployed,809615.61,28947.77,Car,671.3,17,414,108.79,2020-04-30,0
CUST02199,67,Female,North,Graduate,Unemployed,1758588.82,354943.82,Car,705.1,17,397,29.71,2025-04-15,0
CUST02200,52,Male,North,Post-Graduate,Self-Employed,499072.99,901262.17,Other,642.9,8,369,16.27,2023-08-24,0
CUST02201,43,Female,West,Post-Graduate,Self-Employed,2338974.74,1100030.74,Education,350.6,5,66,19.61,2021-12-08,1
CUST02202,32,Male,North,Primary,Unemployed,357447.07,333279.0,Business,754.5,6,227,79.37,2025-10-18,0
CUST02203,49,Female,West,Graduate,Unemployed,804543.94,1548142.02,Other,365.7,8,401,44.79,2022-06-11,1
CUST02204,59,Female,East,Secondary,Self-Employed,2005231.7,491190.86,Education,483.3,6,386,102.05,2022-01-20,1
CUST02205,52,Female,North,Secondary,Salaried,580363.26,912874.57,Car,599.1,6,434,24.63,2024-11-01,0
CUST02206,60,Other,North,Secondary,Self-Employed,968208.29,724937.71,Car,523.8,24,386,64.13,2018-10-15,1
CUST02207,28,Other,West,Graduate,Self-Employed,2196741.67,1534700.82,Car,713.3,15,107,23.36,2025-02-20,0
CUST02208,40,Female,East,Primary,Salaried,2870809.03,213724.53,Car,482.8,14,273,33.11,2025-11-16,1
CUST02209,42,Other,South,Secondary,Unemployed,2922314.61,887005.69,Car,367.1,9,286,87.33,2018-12-04,1
CUST02210,39,Male,South,Graduate,Unemployed,869819.54,1352105.99,Other,717.5,19,204,53.2,2021-05-16,0
CUST02211,66,Male,North,Post-Graduate,Unemployed,2519886.55,592879.4,Home,597.7,7,394,28.67,2018-09-18,0
CUST02212,20,Male,South,Primary,Unemployed,2122543.11,1540936.14,Business,418.1,16,288,70.9,2023-10-27,1
CUST02213,63,Other,North,Post-Graduate,Unemployed,1133351.63,1729911.38,Education,603.7,14,11,48.37,2021-10-01,0
CUST02214,42,Male,East,Secondary,Self-Employed,1117500.51,1368526.74,Business,314.7,10,71,21.95,2021-04-25,1
CUST02215,45,Other,South,Post-Graduate,Self-Employed,179539.95,1820749.1,Car,580.6,17,374,18.0,2025-04-25,0
CUST02216,52,Male,North,Secondary,Unemployed,1817720.71,585076.89,Car,756.2,20,304,44.9,2023-06-17,0
CUST02217,55,Male,South,Graduate,Unemployed,522644.27,1561896.06,Car,621.2,11,225,14.38,2024-10-28,0
CUST02218,22,Male,North,Secondary,Salaried,2176293.37,1909849.08,Other,807.0,22,390,109.62,2018-12-11,0
CUST02219,49,Male,South,Post-Graduate,Salaried,2776229.49,1196967.39,Car,645.2,17,343,22.53,2026-02-15,0
CUST02220,27,Female,East,Post-Graduate,Salaried,1895540.58,1139881.95,Education,706.5,9,52,67.49,2018-10-27,0
CUST02221,32,Male,East,Graduate,Salaried,2329939.29,1955068.27,Other,350.5,3,251,56.51,2023-03-25,1
CUST02222,42,Male,South,Post-Graduate,Self-Employed,1170972.13,684600.76,Car,348.7,11,68,119.38,2020-12-07,1
CUST02223,29,Female,West,Post-Graduate,Salaried,501472.63,1951812.85,Car,519.2,17,489,105.25,2021-06-27,1
CUST02224,29,Other,North,Post-Graduate,Self-Employed,2115963.71,846438.68,Education,500.6,13,168,114.11,2018-04-17,1
CUST02225,64,Other,East,Graduate,Self-Employed,2481804.18,136544.64,Car,413.2,14,168,83.33,2022-07-19,1
CUST02226,33,Female,East,Graduate,Self-Employed,661624.77,827787.24,Car,801.8,1,241,74.22,2021-05-21,1
CUST02227,39,Other,North,Graduate,Salaried,347586.55,1029942.61,Car,561.8,24,292,45.61,2020-02-26,0
CUST02228,62,Other,North,Primary,Self-Employed,634620.41,1077830.17,Business,748.3,14,443,83.63,2022-07-23,0
CUST02229,18,Other,North,Primary,Salaried,2146329.08,284659.08,Home,846.0,11,445,78.84,2020-10-07,0
CUST02230,60,Female,South,Primary,Salaried,2711545.17,654334.44,Home,341.9,23,25,54.93,2018-10-20,1
CUST02231,62,Other,East,Primary,Salaried,1654463.89,1908970.81,Business,352.3,18,138,47.63,2018-12-20,1
CUST02232,65,Female,South,Graduate,Salaried,1483858.8,1982235.9,Home,600.3,23,435,14.77,2018-06-15,0
CUST02233,32,Female,West,Graduate,Salaried,1242625.99,1091858.87,Education,675.7,3,387,46.27,2019-10-30,1
CUST02234,69,Male,North,Primary,Salaried,234523.75,1400724.26,Business,531.6,4,13,6.51,2023-09-06,1
CUST02235,31,Male,West,Graduate,Unemployed,2885246.74,1294528.27,Car,476.4,8,202,108.33,2019-05-09,1
CUST02236,69,Female,North,Post-Graduate,Self-Employed,2860115.8,484142.26,Business,722.6,3,226,89.27,2019-03-30,1
CUST02237,69,Female,North,Graduate,Self-Employed,2593388.58,1839923.82,Business,437.1,22,442,33.25,2019-08-25,1
CUST02238,46,Other,North,Post-Graduate,Unemployed,1501120.35,385897.49,Home,307.2,3,19,96.33,2019-01-01,1
CUST02239,69,Male,West,Secondary,Self-Employed,118842.85,1036995.63,Car,485.5,21,410,104.24,2021-09-13,1
CUST02240,60,Female,West,Graduate,Unemployed,2257430.33,906374.48,Home,847.4,21,405,31.87,2019-08-07,0
CUST02241,39,Other,South,Post-Graduate,Self-Employed,1736041.13,78307.65,Home,610.3,24,433,14.72,2024-11-19,0
CUST02242,64,Other,East,Primary,Salaried,2518285.15,64436.52,Education,499.6,8,36,83.95,2020-02-22,1
CUST02243,61,Other,East,Post-Graduate,Salaried,654894.32,264893.37,Home,775.1,24,88,35.05,2025-11-30,0
CUST02244,43,Male,North,Secondary,Unemployed,1800251.59,1393113.96,Other,418.1,5,463,70.22,2020-09-15,1
CUST02245,23,Female,South,Graduate,Self-Employed,2954077.03,1273863.76,Home,766.8,18,469,41.72,2018-05-30,0
CUST02246,47,Female,West,Secondary,Salaried,1015237.26,1812488.42,Business,383.1,0,430,41.23,2022-09-11,1
CUST02247,58,Male,South,Graduate,Self-Employed,2844255.74,894685.56,Education,507.3,3,129,94.49,2025-11-23,1
CUST02248,39,Other,South,Graduate,Unemployed,899613.92,1267915.65,Other,322.8,17,119,56.3,2020-09-08,1
CUST02249,57,Female,West,Secondary,Salaried,1784909.05,41718.66,Education,795.6,1,162,79.23,2022-10-28,1
CUST02250,40,Male,North,Primary,Salaried,2101212.16,955600.66,Business,407.4,5,133,95.69,2024-10-02,1
CUST02251,50,Male,South,Primary,Salaried,1796123.39,615636.08,Home,750.9,17,276,26.24,2022-11-16,0
CUST02252,64,Female,North,Primary,Salaried,967254.99,903030.13,Car,439.7,13,415,93.46,2023-05-04,1
CUST02253,18,Male,East,Graduate,Salaried,2151585.53,913374.77,Car,697.8,20,222,37.64,2022-10-30,0
CUST02254,45,Other,North,Primary,Unemployed,436987.85,1879062.49,Education,802.8,9,136,26.24,2020-11-06,0
CUST02255,41,Other,South,Secondary,Salaried,1963265.03,1321591.45,Business,463.6,6,33,41.27,2020-05-16,1
CUST02256,24,Male,South,Secondary,Unemployed,936849.63,1891827.08,Home,436.8,19,243,44.73,2021-10-23,1
CUST02257,70,Female,North,Graduate,Self-Employed,1111087.41,422446.44,Education,366.4,20,421,14.1,2024-12-10,1
CUST02258,23,Other,South,Post-Graduate,Unemployed,627150.82,435094.89,Education,474.9,7,31,72.24,2021-08-06,1
CUST02259,60,Other,East,Secondary,Unemployed,1931814.79,775146.46,Car,318.8,18,257,58.9,2019-06-25,1
CUST02260,18,Male,North,Secondary,Unemployed,2127983.87,835892.5,Home,656.4,12,124,66.11,2025-04-25,0
CUST02261,42,Male,North,Post-Graduate,Salaried,1522325.87,937500.8,Car,565.6,7,108,80.29,2020-09-23,0
CUST02262,28,Male,West,Post-Graduate,Self-Employed,2169482.11,822904.46,Other,646.1,2,396,19.96,2020-08-31,1
CUST02263,21,Male,North,Secondary,Salaried,1418909.58,1804056.31,Car,499.2,11,97,31.5,2020-08-06,1
CUST02264,56,Male,North,Primary,Salaried,1974095.53,364714.01,Business,633.4,11,353,56.07,2020-11-20,0
CUST02265,21,Female,West,Graduate,Self-Employed,413705.01,1947974.45,Education,669.9,8,349,20.87,2024-02-09,0
CUST02266,24,Male,South,Post-Graduate,Unemployed,1918766.24,1330135.29,Car,676.6,13,236,64.9,2026-02-08,0
CUST02267,19,Female,East,Primary,Salaried,1354794.49,1695786.26,Home,518.9,19,71,118.94,2021-10-13,1
CUST02268,38,Female,North,Graduate,Salaried,895272.03,1176845.32,Other,712.5,20,70,72.99,2025-02-05,0
CUST02269,64,Other,South,Secondary,Self-Employed,1511976.49,1457170.03,Car,380.2,1,367,102.8,2023-10-31,1
CUST02270,50,Female,West,Post-Graduate,Self-Employed,906397.75,1584922.52,Education,795.4,17,177,41.34,2023-09-28,0
CUST02271,24,Female,South,Post-Graduate,Self-Employed,2062335.8,50442.9,Education,555.2,21,400,37.53,2019-11-04,0
CUST02272,51,Male,North,Secondary,Self-Employed,1664107.33,1985502.02,Home,649.3,24,352,75.56,2025-02-07,0
CUST02273,36,Female,South,Secondary,Salaried,2365009.94,1541788.22,Education,417.7,13,437,79.83,2021-07-14,1
CUST02274,21,Other,South,Primary,Self-Employed,559923.63,97633.08,Home,426.6,23,483,27.77,2023-07-16,1
CUST02275,25,Other,South,Secondary,Salaried,173715.96,1000621.83,Other,575.7,11,355,40.84,2021-03-20,0
CUST02276,61,Male,West,Primary,Unemployed,1520552.36,916088.06,Home,697.6,12,350,115.83,2018-11-07,0
CUST02277,47,Female,South,Primary,Unemployed,1486399.16,614696.44,Business,411.1,15,193,14.34,2019-02-28,1
CUST02278,48,Male,West,Secondary,Salaried,718973.89,1086584.83,Car,841.7,9,256,41.36,2025-07-03,0
CUST02279,67,Male,North,Secondary,Salaried,917207.79,1250942.07,Car,633.1,24,274,117.46,2022-09-30,0
CUST02280,22,Female,South,Primary,Self-Employed,2793095.21,1123051.37,Business,530.3,3,487,68.74,2024-02-23,1
CUST02281,56,Male,South,Graduate,Self-Employed,214029.18,763403.18,Car,804.2,22,433,58.84,2021-11-06,0
CUST02282,42,Other,East,Post-Graduate,Salaried,2136220.2,574159.26,Business,399.3,6,53,72.45,2020-05-17,1
CUST02283,66,Other,East,Post-Graduate,Salaried,156333.62,718135.67,Education,845.9,1,281,60.69,2024-08-27,1
CUST02284,39,Male,East,Secondary,Self-Employed,1296878.36,1991255.02,Education,420.9,15,172,90.82,2025-12-18,1
CUST02285,64,Female,East,Graduate,Unemployed,826105.55,155627.06,Other,340.3,18,151,105.05,2023-09-11,1
CUST02286,44,Other,South,Primary,Salaried,2482954.58,1223619.44,Car,816.5,21,166,39.75,2020-05-16,0
CUST02287,41,Other,South,Primary,Salaried,2694069.62,1608755.68,Car,307.4,17,291,67.42,2021-12-12,1
CUST02288,24,Other,South,Post-Graduate,Self-Employed,997054.6,185924.48,Business,388.6,21,18,96.21,2024-07-17,1
CUST02289,58,Male,South,Secondary,Unemployed,2090474.35,1193572.98,Home,548.3,24,454,83.15,2025-10-24,1
CUST02290,42,Male,West,Graduate,Self-Employed,2944249.83,387910.21,Home,363.6,23,291,35.41,2023-06-02,1
CUST02291,46,Female,East,Primary,Salaried,2898287.54,1391301.78,Other,621.4,1,233,60.18,2024-10-08,1
CUST02292,70,Male,West,Secondary,Self-Employed,1843044.85,771093.46,Business,734.6,5,333,84.57,2020-01-10,1
CUST02293,41,Other,West,Graduate,Salaried,2522436.84,1211468.83,Car,642.3,2,34,80.19,2023-11-15,1
CUST02294,39,Male,East,Primary,Self-Employed,2208580.47,203284.25,Car,818.5,22,476,59.9,2018-08-08,0
CUST02295,41,Male,North,Secondary,Salaried,259298.9,140905.99,Other,810.3,5,211,26.95,2020-09-25,1
CUST02296,68,Male,South,Primary,Self-Employed,1991743.16,1088866.4,Other,832.1,2,434,7.18,2022-03-24,1
CUST02297,58,Male,West,Secondary,Salaried,970878.55,116311.34,Car,766.2,15,167,18.9,2022-04-20,0
CUST02298,29,Male,West,Graduate,Unemployed,208080.11,1239572.86,Business,519.0,18,383,111.13,2022-08-14,1
CUST02299,45,Female,South,Secondary,Salaried,830409.82,405147.48,Car,834.9,18,120,119.13,2019-11-27,0
CUST02300,43,Other,North,Secondary,Unemployed,2041091.55,1042064.77,Education,621.5,4,297,108.89,2024-01-04,1
CUST02301,39,Other,East,Primary,Self-Employed,2894046.07,1951338.02,Car,413.8,17,419,110.9,2021-07-21,1
CUST02302,21,Male,North,Secondary,Self-Employed,2814023.79,682366.36,Car,552.5,16,224,93.18,2021-08-28,0
CUST02303,61,Other,South,Graduate,Unemployed,1824677.15,1063793.82,Education,629.6,1,370,75.75,2025-11-04,1
CUST02304,47,Male,East,Primary,Salaried,2917229.81,688033.44,Education,704.6,23,339,61.53,2023-10-12,0
CUST02305,18,Female,West,Primary,Unemployed,2916003.86,1710664.62,Other,507.0,11,116,35.13,2022-04-14,1
CUST02306,69,Female,North,Post-Graduate,Salaried,649496.64,1162226.08,Other,553.4,21,275,80.28,2025-09-27,0
CUST02307,19,Female,East,Graduate,Unemployed,123929.9,111260.76,Business,320.3,13,81,104.65,2021-03-18,1
CUST02308,35,Female,South,Secondary,Salaried,1948929.71,1936808.5,Home,621.9,1,124,40.79,2019-10-07,1
CUST02309,41,Other,East,Primary,Salaried,750110.3,1719960.25,Business,322.5,14,372,42.48,2021-03-28,1
CUST02310,18,Female,West,Primary,Unemployed,764449.93,86651.36,Home,485.8,22,298,26.56,2022-09-04,1
CUST02311,52,Female,East,Post-Graduate,Salaried,2805535.16,28116.29,Car,427.1,3,281,87.86,2021-11-09,1
CUST02312,19,Female,South,Graduate,Unemployed,1994974.4,976428.72,Car,590.7,6,21,29.61,2023-07-06,0
CUST02313,21,Male,West,Secondary,Unemployed,957149.12,1353778.93,Business,778.8,11,267,84.01,2024-11-16,0
CUST02314,32,Other,North,Graduate,Salaried,808008.29,809700.05,Business,439.3,0,161,78.14,2024-05-17,1
CUST02315,28,Female,West,Primary,Salaried,1241599.3,1444713.16,Education,611.1,14,390,14.33,2024-05-31,0
CUST02316,67,Male,South,Graduate,Salaried,182366.45,1367264.78,Other,738.2,18,40,33.54,2022-02-06,0
CUST02317,58,Female,South,Primary,Unemployed,2674201.45,645176.51,Home,777.3,21,304,95.79,2020-05-05,0
CUST02318,22,Female,East,Primary,Salaried,1044856.37,1364256.04,Other,563.5,17,327,40.29,2024-12-06,0
CUST02319,44,Male,East,Post-Graduate,Self-Employed,317701.54,869950.56,Other,821.8,12,447,16.71,2018-07-26,0
CUST02320,43,Female,West,Primary,Salaried,856713.92,1725688.63,Business,525.4,21,85,101.4,2019-09-09,1
CUST02321,53,Male,South,Post-Graduate,Salaried,2885438.64,1371940.93,Other,826.3,24,312,25.43,2025-01-04,0
CUST02322,36,Male,East,Secondary,Salaried,708156.45,1681153.4,Education,310.2,16,5,85.64,2019-12-22,1
CUST02323,31,Male,East,Post-Graduate,Salaried,1118734.47,531063.32,Business,362.7,11,360,33.21,2022-08-28,1
CUST02324,33,Male,West,Post-Graduate,Unemployed,1496190.35,1601910.7,Business,704.5,16,287,77.92,2025-09-26,0
CUST02325,58,Other,West,Secondary,Self-Employed,2714689.86,175654.48,Car,388.9,10,262,15.47,2021-06-14,1
CUST02326,42,Other,East,Graduate,Unemployed,1599110.62,789291.71,Business,399.0,12,318,58.1,2025-10-19,1
CUST02327,28,Other,South,Primary,Self-Employed,2843593.27,1643066.45,Other,605.5,5,246,49.53,2024-04-22,1
CUST02328,36,Female,North,Graduate,Unemployed,930823.41,1305603.25,Education,711.5,17,264,98.16,2018-11-02,0
CUST02329,62,Female,South,Primary,Unemployed,1922311.52,1051161.22,Other,592.9,3,78,79.28,2023-06-09,1
CUST02330,55,Other,West,Secondary,Unemployed,1009793.61,1963111.62,Education,652.6,22,218,19.35,2018-03-07,0
CUST02331,45,Other,North,Graduate,Self-Employed,1105299.36,1013276.03,Business,321.5,2,291,104.76,2023-05-22,1
CUST02332,27,Male,North,Secondary,Salaried,119973.69,51405.64,Business,621.7,21,110,70.2,2023-01-31,0
CUST02333,57,Male,South,Post-Graduate,Unemployed,1095476.23,889214.42,Education,497.6,18,360,90.5,2018-05-09,1
CUST02334,69,Male,East,Primary,Unemployed,1564338.52,1440418.12,Car,662.7,23,59,36.58,2022-04-07,0
CUST02335,61,Other,North,Post-Graduate,Unemployed,2283477.85,373421.91,Business,670.2,12,107,10.93,2019-07-27,0
CUST02336,33,Female,West,Primary,Unemployed,2258852.44,1710739.98,Car,655.8,7,262,103.48,2021-11-21,0
CUST02337,30,Male,North,Primary,Self-Employed,1956268.92,1898546.25,Education,614.7,1,85,106.31,2018-09-18,1
CUST02338,20,Female,South,Graduate,Unemployed,2252702.3,395630.28,Home,308.9,17,430,100.01,2018-04-02,1
CUST02339,27,Female,East,Graduate,Unemployed,1499946.48,562687.24,Home,661.6,5,462,89.1,2020-08-20,1
CUST02340,31,Female,East,Post-Graduate,Salaried,1561355.81,1745080.89,Education,709.4,6,403,29.15,2024-12-19,0
CUST02341,68,Male,North,Graduate,Self-Employed,2456223.23,1059638.78,Education,632.5,23,380,97.78,2021-05-25,0
CUST02342,23,Female,South,Post-Graduate,Salaried,661227.88,1484554.04,Education,655.4,20,268,113.37,2018-02-05,0
CUST02343,27,Male,West,Post-Graduate,Salaried,1028946.11,773785.58,Car,607.4,21,59,12.92,2020-03-05,0
CUST02344,39,Male,East,Primary,Salaried,1903064.19,1510113.08,Education,616.4,17,290,21.8,2024-11-13,0
CUST02345,26,Female,North,Post-Graduate,Salaried,872806.66,1317135.22,Home,374.1,4,152,78.37,2023-05-09,1
CUST02346,41,Male,East,Graduate,Unemployed,1617092.79,1264025.27,Business,819.2,18,225,64.53,2018-07-19,0
CUST02347,30,Male,North,Primary,Unemployed,725809.44,1352891.05,Home,312.1,17,230,59.63,2018-04-30,1
CUST02348,35,Other,South,Secondary,Unemployed,2373610.86,1482412.85,Car,620.9,4,111,38.35,2018-10-02,1
CUST02349,36,Male,West,Secondary,Salaried,1282231.17,485773.04,Other,323.6,4,259,101.45,2026-01-09,1
CUST02350,22,Female,East,Graduate,Self-Employed,2906397.62,1692763.82,Education,716.5,3,394,81.29,2023-08-16,1
CUST02351,50,Male,West,Graduate,Unemployed,250852.61,864915.42,Other,682.9,22,39,112.71,2018-04-28,0
CUST02352,21,Female,North,Secondary,Salaried,2626422.27,972113.82,Car,701.0,2,126,108.59,2019-01-30,1
CUST02353,27,Other,West,Graduate,Salaried,2562184.59,1793143.91,Business,726.0,0,415,34.51,2018-02-07,1
CUST02354,28,Male,South,Secondary,Unemployed,2911596.03,701712.06,Other,689.9,16,92,107.75,2022-09-23,0
CUST02355,38,Male,North,Primary,Salaried,705056.51,936550.32,Education,707.9,10,395,64.66,2025-04-05,0
CUST02356,61,Male,East,Post-Graduate,Self-Employed,2018291.0,149050.55,Car,585.5,9,360,78.31,2023-05-19,0
CUST02357,54,Female,South,Graduate,Self-Employed,2700623.17,77071.07,Home,764.6,2,448,40.86,2025-06-12,1
CUST02358,37,Female,East,Secondary,Unemployed,1955584.79,1430946.89,Business,463.0,19,130,53.25,2019-04-04,1
CUST02359,66,Other,South,Graduate,Unemployed,2933266.39,419402.49,Business,445.3,1,290,111.77,2018-03-03,1
CUST02360,70,Other,East,Secondary,Salaried,1286871.59,899926.1,Car,333.5,7,286,12.64,2024-09-03,1
CUST02361,21,Female,West,Post-Graduate,Salaried,2702639.03,1176542.74,Education,782.9,6,285,107.64,2024-05-15,0
CUST02362,22,Female,South,Post-Graduate,Self-Employed,2795827.05,175814.99,Car,775.4,4,107,98.59,2025-01-29,1
CUST02363,46,Female,East,Graduate,Self-Employed,2523197.21,1782572.87,Other,552.3,10,69,111.97,2019-10-25,0
CUST02364,64,Female,West,Secondary,Self-Employed,122516.62,744916.21,Other,483.3,2,241,14.16,2025-05-04,1
CUST02365,30,Other,North,Graduate,Unemployed,1016359.08,856901.45,Car,630.4,10,199,43.75,2021-07-16,0
CUST02366,57,Male,North,Graduate,Unemployed,2583310.97,1782794.08,Education,804.1,20,285,10.03,2018-04-01,0
CUST02367,36,Female,West,Post-Graduate,Salaried,148291.27,1527355.21,Home,739.8,21,396,110.56,2024-12-15,0
CUST02368,28,Male,West,Graduate,Self-Employed,2800046.23,673728.62,Business,672.6,3,343,36.66,2024-09-11,1
CUST02369,34,Female,East,Secondary,Self-Employed,729171.04,1739792.99,Education,716.3,4,305,13.84,2021-10-25,1
CUST02370,37,Male,East,Secondary,Unemployed,2563795.38,1541453.45,Home,727.5,11,184,51.38,2020-07-28,0
CUST02371,25,Male,South,Primary,Unemployed,1792978.67,815664.13,Home,779.9,4,143,11.04,2021-03-24,1
CUST02372,47,Female,West,Primary,Salaried,2415440.4,513286.54,Business,610.5,7,490,115.63,2020-02-11,0
CUST02373,51,Male,North,Post-Graduate,Self-Employed,2287974.42,1520453.09,Home,640.9,19,168,50.53,2019-12-24,0
CUST02374,54,Male,West,Post-Graduate,Salaried,1591392.32,422443.65,Car,749.1,15,137,69.08,2024-04-30,0
CUST02375,41,Male,East,Post-Graduate,Salaried,1187518.25,1043091.63,Home,773.7,12,165,96.07,2020-06-15,0
CUST02376,27,Female,North,Post-Graduate,Salaried,896878.42,1914365.36,Home,695.2,14,195,35.0,2025-01-22,0
CUST02377,25,Male,North,Post-Graduate,Unemployed,2163265.28,1947603.44,Business,575.0,0,426,92.43,2023-10-14,1
CUST02378,58,Female,West,Post-Graduate,Unemployed,112159.57,185900.82,Other,626.2,6,1,104.66,2025-04-10,0
CUST02379,65,Female,South,Post-Graduate,Unemployed,2693447.88,508851.49,Car,333.1,22,498,53.24,2025-10-05,1
CUST02380,27,Male,South,Post-Graduate,Salaried,154169.59,1003777.55,Home,405.0,22,107,23.56,2022-06-27,1
CUST02381,19,Female,North,Graduate,Self-Employed,558032.17,1636830.0,Car,509.3,4,301,99.54,2023-02-03,1
CUST02382,35,Female,North,Graduate,Self-Employed,2457242.61,797133.08,Home,679.7,23,286,108.15,2022-09-19,0
CUST02383,22,Other,West,Primary,Salaried,2844321.53,1393519.8,Business,612.0,24,334,59.9,2019-09-19,0
CUST02384,54,Female,South,Secondary,Unemployed,1811859.07,1410529.0,Home,526.3,16,295,76.0,2021-12-03,1
CUST02385,34,Female,East,Secondary,Unemployed,1246900.89,467838.59,Business,365.4,10,62,68.49,2023-02-01,1
CUST02386,38,Female,West,Post-Graduate,Salaried,1273782.29,1484012.36,Business,769.5,24,156,43.6,2019-03-08,0
CUST02387,33,Male,North,Post-Graduate,Self-Employed,2257544.39,182380.53,Business,736.3,4,144,97.31,2021-10-23,1
CUST02388,34,Male,South,Primary,Self-Employed,889896.4,1915101.61,Business,755.6,20,380,95.37,2018-11-01,0
CUST02389,63,Other,South,Primary,Salaried,1709109.85,1585803.81,Other,610.7,15,178,64.83,2023-02-15,0
CUST02390,46,Other,North,Secondary,Unemployed,1650166.69,982014.06,Home,314.8,12,14,105.56,2021-03-08,1
CUST02391,38,Other,South,Graduate,Unemployed,1540125.9,339906.72,Car,747.3,2,86,68.51,2023-03-10,1
CUST02392,69,Other,West,Post-Graduate,Unemployed,1141217.55,940823.43,Education,307.4,17,368,118.53,2018-07-15,1
CUST02393,21,Male,North,Graduate,Salaried,1958839.73,1103527.03,Education,639.6,5,10,75.41,2019-08-29,1
CUST02394,28,Female,East,Secondary,Self-Employed,2589271.99,1257768.26,Education,474.0,7,256,60.05,2022-01-10,1
CUST02395,68,Other,West,Post-Graduate,Unemployed,868697.52,675732.91,Car,627.6,12,104,94.17,2018-08-14,0
CUST02396,20,Other,East,Primary,Unemployed,2308000.48,1378394.09,Home,764.7,24,345,80.19,2019-06-04,0
CUST02397,28,Female,East,Secondary,Self-Employed,1831361.11,660238.0,Business,438.2,4,112,43.55,2020-11-10,1
CUST02398,58,Other,West,Post-Graduate,Self-Employed,1627963.51,1867701.15,Business,600.3,14,158,8.99,2022-02-04,0
CUST02399,50,Male,South,Primary,Unemployed,2362949.72,340305.46,Home,657.0,8,193,114.0,2020-09-30,0
CUST02400,34,Other,East,Primary,Self-Employed,1674677.84,514235.6,Car,564.0,1,196,47.31,2018-12-22,1
CUST02401,37,Female,South,Primary,Unemployed,2969672.38,1974683.11,Other,818.4,6,134,96.82,2026-02-23,0
CUST02402,62,Female,East,Primary,Self-Employed,1942332.75,1172681.03,Education,692.8,8,193,44.89,2025-03-11,0
CUST02403,68,Female,North,Graduate,Self-Employed,880802.73,1115409.78,Home,472.3,16,431,63.57,2021-02-06,1
CUST02404,49,Male,South,Graduate,Salaried,117756.61,1649064.63,Education,840.7,16,97,75.98,2022-10-27,0
CUST02405,42,Other,East,Secondary,Unemployed,2638995.17,1158383.08,Business,719.0,7,300,6.27,2026-01-26,0
CUST02406,35,Female,North,Secondary,Unemployed,1972824.97,1013610.68,Education,684.0,15,86,96.24,2019-08-01,0
CUST02407,69,Male,West,Graduate,Salaried,1320070.28,699366.26,Car,791.6,23,272,79.62,2019-07-26,0
CUST02408,42,Other,West,Secondary,Unemployed,798650.63,982254.59,Home,654.7,4,38,37.72,2023-07-16,1
CUST02409,41,Other,North,Secondary,Unemployed,2945322.45,149474.84,Home,354.6,4,430,102.87,2020-12-24,1
CUST02410,40,Female,East,Primary,Unemployed,1067435.98,389382.79,Car,583.3,17,232,67.13,2023-11-10,0
CUST02411,59,Female,East,Post-Graduate,Unemployed,2737487.84,1330980.0,Home,509.2,9,329,97.7,2025-07-02,1
CUST02412,57,Female,East,Graduate,Salaried,2989730.57,1863648.72,Home,410.1,23,42,10.14,2025-05-19,1
CUST02413,40,Male,East,Primary,Salaried,529388.3,25906.85,Home,716.6,0,127,27.51,2019-03-06,1
CUST02414,39,Male,East,Post-Graduate,Unemployed,2343022.94,751368.91,Business,844.4,12,127,92.79,2019-07-19,0
CUST02415,23,Male,North,Secondary,Unemployed,953101.25,1356270.8,Education,448.5,17,2,86.36,2023-05-27,1
CUST02416,63,Female,North,Post-Graduate,Unemployed,2980302.5,1669222.26,Business,779.6,23,491,36.74,2025-01-15,0
CUST02417,58,Male,West,Primary,Unemployed,1121247.75,1614940.27,Business,583.9,11,99,58.71,2025-12-31,0
CUST02418,38,Male,East,Graduate,Salaried,2811867.9,1537963.96,Education,421.0,14,164,17.75,2020-03-17,1
CUST02419,53,Other,North,Graduate,Unemployed,1834865.1,529943.46,Home,533.8,9,64,100.58,2026-01-10,1
CUST02420,64,Other,West,Post-Graduate,Unemployed,972748.88,848743.83,Car,559.8,18,489,67.15,2020-10-03,0
CUST02421,37,Female,West,Secondary,Salaried,2494386.12,1992886.71,Business,803.1,18,388,53.25,2020-09-13,0
CUST02422,53,Other,North,Primary,Self-Employed,1004759.55,1610021.75,Business,683.4,21,23,17.8,2019-10-09,0
CUST02423,51,Male,East,Primary,Unemployed,757049.86,1083410.22,Other,453.4,6,433,86.01,2020-07-16,1
CUST02424,45,Male,North,Secondary,Unemployed,2872502.81,341739.93,Business,703.0,12,361,75.46,2024-03-28,0
CUST02425,57,Female,East,Post-Graduate,Unemployed,2855080.49,50537.12,Home,662.5,16,363,43.96,2020-07-03,0
CUST02426,18,Other,West,Primary,Salaried,2070455.78,670813.64,Home,831.1,13,49,21.53,2021-05-21,0
CUST02427,67,Other,South,Primary,Salaried,1973239.81,480495.5,Home,595.7,8,293,103.54,2019-11-20,0
CUST02428,65,Female,South,Post-Graduate,Unemployed,1311369.96,135993.75,Home,507.1,0,468,17.2,2022-08-29,1
CUST02429,27,Other,North,Post-Graduate,Self-Employed,2352683.98,729735.65,Business,618.9,21,362,72.48,2022-04-20,0
CUST02430,18,Other,East,Secondary,Self-Employed,1082681.83,605559.35,Business,722.5,20,492,71.19,2020-04-24,0
CUST02431,41,Male,South,Post-Graduate,Unemployed,307951.05,905523.97,Home,302.4,21,173,34.73,2020-07-17,1
CUST02432,68,Other,East,Graduate,Unemployed,2917808.99,135757.99,Car,461.5,1,256,85.53,2018-08-12,1
CUST02433,35,Female,West,Post-Graduate,Unemployed,1851271.9,1426845.14,Home,815.0,1,432,26.14,2022-11-29,1
CUST02434,68,Female,South,Post-Graduate,Unemployed,2939904.31,105517.66,Other,695.8,10,397,27.88,2018-06-04,0
CUST02435,57,Female,East,Post-Graduate,Self-Employed,673601.16,1818983.71,Car,550.0,2,200,90.78,2020-02-17,1
CUST02436,53,Male,West,Post-Graduate,Salaried,307899.68,350538.73,Home,654.5,16,198,112.43,2020-06-12,0
CUST02437,56,Male,West,Graduate,Self-Employed,744824.88,1593749.87,Home,586.8,8,31,10.41,2020-02-05,0
CUST02438,59,Male,South,Post-Graduate,Unemployed,1086268.22,490084.84,Other,583.6,2,365,70.47,2020-10-30,1
CUST02439,60,Female,South,Primary,Unemployed,1192026.23,654983.1,Other,531.7,20,215,112.26,2026-03-10,1
CUST02440,34,Male,North,Primary,Unemployed,2156218.75,1239781.4,Education,393.6,13,291,58.96,2018-03-06,1
CUST02441,27,Male,South,Primary,Unemployed,1155216.35,1904477.84,Car,330.7,24,81,96.28,2020-05-17,1
CUST02442,41,Other,West,Graduate,Unemployed,1518052.01,1335151.11,Home,394.8,9,14,51.59,2020-05-13,1
CUST02443,27,Female,South,Secondary,Self-Employed,2078538.04,913478.06,Other,791.3,13,440,90.33,2021-06-09,0
CUST02444,67,Female,West,Primary,Self-Employed,1252134.33,1281883.8,Other,411.9,20,283,110.77,2026-02-10,1
CUST02445,55,Other,East,Primary,Salaried,2614402.08,1805299.89,Car,650.6,3,487,63.83,2024-09-06,1
CUST02446,52,Other,West,Post-Graduate,Salaried,847245.81,1160187.75,Business,631.2,22,30,113.36,2020-11-25,0
CUST02447,34,Male,North,Post-Graduate,Unemployed,2387428.25,1992675.44,Car,674.6,3,497,56.31,2021-11-13,1
CUST02448,28,Female,North,Graduate,Self-Employed,2813026.58,132835.49,Home,327.5,21,451,81.01,2021-07-28,1
CUST02449,27,Female,East,Primary,Unemployed,2464700.41,571837.32,Business,514.8,23,18,112.18,2024-10-24,1
CUST02450,68,Male,East,Secondary,Self-Employed,1621324.63,271110.49,Car,464.8,20,411,105.46,2018-02-06,1
CUST02451,58,Male,East,Post-Graduate,Self-Employed,446691.54,1134216.6,Home,834.6,6,489,105.62,2018-07-07,0
CUST02452,59,Male,South,Graduate,Unemployed,2955531.25,1424483.92,Home,818.4,10,367,116.02,2025-09-20,0
CUST02453,24,Male,East,Post-Graduate,Salaried,1084743.49,1780251.97,Education,350.6,0,335,93.96,2020-07-09,1
CUST02454,32,Male,South,Secondary,Unemployed,1531870.66,1155351.57,Other,359.6,16,373,66.93,2019-07-24,1
CUST02455,18,Male,West,Graduate,Self-Employed,482506.24,498780.36,Other,522.4,1,287,6.66,2020-02-29,1
CUST02456,33,Male,East,Post-Graduate,Unemployed,2676564.7,1859411.2,Home,771.6,2,211,13.81,2022-06-03,1
CUST02457,37,Male,South,Primary,Unemployed,2998020.25,340132.8,Other,379.6,20,111,14.9,2022-01-14,1
CUST02458,69,Female,East,Post-Graduate,Self-Employed,2749436.46,1871266.87,Education,717.9,15,377,9.37,2020-07-21,0
CUST02459,36,Other,East,Secondary,Self-Employed,604110.21,1823175.25,Education,830.0,13,68,57.41,2023-09-17,0
CUST02460,43,Female,East,Post-Graduate,Unemployed,1919847.03,895222.88,Car,741.1,24,319,12.03,2021-02-18,0
CUST02461,58,Other,South,Secondary,Self-Employed,1701203.09,1111334.92,Home,433.7,1,275,40.73,2022-07-05,1
CUST02462,33,Female,North,Graduate,Salaried,1556035.38,1017911.26,Car,755.6,2,291,54.83,2020-11-25,1
CUST02463,38,Female,East,Post-Graduate,Self-Employed,2249024.0,830784.8,Home,583.8,18,133,72.53,2025-05-12,0
CUST02464,68,Male,East,Graduate,Salaried,1596389.05,544956.62,Business,544.1,22,181,27.87,2022-12-14,1
CUST02465,23,Female,South,Graduate,Unemployed,1383965.66,1440514.55,Other,708.1,19,467,46.99,2023-03-07,0
CUST02466,36,Other,East,Secondary,Self-Employed,211126.12,1731512.19,Home,622.3,18,116,105.42,2019-08-17,0
CUST02467,40,Female,West,Post-Graduate,Salaried,1214391.43,35493.02,Business,755.7,4,32,53.54,2025-09-28,1
CUST02468,31,Female,South,Graduate,Unemployed,771191.58,1400448.19,Business,543.8,18,25,53.65,2023-08-12,1
CUST02469,62,Female,North,Secondary,Salaried,2118793.9,180530.81,Car,584.3,0,351,16.08,2024-10-12,1
CUST02470,56,Female,North,Secondary,Self-Employed,2027839.98,10289.91,Home,715.1,16,362,97.04,2021-07-20,0
CUST02471,30,Other,North,Post-Graduate,Self-Employed,332509.17,1064490.64,Home,365.2,18,141,52.38,2020-01-03,1
CUST02472,54,Female,West,Secondary,Self-Employed,920341.11,1196059.52,Other,503.8,3,154,85.05,2020-01-27,1
CUST02473,18,Male,East,Post-Graduate,Salaried,240990.84,1428697.33,Education,464.3,14,172,67.19,2022-04-07,1
CUST02474,26,Other,North,Secondary,Self-Employed,2468482.79,496205.54,Home,768.5,18,74,72.2,2024-11-19,0
CUST02475,20,Male,North,Secondary,Salaried,2925100.92,1486439.53,Home,317.8,20,405,57.27,2025-08-19,1
CUST02476,33,Male,West,Secondary,Salaried,1089118.23,687158.71,Car,715.2,16,414,102.81,2019-10-14,0
CUST02477,28,Female,South,Secondary,Salaried,2589282.6,173340.61,Car,800.4,21,6,12.6,2022-04-29,0
CUST02478,32,Female,West,Primary,Unemployed,1796900.33,1544166.39,Business,412.8,11,259,86.09,2020-07-28,1
CUST02479,59,Female,East,Primary,Unemployed,1012710.71,1091867.84,Business,398.4,21,419,7.32,2025-11-24,1
CUST02480,67,Female,North,Graduate,Salaried,429386.37,406541.14,Education,307.6,15,175,43.87,2022-06-28,1
CUST02481,18,Female,South,Secondary,Self-Employed,1347081.19,668784.03,Education,646.8,15,317,36.14,2023-11-27,0
CUST02482,54,Other,East,Secondary,Self-Employed,230971.5,154149.61,Car,359.3,9,335,6.74,2022-03-18,1
CUST02483,40,Other,West,Post-Graduate,Salaried,1732650.13,727537.51,Other,378.7,10,397,38.07,2025-01-30,1
CUST02484,57,Other,South,Secondary,Salaried,575519.19,989693.03,Business,688.9,7,488,59.79,2022-10-18,0
CUST02485,44,Other,East,Primary,Salaried,677487.95,1190923.84,Business,589.4,18,289,63.13,2022-12-25,0
CUST02486,48,Female,North,Secondary,Self-Employed,743351.2,1892805.77,Home,814.3,12,101,17.52,2019-02-13,0
CUST02487,42,Other,South,Primary,Unemployed,2688780.45,699784.99,Home,528.8,6,293,58.49,2019-04-18,1
CUST02488,26,Female,North,Secondary,Self-Employed,2583189.66,579175.48,Business,523.3,2,120,5.0,2024-12-19,1
CUST02489,51,Female,North,Secondary,Salaried,704373.77,1742196.19,Home,370.2,1,256,7.65,2018-02-23,1
CUST02490,40,Other,West,Post-Graduate,Self-Employed,150180.4,1420531.24,Education,529.1,17,318,30.46,2025-03-13,1
CUST02491,46,Female,North,Graduate,Self-Employed,2902230.7,976252.03,Other,303.6,6,257,100.26,2020-06-14,1
CUST02492,58,Female,South,Primary,Unemployed,389316.06,229910.8,Other,477.9,23,130,49.28,2019-08-26,1
CUST02493,64,Female,East,Secondary,Salaried,2865204.05,1317805.75,Car,683.4,15,172,50.85,2023-07-02,0
CUST02494,53,Other,West,Secondary,Self-Employed,2581380.92,1832805.69,Education,453.8,3,467,91.1,2018-10-29,1
CUST02495,52,Female,East,Primary,Unemployed,1657657.1,68514.34,Business,766.6,10,349,34.79,2025-02-15,0
CUST02496,62,Female,South,Graduate,Unemployed,2139397.39,1168579.65,Home,475.3,23,114,36.35,2023-07-19,1
CUST02497,44,Male,East,Secondary,Salaried,200068.22,117355.6,Education,603.1,18,215,51.75,2022-11-15,0
CUST02498,55,Female,North,Post-Graduate,Unemployed,1154207.85,1179482.6,Car,649.9,23,54,93.91,2023-09-04,0
CUST02499,19,Other,West,Secondary,Self-Employed,2543301.73,903287.39,Home,774.9,19,242,30.45,2021-02-18,0
CUST02500,34,Male,South,Post-Graduate,Salaried,470629.23,1072259.57,Other,758.4,21,172,80.27,2024-06-27,0
CUST02501,45,Female,North,Graduate,Self-Employed,2915969.08,780363.03,Business,756.4,14,358,35.2,2024-06-13,0
CUST02502,18,Female,West,Primary,Self-Employed,264965.28,749194.34,Home,777.5,14,366,117.19,2022-08-09,0
CUST02503,56,Other,North,Graduate,Salaried,1327496.23,1578844.16,Home,354.0,13,359,94.62,2021-07-04,1
CUST02504,68,Other,West,Post-Graduate,Unemployed,2534818.24,630892.19,Business,736.8,9,343,74.17,2024-01-05,0
CUST02505,45,Other,East,Graduate,Self-Employed,503585.55,532549.59,Other,367.7,7,300,72.77,2025-10-22,1
CUST02506,50,Other,East,Post-Graduate,Self-Employed,2155445.58,1711082.75,Other,716.0,6,36,75.97,2020-12-28,0
CUST02507,67,Female,South,Primary,Self-Employed,1937553.31,616833.21,Home,544.6,19,416,28.34,2021-05-18,1
CUST02508,65,Other,East,Post-Graduate,Unemployed,432307.24,838920.89,Education,744.7,8,39,36.7,2026-01-05,0
CUST02509,50,Other,West,Secondary,Self-Employed,2393910.93,1876036.17,Other,734.8,3,55,111.64,2020-02-06,1
CUST02510,40,Other,North,Post-Graduate,Unemployed,1937434.77,1621970.29,Education,388.0,10,176,72.37,2023-01-05,1
CUST02511,68,Other,West,Graduate,Unemployed,259191.15,1823452.23,Education,622.5,8,183,38.24,2024-05-31,0
CUST02512,40,Other,North,Post-Graduate,Salaried,1913301.27,1884036.3,Other,379.6,8,159,40.59,2021-05-12,1
CUST02513,19,Male,West,Post-Graduate,Unemployed,318703.35,1568756.95,Home,395.3,4,327,59.61,2020-11-10,1
CUST02514,65,Female,West,Secondary,Self-Employed,475900.58,1069073.84,Business,317.7,18,4,105.37,2018-09-11,1
CUST02515,55,Female,South,Post-Graduate,Salaried,2060067.83,671946.75,Business,845.5,7,25,85.28,2025-08-14,0
CUST02516,38,Female,West,Post-Graduate,Salaried,486114.89,1172612.93,Education,669.7,23,154,100.55,2019-10-20,0
CUST02517,39,Male,North,Secondary,Salaried,2451999.16,639433.73,Other,719.2,20,457,109.74,2018-12-31,0
CUST02518,31,Other,East,Primary,Self-Employed,1246101.21,206679.89,Education,665.3,8,150,27.36,2018-05-24,0
CUST02519,67,Other,East,Post-Graduate,Self-Employed,1819010.49,1308890.22,Business,631.2,2,500,110.17,2018-05-17,1
CUST02520,42,Male,North,Post-Graduate,Unemployed,2756241.38,1114506.92,Home,522.6,1,152,103.19,2021-11-15,1
CUST02521,53,Male,South,Post-Graduate,Unemployed,1403128.12,876652.02,Business,622.6,22,424,84.19,2021-11-29,0
CUST02522,21,Male,West,Graduate,Salaried,2935049.38,1376633.05,Other,369.7,21,321,116.44,2022-08-31,1
CUST02523,30,Female,West,Primary,Salaried,2030433.23,1136179.96,Business,510.0,22,228,87.06,2024-11-26,1
CUST02524,33,Female,East,Graduate,Self-Employed,431505.77,1186230.25,Other,777.4,6,360,95.6,2018-06-15,0
CUST02525,31,Other,North,Secondary,Self-Employed,717547.11,1160446.64,Business,489.6,11,112,37.56,2025-11-20,1
CUST02526,65,Other,East,Primary,Unemployed,2707754.77,1144344.77,Business,337.0,17,257,79.85,2024-10-25,1
CUST02527,24,Female,South,Primary,Unemployed,770527.4,1868186.26,Education,460.0,12,217,111.3,2021-04-23,1
CUST02528,57,Male,West,Secondary,Unemployed,1646578.62,140510.7,Car,452.6,16,313,33.59,2020-04-16,1
CUST02529,38,Female,East,Graduate,Salaried,1951201.45,444438.76,Other,752.6,16,400,19.93,2024-05-31,0
CUST02530,69,Male,North,Post-Graduate,Salaried,2821749.23,789110.69,Home,575.8,5,436,59.19,2022-10-06,1
CUST02531,53,Female,East,Post-Graduate,Salaried,1498921.07,416147.69,Business,469.4,21,290,116.33,2024-04-24,1
CUST02532,69,Male,South,Graduate,Salaried,1833935.54,722840.36,Car,463.7,3,142,87.39,2021-07-02,1
CUST02533,22,Male,East,Secondary,Self-Employed,1192856.44,1534584.63,Education,614.8,8,61,61.69,2021-08-22,0
CUST02534,20,Other,North,Graduate,Salaried,996815.39,1392968.84,Education,398.0,21,321,17.36,2023-06-27,1
CUST02535,30,Female,West,Post-Graduate,Self-Employed,335135.58,1086251.57,Car,316.3,2,210,96.92,2021-11-03,1
CUST02536,66,Other,East,Post-Graduate,Unemployed,1387875.79,1392105.1,Education,327.1,21,452,46.87,2021-04-27,1
CUST02537,33,Other,West,Post-Graduate,Salaried,979865.85,1797742.46,Car,664.8,6,209,37.25,2018-07-12,0
CUST02538,46,Female,North,Primary,Unemployed,1800092.37,596283.76,Other,673.6,15,325,112.08,2025-06-26,0
CUST02539,57,Male,North,Graduate,Self-Employed,384915.68,673297.6,Home,802.6,13,370,33.62,2018-02-24,0
CUST02540,26,Male,South,Graduate,Salaried,2932018.55,1261211.11,Home,344.7,6,107,23.1,2023-04-19,1
CUST02541,20,Male,East,Graduate,Unemployed,1680455.32,353193.89,Home,654.4,24,46,97.25,2021-06-29,0
CUST02542,46,Other,South,Post-Graduate,Self-Employed,2874728.88,428566.94,Education,398.2,11,122,107.87,2020-08-10,1
CUST02543,61,Other,West,Primary,Unemployed,945323.07,31756.42,Car,380.5,1,185,21.92,2022-10-14,1
CUST02544,25,Other,East,Graduate,Self-Employed,1087332.97,12152.04,Home,395.7,3,140,61.08,2023-10-13,1
CUST02545,32,Female,West,Graduate,Self-Employed,1715181.97,1194489.68,Other,368.3,13,23,67.21,2022-06-29,1
CUST02546,44,Male,South,Secondary,Salaried,2908283.46,92312.69,Car,762.2,17,223,32.18,2021-12-24,0
CUST02547,40,Other,West,Graduate,Self-Employed,1900270.05,870132.82,Home,783.6,13,295,115.24,2023-03-08,0
CUST02548,52,Female,West,Post-Graduate,Salaried,259425.37,691518.0,Other,580.7,7,197,87.87,2018-03-29,0
CUST02549,33,Female,South,Primary,Self-Employed,2953406.32,1134416.49,Education,763.9,6,486,8.7,2019-07-25,0
CUST02550,34,Male,North,Graduate,Salaried,2034538.37,1183605.19,Home,756.7,13,342,103.47,2018-07-26,0
CUST02551,56,Other,North,Post-Graduate,Salaried,2887050.05,248992.75,Business,732.3,17,16,46.12,2019-12-14,0
CUST02552,25,Male,North,Secondary,Salaried,2680836.15,945186.89,Home,450.0,16,381,29.2,2025-07-29,1
CUST02553,56,Female,North,Post-Graduate,Unemployed,2618948.91,158400.26,Education,711.8,13,327,7.49,2021-01-12,0
CUST02554,59,Male,East,Post-Graduate,Unemployed,1785023.42,984334.97,Other,303.6,22,116,38.55,2023-09-21,1
CUST02555,29,Female,West,Primary,Self-Employed,205697.93,555213.12,Car,795.0,0,314,71.41,2024-08-03,1
CUST02556,70,Male,East,Secondary,Salaried,1683351.82,217434.45,Home,682.8,13,287,24.88,2021-03-20,0
CUST02557,59,Male,North,Post-Graduate,Unemployed,2601123.15,1012370.66,Home,738.7,17,328,113.31,2024-06-19,0
CUST02558,33,Female,East,Primary,Self-Employed,1008208.08,1819751.06,Business,325.4,11,99,26.59,2025-07-09,1
CUST02559,37,Male,East,Primary,Unemployed,2604983.28,228039.92,Business,421.4,18,12,111.47,2022-10-01,1
CUST02560,32,Male,West,Post-Graduate,Salaried,150253.55,1865663.17,Business,482.5,13,408,71.81,2024-01-10,1
CUST02561,50,Female,South,Secondary,Unemployed,747959.86,1495473.33,Car,494.9,1,1,27.94,2025-09-20,1
CUST02562,43,Other,North,Post-Graduate,Self-Employed,1063866.33,168165.76,Other,410.4,0,29,54.55,2021-05-04,1
CUST02563,67,Male,North,Primary,Self-Employed,2831520.05,1139591.67,Business,750.4,5,44,37.85,2024-03-01,1
CUST02564,57,Male,South,Primary,Unemployed,1512498.74,544335.81,Car,784.4,8,176,45.99,2022-12-22,0
CUST02565,43,Male,North,Secondary,Salaried,2265373.77,753844.43,Other,677.8,21,17,72.26,2018-12-11,0
CUST02566,36,Male,West,Post-Graduate,Unemployed,2586907.41,797717.42,Home,657.1,13,174,9.01,2020-07-17,0
CUST02567,58,Other,West,Secondary,Self-Employed,516316.12,987038.75,Education,812.5,2,169,73.27,2021-04-04,1
CUST02568,35,Female,East,Primary,Salaried,543594.12,1717847.81,Other,767.1,2,288,113.21,2023-01-29,1
CUST02569,62,Male,West,Secondary,Self-Employed,1584187.48,767209.22,Other,495.5,15,336,75.71,2018-01-10,1
CUST02570,51,Other,South,Secondary,Unemployed,1174210.97,222906.86,Other,767.5,6,269,88.89,2024-07-11,0
CUST02571,46,Other,West,Secondary,Self-Employed,1625490.74,1888799.44,Home,780.3,10,247,52.45,2023-07-19,0
CUST02572,55,Male,East,Post-Graduate,Salaried,2761623.99,1686655.05,Car,441.6,20,203,28.76,2020-12-12,1
CUST02573,54,Female,North,Post-Graduate,Self-Employed,599364.27,365242.78,Other,634.5,17,254,46.8,2024-11-27,0
CUST02574,41,Other,West,Secondary,Unemployed,2589131.89,497325.61,Business,496.9,7,276,13.93,2020-03-15,1
CUST02575,22,Male,North,Secondary,Self-Employed,2124160.44,1140636.22,Business,550.8,18,449,88.75,2022-11-15,0
CUST02576,47,Male,East,Post-Graduate,Unemployed,156506.54,860589.91,Education,744.0,7,297,37.51,2019-04-27,0
CUST02577,27,Other,East,Primary,Self-Employed,553126.85,1966643.24,Car,599.9,14,378,81.28,2019-03-27,0
CUST02578,62,Male,North,Graduate,Self-Employed,1097111.58,1711624.5,Home,584.9,2,40,80.8,2025-01-24,1
CUST02579,46,Other,East,Graduate,Self-Employed,1877567.21,698530.25,Business,732.4,1,456,23.26,2023-12-16,1
CUST02580,33,Other,East,Primary,Salaried,251445.37,683967.0,Business,504.8,9,46,111.43,2022-06-15,1
CUST02581,37,Male,South,Post-Graduate,Self-Employed,405117.45,136374.25,Home,341.5,11,429,11.27,2022-12-16,1
CUST02582,35,Male,East,Secondary,Self-Employed,427328.53,353279.94,Education,477.8,18,199,87.04,2025-05-06,1
CUST02583,57,Other,North,Primary,Self-Employed,789545.55,365925.2,Car,834.5,9,461,35.6,2024-02-28,0
CUST02584,27,Male,West,Post-Graduate,Unemployed,1717554.73,1732022.15,Business,720.4,19,152,83.93,2023-08-05,0
CUST02585,23,Other,North,Primary,Unemployed,820198.68,716519.99,Car,717.1,17,440,61.77,2024-06-01,0
CUST02586,38,Male,South,Graduate,Salaried,783187.94,1568783.48,Education,400.1,1,275,101.43,2026-01-15,1
CUST02587,37,Other,West,Secondary,Self-Employed,900829.36,1987718.03,Car,753.3,17,74,25.88,2023-08-30,0
CUST02588,22,Other,East,Post-Graduate,Salaried,418485.14,1924454.7,Other,376.7,18,94,39.65,2020-11-06,1
CUST02589,69,Male,West,Graduate,Unemployed,794021.27,1580330.76,Other,519.0,7,414,67.12,2025-03-27,1
CUST02590,50,Male,East,Secondary,Salaried,2353839.25,785606.09,Home,307.6,10,85,110.17,2025-10-04,1
CUST02591,60,Male,North,Graduate,Unemployed,352600.62,1682319.56,Education,667.6,20,304,21.67,2024-04-08,0
CUST02592,49,Other,South,Secondary,Unemployed,102137.29,656063.79,Education,583.4,12,283,75.46,2018-07-17,0
CUST02593,23,Other,West,Post-Graduate,Unemployed,2547674.31,205111.27,Business,518.4,15,118,35.65,2022-07-11,1
CUST02594,32,Male,North,Graduate,Salaried,728714.0,1966190.34,Business,596.5,1,485,44.39,2022-04-21,1
CUST02595,52,Other,East,Secondary,Unemployed,1226572.05,151459.05,Business,530.9,21,33,36.99,2025-11-09,1
CUST02596,20,Other,South,Post-Graduate,Unemployed,1837952.32,912776.41,Other,731.3,14,55,73.41,2020-10-16,0
CUST02597,32,Other,East,Secondary,Self-Employed,641711.4,1740661.12,Car,455.2,18,259,93.57,2018-09-07,1
CUST02598,25,Other,South,Secondary,Salaried,2247354.99,1083859.25,Business,579.0,5,296,82.49,2024-10-03,1
CUST02599,68,Other,West,Secondary,Salaried,2428722.5,1662294.33,Car,509.6,14,268,67.56,2022-07-07,1
CUST02600,35,Male,West,Primary,Unemployed,2600475.69,1095715.54,Other,442.8,19,360,116.05,2025-07-24,1
CUST02601,40,Other,North,Primary,Salaried,1957519.83,1888918.62,Home,663.7,5,319,19.19,2025-08-10,1
CUST02602,54,Male,West,Secondary,Unemployed,114227.58,44602.95,Education,714.3,12,213,15.78,2023-12-24,0
CUST02603,32,Male,East,Secondary,Unemployed,2739363.31,1257816.06,Home,610.9,24,414,17.5,2018-09-23,0
CUST02604,20,Male,North,Secondary,Self-Employed,768793.24,45555.42,Car,753.5,1,82,119.73,2025-08-19,1
CUST02605,45,Female,North,Primary,Self-Employed,1805385.63,104085.06,Car,715.7,21,309,40.24,2020-02-09,0
CUST02606,63,Female,West,Graduate,Unemployed,1069919.6,1436857.93,Other,713.1,20,475,77.21,2019-07-21,0
CUST02607,29,Male,East,Graduate,Self-Employed,1954970.64,1569076.47,Other,539.2,4,397,30.38,2024-08-17,1
CUST02608,53,Male,North,Graduate,Unemployed,598440.83,376627.18,Home,490.6,22,434,89.23,2018-03-05,1
CUST02609,68,Male,East,Graduate,Salaried,2531823.86,1499332.22,Home,784.5,10,494,65.09,2020-11-23,0
CUST02610,62,Male,North,Graduate,Self-Employed,1745548.62,1618396.76,Home,606.4,17,250,99.71,2019-07-09,0
CUST02611,61,Male,South,Graduate,Salaried,1816136.83,1302880.62,Business,617.9,9,326,95.75,2020-11-14,0
CUST02612,28,Other,East,Post-Graduate,Unemployed,610159.96,1470391.98,Business,577.2,22,70,13.02,2018-03-04,0
CUST02613,59,Female,West,Post-Graduate,Unemployed,1948437.04,1213170.61,Education,549.6,11,446,77.89,2018-08-13,1
CUST02614,36,Other,West,Post-Graduate,Unemployed,2086615.12,1058004.15,Education,752.7,13,335,104.23,2023-02-12,0
CUST02615,45,Other,South,Secondary,Self-Employed,469555.76,1582384.86,Education,527.4,3,277,54.74,2022-08-19,1
CUST02616,34,Female,South,Secondary,Self-Employed,270945.52,526817.94,Home,696.2,12,350,109.45,2019-01-05,0
CUST02617,53,Female,East,Secondary,Unemployed,260170.79,1823496.47,Education,736.6,6,345,116.79,2026-03-12,0
CUST02618,60,Other,South,Primary,Unemployed,728084.2,441835.42,Car,335.3,24,486,58.7,2019-11-27,1
CUST02619,38,Female,West,Post-Graduate,Unemployed,225274.62,1544611.3,Other,526.0,22,69,40.63,2023-09-06,1
CUST02620,47,Other,North,Graduate,Salaried,393781.54,1023732.66,Car,484.9,17,304,46.89,2022-09-29,1
CUST02621,18,Female,South,Secondary,Salaried,835201.46,1562321.42,Business,540.7,14,452,74.56,2021-10-31,1
CUST02622,49,Female,North,Secondary,Unemployed,2937896.52,1553460.72,Education,546.8,13,320,71.14,2021-01-04,1
CUST02623,28,Female,South,Graduate,Salaried,2238570.69,472376.14,Education,828.6,11,111,32.72,2019-10-20,0
CUST02624,57,Other,North,Graduate,Unemployed,1948183.99,1758983.63,Other,595.3,4,24,6.34,2020-11-09,1
CUST02625,67,Female,West,Graduate,Self-Employed,1318879.56,1207658.64,Business,779.7,12,125,39.16,2020-06-15,0
CUST02626,59,Other,East,Secondary,Self-Employed,1397876.65,1683264.01,Home,826.9,10,424,30.66,2025-12-03,0
CUST02627,50,Female,South,Post-Graduate,Self-Employed,2907614.81,316800.13,Car,551.6,1,434,43.05,2025-07-28,1
CUST02628,29,Male,East,Primary,Unemployed,1803704.66,1836101.72,Home,576.5,21,128,30.32,2021-07-08,0
CUST02629,56,Female,West,Graduate,Unemployed,1174872.77,429850.3,Business,348.6,4,344,44.38,2020-03-18,1
CUST02630,39,Other,East,Secondary,Unemployed,1000386.78,552073.24,Home,750.7,8,290,25.66,2026-02-05,0
CUST02631,59,Female,West,Post-Graduate,Self-Employed,145643.36,447662.7,Other,391.7,1,339,35.01,2025-04-18,1
CUST02632,59,Female,West,Graduate,Unemployed,1101589.87,82718.49,Car,593.3,8,186,29.59,2019-09-28,0
CUST02633,47,Female,West,Primary,Self-Employed,2087819.4,1506316.3,Education,326.5,15,432,68.73,2020-11-17,1
CUST02634,50,Female,East,Secondary,Self-Employed,1133193.55,485083.75,Home,433.8,23,434,28.92,2021-11-20,1
CUST02635,49,Male,East,Graduate,Salaried,460799.46,496911.51,Car,374.7,2,402,17.32,2021-11-18,1
CUST02636,33,Female,North,Primary,Unemployed,1893974.22,1879336.09,Education,537.5,2,194,53.93,2022-06-03,1
CUST02637,37,Other,West,Post-Graduate,Self-Employed,612095.04,1450138.54,Education,680.9,12,439,25.43,2026-01-13,0
CUST02638,23,Female,North,Post-Graduate,Self-Employed,1873393.1,274344.49,Business,306.9,24,197,27.09,2020-11-09,1
CUST02639,47,Male,North,Primary,Self-Employed,198426.91,162757.42,Business,610.8,1,335,13.47,2025-04-23,1
CUST02640,26,Male,South,Graduate,Unemployed,1696673.3,1271931.64,Car,560.2,12,126,21.85,2022-07-07,0
CUST02641,67,Other,North,Secondary,Self-Employed,231624.57,976856.69,Home,492.8,7,57,44.76,2025-05-22,1
CUST02642,54,Female,South,Post-Graduate,Salaried,1470944.93,10569.28,Car,678.6,4,429,100.58,2018-05-21,1
CUST02643,64,Female,West,Secondary,Unemployed,763310.48,1322537.35,Car,522.6,11,338,19.25,2025-05-24,1
CUST02644,60,Female,East,Primary,Self-Employed,2708677.79,652645.83,Other,345.4,18,486,77.85,2021-08-27,1
CUST02645,20,Female,North,Graduate,Unemployed,2540629.71,1743457.43,Car,324.4,19,209,75.77,2020-10-24,1
CUST02646,58,Female,East,Post-Graduate,Self-Employed,869718.23,1474879.07,Other,588.8,12,40,85.09,2024-01-01,0
CUST02647,55,Female,South,Graduate,Self-Employed,2135165.87,546652.64,Education,792.4,4,499,81.51,2026-02-26,1
CUST02648,65,Male,North,Graduate,Unemployed,1697010.0,54022.26,Education,394.9,0,298,28.21,2021-10-15,1
CUST02649,35,Other,South,Secondary,Salaried,842922.94,90648.21,Business,419.5,16,101,48.45,2020-03-22,1
CUST02650,66,Other,East,Graduate,Salaried,304933.6,1972476.5,Car,321.0,14,349,109.22,2021-12-15,1
CUST02651,62,Female,East,Graduate,Self-Employed,2678662.13,948990.7,Other,488.3,5,292,30.98,2020-02-17,1
CUST02652,63,Female,South,Secondary,Self-Employed,375198.69,1974933.93,Business,747.1,18,70,61.52,2018-02-08,0
CUST02653,18,Male,North,Graduate,Self-Employed,1455165.56,1807331.39,Other,567.4,21,494,48.19,2024-11-22,0
CUST02654,57,Male,South,Secondary,Salaried,1092851.68,177355.85,Business,457.4,8,92,117.86,2025-05-03,1
CUST02655,19,Female,South,Post-Graduate,Salaried,2907366.84,1325599.16,Car,757.8,9,483,55.68,2020-08-02,0
CUST02656,45,Female,South,Graduate,Self-Employed,1364238.45,573894.53,Car,510.1,1,369,49.8,2025-10-31,1
CUST02657,57,Male,East,Primary,Unemployed,198520.77,541617.09,Home,594.5,4,98,31.05,2019-02-12,1
CUST02658,32,Other,East,Post-Graduate,Unemployed,1143146.96,1772076.09,Car,740.9,11,414,112.09,2023-04-05,0
CUST02659,54,Male,North,Secondary,Self-Employed,1491272.14,1768616.81,Car,588.1,17,330,30.85,2022-06-16,0
CUST02660,39,Other,West,Primary,Salaried,805614.48,493978.22,Other,348.2,2,449,79.65,2019-10-10,1
CUST02661,46,Male,West,Post-Graduate,Unemployed,143395.85,1736214.26,Car,583.6,9,51,9.78,2019-08-11,0
CUST02662,67,Male,East,Primary,Self-Employed,2311757.61,955227.14,Car,517.5,9,480,60.38,2022-04-17,1
CUST02663,50,Male,East,Post-Graduate,Unemployed,1298074.43,468647.75,Car,673.0,12,302,99.3,2022-12-30,0
CUST02664,70,Female,East,Post-Graduate,Unemployed,1156307.98,948983.93,Home,529.8,13,23,7.84,2018-05-09,1
CUST02665,63,Female,East,Graduate,Unemployed,227958.39,39474.67,Car,554.3,1,177,114.9,2023-07-24,1
CUST02666,56,Other,North,Post-Graduate,Self-Employed,1747756.18,102168.17,Home,632.8,19,40,93.95,2019-12-07,0
CUST02667,21,Other,West,Secondary,Self-Employed,2427376.92,1469812.55,Car,384.4,4,346,43.42,2019-03-29,1
CUST02668,56,Other,North,Primary,Unemployed,575820.38,663652.55,Business,428.4,7,445,55.22,2022-05-26,1
CUST02669,53,Female,East,Graduate,Self-Employed,928441.6,787076.36,Other,516.7,9,143,91.34,2025-08-15,1
CUST02670,43,Other,South,Graduate,Salaried,2049990.62,983548.34,Education,372.6,13,143,114.44,2019-01-26,1
CUST02671,28,Male,West,Primary,Salaried,493546.0,1108070.14,Car,341.2,7,52,59.33,2021-01-31,1
CUST02672,69,Female,South,Post-Graduate,Self-Employed,897314.15,1301325.69,Other,824.0,14,466,106.79,2025-12-11,0
CUST02673,48,Female,East,Graduate,Unemployed,428204.32,1959340.41,Home,394.6,21,326,85.86,2019-02-21,1
CUST02674,22,Other,East,Post-Graduate,Self-Employed,936964.2,1231379.32,Home,580.7,2,91,36.29,2025-10-20,1
CUST02675,21,Other,East,Post-Graduate,Salaried,1752044.68,76253.79,Other,316.1,7,394,26.79,2018-01-19,1
CUST02676,33,Other,North,Primary,Unemployed,878528.05,1963415.37,Business,680.4,7,82,82.68,2024-01-29,0
CUST02677,59,Female,East,Graduate,Self-Employed,1342152.26,485640.56,Education,567.5,11,148,76.8,2023-12-15,0
CUST02678,52,Female,West,Post-Graduate,Salaried,346697.03,1595437.41,Education,559.0,14,347,90.43,2024-03-25,0
CUST02679,38,Female,East,Graduate,Salaried,296674.22,1765182.32,Business,433.5,15,180,32.66,2023-02-28,1
CUST02680,57,Female,North,Graduate,Salaried,2139742.51,1737727.49,Business,758.4,10,228,37.81,2021-03-22,0
CUST02681,30,Female,South,Post-Graduate,Self-Employed,2953615.56,1475028.82,Education,741.3,3,176,106.85,2025-10-15,1
CUST02682,50,Female,West,Secondary,Salaried,1328003.17,1222335.98,Car,799.7,22,454,110.84,2025-08-05,0
CUST02683,32,Male,South,Primary,Salaried,2116040.57,1318603.48,Home,466.9,1,232,106.55,2021-06-01,1
CUST02684,52,Female,West,Graduate,Self-Employed,1044216.93,1348151.01,Education,700.0,22,251,76.98,2022-12-24,0
CUST02685,57,Female,South,Graduate,Unemployed,2574342.87,1840360.84,Home,635.8,7,115,105.49,2018-01-15,0
CUST02686,58,Other,South,Graduate,Salaried,1595264.6,780281.25,Other,638.9,18,134,9.69,2024-03-19,0
CUST02687,49,Other,South,Post-Graduate,Self-Employed,1174221.29,1707219.9,Education,304.1,22,275,65.16,2022-05-24,1
CUST02688,65,Other,West,Graduate,Salaried,2301267.26,340595.03,Home,744.1,17,24,12.75,2023-04-27,0
CUST02689,55,Other,West,Primary,Salaried,1999585.18,118599.74,Business,622.0,17,77,103.6,2020-03-25,0
CUST02690,68,Other,West,Secondary,Self-Employed,1449116.17,713615.22,Home,545.9,5,39,73.38,2022-06-30,1
CUST02691,48,Other,East,Primary,Self-Employed,2170542.13,242898.97,Home,381.0,24,421,26.65,2025-10-01,1
CUST02692,22,Female,East,Post-Graduate,Self-Employed,1057209.91,1322391.74,Other,670.4,21,277,68.44,2024-07-14,0
CUST02693,32,Other,North,Post-Graduate,Unemployed,2530076.74,1249576.53,Home,836.1,21,454,27.84,2019-05-22,0
CUST02694,36,Male,North,Graduate,Self-Employed,1100197.0,86406.02,Home,774.6,17,104,22.05,2020-06-05,0
CUST02695,28,Female,West,Post-Graduate,Self-Employed,1283828.14,1251192.36,Other,680.6,18,423,115.01,2025-02-18,0
CUST02696,30,Other,East,Graduate,Salaried,2327810.61,1313509.11,Car,774.9,12,384,80.23,2024-05-06,0
CUST02697,46,Male,South,Graduate,Unemployed,1093485.09,383124.62,Business,386.7,22,187,116.8,2024-11-24,1
CUST02698,65,Male,West,Post-Graduate,Salaried,2722039.82,1068186.5,Home,687.2,21,88,49.77,2021-10-15,0
CUST02699,66,Male,South,Primary,Unemployed,1556586.54,685708.02,Education,758.3,24,263,73.02,2021-09-17,0
CUST02700,51,Other,South,Post-Graduate,Self-Employed,2238639.39,5970.32,Home,397.2,0,357,111.16,2022-05-26,1
CUST02701,58,Male,West,Secondary,Salaried,2219302.89,1227645.23,Other,589.2,23,448,106.9,2021-10-18,0
CUST02702,32,Other,South,Secondary,Unemployed,268386.44,165058.79,Car,504.8,3,162,12.72,2020-02-14,1
CUST02703,48,Male,South,Secondary,Unemployed,2738744.85,1997062.38,Home,698.8,7,463,73.36,2025-12-29,0
CUST02704,28,Female,West,Post-Graduate,Salaried,2957007.49,1457181.24,Business,456.3,2,375,62.62,2025-01-02,1
CUST02705,49,Male,North,Primary,Self-Employed,864326.34,1671100.44,Car,790.7,13,181,93.28,2018-07-31,0
CUST02706,49,Male,East,Primary,Unemployed,2873137.99,282616.89,Other,490.2,13,208,31.2,2020-06-21,1
CUST02707,19,Male,North,Secondary,Salaried,1482634.6,1014677.65,Home,618.0,16,61,16.89,2022-09-22,0
CUST02708,41,Female,South,Secondary,Unemployed,933995.6,1391613.06,Car,731.8,15,207,8.38,2025-05-30,0
CUST02709,34,Other,North,Primary,Salaried,704971.4,317602.45,Business,715.1,18,257,41.73,2025-03-31,0
CUST02710,56,Female,East,Primary,Salaried,2334631.73,1666753.34,Business,520.0,14,192,34.37,2024-05-14,1
CUST02711,42,Other,West,Graduate,Self-Employed,187997.08,409609.38,Car,627.0,4,178,83.66,2025-05-06,1
CUST02712,31,Male,North,Graduate,Salaried,177404.77,1278343.19,Education,489.7,6,494,23.58,2026-01-02,1
CUST02713,34,Other,North,Secondary,Unemployed,2459998.54,1919380.25,Business,777.3,17,200,28.09,2025-04-19,0
CUST02714,21,Female,West,Primary,Unemployed,927689.88,1340178.95,Car,490.3,2,387,14.46,2024-11-14,1
CUST02715,35,Male,North,Primary,Self-Employed,231401.23,1072072.17,Business,596.5,24,148,52.32,2022-01-16,0
CUST02716,36,Other,North,Graduate,Unemployed,2481132.45,552561.2,Home,598.4,16,272,37.78,2022-07-01,0
CUST02717,20,Other,West,Secondary,Salaried,2098023.77,816983.53,Home,706.4,5,225,104.9,2024-04-09,1
CUST02718,60,Male,North,Graduate,Unemployed,721940.91,1962254.95,Other,508.4,10,246,24.94,2021-05-23,1
CUST02719,34,Other,North,Post-Graduate,Salaried,754977.47,1255173.9,Other,483.2,12,355,102.38,2021-11-10,1
CUST02720,61,Male,West,Secondary,Self-Employed,224064.37,1138619.85,Home,720.6,16,22,83.83,2024-01-02,0
CUST02721,36,Male,South,Primary,Self-Employed,296969.11,1512325.8,Car,518.8,18,150,26.83,2020-08-23,1
CUST02722,23,Male,East,Post-Graduate,Self-Employed,388966.45,1083780.58,Home,588.4,1,79,38.67,2024-06-03,1
CUST02723,62,Other,West,Secondary,Unemployed,1561906.98,814759.7,Education,724.4,4,111,56.52,2021-06-09,1
CUST02724,61,Female,East,Secondary,Salaried,774199.42,290107.36,Car,415.5,14,415,74.64,2025-08-16,1
CUST02725,32,Male,North,Primary,Unemployed,905941.22,1172045.08,Business,540.9,3,31,84.99,2024-02-18,1
CUST02726,58,Male,West,Post-Graduate,Salaried,434308.79,1451408.06,Business,340.4,15,500,98.14,2020-07-31,1
CUST02727,30,Male,East,Graduate,Unemployed,1856093.17,1316607.93,Business,736.7,14,282,82.33,2020-05-01,0
CUST02728,65,Other,North,Post-Graduate,Unemployed,2635619.4,199131.99,Car,651.7,24,65,107.46,2022-08-24,0
CUST02729,62,Male,South,Secondary,Self-Employed,825122.19,98848.82,Business,752.4,15,249,107.73,2023-09-11,0
CUST02730,55,Other,South,Graduate,Unemployed,515727.52,1135933.08,Other,673.7,9,476,89.78,2022-08-05,0
CUST02731,63,Male,West,Post-Graduate,Self-Employed,2023662.29,631893.34,Other,813.9,10,246,29.5,2025-11-22,0
CUST02732,66,Female,East,Graduate,Unemployed,2821882.51,1953946.78,Other,454.0,5,233,71.64,2023-10-13,1
CUST02733,26,Female,North,Secondary,Unemployed,1880653.91,1025104.06,Other,673.4,3,148,95.77,2021-04-15,1
CUST02734,50,Other,West,Graduate,Unemployed,1450573.3,1455360.49,Business,300.0,20,147,12.44,2022-07-08,1
CUST02735,52,Other,West,Graduate,Unemployed,1834168.58,914438.87,Home,559.2,6,385,54.57,2021-06-03,0
CUST02736,63,Male,East,Graduate,Salaried,2054299.86,1889364.81,Education,428.4,18,27,119.93,2024-08-28,1
CUST02737,38,Female,South,Post-Graduate,Unemployed,2938820.83,751274.33,Education,698.1,7,375,36.86,2018-03-20,0
CUST02738,44,Other,South,Primary,Self-Employed,2620490.79,691842.28,Other,622.9,16,41,106.92,2020-05-07,0
CUST02739,69,Female,South,Primary,Unemployed,754400.33,1797523.83,Car,513.9,20,99,116.74,2022-10-04,1
CUST02740,64,Other,North,Secondary,Unemployed,495508.38,765641.58,Home,325.9,19,325,25.73,2022-10-05,1
CUST02741,30,Female,East,Graduate,Unemployed,2665216.57,1211188.52,Other,747.0,2,337,54.84,2025-11-28,1
CUST02742,31,Other,West,Primary,Unemployed,2781994.63,387056.65,Home,422.9,7,184,21.73,2025-08-21,1
CUST02743,68,Female,North,Secondary,Salaried,1552685.3,1733368.75,Other,725.5,22,125,6.37,2022-11-19,0
CUST02744,20,Male,South,Primary,Salaried,473152.24,917435.69,Education,655.1,14,121,35.08,2023-02-14,0
CUST02745,65,Male,East,Post-Graduate,Salaried,867580.16,1221753.62,Other,497.1,21,284,46.44,2022-01-18,1
CUST02746,18,Female,North,Post-Graduate,Unemployed,592487.72,1448932.79,Car,535.5,20,94,30.95,2019-04-16,1
CUST02747,29,Male,South,Primary,Salaried,508482.09,321227.4,Other,643.2,22,445,16.1,2022-09-19,0
CUST02748,53,Male,West,Secondary,Unemployed,2204879.71,1510043.33,Other,831.5,17,393,105.56,2021-02-01,0
CUST02749,66,Male,West,Graduate,Salaried,2047819.02,1776359.49,Home,562.0,14,477,110.74,2025-03-21,0
CUST02750,42,Female,South,Primary,Unemployed,826895.59,1585761.03,Home,411.9,4,60,69.71,2022-01-06,1
CUST02751,64,Other,West,Primary,Salaried,955575.17,862264.66,Home,836.2,3,246,70.29,2023-05-26,1
CUST02752,62,Male,East,Primary,Unemployed,1969171.01,1303293.4,Car,658.7,11,329,49.35,2023-03-18,0
CUST02753,47,Male,East,Graduate,Unemployed,480348.09,918040.3,Business,460.1,4,305,61.59,2022-09-12,1
CUST02754,55,Other,North,Secondary,Self-Employed,2864158.64,731477.57,Other,782.4,4,87,107.1,2023-07-15,1
CUST02755,45,Other,North,Post-Graduate,Salaried,447447.1,1449184.51,Education,697.4,20,56,27.79,2025-07-13,0
CUST02756,39,Male,North,Post-Graduate,Unemployed,1867031.35,988365.36,Other,510.9,8,120,97.23,2020-04-18,1
CUST02757,26,Female,South,Secondary,Unemployed,1666727.48,538827.05,Home,420.6,16,280,36.84,2018-01-01,1
CUST02758,59,Female,East,Graduate,Salaried,1220009.64,611370.37,Business,727.7,5,398,9.04,2023-03-24,1
CUST02759,39,Male,East,Secondary,Salaried,1536074.56,288425.89,Business,344.7,20,26,102.65,2025-11-13,1
CUST02760,36,Female,North,Primary,Self-Employed,2072545.08,1570897.0,Business,585.8,10,80,11.43,2026-02-23,0
CUST02761,31,Female,South,Primary,Unemployed,1804796.68,130382.42,Business,391.1,2,422,94.1,2023-09-21,1
CUST02762,32,Male,West,Primary,Self-Employed,834287.21,1090584.22,Education,477.6,7,157,73.44,2025-10-14,1
CUST02763,49,Other,West,Graduate,Self-Employed,2140922.04,1857767.39,Home,650.0,24,393,54.95,2023-03-31,0
CUST02764,22,Other,South,Graduate,Unemployed,302973.65,139493.97,Home,581.5,3,289,87.53,2023-12-31,1
CUST02765,37,Other,West,Post-Graduate,Salaried,1222546.11,1433278.49,Other,561.5,3,63,55.39,2020-08-05,1
CUST02766,60,Other,East,Primary,Unemployed,163620.65,518067.39,Other,575.4,8,357,47.5,2018-12-08,0
CUST02767,39,Other,North,Graduate,Unemployed,1757557.05,16292.7,Home,679.1,13,258,115.11,2024-07-30,0
CUST02768,35,Female,South,Graduate,Salaried,2847227.3,968649.69,Other,331.0,1,228,113.11,2024-05-26,1
CUST02769,49,Female,West,Graduate,Salaried,1961169.41,962338.78,Car,809.3,4,285,88.12,2018-06-03,1
CUST02770,23,Male,West,Graduate,Unemployed,1051560.9,515737.4,Education,797.8,3,287,57.57,2020-05-01,1
CUST02771,35,Female,South,Post-Graduate,Salaried,696136.67,117544.19,Home,369.3,8,108,69.15,2025-09-02,1
CUST02772,27,Female,North,Secondary,Self-Employed,1679283.2,721864.58,Car,760.5,21,405,38.66,2023-01-24,0
CUST02773,70,Female,North,Primary,Salaried,1665712.88,375456.77,Car,378.9,4,476,88.34,2023-04-03,1
CUST02774,31,Male,North,Post-Graduate,Salaried,672484.15,1355842.93,Home,742.9,5,80,86.1,2019-03-23,1
CUST02775,37,Female,North,Post-Graduate,Salaried,1505364.54,722255.81,Car,530.1,3,13,86.8,2024-03-26,1
CUST02776,35,Female,North,Secondary,Salaried,1923517.48,796728.36,Other,373.6,22,401,14.03,2021-02-19,1
CUST02777,32,Male,West,Secondary,Self-Employed,1601695.97,1104244.25,Business,424.2,15,477,11.81,2024-12-04,1
CUST02778,57,Male,South,Primary,Self-Employed,847662.73,1038172.02,Car,362.2,14,448,29.14,2026-01-25,1
CUST02779,68,Female,West,Post-Graduate,Unemployed,1191403.01,1349520.93,Home,571.6,24,88,27.7,2022-04-03,0
CUST02780,53,Female,South,Primary,Self-Employed,1087602.17,914193.39,Education,463.7,22,338,95.65,2022-10-06,1
CUST02781,54,Female,South,Primary,Self-Employed,2793335.96,1789462.59,Other,623.3,4,145,41.89,2023-11-07,1
CUST02782,30,Male,North,Primary,Unemployed,2371058.66,1170943.51,Education,731.6,16,108,58.99,2023-09-21,0
CUST02783,50,Male,North,Post-Graduate,Self-Employed,1137225.88,947669.38,Home,524.6,22,364,16.42,2025-11-27,1
CUST02784,59,Other,South,Graduate,Self-Employed,458588.57,234537.17,Car,475.2,16,489,54.53,2021-08-11,1
CUST02785,33,Female,East,Graduate,Salaried,1188208.44,1194163.57,Education,476.4,13,356,5.49,2025-09-28,1
CUST02786,49,Female,East,Post-Graduate,Self-Employed,2863334.16,542467.67,Education,551.5,14,108,29.41,2018-07-15,0
CUST02787,30,Male,North,Secondary,Salaried,864620.79,1958043.25,Home,753.7,10,5,105.19,2020-09-30,0
CUST02788,18,Male,North,Post-Graduate,Self-Employed,2590004.27,1815641.85,Business,626.3,6,63,73.27,2018-09-25,0
CUST02789,43,Other,West,Post-Graduate,Self-Employed,519285.05,498222.61,Business,844.5,1,75,10.37,2021-02-20,1
CUST02790,18,Other,North,Secondary,Salaried,2336934.14,1803324.89,Other,730.0,9,451,112.86,2021-02-19,0
CUST02791,69,Other,West,Post-Graduate,Unemployed,2017902.67,1526972.44,Car,838.9,11,192,96.49,2026-03-05,0
CUST02792,23,Female,East,Graduate,Self-Employed,1791168.46,176000.72,Business,817.1,23,349,47.3,2025-07-18,0
CUST02793,64,Male,North,Secondary,Unemployed,2269813.45,214178.65,Car,563.6,13,189,32.87,2023-10-22,0
CUST02794,70,Other,East,Post-Graduate,Unemployed,280670.49,431184.24,Business,340.7,21,445,55.18,2023-03-13,1
CUST02795,18,Other,South,Post-Graduate,Unemployed,1877933.64,584010.24,Business,327.2,7,162,17.2,2021-11-22,1
CUST02796,55,Male,North,Post-Graduate,Salaried,184192.46,1141802.39,Other,404.1,23,61,81.68,2019-12-29,1
CUST02797,50,Female,West,Graduate,Unemployed,290895.29,190129.93,Other,382.3,8,165,11.53,2024-07-22,1
CUST02798,58,Other,South,Graduate,Self-Employed,896727.74,719307.04,Business,531.2,7,83,44.59,2023-10-03,1
CUST02799,46,Female,West,Post-Graduate,Salaried,2069516.32,1473058.06,Business,760.2,7,381,79.06,2022-10-25,0
CUST02800,61,Other,North,Secondary,Self-Employed,978807.05,1375897.87,Other,702.9,4,362,87.58,2021-10-28,1
CUST02801,48,Female,South,Post-Graduate,Salaried,218975.98,812014.73,Car,337.0,20,461,43.73,2019-05-26,1
CUST02802,60,Male,East,Primary,Salaried,1512677.84,1503684.87,Education,436.9,1,109,17.02,2018-05-21,1
CUST02803,35,Other,South,Primary,Unemployed,1690873.89,1342656.62,Car,821.2,11,489,65.74,2023-08-01,0
CUST02804,37,Other,South,Graduate,Salaried,282329.72,214936.62,Car,507.4,6,389,21.88,2022-08-24,1
CUST02805,51,Female,West,Secondary,Salaried,319955.51,63224.94,Other,554.0,8,124,107.24,2019-12-09,0
CUST02806,48,Male,West,Primary,Self-Employed,1568759.56,996310.34,Car,810.5,22,353,54.65,2021-06-21,0
CUST02807,57,Male,South,Graduate,Unemployed,756149.21,1791216.6,Business,536.8,7,233,91.26,2024-08-28,1
CUST02808,24,Other,South,Graduate,Unemployed,2862636.77,710613.95,Business,526.0,20,351,109.77,2019-07-04,1
CUST02809,31,Other,West,Primary,Unemployed,222643.26,1855911.53,Business,334.3,20,449,17.78,2022-12-10,1
CUST02810,59,Other,North,Post-Graduate,Self-Employed,515726.16,1854040.11,Business,550.4,15,234,66.33,2021-12-28,0
CUST02811,58,Female,West,Secondary,Salaried,2412522.4,1080770.67,Home,580.7,15,80,7.92,2018-08-21,0
CUST02812,38,Male,South,Post-Graduate,Self-Employed,341173.5,831241.96,Car,322.9,15,225,89.2,2021-02-14,1
CUST02813,65,Male,North,Graduate,Self-Employed,2253058.16,802838.99,Car,799.1,15,285,64.12,2019-05-15,0
CUST02814,40,Other,South,Primary,Unemployed,2256918.66,179867.78,Education,611.9,9,90,96.57,2023-04-17,0
CUST02815,23,Male,South,Primary,Salaried,159352.79,1935408.32,Business,588.5,15,346,68.64,2019-12-25,0
CUST02816,19,Male,North,Primary,Unemployed,1857959.75,984607.5,Home,427.5,14,41,86.08,2026-01-05,1
CUST02817,60,Male,West,Primary,Salaried,517930.29,565894.19,Other,396.4,13,222,105.08,2018-06-30,1
CUST02818,52,Other,South,Post-Graduate,Self-Employed,583100.02,1654164.33,Other,681.9,7,209,26.9,2022-05-18,0
CUST02819,54,Male,East,Graduate,Self-Employed,1985394.07,755770.1,Other,534.2,23,330,94.95,2018-01-14,1
CUST02820,27,Other,North,Graduate,Salaried,2070831.02,1497531.54,Business,845.8,4,45,7.99,2023-06-14,1
CUST02821,49,Other,South,Graduate,Unemployed,2367887.3,1584228.34,Business,719.5,1,151,57.5,2024-03-28,1
CUST02822,48,Male,South,Post-Graduate,Salaried,1168641.73,696948.39,Business,753.4,0,432,70.41,2025-05-12,1
CUST02823,70,Female,South,Post-Graduate,Self-Employed,1877963.19,1059117.27,Education,723.2,15,408,63.6,2025-12-16,0
CUST02824,21,Female,South,Secondary,Unemployed,1703522.12,525721.92,Home,479.1,5,412,14.71,2023-10-11,1
CUST02825,53,Female,South,Post-Graduate,Salaried,2330835.39,1005689.84,Car,817.3,6,119,64.75,2021-12-20,0
CUST02826,25,Female,South,Primary,Salaried,2245019.34,1404897.46,Education,559.0,7,220,96.04,2020-04-24,0
CUST02827,53,Male,North,Post-Graduate,Self-Employed,167978.53,1635675.56,Business,489.6,22,467,91.1,2023-05-12,1
CUST02828,67,Female,West,Post-Graduate,Salaried,2141765.69,1245724.66,Home,763.9,6,341,64.46,2018-12-10,0
CUST02829,30,Other,West,Post-Graduate,Self-Employed,2070352.44,1757421.35,Other,532.3,19,112,110.57,2021-09-24,1
CUST02830,20,Male,South,Primary,Unemployed,252883.41,812759.29,Education,790.9,19,461,27.46,2020-05-31,0
CUST02831,63,Other,East,Secondary,Salaried,1754754.67,1998533.97,Car,562.2,15,100,12.05,2018-08-01,0
CUST02832,65,Female,East,Post-Graduate,Unemployed,526871.49,744875.72,Car,772.7,24,405,62.71,2021-10-29,0
CUST02833,55,Female,South,Graduate,Salaried,363244.74,339104.21,Other,844.0,21,478,39.31,2020-06-03,0
CUST02834,28,Other,West,Secondary,Self-Employed,2777361.44,1249888.19,Other,328.3,0,95,103.3,2023-10-23,1
CUST02835,45,Male,East,Graduate,Self-Employed,1117632.45,745156.78,Car,650.0,12,58,20.0,2023-03-25,0
CUST02836,69,Other,North,Secondary,Salaried,1335378.67,1228934.68,Other,758.7,2,327,76.29,2024-05-07,1
CUST02837,37,Other,South,Secondary,Salaried,1883267.06,1253792.96,Business,738.4,7,161,94.42,2023-08-12,0
CUST02838,70,Other,East,Secondary,Salaried,2702329.42,1611203.09,Car,748.0,17,279,60.72,2020-09-27,0
CUST02839,42,Male,East,Graduate,Self-Employed,2844633.7,1710596.85,Education,453.5,14,242,18.78,2022-08-22,1
CUST02840,18,Male,South,Primary,Unemployed,1505599.03,790309.32,Car,328.1,10,114,96.97,2024-01-25,1
CUST02841,63,Female,East,Graduate,Salaried,1064691.78,1804862.73,Education,453.5,13,158,113.32,2020-09-19,1
CUST02842,44,Other,East,Post-Graduate,Salaried,566846.16,915730.73,Home,729.8,11,173,104.82,2021-01-13,0
CUST02843,38,Other,North,Post-Graduate,Self-Employed,1530148.93,1884485.66,Car,416.0,0,8,52.69,2022-01-24,1
CUST02844,25,Other,East,Post-Graduate,Self-Employed,1055935.94,207764.86,Other,547.6,6,244,14.73,2019-02-22,1
CUST02845,45,Female,South,Graduate,Unemployed,2997395.15,542736.56,Other,431.6,2,378,60.97,2019-11-23,1
CUST02846,55,Female,North,Primary,Self-Employed,793763.53,685679.98,Education,400.4,9,472,50.12,2018-03-14,1
CUST02847,60,Male,South,Primary,Unemployed,2514989.5,665417.2,Car,554.1,22,335,26.8,2025-09-06,0
CUST02848,52,Male,East,Primary,Salaried,1465871.18,1091716.7,Business,682.7,16,432,72.5,2023-11-15,0
CUST02849,27,Female,East,Secondary,Unemployed,873612.45,360587.79,Car,831.4,7,236,60.15,2023-08-26,0
CUST02850,60,Other,East,Post-Graduate,Salaried,2704904.69,104392.16,Other,394.7,3,177,63.86,2018-10-19,1
CUST02851,43,Female,South,Secondary,Self-Employed,2907965.96,1383728.74,Education,846.7,17,442,88.55,2018-01-22,0
CUST02852,31,Male,East,Primary,Unemployed,2128426.67,23813.78,Business,333.2,21,232,69.3,2024-02-16,1
CUST02853,43,Female,North,Primary,Unemployed,2933545.75,169417.51,Education,847.1,21,84,31.17,2023-08-23,0
CUST02854,59,Male,North,Post-Graduate,Self-Employed,2375091.6,551640.91,Business,635.4,6,199,37.23,2019-06-18,0
CUST02855,39,Male,East,Graduate,Self-Employed,1252311.89,239466.44,Car,726.1,10,306,71.41,2021-05-20,0
CUST02856,42,Male,West,Post-Graduate,Salaried,1637553.43,799851.14,Education,795.0,21,496,65.96,2020-03-02,0
CUST02857,33,Other,South,Secondary,Self-Employed,683055.71,1907511.36,Other,796.0,11,409,79.24,2023-01-23,0
CUST02858,22,Other,South,Secondary,Unemployed,597160.95,1450756.14,Home,367.9,6,426,105.51,2021-05-16,1
CUST02859,54,Other,East,Post-Graduate,Salaried,1788561.81,316839.54,Business,597.1,0,245,83.42,2022-08-28,1
CUST02860,51,Other,South,Secondary,Self-Employed,828988.89,33164.56,Other,351.8,15,360,101.62,2019-04-03,1
CUST02861,34,Male,West,Primary,Self-Employed,892746.0,1744791.35,Car,331.7,2,220,45.87,2025-01-13,1
CUST02862,36,Female,South,Graduate,Unemployed,2248905.06,826564.18,Education,379.6,4,355,107.85,2025-10-13,1
CUST02863,30,Other,West,Primary,Salaried,1520943.39,390632.81,Education,503.1,11,468,99.86,2021-06-11,1
CUST02864,37,Other,East,Primary,Salaried,1377441.01,392663.16,Business,574.7,10,338,36.47,2025-10-24,0
CUST02865,44,Female,North,Graduate,Salaried,2362089.66,396236.45,Business,352.7,11,243,27.53,2018-03-01,1
CUST02866,24,Female,North,Post-Graduate,Salaried,2134911.08,1880707.07,Business,391.1,12,266,68.13,2020-06-30,1
CUST02867,23,Male,West,Graduate,Self-Employed,450537.17,744364.86,Education,395.0,0,366,61.08,2019-01-31,1
CUST02868,21,Male,West,Secondary,Unemployed,1746303.2,184476.52,Other,630.3,23,453,107.93,2020-04-27,0
CUST02869,23,Other,North,Post-Graduate,Unemployed,2654134.77,1480398.22,Business,347.7,5,409,56.9,2019-01-05,1
CUST02870,39,Female,North,Graduate,Unemployed,1438226.57,303318.66,Car,508.0,16,407,33.6,2022-09-14,1
CUST02871,22,Male,West,Post-Graduate,Unemployed,1612510.45,1113371.45,Home,844.3,22,76,19.4,2020-03-31,0
CUST02872,18,Female,South,Post-Graduate,Salaried,1476893.51,1053706.49,Other,617.4,14,171,119.1,2021-04-13,0
CUST02873,37,Other,West,Post-Graduate,Salaried,2043921.83,221910.55,Other,556.8,23,499,80.87,2020-09-02,0
CUST02874,54,Female,East,Secondary,Salaried,2184690.33,657919.07,Car,630.8,23,329,50.6,2020-09-19,0
CUST02875,56,Female,West,Graduate,Self-Employed,2870747.32,426756.72,Car,300.0,9,42,113.66,2024-01-28,1
CUST02876,29,Male,South,Graduate,Self-Employed,1196080.35,699726.47,Business,513.6,19,394,53.59,2022-09-05,1
CUST02877,26,Female,East,Post-Graduate,Self-Employed,1972416.87,515598.26,Education,836.5,13,103,44.98,2026-02-27,0
CUST02878,20,Other,East,Primary,Unemployed,2365410.76,1481990.75,Home,431.4,1,143,23.95,2018-08-31,1
CUST02879,50,Male,South,Post-Graduate,Self-Employed,2410460.44,1190189.28,Other,326.6,20,311,94.08,2023-07-29,1
CUST02880,20,Male,West,Graduate,Unemployed,1759920.87,46886.79,Car,813.7,8,319,75.41,2019-06-30,0
CUST02881,38,Female,West,Graduate,Self-Employed,786920.23,750544.02,Business,415.4,6,2,109.08,2023-05-26,1
CUST02882,32,Male,East,Primary,Self-Employed,2312920.37,1313695.01,Education,604.8,6,44,86.13,2025-09-14,0
CUST02883,52,Female,North,Post-Graduate,Unemployed,2981412.85,981554.8,Education,336.8,9,189,43.36,2020-04-28,1
CUST02884,34,Other,East,Secondary,Salaried,1484366.09,771878.27,Business,662.1,16,26,37.73,2019-09-25,0
CUST02885,20,Female,East,Secondary,Salaried,751373.07,376505.83,Home,489.2,24,500,70.57,2025-11-23,1
CUST02886,21,Female,East,Secondary,Self-Employed,2669227.11,553411.99,Education,664.9,21,451,100.33,2024-10-05,0
CUST02887,20,Other,East,Primary,Salaried,1159378.11,322500.21,Education,735.1,14,343,101.54,2020-08-21,0
CUST02888,61,Female,West,Graduate,Self-Employed,764593.07,804630.54,Business,787.5,13,160,96.39,2022-09-21,0
CUST02889,30,Other,South,Post-Graduate,Self-Employed,2534300.5,1553373.22,Other,715.7,7,496,108.78,2019-05-22,0
CUST02890,52,Male,North,Graduate,Self-Employed,1734380.82,1582509.36,Other,378.1,10,304,74.75,2023-12-10,1
CUST02891,68,Female,South,Post-Graduate,Unemployed,809985.85,1375249.02,Other,647.4,18,403,17.52,2023-03-02,0
CUST02892,19,Other,South,Graduate,Salaried,2281756.47,1127590.6,Business,598.4,9,369,55.93,2018-05-23,0
CUST02893,56,Female,North,Primary,Salaried,1685041.3,792141.08,Other,629.6,22,244,50.57,2025-07-25,0
CUST02894,51,Other,South,Graduate,Self-Employed,735149.74,1746402.5,Car,548.6,16,374,81.59,2021-05-07,1
CUST02895,31,Female,East,Post-Graduate,Self-Employed,2143528.14,381393.31,Car,302.8,2,458,101.15,2025-12-08,1
CUST02896,37,Other,East,Graduate,Unemployed,1558295.05,1429807.97,Business,408.6,12,36,75.54,2023-05-16,1
CUST02897,37,Female,North,Graduate,Salaried,1399007.19,139728.08,Car,703.5,20,218,80.14,2022-12-26,0
CUST02898,61,Male,East,Post-Graduate,Salaried,1823110.56,1607606.85,Education,808.5,12,263,11.1,2022-02-19,0
CUST02899,61,Male,East,Post-Graduate,Unemployed,881490.43,1784070.47,Business,737.0,15,346,72.38,2023-09-13,0
CUST02900,57,Other,South,Post-Graduate,Salaried,418805.55,963144.53,Home,384.6,5,70,80.78,2025-11-25,1
CUST02901,43,Other,West,Secondary,Unemployed,2685054.95,887720.49,Car,479.5,9,79,86.72,2018-07-02,1
CUST02902,67,Other,North,Secondary,Self-Employed,1785741.5,665893.19,Home,422.6,9,486,78.67,2024-03-11,1
CUST02903,58,Other,West,Primary,Self-Employed,1101393.67,949017.87,Other,753.6,7,16,50.21,2022-10-10,0
CUST02904,32,Other,West,Primary,Self-Employed,1263708.29,754211.99,Business,651.9,19,139,32.7,2018-12-26,0
CUST02905,27,Female,North,Graduate,Self-Employed,668253.99,983132.07,Education,548.4,14,7,41.54,2020-10-13,1
CUST02906,66,Female,West,Post-Graduate,Unemployed,523192.6,1655127.54,Business,699.2,11,117,35.96,2022-11-08,0
CUST02907,48,Female,West,Graduate,Unemployed,226342.42,1811508.36,Business,595.9,3,93,93.34,2025-11-03,1
CUST02908,50,Female,West,Graduate,Salaried,1106740.42,60181.97,Education,623.8,20,20,42.49,2025-09-04,0
CUST02909,51,Male,South,Graduate,Unemployed,1330744.93,958896.1,Car,340.0,0,450,5.28,2021-01-25,1
CUST02910,25,Male,South,Secondary,Unemployed,639517.96,1849771.28,Education,807.6,4,218,7.55,2019-07-09,1
CUST02911,18,Male,South,Post-Graduate,Unemployed,498138.7,1962570.45,Education,424.9,24,48,58.22,2024-10-31,1
CUST02912,31,Other,South,Primary,Salaried,1769321.94,1326267.28,Business,708.5,11,31,20.8,2019-11-22,0
CUST02913,67,Female,North,Graduate,Unemployed,195734.16,1997600.74,Business,557.4,1,154,61.91,2020-06-13,1
CUST02914,53,Other,South,Graduate,Self-Employed,1572382.6,1051746.52,Other,722.9,12,128,48.48,2019-11-01,0
CUST02915,60,Other,East,Post-Graduate,Self-Employed,2179726.78,318562.04,Business,468.5,11,429,60.39,2024-06-03,1
CUST02916,36,Male,South,Primary,Salaried,1800559.17,1534833.24,Business,510.6,10,408,57.34,2021-02-15,1
CUST02917,30,Male,West,Secondary,Self-Employed,1340465.94,972344.01,Education,452.7,17,21,54.13,2021-07-08,1
CUST02918,66,Male,East,Graduate,Salaried,2145828.19,430574.39,Other,721.2,22,261,20.9,2019-03-05,0
CUST02919,28,Other,East,Secondary,Self-Employed,2739826.99,1210751.08,Business,605.3,24,82,39.5,2021-01-07,0
CUST02920,33,Male,West,Primary,Self-Employed,2317543.17,773409.01,Education,652.2,8,274,43.14,2020-06-10,0
CUST02921,21,Female,South,Primary,Self-Employed,1654491.1,1238198.9,Other,369.9,15,148,56.72,2025-01-14,1
CUST02922,18,Male,West,Post-Graduate,Unemployed,959905.44,402581.66,Other,636.2,23,251,82.51,2026-01-03,0
CUST02923,40,Other,North,Post-Graduate,Salaried,2917713.07,629508.15,Business,733.6,3,175,112.8,2018-06-16,1
CUST02924,51,Male,South,Primary,Salaried,2776247.46,1437737.99,Home,842.8,8,309,41.23,2019-09-08,0
CUST02925,19,Male,North,Secondary,Unemployed,2565036.44,37121.91,Car,797.2,18,249,110.9,2021-08-17,0
CUST02926,35,Female,East,Graduate,Self-Employed,2844695.89,285581.98,Home,631.7,0,418,53.79,2021-11-24,1
CUST02927,22,Male,South,Primary,Unemployed,1330123.49,1232446.05,Education,632.8,11,249,92.53,2022-08-16,0
CUST02928,19,Male,East,Primary,Salaried,1969531.49,1890545.49,Business,358.4,24,473,111.91,2024-04-29,1
CUST02929,19,Male,East,Primary,Unemployed,789661.16,580679.02,Car,818.2,13,200,97.44,2022-10-31,0
CUST02930,43,Male,East,Primary,Self-Employed,777997.89,587460.78,Home,527.4,3,260,43.35,2018-05-26,1
CUST02931,69,Male,South,Graduate,Unemployed,1323517.2,648193.04,Car,385.4,12,26,12.68,2019-12-25,1
CUST02932,45,Other,North,Post-Graduate,Self-Employed,306320.63,75165.32,Education,820.2,9,351,103.2,2021-05-22,0
CUST02933,60,Male,South,Post-Graduate,Self-Employed,2627784.56,967296.09,Home,437.7,5,300,34.82,2021-09-26,1
CUST02934,61,Female,East,Secondary,Salaried,1930348.82,1131756.5,Business,816.7,13,287,9.45,2026-02-23,0
CUST02935,28,Female,North,Secondary,Unemployed,740028.48,136927.38,Car,510.6,15,495,97.02,2020-02-08,1
CUST02936,22,Other,South,Post-Graduate,Unemployed,1107130.99,842596.59,Education,632.5,4,250,27.75,2025-03-06,1
CUST02937,29,Female,East,Graduate,Unemployed,2472233.4,772899.72,Other,313.3,18,404,48.73,2024-01-27,1
CUST02938,48,Female,West,Secondary,Self-Employed,2580727.97,1693548.6,Education,812.7,17,162,118.39,2022-09-04,0
CUST02939,68,Female,North,Secondary,Unemployed,2912475.75,176118.12,Business,303.1,10,145,101.76,2019-10-27,1
CUST02940,60,Male,South,Graduate,Self-Employed,1123810.75,670048.6,Home,572.1,11,111,89.27,2025-06-02,0
CUST02941,50,Male,South,Primary,Salaried,2245279.49,1286764.09,Car,828.9,20,217,44.18,2023-10-31,0
CUST02942,58,Female,South,Graduate,Salaried,117739.46,1322599.24,Other,390.3,12,83,59.53,2018-02-05,1
CUST02943,29,Male,South,Post-Graduate,Self-Employed,176783.2,1573172.84,Other,703.2,2,161,103.67,2022-01-13,1
CUST02944,45,Other,North,Graduate,Salaried,2146931.38,565290.22,Education,533.9,13,138,40.31,2020-11-29,1
CUST02945,45,Other,North,Secondary,Self-Employed,1331942.55,1066846.48,Other,390.9,20,75,76.08,2020-09-03,1
CUST02946,61,Female,East,Graduate,Salaried,2747979.39,1445259.79,Home,368.5,21,430,67.91,2024-09-16,1
CUST02947,50,Other,East,Graduate,Salaried,1407913.93,478482.73,Other,441.2,24,266,102.66,2020-09-03,1
CUST02948,63,Other,West,Graduate,Self-Employed,2569711.51,100607.67,Business,420.9,18,122,89.13,2021-04-05,1
CUST02949,30,Female,West,Primary,Unemployed,866619.18,1678180.45,Business,329.9,13,23,31.29,2024-03-10,1
CUST02950,65,Female,South,Graduate,Self-Employed,715642.04,1816199.75,Other,826.9,9,406,78.61,2018-08-12,0
CUST02951,63,Female,South,Graduate,Self-Employed,886584.28,1377236.51,Car,403.0,2,489,40.41,2019-02-03,1
CUST02952,53,Female,North,Post-Graduate,Self-Employed,572204.55,895046.8,Business,734.7,3,356,47.02,2020-04-07,1
CUST02953,20,Male,East,Secondary,Salaried,1777870.16,1216383.59,Car,379.4,13,30,69.94,2026-01-06,1
CUST02954,25,Other,North,Secondary,Salaried,2501672.71,1346006.49,Home,384.9,22,285,79.02,2025-06-26,1
CUST02955,38,Other,South,Graduate,Salaried,1010565.18,1784848.82,Home,519.6,19,408,25.48,2023-09-21,1
CUST02956,63,Female,West,Post-Graduate,Unemployed,850713.62,1373768.56,Home,675.0,18,463,27.14,2020-01-06,0
CUST02957,70,Other,East,Post-Graduate,Salaried,2926849.22,585046.87,Business,735.2,5,263,49.96,2023-05-15,1
CUST02958,33,Female,North,Post-Graduate,Self-Employed,1829046.97,590168.22,Home,465.4,23,393,23.97,2020-10-15,1
CUST02959,61,Other,North,Graduate,Self-Employed,2300434.42,1690086.87,Education,732.2,15,152,83.93,2021-01-17,0
CUST02960,67,Other,North,Secondary,Self-Employed,2961858.39,900922.2,Other,531.3,21,438,78.97,2020-11-25,1
CUST02961,35,Female,West,Primary,Unemployed,1824760.32,65263.61,Education,715.0,10,156,113.14,2021-03-22,0
CUST02962,24,Female,East,Secondary,Salaried,2453416.19,1644563.15,Education,641.6,13,164,47.38,2018-08-11,0
CUST02963,52,Female,North,Graduate,Self-Employed,2993692.57,763922.38,Home,477.3,4,352,77.68,2019-07-21,1
CUST02964,63,Other,North,Secondary,Unemployed,2435396.7,543110.13,Car,480.6,13,190,14.27,2022-08-03,1
CUST02965,35,Female,East,Primary,Unemployed,2404561.39,8909.45,Education,727.7,21,280,42.08,2024-12-04,0
CUST02966,22,Male,East,Secondary,Unemployed,2149133.65,199584.99,Education,555.2,16,232,104.14,2025-01-03,0
CUST02967,45,Female,West,Post-Graduate,Salaried,2997050.2,1488591.44,Other,591.0,24,16,84.8,2023-09-01,0
CUST02968,59,Male,South,Post-Graduate,Self-Employed,2337476.04,1580744.88,Business,566.9,24,97,51.77,2021-01-23,0
CUST02969,54,Female,West,Primary,Self-Employed,676146.74,1802948.13,Other,425.9,15,372,38.91,2025-02-24,1
CUST02970,27,Other,West,Post-Graduate,Self-Employed,2537484.68,280262.6,Education,692.1,20,266,112.66,2023-08-17,0
CUST02971,49,Other,South,Primary,Salaried,2494964.92,866691.69,Other,729.2,15,84,43.95,2019-10-09,0
CUST02972,38,Female,South,Secondary,Salaried,1240566.11,1141405.79,Home,728.8,13,496,9.66,2018-08-07,0
CUST02973,44,Female,West,Secondary,Self-Employed,1189421.82,1681188.74,Home,388.2,22,44,57.28,2022-04-12,1
CUST02974,55,Female,East,Primary,Unemployed,1439928.45,791408.76,Home,829.1,16,342,72.95,2021-03-29,0
CUST02975,57,Female,South,Secondary,Self-Employed,1436477.78,1225918.69,Business,514.5,15,157,106.37,2024-05-21,1
CUST02976,35,Other,West,Primary,Unemployed,1280991.7,1544644.1,Business,385.6,5,379,95.43,2021-03-31,1
CUST02977,35,Female,South,Post-Graduate,Unemployed,1152046.18,378288.26,Other,625.7,15,493,103.42,2023-09-30,0
CUST02978,23,Female,West,Secondary,Self-Employed,1012971.77,661744.71,Other,370.4,2,398,34.55,2018-10-21,1
CUST02979,36,Male,West,Primary,Salaried,2209836.12,240996.37,Business,361.5,21,347,59.08,2025-07-05,1
CUST02980,70,Other,West,Post-Graduate,Self-Employed,1341498.63,366327.63,Education,641.4,9,284,45.64,2023-05-07,0
CUST02981,19,Male,West,Post-Graduate,Unemployed,1203918.24,893570.94,Business,552.5,12,312,16.99,2020-12-12,0
CUST02982,20,Female,South,Secondary,Salaried,179493.61,1423069.21,Car,710.3,15,454,16.53,2022-05-24,0
CUST02983,46,Male,South,Post-Graduate,Unemployed,259505.89,1535822.64,Home,633.4,22,393,35.27,2024-12-18,0
CUST02984,48,Female,East,Post-Graduate,Unemployed,1429975.46,1525798.96,Home,714.8,0,62,79.17,2020-10-19,1
CUST02985,36,Other,North,Post-Graduate,Salaried,2139822.18,1293538.39,Other,468.7,5,258,26.03,2022-02-19,1
CUST02986,41,Other,North,Secondary,Self-Employed,502904.92,1656264.81,Car,608.0,3,388,76.43,2025-12-27,1
CUST02987,54,Other,West,Graduate,Salaried,2146843.53,55231.98,Car,683.7,0,221,15.51,2024-06-08,1
CUST02988,28,Female,South,Secondary,Self-Employed,2821665.12,864420.67,Home,697.0,5,135,69.72,2022-09-23,1
CUST02989,69,Male,East,Graduate,Self-Employed,1683475.81,440038.11,Car,549.3,5,193,49.62,2026-02-08,1
CUST02990,23,Male,West,Post-Graduate,Salaried,1448905.83,1232748.64,Education,791.0,0,78,39.05,2019-11-13,1
CUST02991,18,Male,South,Graduate,Self-Employed,2039986.1,1459691.91,Other,768.9,12,284,112.68,2020-12-03,0
CUST02992,58,Male,North,Post-Graduate,Unemployed,2005439.06,1666728.43,Business,426.5,0,138,47.82,2022-06-12,1
CUST02993,50,Female,East,Primary,Unemployed,1918564.18,463659.23,Home,363.3,6,291,116.68,2022-05-23,1
CUST02994,22,Other,East,Secondary,Salaried,1385244.11,733391.51,Car,536.6,1,105,6.6,2018-04-04,1
CUST02995,40,Other,South,Post-Graduate,Unemployed,412811.22,1644328.6,Business,770.1,18,131,42.27,2022-08-03,0
CUST02996,37,Other,West,Secondary,Self-Employed,546364.13,952089.34,Education,581.0,7,317,71.61,2023-04-22,0
CUST02997,55,Other,South,Primary,Self-Employed,1906534.93,155716.27,Car,360.0,13,205,32.61,2022-12-29,1
CUST02998,22,Other,East,Post-Graduate,Unemployed,2479248.16,1664635.19,Education,431.9,22,10,20.83,2021-11-10,1
CUST02999,51,Male,East,Primary,Unemployed,1252673.01,1214620.72,Education,800.8,5,207,32.35,2021-07-31,1
CUST03000,24,Other,West,Primary,Unemployed,2171914.11,1120609.04,Education,828.7,23,78,68.04,2020-10-16,0
CUST03001,30,Other,West,Secondary,Unemployed,1943083.0,1110848.66,Education,490.3,5,25,41.13,2019-12-03,1
CUST03002,41,Male,West,Post-Graduate,Self-Employed,217690.05,1342109.71,Car,771.5,7,328,83.17,2023-03-09,0
CUST03003,33,Male,South,Post-Graduate,Salaried,378584.32,1066526.57,Business,499.9,8,324,112.36,2025-12-20,1
CUST03004,50,Male,West,Primary,Unemployed,1777367.58,1391048.28,Education,406.5,8,225,97.14,2024-05-19,1
CUST03005,61,Male,West,Post-Graduate,Self-Employed,325908.54,574462.01,Car,616.8,1,263,97.43,2020-12-03,1
CUST03006,54,Female,South,Primary,Salaried,2386102.48,1704502.77,Business,733.8,15,227,79.95,2022-10-31,0
CUST03007,43,Male,South,Graduate,Salaried,2271776.31,1792827.61,Home,560.0,11,108,89.37,2019-11-08,0
CUST03008,63,Other,South,Post-Graduate,Salaried,326411.21,772839.55,Business,817.4,5,340,33.12,2022-04-16,1
CUST03009,21,Female,East,Primary,Unemployed,2272205.92,607724.63,Other,515.8,15,492,108.99,2026-02-10,1
CUST03010,20,Female,East,Primary,Salaried,1654188.1,626839.73,Car,624.3,13,302,40.59,2021-07-29,0
CUST03011,18,Male,West,Graduate,Unemployed,419551.67,1682087.23,Home,387.1,4,144,97.27,2023-02-26,1
CUST03012,66,Female,East,Secondary,Salaried,1571867.44,815981.04,Other,432.0,24,358,95.1,2021-11-16,1
CUST03013,31,Female,South,Primary,Self-Employed,1492316.12,284062.69,Business,737.1,19,449,37.32,2024-11-28,0
CUST03014,46,Female,South,Secondary,Self-Employed,2291752.95,545776.43,Other,631.3,14,64,72.51,2023-12-21,0
CUST03015,30,Female,West,Post-Graduate,Self-Employed,134851.11,1777280.86,Other,765.3,2,289,113.35,2023-01-21,1
CUST03016,60,Female,South,Primary,Salaried,388036.96,752195.51,Other,355.9,13,119,23.69,2024-11-22,1
CUST03017,64,Male,West,Secondary,Unemployed,1731657.82,175534.93,Other,470.9,11,90,110.5,2024-04-22,1
CUST03018,33,Other,South,Secondary,Unemployed,2969936.91,1095266.28,Business,645.2,23,183,103.59,2020-09-11,0
CUST03019,59,Male,East,Post-Graduate,Salaried,1205013.31,490414.82,Home,494.0,0,397,110.77,2024-01-13,1
CUST03020,18,Other,North,Primary,Unemployed,394972.41,1068496.54,Car,341.2,5,269,76.14,2024-07-08,1
CUST03021,68,Other,East,Secondary,Salaried,2663810.24,1319186.24,Business,445.1,18,370,101.05,2020-12-26,1
CUST03022,55,Other,South,Graduate,Unemployed,1674510.28,1268058.44,Education,669.6,17,179,56.41,2020-03-01,0
CUST03023,62,Male,West,Graduate,Unemployed,1975549.16,1614332.69,Home,398.0,18,257,100.43,2025-05-19,1
CUST03024,54,Male,South,Primary,Salaried,2786056.77,1894713.65,Other,518.6,16,440,109.91,2022-05-20,1
CUST03025,19,Female,East,Primary,Salaried,2446327.39,597208.94,Other,559.9,1,111,59.04,2023-02-21,1
CUST03026,70,Male,East,Primary,Self-Employed,677231.89,1379502.23,Business,309.6,19,202,67.48,2022-05-20,1
CUST03027,33,Other,South,Graduate,Salaried,2601369.83,999283.32,Car,681.4,7,363,14.21,2022-07-16,0
CUST03028,32,Female,North,Graduate,Unemployed,2924950.93,1560566.31,Other,768.7,14,4,105.49,2021-07-18,0
CUST03029,52,Male,West,Secondary,Self-Employed,350988.15,1731531.66,Car,408.3,8,34,80.6,2022-11-07,1
CUST03030,24,Male,South,Primary,Salaried,962787.99,469594.48,Car,744.0,22,433,72.69,2021-07-29,0
CUST03031,38,Female,North,Primary,Salaried,2276754.05,1921701.21,Car,839.8,6,148,77.42,2022-10-09,0
CUST03032,61,Male,South,Primary,Unemployed,1393371.21,196967.68,Business,715.4,1,350,23.33,2025-09-28,1
CUST03033,36,Female,South,Secondary,Unemployed,1979707.3,961245.59,Business,483.9,2,108,22.9,2024-05-31,1
CUST03034,66,Female,South,Post-Graduate,Self-Employed,1590727.46,1023068.78,Education,428.0,16,480,97.33,2021-08-23,1
CUST03035,28,Other,North,Graduate,Self-Employed,2263268.0,1825517.26,Home,413.3,20,471,6.95,2024-10-22,1
CUST03036,21,Other,East,Graduate,Salaried,1902019.71,1194663.21,Business,722.7,22,462,52.77,2024-04-22,0
CUST03037,63,Other,West,Primary,Unemployed,2458506.33,1085452.04,Education,800.2,23,467,32.15,2019-10-02,0
CUST03038,20,Male,South,Primary,Unemployed,2105108.7,1849104.74,Other,827.7,7,500,109.84,2025-05-05,0
CUST03039,36,Female,East,Post-Graduate,Unemployed,1962376.15,338666.21,Education,791.7,8,231,71.68,2022-09-19,0
CUST03040,53,Male,North,Post-Graduate,Salaried,2214219.08,1991395.83,Business,635.4,7,219,53.11,2022-01-10,0
CUST03041,28,Male,East,Secondary,Self-Employed,1148082.26,1770242.99,Home,728.0,21,468,50.45,2018-04-22,0
CUST03042,44,Female,East,Secondary,Self-Employed,2097227.24,545817.16,Home,392.5,19,117,110.45,2020-05-30,1
CUST03043,55,Other,West,Post-Graduate,Unemployed,1801818.57,552677.99,Education,400.1,1,308,11.86,2020-08-01,1
CUST03044,52,Female,North,Post-Graduate,Self-Employed,2465825.18,1354517.71,Car,453.0,20,335,46.33,2019-04-26,1
CUST03045,62,Male,North,Graduate,Salaried,2928612.6,837627.03,Car,420.8,12,371,23.29,2026-01-25,1
CUST03046,29,Male,South,Post-Graduate,Salaried,1579339.78,1401893.85,Home,685.8,24,388,71.45,2018-04-10,0
CUST03047,40,Other,West,Primary,Unemployed,414468.26,991751.64,Home,469.9,14,474,10.51,2019-03-31,1
CUST03048,26,Female,East,Post-Graduate,Salaried,324555.48,221505.08,Education,378.8,22,118,32.15,2020-12-24,1
CUST03049,46,Female,South,Primary,Salaried,1181142.19,1739944.8,Home,398.9,21,259,8.16,2018-06-02,1
CUST03050,32,Other,North,Graduate,Self-Employed,334139.84,88087.06,Car,327.0,21,71,17.43,2018-12-16,1
CUST03051,20,Male,North,Post-Graduate,Self-Employed,2814424.06,1052409.61,Business,461.9,11,245,70.33,2022-05-04,1
CUST03052,56,Male,West,Post-Graduate,Unemployed,2248932.03,155636.34,Other,361.9,1,84,62.26,2019-09-16,1
CUST03053,44,Other,East,Graduate,Salaried,2307373.11,971569.15,Education,547.8,24,130,25.93,2019-04-24,1
CUST03054,41,Male,West,Post-Graduate,Salaried,174349.94,658277.08,Business,817.0,22,101,57.12,2024-12-19,0
CUST03055,37,Other,East,Secondary,Self-Employed,1869658.89,181575.64,Other,565.3,24,102,72.48,2022-08-12,0
CUST03056,45,Other,West,Secondary,Salaried,535903.07,815196.06,Education,547.5,1,440,71.18,2018-11-15,1
CUST03057,61,Other,East,Secondary,Self-Employed,1930749.8,1019391.06,Education,349.4,11,200,102.54,2018-12-13,1
CUST03058,37,Female,North,Graduate,Salaried,2139753.63,1340033.03,Car,352.1,10,398,96.54,2024-10-14,1
CUST03059,42,Other,South,Graduate,Salaried,1823904.76,964448.24,Business,760.9,11,244,70.58,2023-07-03,0
CUST03060,22,Male,East,Secondary,Unemployed,1996077.36,100834.25,Other,822.9,21,257,52.28,2025-03-18,0
CUST03061,65,Female,East,Secondary,Unemployed,1506641.1,699858.18,Education,727.9,7,408,71.48,2020-08-28,0
CUST03062,37,Female,South,Secondary,Self-Employed,211797.28,904932.81,Other,449.9,8,75,95.66,2022-06-20,1
CUST03063,68,Male,East,Graduate,Unemployed,2434268.17,1141115.28,Education,599.5,3,223,53.71,2020-07-07,1
CUST03064,52,Other,South,Secondary,Self-Employed,269409.45,587072.96,Business,520.5,14,368,111.01,2022-10-03,1
CUST03065,64,Male,West,Secondary,Self-Employed,1844243.8,570589.59,Home,722.2,3,294,22.98,2022-05-31,1
CUST03066,28,Female,North,Primary,Salaried,2530013.24,1499889.89,Education,843.8,6,433,76.21,2020-02-20,0
CUST03067,21,Female,East,Graduate,Salaried,135857.11,990278.73,Other,519.0,1,474,119.06,2022-07-24,1
CUST03068,32,Male,East,Primary,Self-Employed,2424209.38,1210775.25,Education,753.1,14,422,5.34,2018-04-26,0
CUST03069,26,Male,West,Secondary,Salaried,1287151.32,521435.67,Car,790.4,8,35,48.07,2025-08-08,0
CUST03070,32,Male,South,Post-Graduate,Unemployed,1933935.33,178918.3,Education,479.3,0,360,101.99,2026-01-19,1
CUST03071,37,Female,West,Post-Graduate,Self-Employed,2128138.35,1978962.29,Education,346.7,16,139,83.58,2025-04-11,1
CUST03072,61,Female,North,Secondary,Salaried,320358.03,1345870.09,Home,800.9,8,214,111.01,2021-06-26,0
CUST03073,25,Other,North,Secondary,Self-Employed,1454604.64,217415.22,Education,530.4,18,390,41.3,2025-08-29,1
CUST03074,68,Male,North,Graduate,Unemployed,2188129.09,901786.97,Car,639.2,12,125,73.81,2022-08-27,0
CUST03075,65,Male,East,Secondary,Salaried,2812742.42,1568779.03,Car,393.8,4,445,8.8,2025-06-19,1
CUST03076,48,Male,West,Post-Graduate,Self-Employed,871896.14,1474529.13,Home,587.4,18,490,88.44,2022-03-01,0
CUST03077,26,Female,South,Graduate,Self-Employed,1254257.12,78574.05,Car,570.1,7,314,71.47,2024-01-29,0
CUST03078,66,Other,West,Primary,Salaried,1478080.8,1663512.54,Other,629.7,21,177,97.54,2020-10-02,0
CUST03079,22,Other,East,Primary,Unemployed,2522564.19,1218296.92,Other,553.8,23,226,69.56,2023-06-18,0
CUST03080,31,Female,West,Primary,Unemployed,707927.51,1573365.77,Education,674.8,5,98,108.97,2022-07-22,1
CUST03081,48,Other,South,Post-Graduate,Self-Employed,1480441.57,328250.98,Business,570.8,10,253,83.98,2022-08-12,0
CUST03082,42,Other,North,Primary,Self-Employed,138147.86,903229.37,Other,387.2,12,120,109.74,2020-09-22,1
CUST03083,54,Male,East,Primary,Self-Employed,120186.65,1524779.04,Home,410.7,23,120,9.56,2026-01-25,1
CUST03084,20,Male,South,Secondary,Self-Employed,2973332.8,664740.19,Car,658.4,3,234,41.45,2018-05-19,1
CUST03085,53,Other,South,Secondary,Self-Employed,2671492.18,1529876.67,Home,591.7,14,319,109.01,2018-06-10,0
CUST03086,57,Other,East,Secondary,Self-Employed,2329843.05,1246097.39,Education,414.0,17,339,106.09,2020-05-16,1
CUST03087,47,Female,West,Secondary,Self-Employed,1115401.2,1808875.34,Home,617.8,5,137,101.18,2021-06-14,1
CUST03088,61,Other,West,Primary,Self-Employed,2953044.8,1893287.74,Education,726.5,18,335,100.74,2018-12-07,0
CUST03089,23,Male,West,Primary,Unemployed,743532.49,217554.23,Other,440.9,14,30,109.11,2021-03-30,1
CUST03090,39,Other,West,Post-Graduate,Self-Employed,1608106.21,605205.47,Home,497.4,9,277,75.21,2021-12-06,1
CUST03091,41,Female,South,Secondary,Salaried,219644.67,833945.65,Car,513.2,0,434,97.37,2018-07-25,1
CUST03092,39,Female,East,Post-Graduate,Unemployed,2341912.12,776469.02,Home,543.4,16,464,66.22,2021-10-31,1
CUST03093,65,Female,North,Primary,Self-Employed,1834135.35,1857523.61,Other,699.8,11,55,20.66,2025-05-06,0
CUST03094,56,Male,East,Graduate,Self-Employed,2113936.65,834402.18,Education,511.5,0,152,79.22,2023-01-12,1
CUST03095,63,Female,North,Primary,Unemployed,2635691.3,520605.86,Education,814.1,12,165,102.67,2022-10-01,0
CUST03096,38,Female,East,Graduate,Salaried,2686403.61,686719.49,Home,790.8,22,368,82.21,2020-12-24,0
CUST03097,58,Male,West,Secondary,Unemployed,2819723.07,82533.17,Home,459.9,2,467,82.99,2022-08-12,1
CUST03098,48,Female,South,Graduate,Salaried,2638619.53,211278.78,Car,592.4,2,270,89.77,2023-02-15,1
CUST03099,43,Other,East,Secondary,Salaried,2740069.15,89374.1,Car,362.3,13,331,92.34,2024-06-26,1
CUST03100,52,Other,South,Secondary,Unemployed,2040778.83,870161.1,Other,407.2,9,346,60.17,2020-05-04,1
CUST03101,20,Male,South,Secondary,Salaried,433477.5,1364226.46,Car,817.5,11,29,41.61,2025-02-13,0
CUST03102,67,Other,East,Primary,Salaried,1437796.97,129654.86,Other,688.0,13,132,93.06,2023-05-11,0
CUST03103,62,Female,South,Graduate,Self-Employed,1928683.16,485387.86,Other,473.7,20,232,111.01,2021-09-04,1
CUST03104,62,Female,West,Primary,Self-Employed,1330217.41,1209217.1,Business,489.4,3,348,12.15,2024-07-11,1
CUST03105,38,Male,South,Primary,Unemployed,2517944.57,1927320.27,Home,336.9,15,135,71.0,2022-07-22,1
CUST03106,66,Female,North,Graduate,Unemployed,2467986.21,222017.48,Business,822.3,18,167,40.02,2024-06-20,0
CUST03107,26,Female,North,Post-Graduate,Salaried,689362.02,1303314.19,Education,425.6,7,327,117.55,2018-10-28,1
CUST03108,70,Male,North,Secondary,Salaried,2374336.15,1980500.89,Other,664.4,10,393,12.12,2019-02-22,0
CUST03109,43,Other,North,Graduate,Unemployed,1761218.32,1672918.84,Home,681.8,5,70,94.85,2020-02-24,1
CUST03110,54,Male,West,Post-Graduate,Salaried,913414.68,1263046.4,Home,490.5,12,288,68.58,2021-01-30,1
CUST03111,30,Female,South,Graduate,Self-Employed,2391142.2,404863.38,Other,737.1,20,125,11.36,2023-05-08,0
CUST03112,27,Female,North,Post-Graduate,Self-Employed,314822.45,305846.52,Education,434.4,8,280,82.8,2020-03-09,1
CUST03113,40,Male,South,Post-Graduate,Self-Employed,1111684.24,1172734.38,Education,330.3,0,154,108.46,2021-01-20,1
CUST03114,27,Male,East,Post-Graduate,Self-Employed,2732568.67,1439526.23,Car,832.8,2,182,35.73,2019-11-26,1
CUST03115,22,Male,South,Post-Graduate,Unemployed,162850.34,1475829.17,Home,402.7,21,384,99.22,2023-08-11,1
CUST03116,18,Female,West,Post-Graduate,Salaried,2534021.55,1789672.97,Car,786.6,3,402,61.26,2019-10-11,1
CUST03117,65,Other,North,Secondary,Salaried,576503.75,197358.7,Business,800.3,7,143,69.03,2022-06-11,0
CUST03118,18,Other,North,Secondary,Unemployed,1564275.57,407453.18,Car,543.0,16,85,14.14,2019-02-01,1
CUST03119,54,Other,East,Primary,Self-Employed,2980455.0,487636.56,Home,560.6,13,450,66.46,2021-12-09,0
CUST03120,21,Other,North,Post-Graduate,Unemployed,1289806.35,1965840.65,Education,818.0,5,83,74.86,2025-06-01,1
CUST03121,43,Other,South,Graduate,Unemployed,134281.97,442612.02,Business,514.4,4,37,29.86,2018-11-15,1
CUST03122,46,Male,North,Post-Graduate,Self-Employed,2880652.39,453166.51,Education,387.6,16,167,33.54,2023-06-02,1
CUST03123,51,Other,North,Graduate,Salaried,2932293.92,945382.17,Other,745.5,20,182,92.41,2019-07-25,0
CUST03124,28,Other,East,Secondary,Unemployed,2274530.52,1143964.78,Other,495.5,7,196,65.99,2018-07-04,1
CUST03125,62,Female,North,Graduate,Unemployed,1691229.78,1349843.88,Car,412.8,11,65,41.7,2020-10-25,1
CUST03126,24,Male,East,Secondary,Salaried,2789504.58,49423.26,Car,394.0,13,372,82.87,2024-08-22,1
CUST03127,23,Other,East,Post-Graduate,Unemployed,2744309.78,1104192.09,Education,794.5,3,459,97.91,2019-06-16,1
CUST03128,70,Male,East,Post-Graduate,Salaried,125255.47,6472.65,Other,610.8,14,335,27.59,2023-04-03,0
CUST03129,51,Female,North,Post-Graduate,Unemployed,1081554.22,382492.04,Home,420.2,0,242,40.65,2023-11-12,1
CUST03130,43,Female,South,Secondary,Self-Employed,887334.06,1979048.89,Business,322.2,6,232,113.29,2018-04-25,1
CUST03131,24,Female,West,Primary,Unemployed,1872773.71,1747603.38,Business,461.5,22,91,8.53,2022-03-14,1
CUST03132,65,Female,South,Graduate,Self-Employed,1123631.36,203404.86,Education,561.1,17,427,104.2,2025-05-23,0
CUST03133,38,Male,North,Post-Graduate,Salaried,2537412.69,873572.23,Home,465.0,9,285,5.31,2020-12-07,1
CUST03134,28,Other,West,Secondary,Self-Employed,2091260.8,40939.94,Education,807.3,17,23,104.14,2022-05-04,0
CUST03135,26,Male,North,Secondary,Self-Employed,2910102.13,409513.24,Other,595.3,15,70,83.92,2018-11-28,0
CUST03136,27,Male,North,Post-Graduate,Self-Employed,1318584.76,1891562.11,Home,418.4,14,478,21.86,2022-03-12,1
CUST03137,61,Female,South,Graduate,Self-Employed,1677385.89,1533213.69,Business,488.9,1,202,30.04,2023-07-02,1
CUST03138,55,Male,East,Post-Graduate,Salaried,1242409.14,1020146.5,Other,792.0,20,409,13.6,2025-12-22,0
CUST03139,20,Other,South,Post-Graduate,Salaried,935555.19,1732091.89,Other,841.8,23,84,42.04,2025-04-23,0
CUST03140,64,Other,South,Post-Graduate,Unemployed,1130583.77,1629089.12,Home,597.7,11,301,78.47,2023-07-09,0
CUST03141,50,Female,East,Graduate,Self-Employed,2770073.38,1548753.32,Other,393.9,19,162,10.81,2024-08-14,1
CUST03142,37,Other,South,Graduate,Self-Employed,2739947.69,1103772.55,Other,647.8,3,299,39.03,2021-12-18,1
CUST03143,23,Female,South,Post-Graduate,Self-Employed,1708202.36,204297.66,Home,478.7,10,337,49.02,2024-11-29,1
CUST03144,65,Female,North,Post-Graduate,Unemployed,1120712.18,1236855.25,Education,502.9,5,479,19.3,2022-03-17,1
CUST03145,60,Male,South,Secondary,Unemployed,817367.08,627800.42,Education,432.3,3,206,9.39,2025-08-07,1
CUST03146,42,Female,South,Post-Graduate,Unemployed,1446646.62,534008.39,Business,642.0,4,442,44.94,2018-08-14,1
CUST03147,18,Other,South,Primary,Salaried,2070533.7,1129318.38,Education,514.6,5,416,17.13,2022-01-09,1
CUST03148,28,Male,North,Post-Graduate,Unemployed,2880712.36,1214043.71,Education,815.2,24,315,17.51,2023-06-09,0
CUST03149,43,Male,North,Graduate,Unemployed,357605.59,1581699.97,Home,764.9,4,298,26.28,2019-04-30,1
CUST03150,45,Male,West,Graduate,Self-Employed,2435046.82,1220718.52,Other,500.6,5,266,100.9,2018-10-07,1
CUST03151,61,Male,East,Post-Graduate,Self-Employed,1585470.08,1289617.22,Home,315.3,18,204,77.56,2022-04-19,1
CUST03152,20,Female,North,Primary,Salaried,2078309.21,386185.19,Business,528.5,0,158,35.51,2023-04-20,1
CUST03153,35,Other,South,Graduate,Self-Employed,2519509.78,679741.72,Other,489.9,7,469,117.58,2022-05-24,1
CUST03154,70,Male,South,Post-Graduate,Self-Employed,927273.99,873482.75,Education,769.6,3,405,12.31,2019-05-23,1
CUST03155,38,Female,South,Graduate,Salaried,2467932.51,1041695.21,Other,797.8,13,194,31.23,2023-01-06,0
CUST03156,32,Other,South,Secondary,Unemployed,1485692.28,1621467.76,Business,728.2,16,332,12.78,2024-03-21,0
CUST03157,21,Male,West,Graduate,Salaried,1636613.61,1049279.25,Education,506.9,16,182,13.63,2024-03-10,1
CUST03158,60,Female,North,Post-Graduate,Self-Employed,395759.9,756991.08,Car,655.2,8,497,88.9,2023-08-26,0
CUST03159,21,Male,North,Post-Graduate,Unemployed,2073665.68,1285161.39,Home,445.7,13,27,6.7,2023-02-04,1
CUST03160,55,Male,West,Post-Graduate,Salaried,1295489.95,1633574.82,Home,415.1,22,330,117.38,2019-04-04,1
CUST03161,33,Other,West,Secondary,Salaried,2571436.34,509314.17,Other,825.3,7,176,7.91,2021-08-24,0
CUST03162,24,Female,North,Primary,Salaried,2714048.0,717406.59,Home,572.0,13,255,27.88,2018-06-30,0
CUST03163,48,Male,North,Graduate,Salaried,321988.01,1316631.33,Home,311.3,16,418,35.44,2025-10-13,1
CUST03164,56,Male,West,Post-Graduate,Self-Employed,1442110.05,59297.96,Home,625.3,3,405,109.22,2025-03-31,1
CUST03165,40,Other,West,Post-Graduate,Salaried,2501851.83,1577723.32,Other,709.9,16,135,73.64,2024-07-29,0
CUST03166,42,Female,North,Secondary,Self-Employed,164349.46,1814692.96,Home,705.1,15,193,21.93,2021-11-08,0
CUST03167,25,Other,East,Post-Graduate,Unemployed,1879175.56,134266.04,Other,301.4,23,414,84.02,2019-02-27,1
CUST03168,25,Male,North,Post-Graduate,Unemployed,1852939.11,481895.93,Home,684.4,15,295,75.96,2023-12-02,0
CUST03169,44,Male,East,Secondary,Unemployed,687204.31,564042.02,Home,584.8,9,165,118.09,2021-04-24,0
CUST03170,51,Other,West,Post-Graduate,Unemployed,1310743.7,714362.31,Business,637.0,21,351,110.77,2018-05-29,0
CUST03171,39,Male,South,Graduate,Self-Employed,1262383.35,1518055.14,Car,828.1,21,2,14.82,2026-01-17,0
CUST03172,33,Female,South,Primary,Unemployed,1286403.03,699010.8,Car,607.6,16,35,17.08,2023-12-09,0
CUST03173,31,Other,East,Primary,Self-Employed,2056848.39,541399.63,Business,783.9,2,111,61.73,2021-02-28,1
CUST03174,35,Male,West,Primary,Salaried,1674502.3,812645.43,Business,692.0,5,295,75.53,2020-07-15,1
CUST03175,49,Male,North,Graduate,Self-Employed,2757929.89,948855.09,Other,489.3,4,186,5.59,2024-07-22,1
CUST03176,29,Female,South,Secondary,Salaried,618979.2,51998.19,Car,654.5,1,191,13.23,2019-05-06,1
CUST03177,70,Male,South,Secondary,Self-Employed,1689447.82,1331200.65,Education,612.8,18,177,100.94,2019-05-31,0
CUST03178,38,Male,South,Post-Graduate,Unemployed,879892.97,623270.93,Home,385.9,20,50,95.28,2019-09-23,1
CUST03179,46,Male,West,Graduate,Salaried,558562.03,966399.49,Other,511.4,18,210,39.21,2025-06-25,1
CUST03180,61,Male,North,Primary,Salaried,1372381.09,1911851.35,Business,447.4,10,235,90.21,2025-08-24,1
CUST03181,52,Female,North,Post-Graduate,Salaried,1852541.92,94445.44,Education,569.7,4,145,114.31,2025-02-03,1
CUST03182,37,Female,South,Graduate,Unemployed,2931517.09,984954.31,Business,643.9,4,485,6.23,2019-02-11,1
CUST03183,41,Other,North,Post-Graduate,Salaried,2314439.66,707871.09,Business,749.2,24,439,54.45,2022-05-07,0
CUST03184,20,Female,East,Graduate,Salaried,784668.62,904182.3,Business,523.4,21,363,37.62,2019-03-08,1
CUST03185,65,Other,East,Primary,Salaried,682372.63,1915136.07,Home,672.1,14,354,89.49,2022-12-21,0
CUST03186,34,Other,North,Graduate,Salaried,1729857.24,1359357.4,Home,318.2,13,220,33.68,2024-04-17,1
CUST03187,54,Other,South,Secondary,Self-Employed,2238354.37,62438.23,Home,691.0,11,289,59.36,2025-05-01,0
CUST03188,46,Male,West,Post-Graduate,Self-Employed,268047.36,1439065.78,Other,612.6,18,152,13.86,2023-06-05,0
CUST03189,18,Other,East,Primary,Unemployed,2541380.64,1404302.02,Home,819.5,0,378,71.3,2018-01-08,1
CUST03190,64,Other,North,Primary,Salaried,2459753.97,22254.13,Other,829.8,19,178,28.05,2018-09-03,0
CUST03191,25,Female,South,Post-Graduate,Salaried,2655917.0,413903.58,Car,371.2,17,308,21.49,2024-03-14,1
CUST03192,40,Other,West,Graduate,Unemployed,511495.67,1383391.54,Business,473.6,13,253,34.28,2025-11-02,1
CUST03193,40,Female,West,Secondary,Salaried,1336576.64,1598480.13,Other,734.0,8,238,58.47,2021-12-19,0
CUST03194,57,Male,West,Graduate,Self-Employed,1837392.79,421087.34,Home,372.9,19,194,78.41,2025-01-16,1
CUST03195,48,Female,North,Graduate,Unemployed,2124539.72,550598.12,Other,817.5,3,180,55.33,2022-08-05,1
CUST03196,62,Other,South,Primary,Unemployed,629222.39,830703.24,Other,749.3,14,463,71.05,2024-09-10,0
CUST03197,37,Male,South,Primary,Self-Employed,2341587.49,224094.03,Education,716.9,10,406,29.01,2022-01-12,0
CUST03198,70,Other,West,Secondary,Self-Employed,1200472.19,110768.46,Education,798.0,10,224,33.07,2023-09-14,0
CUST03199,19,Male,West,Secondary,Unemployed,770193.99,1890427.05,Home,531.2,0,24,55.05,2020-05-30,1
CUST03200,41,Female,West,Primary,Salaried,1905375.19,846578.73,Car,536.1,23,155,61.52,2022-04-12,1
CUST03201,49,Female,West,Graduate,Self-Employed,2282438.19,911249.46,Education,664.7,3,427,63.49,2022-06-19,1
CUST03202,26,Other,West,Primary,Salaried,1066350.76,795168.61,Business,543.6,23,263,102.21,2023-06-04,1
CUST03203,68,Female,East,Secondary,Self-Employed,477783.19,1978109.32,Car,663.2,21,491,25.76,2021-03-18,0
CUST03204,55,Male,West,Post-Graduate,Salaried,1994830.22,708954.26,Car,516.3,24,180,22.02,2024-03-24,1
CUST03205,40,Male,East,Primary,Self-Employed,1074652.93,1438390.97,Business,365.0,1,58,90.8,2022-09-15,1
CUST03206,30,Female,North,Secondary,Salaried,663382.93,129204.48,Education,442.7,20,494,117.72,2019-03-14,1
CUST03207,40,Male,North,Secondary,Salaried,1719558.18,843360.75,Other,540.5,14,416,67.26,2024-05-18,1
CUST03208,39,Female,North,Secondary,Unemployed,2792466.93,1739244.83,Business,484.3,11,398,104.19,2022-08-18,1
CUST03209,41,Female,East,Primary,Self-Employed,2137379.89,1934414.63,Home,406.9,18,95,48.21,2021-06-09,1
CUST03210,28,Female,East,Graduate,Salaried,662090.93,78371.76,Home,475.4,0,275,74.37,2023-09-23,1
CUST03211,27,Male,South,Graduate,Unemployed,1330463.55,1516689.43,Home,415.7,14,234,25.49,2018-01-05,1
CUST03212,57,Male,North,Primary,Self-Employed,1024498.44,98487.24,Other,541.9,24,155,31.86,2023-05-05,1
CUST03213,61,Female,North,Primary,Self-Employed,274474.08,166275.64,Business,386.2,11,342,48.56,2023-10-25,1
CUST03214,36,Male,North,Primary,Unemployed,480042.44,888135.26,Business,805.4,1,221,119.98,2025-01-04,1
CUST03215,37,Female,South,Post-Graduate,Salaried,1307722.11,507344.02,Education,434.6,6,36,74.08,2023-01-06,1
CUST03216,38,Female,South,Primary,Unemployed,219273.13,1735222.41,Home,821.5,16,335,7.09,2025-11-21,0
CUST03217,29,Other,West,Post-Graduate,Self-Employed,504244.39,1602787.69,Car,783.0,2,277,5.34,2025-11-20,1
CUST03218,68,Female,East,Secondary,Self-Employed,1126544.8,957153.57,Other,510.1,19,370,10.31,2023-05-12,1
CUST03219,51,Male,East,Post-Graduate,Salaried,2494961.47,317692.86,Business,791.6,10,429,59.55,2023-07-14,0
CUST03220,51,Male,South,Graduate,Unemployed,697262.2,831715.97,Business,699.9,3,314,74.62,2025-09-16,1
CUST03221,20,Female,East,Post-Graduate,Self-Employed,1959703.04,1823270.27,Car,424.7,10,480,114.7,2019-02-02,1
CUST03222,47,Male,North,Secondary,Self-Employed,1289370.85,801597.75,Business,822.1,18,326,46.42,2020-04-09,0
CUST03223,36,Male,North,Graduate,Self-Employed,1814946.53,1564250.75,Home,695.9,1,366,104.64,2019-05-31,1
CUST03224,62,Male,North,Secondary,Salaried,934224.7,67660.9,Home,624.0,24,449,104.3,2018-06-14,0
CUST03225,42,Male,North,Primary,Salaried,2659001.99,163430.32,Home,613.5,16,447,42.04,2024-01-27,0
CUST03226,40,Female,South,Primary,Self-Employed,885128.54,1649024.2,Home,367.3,19,459,82.52,2023-05-26,1
CUST03227,65,Other,East,Primary,Unemployed,2376447.14,17916.57,Business,805.3,24,100,28.01,2023-04-21,0
CUST03228,70,Other,East,Secondary,Salaried,1797220.94,860268.56,Home,823.1,15,68,86.37,2018-01-02,0
CUST03229,57,Female,South,Secondary,Unemployed,576491.85,189314.34,Education,445.5,9,285,40.73,2022-07-13,1
CUST03230,30,Male,North,Primary,Self-Employed,1283110.17,1241370.59,Car,417.9,23,375,114.08,2020-05-30,1
CUST03231,29,Female,North,Graduate,Salaried,996743.87,1634111.66,Other,705.1,10,239,68.17,2026-03-15,0
CUST03232,18,Male,West,Secondary,Unemployed,1924927.86,70988.02,Home,381.8,9,42,8.36,2021-09-12,1
CUST03233,51,Other,East,Graduate,Self-Employed,2185406.52,1813843.16,Car,759.9,12,269,25.56,2019-03-27,0
CUST03234,33,Other,West,Graduate,Salaried,2302799.63,296856.41,Car,359.3,1,219,43.95,2018-03-02,1
CUST03235,49,Female,South,Graduate,Self-Employed,242564.38,1878012.75,Other,457.1,1,99,29.22,2024-11-13,1
CUST03236,30,Female,North,Post-Graduate,Unemployed,2634473.27,1369230.13,Car,385.5,4,251,89.39,2023-08-02,1
CUST03237,32,Other,North,Post-Graduate,Salaried,2496842.55,272432.82,Education,650.1,2,190,110.77,2022-11-28,1
CUST03238,69,Male,North,Graduate,Salaried,1569722.86,1138670.85,Education,681.7,1,253,104.84,2022-09-07,1
CUST03239,69,Female,South,Secondary,Self-Employed,2223784.6,1327305.12,Car,840.7,10,364,94.6,2019-04-19,0
CUST03240,21,Male,North,Secondary,Self-Employed,778345.96,1106793.18,Car,637.1,1,286,98.91,2021-06-21,1
CUST03241,65,Other,East,Primary,Salaried,1978021.94,1964628.1,Business,614.3,13,449,73.19,2018-07-28,0
CUST03242,54,Other,North,Post-Graduate,Salaried,275091.27,262676.26,Other,703.6,21,493,92.48,2024-12-15,0
CUST03243,20,Other,North,Post-Graduate,Salaried,2592038.49,875214.37,Home,668.8,24,3,40.8,2025-01-20,0
CUST03244,46,Male,South,Primary,Unemployed,770907.11,1093950.52,Other,805.1,17,377,110.02,2020-11-12,0
CUST03245,60,Male,North,Graduate,Unemployed,916075.88,1193796.4,Home,635.0,21,44,119.38,2023-06-19,0
CUST03246,43,Other,East,Graduate,Unemployed,2519628.55,1818506.19,Home,766.3,12,281,67.0,2024-02-05,0
CUST03247,44,Female,North,Graduate,Unemployed,207630.99,1794930.7,Car,468.7,20,35,11.83,2018-04-23,1
CUST03248,18,Male,North,Graduate,Self-Employed,800616.21,1604123.1,Business,637.8,21,328,113.43,2025-02-09,0
CUST03249,57,Other,South,Graduate,Unemployed,606728.28,1194768.64,Home,506.8,4,477,40.39,2020-12-19,1
CUST03250,39,Male,East,Secondary,Unemployed,2937719.54,1223108.03,Education,606.6,12,90,63.31,2020-01-06,0
CUST03251,66,Other,North,Secondary,Salaried,2623536.86,1731887.14,Car,481.6,12,205,76.1,2020-01-17,1
CUST03252,48,Male,North,Graduate,Salaried,482749.8,1627785.9,Home,610.9,19,429,9.84,2023-11-24,0
CUST03253,18,Other,South,Post-Graduate,Salaried,1468566.52,1078982.29,Car,396.3,19,75,58.38,2022-04-29,1
CUST03254,51,Male,South,Post-Graduate,Self-Employed,2662063.75,682918.0,Car,567.8,6,207,46.33,2019-01-03,0
CUST03255,24,Other,East,Primary,Self-Employed,1228812.61,1463289.52,Education,385.4,24,480,101.59,2022-06-29,1
CUST03256,59,Female,North,Secondary,Unemployed,2472679.86,1791899.11,Business,654.9,10,467,11.66,2018-06-21,0
CUST03257,49,Male,West,Secondary,Unemployed,2806235.05,1897457.0,Education,796.7,19,7,98.66,2018-08-30,0
CUST03258,32,Male,North,Graduate,Self-Employed,713683.93,1448973.35,Home,641.5,15,464,119.24,2021-01-15,0
CUST03259,58,Male,East,Graduate,Unemployed,2331359.82,218690.95,Car,551.5,11,229,109.52,2023-07-29,0
CUST03260,20,Female,East,Graduate,Unemployed,515354.98,469751.92,Other,345.1,2,244,28.28,2023-07-19,1
CUST03261,33,Other,West,Post-Graduate,Unemployed,2976269.38,1457706.11,Home,607.2,18,185,63.83,2019-04-20,0
CUST03262,63,Other,South,Primary,Self-Employed,2477248.2,1818740.85,Business,541.6,23,198,89.31,2023-04-12,1
CUST03263,49,Male,West,Primary,Unemployed,2192904.68,1533696.06,Education,632.7,5,498,96.66,2022-11-10,1
CUST03264,40,Male,West,Post-Graduate,Unemployed,2339701.96,1012851.69,Business,332.1,2,216,47.15,2025-06-17,1
CUST03265,38,Other,South,Post-Graduate,Salaried,309254.79,784053.09,Business,365.5,17,178,91.21,2021-08-17,1
CUST03266,20,Other,South,Secondary,Self-Employed,1087086.84,544081.87,Car,353.7,15,280,92.72,2021-07-22,1
CUST03267,24,Male,East,Graduate,Self-Employed,2590764.24,417686.17,Business,732.5,2,360,58.08,2022-03-14,1
CUST03268,22,Female,South,Graduate,Unemployed,2640696.84,1449924.11,Business,545.5,20,280,89.66,2020-07-13,1
CUST03269,68,Other,West,Graduate,Salaried,327394.54,1199707.7,Education,811.2,2,383,106.72,2025-03-04,1
CUST03270,31,Male,South,Graduate,Self-Employed,2548111.93,1973690.77,Home,488.9,20,22,70.67,2020-07-16,1
CUST03271,67,Male,South,Post-Graduate,Unemployed,478670.87,1584460.85,Business,641.1,1,42,92.94,2018-02-23,1
CUST03272,53,Other,West,Graduate,Unemployed,301071.57,666780.19,Home,807.2,13,312,41.39,2022-05-25,0
CUST03273,18,Other,South,Primary,Self-Employed,2986069.42,183317.91,Other,355.6,23,132,27.01,2025-10-06,1
CUST03274,65,Male,South,Graduate,Self-Employed,2097395.65,249987.38,Car,718.9,20,432,50.18,2018-05-07,0
CUST03275,28,Other,East,Graduate,Unemployed,678832.08,1122017.8,Car,682.4,16,212,88.45,2020-10-10,0
CUST03276,39,Other,West,Primary,Self-Employed,1889218.13,299702.07,Education,780.8,23,380,103.69,2024-08-25,0
CUST03277,35,Female,South,Secondary,Salaried,1557860.0,1691128.22,Business,654.3,0,174,34.56,2025-07-14,1
CUST03278,66,Female,South,Post-Graduate,Self-Employed,2812852.98,387556.45,Business,468.2,23,346,112.3,2022-11-20,1
CUST03279,30,Male,East,Primary,Salaried,2036951.22,1944448.09,Education,525.5,19,119,27.94,2020-07-11,1
CUST03280,37,Male,West,Graduate,Self-Employed,1333756.54,1025521.55,Home,598.0,4,429,17.11,2023-07-27,1
CUST03281,53,Other,West,Post-Graduate,Salaried,2383440.41,672697.38,Business,691.3,22,319,30.02,2025-02-22,0
CUST03282,48,Male,North,Post-Graduate,Self-Employed,674040.69,837111.46,Education,396.4,7,22,115.33,2019-10-06,1
CUST03283,36,Female,West,Secondary,Self-Employed,1432684.14,1597436.95,Business,515.2,1,477,74.02,2024-05-30,1
CUST03284,56,Male,South,Primary,Salaried,1861617.39,1757573.24,Home,692.3,3,328,91.63,2020-04-25,1
CUST03285,60,Other,East,Post-Graduate,Self-Employed,2102613.33,203465.7,Car,776.3,18,397,71.25,2021-09-30,0
CUST03286,41,Female,West,Primary,Unemployed,204317.32,1948325.34,Home,499.6,17,358,85.32,2024-10-27,1
CUST03287,23,Female,West,Graduate,Self-Employed,1897573.38,1989630.27,Car,840.9,14,464,6.2,2021-05-01,0
CUST03288,56,Other,South,Primary,Unemployed,1969982.06,1585740.62,Other,697.6,5,39,112.07,2024-07-24,1
CUST03289,36,Female,West,Post-Graduate,Salaried,2008299.81,955870.34,Car,770.0,17,162,66.88,2025-06-21,0
CUST03290,33,Male,West,Post-Graduate,Unemployed,2545311.48,1603844.27,Education,351.8,2,51,35.49,2023-02-17,1
CUST03291,23,Male,East,Secondary,Salaried,869646.96,1397831.09,Business,817.3,15,235,85.97,2021-03-08,0
CUST03292,23,Other,North,Graduate,Salaried,746514.84,1491721.71,Car,432.1,10,495,103.34,2025-03-06,1
CUST03293,28,Other,North,Primary,Salaried,2588068.47,754020.89,Home,780.4,15,212,96.29,2021-11-06,0
CUST03294,37,Male,South,Graduate,Salaried,1255474.36,614012.75,Business,546.9,0,414,13.59,2022-03-21,1
CUST03295,24,Female,East,Graduate,Self-Employed,2724555.54,129842.11,Car,738.4,9,311,17.81,2020-10-03,0
CUST03296,55,Female,East,Secondary,Self-Employed,1651000.12,1402097.51,Other,534.4,0,218,74.16,2023-02-10,1
CUST03297,36,Female,East,Post-Graduate,Unemployed,384427.59,1704754.98,Business,723.4,17,234,77.84,2020-06-16,0
CUST03298,55,Other,East,Primary,Self-Employed,1994493.21,1881676.02,Car,524.2,18,139,43.07,2022-10-13,1
CUST03299,24,Female,East,Graduate,Self-Employed,2994658.65,1874403.56,Business,366.9,2,330,63.83,2019-08-18,1
CUST03300,56,Male,East,Primary,Self-Employed,1041892.65,955646.64,Car,377.1,0,140,61.8,2023-12-12,1
CUST03301,31,Male,South,Post-Graduate,Salaried,1930170.01,82113.32,Business,586.7,14,216,42.59,2025-11-03,0
CUST03302,52,Female,East,Primary,Self-Employed,1230385.71,115945.65,Other,693.0,19,418,119.61,2018-06-17,0
CUST03303,70,Male,North,Secondary,Salaried,2906722.29,1341842.61,Car,773.6,12,39,66.29,2022-03-24,0
CUST03304,59,Male,East,Graduate,Unemployed,2251752.67,818453.28,Car,494.1,12,173,96.26,2023-07-03,1
CUST03305,70,Male,South,Post-Graduate,Self-Employed,665534.26,1687904.67,Car,414.6,23,279,97.59,2025-02-13,1
CUST03306,28,Female,East,Post-Graduate,Self-Employed,2003132.17,225855.33,Car,426.9,15,394,39.12,2020-08-08,1
CUST03307,37,Male,South,Post-Graduate,Self-Employed,2959154.54,367800.23,Car,767.4,10,387,111.7,2018-05-22,0
CUST03308,66,Female,West,Secondary,Salaried,440223.35,1770206.34,Car,482.5,24,384,29.1,2024-05-22,1
CUST03309,65,Other,West,Secondary,Self-Employed,2570176.66,582572.95,Business,839.1,15,170,80.02,2023-05-09,0
CUST03310,28,Other,East,Secondary,Self-Employed,2330193.19,293471.25,Education,408.2,12,175,72.21,2025-02-01,1
CUST03311,43,Female,West,Graduate,Self-Employed,1691216.39,1393341.1,Home,354.5,6,411,77.82,2018-04-21,1
CUST03312,28,Other,North,Primary,Salaried,1248429.19,1474646.46,Home,561.4,0,325,32.4,2023-12-20,1
CUST03313,70,Female,West,Graduate,Salaried,441708.53,695689.69,Business,334.4,13,342,88.26,2022-03-16,1
CUST03314,23,Other,East,Post-Graduate,Self-Employed,2106050.59,414249.25,Other,440.1,13,385,17.67,2020-08-09,1
CUST03315,39,Other,North,Secondary,Salaried,1034918.83,562502.71,Education,644.5,21,252,68.19,2020-01-12,0
CUST03316,48,Other,West,Secondary,Salaried,2460827.35,1580443.51,Business,650.3,10,160,112.37,2019-05-22,0
CUST03317,35,Female,West,Secondary,Salaried,1693506.74,137779.09,Other,663.3,21,14,69.85,2018-07-15,0
CUST03318,58,Male,South,Secondary,Salaried,2366630.58,1438572.97,Car,800.6,20,168,104.44,2020-06-29,0
CUST03319,36,Other,West,Primary,Self-Employed,428876.95,348019.93,Other,797.2,12,297,34.28,2018-03-19,0
CUST03320,57,Other,East,Post-Graduate,Self-Employed,2222599.48,1229497.49,Other,688.4,3,98,37.31,2023-11-22,1
CUST03321,32,Female,West,Secondary,Salaried,1298792.74,998409.78,Other,819.5,12,207,16.62,2022-05-03,0
CUST03322,30,Female,South,Post-Graduate,Self-Employed,500331.8,564348.19,Car,480.2,7,257,64.95,2025-05-18,1
CUST03323,47,Male,North,Primary,Salaried,2895159.17,695146.5,Home,378.8,16,205,117.45,2023-04-01,1
CUST03324,36,Male,North,Primary,Unemployed,2571077.56,230348.6,Other,485.2,6,261,91.67,2020-09-10,1
CUST03325,69,Other,East,Primary,Unemployed,1431276.49,1729567.62,Car,652.3,21,291,32.43,2018-11-08,0
CUST03326,70,Other,South,Primary,Salaried,448258.5,1698070.8,Education,690.2,10,250,95.14,2020-08-24,0
CUST03327,39,Female,East,Primary,Unemployed,2256525.73,1971996.41,Business,311.1,11,161,97.43,2024-01-08,1
CUST03328,65,Female,North,Post-Graduate,Self-Employed,1779580.3,220319.8,Other,671.0,3,483,102.45,2019-07-06,1
CUST03329,29,Male,North,Post-Graduate,Self-Employed,326942.77,1045460.7,Car,783.6,16,207,66.19,2022-05-06,0
CUST03330,18,Female,East,Graduate,Salaried,2325946.65,290848.18,Car,627.7,7,263,66.07,2021-03-25,0
CUST03331,23,Male,South,Graduate,Salaried,641128.55,1744047.85,Other,344.7,2,57,110.42,2024-07-19,1
CUST03332,47,Male,West,Post-Graduate,Unemployed,1534884.22,661189.59,Other,370.6,10,187,10.22,2022-12-02,1
CUST03333,24,Female,North,Secondary,Salaried,201774.84,149692.42,Other,453.5,5,102,114.54,2019-04-10,1
CUST03334,66,Male,East,Post-Graduate,Self-Employed,2063026.05,1392186.11,Education,340.5,21,353,27.65,2023-09-08,1
CUST03335,36,Male,South,Post-Graduate,Salaried,1413308.87,1319144.68,Other,585.7,24,299,111.72,2025-07-19,0
CUST03336,25,Female,North,Secondary,Unemployed,2268082.35,681535.55,Education,827.3,12,207,12.59,2019-10-29,0
CUST03337,60,Male,South,Secondary,Salaried,648657.72,1198814.06,Education,729.2,7,464,106.41,2020-08-21,0
CUST03338,36,Male,South,Primary,Self-Employed,2443231.23,145274.9,Business,455.2,9,475,64.8,2019-03-09,1
CUST03339,31,Other,East,Primary,Salaried,993748.46,922415.04,Business,842.4,22,221,86.77,2020-02-28,0
CUST03340,20,Male,East,Graduate,Unemployed,1534933.12,1629266.81,Business,819.3,13,193,22.74,2024-03-08,0
CUST03341,46,Other,West,Post-Graduate,Self-Employed,434352.76,1540339.28,Car,846.5,20,147,102.11,2023-04-29,0
CUST03342,25,Male,East,Primary,Self-Employed,2898497.08,1846935.68,Other,782.2,17,187,100.37,2024-05-15,0
CUST03343,57,Female,East,Graduate,Salaried,2923663.25,1885085.0,Car,741.6,21,314,84.73,2019-12-14,0
CUST03344,57,Female,North,Secondary,Unemployed,1930227.58,797028.65,Home,624.9,11,286,75.41,2024-06-15,0
CUST03345,27,Female,East,Post-Graduate,Salaried,2407980.97,410039.71,Business,819.1,19,271,94.86,2024-08-07,0
CUST03346,61,Male,East,Post-Graduate,Salaried,2356565.19,123921.12,Education,732.0,12,391,18.41,2022-01-19,0
CUST03347,59,Female,East,Graduate,Unemployed,301872.27,146165.58,Home,428.1,1,250,57.91,2019-04-29,1
CUST03348,25,Other,East,Secondary,Unemployed,2054859.57,589002.21,Business,690.3,4,11,93.55,2022-07-17,1
CUST03349,32,Female,East,Secondary,Unemployed,972726.76,1015789.66,Car,517.0,21,496,25.64,2020-03-20,1
CUST03350,37,Other,East,Secondary,Self-Employed,786856.81,1404401.92,Car,756.5,7,141,86.38,2019-04-15,0
CUST03351,41,Male,North,Primary,Self-Employed,2089931.15,830673.29,Car,843.2,4,329,77.9,2018-01-20,1
CUST03352,45,Female,North,Post-Graduate,Self-Employed,1495888.71,1124138.45,Education,323.0,14,366,33.46,2023-11-24,1
CUST03353,30,Male,South,Secondary,Unemployed,2130928.74,1618588.74,Other,331.7,23,36,72.71,2021-01-23,1
CUST03354,27,Male,South,Graduate,Self-Employed,572345.69,649364.9,Education,447.6,13,122,100.34,2021-10-21,1
CUST03355,46,Female,North,Graduate,Self-Employed,242702.63,827407.04,Other,805.9,9,246,104.9,2024-01-29,0
CUST03356,61,Female,South,Primary,Self-Employed,1114014.17,1372471.72,Car,744.8,13,430,11.42,2018-05-08,0
CUST03357,69,Other,East,Primary,Self-Employed,446652.0,1330018.79,Business,565.7,4,61,63.04,2023-12-09,1
CUST03358,32,Other,South,Post-Graduate,Unemployed,2367062.59,1520445.76,Business,843.1,16,151,108.38,2021-03-24,0
CUST03359,45,Male,South,Graduate,Salaried,429805.71,1739881.71,Other,634.6,6,438,64.77,2019-01-20,0
CUST03360,54,Male,West,Primary,Self-Employed,1641876.3,1024831.12,Education,843.4,8,151,116.11,2022-10-08,0
CUST03361,59,Female,West,Primary,Unemployed,495089.24,452293.69,Education,552.3,15,352,114.5,2019-01-05,0
CUST03362,65,Male,South,Primary,Salaried,148453.1,631313.06,Other,807.8,6,340,107.72,2021-05-24,0
CUST03363,70,Female,West,Secondary,Self-Employed,2630684.65,399417.19,Business,421.7,15,166,73.0,2018-03-11,1
CUST03364,46,Other,West,Post-Graduate,Self-Employed,1498902.77,124393.79,Car,793.0,11,241,11.4,2018-02-21,0
CUST03365,59,Female,East,Primary,Unemployed,1746298.51,1952477.01,Education,553.8,6,211,56.47,2018-11-02,0
CUST03366,25,Other,North,Post-Graduate,Salaried,2129368.99,732012.91,Business,460.6,5,64,31.51,2025-05-16,1
CUST03367,45,Male,North,Graduate,Unemployed,2846903.3,1025982.51,Car,448.5,20,472,109.11,2020-08-14,1
CUST03368,59,Male,East,Primary,Salaried,1114004.44,1370011.47,Car,736.1,23,55,11.01,2021-07-12,0
CUST03369,62,Male,North,Post-Graduate,Salaried,884132.59,1279346.74,Business,631.8,14,153,23.89,2019-12-29,0
CUST03370,44,Male,West,Primary,Unemployed,2088864.9,1134623.03,Education,759.2,14,447,114.98,2024-07-10,0
CUST03371,62,Female,North,Secondary,Unemployed,199264.42,677129.11,Business,809.6,19,280,99.57,2021-10-04,0
CUST03372,18,Female,East,Primary,Self-Employed,2158111.38,472277.52,Other,419.0,16,21,5.09,2024-02-24,1
CUST03373,62,Male,South,Graduate,Unemployed,2402983.97,769765.0,Business,599.4,4,271,24.34,2018-01-09,1
CUST03374,22,Male,South,Graduate,Unemployed,2626701.3,1384968.49,Home,538.2,1,484,95.08,2025-03-06,1
CUST03375,46,Female,East,Primary,Self-Employed,2120763.52,180022.52,Education,737.9,20,358,38.0,2024-11-29,0
CUST03376,28,Male,West,Post-Graduate,Self-Employed,1918973.49,105917.41,Car,334.1,23,217,8.76,2021-10-12,1
CUST03377,39,Female,North,Post-Graduate,Self-Employed,425031.69,825222.7,Car,436.1,6,397,42.26,2025-05-18,1
CUST03378,62,Other,East,Primary,Unemployed,2307697.61,1982962.26,Other,456.4,5,312,105.64,2020-07-10,1
CUST03379,18,Female,East,Primary,Salaried,1551048.77,96630.55,Other,402.2,3,29,8.08,2020-05-17,1
CUST03380,45,Female,North,Secondary,Self-Employed,2907465.64,1514129.12,Education,629.3,16,123,13.29,2026-03-05,0
CUST03381,46,Male,South,Post-Graduate,Self-Employed,2782149.86,1973225.15,Home,471.5,9,443,77.68,2021-12-23,1
CUST03382,58,Female,South,Graduate,Unemployed,1767584.54,1290667.8,Other,519.7,4,253,49.73,2018-01-20,1
CUST03383,29,Male,North,Post-Graduate,Salaried,1107896.55,351171.56,Business,620.3,22,230,79.6,2023-03-31,0
CUST03384,34,Male,West,Primary,Unemployed,1308027.76,1354413.03,Other,342.8,21,196,108.44,2021-05-21,1
CUST03385,66,Female,West,Post-Graduate,Unemployed,871404.06,1982049.79,Car,774.4,23,103,26.76,2021-10-01,0
CUST03386,57,Other,South,Primary,Salaried,1645522.33,886516.05,Business,380.0,6,65,101.87,2019-12-08,1
CUST03387,58,Female,South,Primary,Unemployed,1394749.17,684888.87,Other,773.9,17,442,105.61,2019-01-08,0
CUST03388,54,Female,West,Graduate,Self-Employed,2363480.37,1152353.69,Education,529.4,20,447,115.97,2025-11-11,1
CUST03389,29,Female,East,Secondary,Salaried,781258.59,1648579.04,Education,656.1,16,270,62.84,2022-12-19,0
CUST03390,26,Female,West,Secondary,Unemployed,872070.04,206971.82,Business,807.4,0,317,79.64,2021-12-12,1
CUST03391,56,Other,West,Post-Graduate,Self-Employed,2700902.09,1135698.41,Education,315.6,21,103,74.35,2024-01-17,1
CUST03392,32,Male,East,Post-Graduate,Unemployed,2961596.16,1633024.88,Business,728.5,14,236,44.49,2018-04-24,0
CUST03393,36,Other,South,Secondary,Salaried,2638743.56,616508.4,Other,486.5,21,419,40.95,2022-04-15,1
CUST03394,42,Female,South,Secondary,Salaried,1972792.71,402263.99,Other,312.5,19,389,18.03,2024-03-21,1
CUST03395,28,Other,East,Secondary,Salaried,1887619.94,1495697.51,Education,731.6,7,195,30.01,2025-03-01,0
CUST03396,24,Other,East,Secondary,Unemployed,2419937.09,1907022.86,Other,569.2,6,336,80.48,2025-08-09,0
CUST03397,62,Female,East,Primary,Salaried,2894978.09,638281.07,Education,624.2,18,436,40.96,2025-04-20,0
CUST03398,59,Male,South,Post-Graduate,Self-Employed,471127.92,1427529.94,Business,316.9,7,26,68.5,2023-01-10,1
CUST03399,57,Other,North,Primary,Unemployed,2662058.1,335986.27,Car,773.3,13,403,34.95,2020-11-15,0
CUST03400,50,Other,South,Graduate,Self-Employed,1524810.49,1218302.25,Car,498.5,1,475,35.58,2019-06-30,1
CUST03401,41,Other,South,Primary,Self-Employed,1157986.55,753496.55,Home,391.2,15,475,74.24,2021-07-28,1
CUST03402,59,Female,South,Graduate,Unemployed,2252051.01,33290.25,Business,354.9,24,101,47.71,2021-10-05,1
CUST03403,29,Female,South,Primary,Salaried,2527881.75,1001484.14,Car,655.4,4,352,85.63,2025-12-30,1
CUST03404,57,Male,West,Primary,Salaried,2822810.23,982680.35,Business,731.9,4,314,97.52,2020-11-03,1
CUST03405,51,Other,North,Secondary,Salaried,2332986.48,1631544.82,Other,327.6,3,451,111.71,2020-04-05,1
CUST03406,28,Other,North,Graduate,Self-Employed,2566470.77,56806.75,Other,601.1,21,35,69.52,2023-09-30,0
CUST03407,46,Female,East,Primary,Unemployed,220502.76,837119.43,Other,586.7,1,283,88.42,2023-03-21,1
CUST03408,18,Female,North,Graduate,Salaried,1869823.47,846428.99,Education,407.0,21,76,20.43,2018-08-12,1
CUST03409,37,Male,East,Graduate,Salaried,1018873.74,1632745.58,Education,539.1,11,10,114.25,2025-05-11,1
CUST03410,45,Female,South,Primary,Unemployed,2363375.06,1391821.43,Business,743.4,11,325,52.21,2019-12-18,0
CUST03411,62,Other,East,Primary,Unemployed,1665810.25,445552.01,Business,464.8,3,4,69.13,2025-10-04,1
CUST03412,31,Other,East,Graduate,Salaried,2641903.11,1056663.72,Education,374.6,2,145,20.88,2019-03-14,1
CUST03413,64,Other,East,Primary,Unemployed,1302980.8,924701.17,Car,321.1,22,419,99.83,2019-03-16,1
CUST03414,49,Female,East,Graduate,Unemployed,804313.53,1342632.63,Home,694.1,2,461,49.34,2020-06-10,1
CUST03415,63,Female,West,Secondary,Self-Employed,707811.9,1629050.3,Other,511.0,23,34,66.83,2025-07-27,1
CUST03416,42,Female,North,Primary,Salaried,2945601.73,253666.33,Other,741.0,22,481,70.22,2019-05-17,0
CUST03417,65,Female,North,Secondary,Unemployed,1465638.59,35127.4,Education,791.9,8,228,9.28,2019-09-20,0
CUST03418,58,Other,East,Post-Graduate,Unemployed,1259316.49,1314607.71,Other,653.6,17,317,63.44,2024-02-26,0
CUST03419,50,Male,West,Graduate,Unemployed,2550143.62,431042.48,Other,456.7,8,388,46.78,2018-03-03,1
CUST03420,61,Other,West,Post-Graduate,Self-Employed,2716387.51,160194.3,Business,615.8,4,368,83.99,2021-09-03,1
CUST03421,70,Other,North,Primary,Unemployed,1258223.42,852406.7,Other,599.0,18,371,30.83,2026-02-20,0
CUST03422,52,Female,East,Secondary,Self-Employed,453849.33,1461649.8,Home,596.5,12,87,87.61,2026-03-04,0
CUST03423,47,Other,South,Primary,Self-Employed,301712.81,1768145.28,Other,518.2,13,430,26.66,2020-02-12,1
CUST03424,48,Female,South,Secondary,Salaried,1535903.36,113323.37,Other,754.8,24,270,41.09,2019-06-25,0
CUST03425,68,Female,North,Secondary,Unemployed,1144383.31,1712893.65,Other,616.0,15,460,83.9,2021-11-26,0
CUST03426,35,Other,West,Post-Graduate,Salaried,514903.86,425131.1,Education,813.2,12,488,38.55,2019-02-19,0
CUST03427,43,Female,South,Secondary,Unemployed,2016344.51,1409002.84,Education,824.8,2,187,80.58,2018-07-08,1
CUST03428,26,Female,South,Post-Graduate,Salaried,2726825.57,388988.38,Business,728.8,23,275,71.27,2021-02-10,0
CUST03429,48,Other,North,Primary,Self-Employed,628764.32,912763.24,Business,566.9,3,398,79.6,2023-08-25,1
CUST03430,19,Other,South,Graduate,Self-Employed,1480114.7,1784971.42,Home,533.9,14,203,116.88,2024-07-11,1
CUST03431,23,Female,North,Post-Graduate,Unemployed,1389435.02,1935928.64,Home,363.5,23,330,63.08,2018-10-14,1
CUST03432,50,Female,North,Primary,Self-Employed,2179625.28,47890.25,Education,500.2,15,37,84.88,2019-05-27,1
CUST03433,39,Male,South,Secondary,Self-Employed,813543.97,514526.26,Education,835.0,1,48,116.82,2022-11-06,1
CUST03434,31,Female,South,Primary,Salaried,621275.05,215086.06,Education,630.8,14,236,83.73,2019-08-17,0
CUST03435,34,Other,South,Secondary,Unemployed,2201552.95,1316015.31,Education,622.8,24,338,85.51,2022-08-04,0
CUST03436,19,Other,East,Post-Graduate,Self-Employed,1336913.04,37878.73,Home,544.1,14,408,97.1,2023-08-08,1
CUST03437,34,Male,East,Secondary,Salaried,1715421.0,655420.78,Home,570.0,24,21,17.04,2024-05-20,0
CUST03438,68,Female,West,Primary,Unemployed,1205282.46,87747.26,Home,704.7,20,324,29.37,2020-08-15,0
CUST03439,68,Other,West,Primary,Unemployed,2313547.35,54181.8,Education,514.2,14,162,18.71,2021-02-05,1
CUST03440,20,Other,North,Post-Graduate,Self-Employed,1204110.41,1346928.87,Home,790.8,11,2,93.45,2024-10-16,0
CUST03441,58,Male,West,Graduate,Self-Employed,2532025.2,1958630.83,Car,539.8,21,40,57.54,2024-04-11,1
CUST03442,59,Male,South,Graduate,Self-Employed,1934229.8,1033406.89,Other,441.9,13,2,69.26,2025-07-06,1
CUST03443,21,Other,South,Post-Graduate,Salaried,2778398.85,843082.96,Business,688.1,9,120,77.74,2019-12-04,0
CUST03444,65,Male,North,Primary,Unemployed,1922166.93,1747404.14,Other,726.9,19,136,114.55,2021-11-27,0
CUST03445,59,Male,West,Post-Graduate,Salaried,1672353.8,945081.59,Car,484.6,10,429,42.28,2018-12-04,1
CUST03446,23,Other,West,Secondary,Salaried,1292310.89,1897398.13,Home,467.8,6,162,49.49,2025-02-09,1
CUST03447,44,Female,North,Secondary,Self-Employed,2620650.79,675447.42,Education,794.3,8,462,37.88,2018-08-26,0
CUST03448,51,Male,East,Graduate,Self-Employed,1908984.18,1198140.5,Car,422.2,7,311,40.66,2022-11-20,1
CUST03449,19,Male,East,Primary,Unemployed,1175057.31,283590.96,Car,614.9,3,261,70.02,2020-01-03,1
CUST03450,21,Male,South,Post-Graduate,Salaried,958789.0,249167.0,Home,322.5,3,118,80.88,2020-10-17,1
CUST03451,32,Female,North,Secondary,Self-Employed,2754299.9,347018.09,Other,633.9,21,35,7.21,2020-11-06,0
CUST03452,52,Male,South,Post-Graduate,Self-Employed,1372408.73,1369548.06,Car,658.7,15,293,38.33,2020-12-11,0
CUST03453,70,Male,West,Primary,Unemployed,607182.78,1553127.5,Business,815.3,13,282,8.75,2025-01-16,0
CUST03454,31,Female,West,Graduate,Unemployed,1863653.71,360547.02,Education,640.1,9,63,98.01,2019-01-26,0
CUST03455,39,Other,East,Secondary,Salaried,1104143.19,1606942.2,Home,604.4,1,140,8.14,2020-01-18,1
CUST03456,59,Other,West,Post-Graduate,Unemployed,2747555.09,1978316.03,Education,832.4,11,225,118.18,2021-04-25,0
CUST03457,50,Other,North,Secondary,Unemployed,1858074.56,1605421.45,Home,529.1,10,389,46.46,2024-04-27,1
CUST03458,34,Male,North,Primary,Self-Employed,2697217.19,1606235.81,Car,340.2,3,462,27.31,2020-09-29,1
CUST03459,25,Female,West,Graduate,Self-Employed,2004377.4,928324.82,Home,502.5,24,372,18.14,2023-11-20,1
CUST03460,31,Female,East,Secondary,Self-Employed,254721.52,206812.24,Business,628.9,5,321,76.89,2022-03-02,1
CUST03461,60,Other,North,Secondary,Salaried,347124.07,40425.53,Home,553.5,19,227,82.61,2022-02-06,0
CUST03462,29,Male,East,Secondary,Self-Employed,2039485.62,956901.24,Car,630.5,13,247,116.5,2025-10-01,0
CUST03463,54,Female,East,Primary,Salaried,549468.55,1060896.33,Home,722.5,13,454,7.94,2025-10-22,0
CUST03464,41,Female,East,Post-Graduate,Salaried,2759120.47,1974132.73,Business,532.2,21,66,57.33,2018-12-07,1
CUST03465,42,Female,South,Secondary,Self-Employed,325067.5,1743931.25,Business,339.1,1,317,85.11,2025-05-23,1
CUST03466,28,Other,South,Post-Graduate,Self-Employed,1026555.39,209618.56,Home,756.5,21,143,27.94,2023-08-20,0
CUST03467,33,Male,South,Primary,Salaried,2053527.1,1694815.24,Other,762.0,15,474,79.55,2026-01-12,0
CUST03468,20,Other,North,Secondary,Self-Employed,1779281.02,1300543.32,Home,704.3,22,10,56.54,2023-08-11,0
CUST03469,28,Female,South,Primary,Self-Employed,1204570.99,1705277.73,Business,556.3,20,170,9.37,2020-07-04,0
CUST03470,25,Other,North,Post-Graduate,Salaried,1224637.95,1413910.03,Business,416.8,21,366,40.32,2019-09-26,1
CUST03471,33,Male,East,Graduate,Salaried,2939500.56,1116355.18,Business,801.8,8,498,14.15,2019-06-16,0
CUST03472,53,Male,North,Post-Graduate,Self-Employed,1676145.09,1498675.2,Education,378.8,8,487,23.46,2024-12-01,1
CUST03473,31,Female,South,Secondary,Unemployed,1492653.14,1784145.57,Home,535.6,10,34,12.26,2025-02-18,1
CUST03474,50,Female,West,Post-Graduate,Unemployed,1171674.81,1730042.65,Education,547.4,2,79,106.73,2023-06-15,1
CUST03475,34,Other,East,Primary,Self-Employed,2562444.78,671589.23,Home,510.0,13,199,48.99,2023-11-26,1
CUST03476,47,Male,East,Primary,Unemployed,1697832.88,1741547.96,Business,787.5,16,161,83.12,2020-06-10,0
CUST03477,40,Female,East,Secondary,Salaried,282474.97,1960881.59,Car,730.8,2,227,32.25,2019-06-01,1
CUST03478,65,Other,East,Secondary,Unemployed,2783004.85,1100398.72,Business,467.8,23,345,5.57,2020-02-29,1
CUST03479,35,Female,West,Post-Graduate,Unemployed,674153.59,158477.56,Business,448.8,11,300,47.09,2025-03-18,1
CUST03480,66,Male,West,Post-Graduate,Salaried,2654619.52,597564.95,Business,303.0,15,409,70.31,2019-06-29,1
CUST03481,37,Male,East,Post-Graduate,Unemployed,2492720.66,973322.94,Car,687.6,11,302,52.52,2025-10-07,0
CUST03482,38,Male,East,Post-Graduate,Salaried,590694.65,474156.42,Education,429.3,7,138,89.35,2018-07-17,1
CUST03483,70,Female,East,Graduate,Self-Employed,1500084.57,1038051.2,Business,715.9,22,190,89.77,2024-03-19,0
CUST03484,66,Male,West,Secondary,Unemployed,1353024.93,1793994.58,Education,718.5,4,194,45.33,2022-03-22,1
CUST03485,65,Male,West,Post-Graduate,Self-Employed,708056.55,1021740.03,Home,700.6,24,376,5.17,2018-07-02,0
CUST03486,30,Other,West,Secondary,Self-Employed,2100990.84,1933681.83,Other,464.4,16,435,113.62,2020-06-16,1
CUST03487,37,Female,North,Post-Graduate,Unemployed,512640.43,1448119.46,Business,706.4,17,71,12.61,2018-01-15,0
CUST03488,52,Female,East,Graduate,Salaried,1133855.63,259914.6,Other,510.0,16,118,61.54,2025-07-15,1
CUST03489,59,Female,South,Graduate,Self-Employed,443024.42,654350.73,Car,418.8,8,103,111.25,2022-06-17,1
CUST03490,43,Other,West,Graduate,Unemployed,1229019.05,75070.53,Business,457.4,12,240,112.3,2024-05-17,1
CUST03491,50,Other,North,Graduate,Salaried,917788.08,1664744.99,Education,346.0,14,232,104.66,2026-01-03,1
CUST03492,32,Male,West,Primary,Salaried,2224517.35,1407884.12,Car,321.4,21,148,12.76,2025-02-12,1
CUST03493,55,Other,South,Graduate,Unemployed,2487873.07,884637.85,Other,474.2,4,491,37.67,2019-06-28,1
CUST03494,52,Male,East,Graduate,Salaried,1481955.32,426700.03,Education,452.4,7,73,89.16,2025-08-25,1
CUST03495,33,Female,North,Secondary,Self-Employed,124648.11,332878.33,Home,833.9,2,154,43.76,2019-03-28,1
CUST03496,30,Other,West,Secondary,Unemployed,2587712.23,636615.66,Other,356.3,2,334,42.38,2026-01-13,1
CUST03497,33,Male,South,Primary,Salaried,283084.0,455537.95,Education,582.2,10,478,16.46,2024-01-10,0
CUST03498,31,Female,West,Graduate,Salaried,1552037.87,1145354.77,Other,736.7,8,473,111.29,2025-09-17,0
CUST03499,59,Male,South,Secondary,Unemployed,791205.01,412993.47,Business,514.7,11,150,108.5,2025-06-02,1
CUST03500,39,Other,North,Post-Graduate,Salaried,2241376.76,1461819.07,Business,451.0,16,385,40.09,2025-12-21,1
CUST03501,38,Female,South,Graduate,Self-Employed,510751.15,1797848.89,Home,379.8,13,424,48.42,2019-01-15,1
CUST03502,46,Other,West,Primary,Salaried,1217433.29,1522451.62,Other,519.1,24,82,46.34,2025-12-04,1
CUST03503,65,Male,East,Post-Graduate,Salaried,1258654.4,1872981.8,Business,817.8,13,61,99.04,2021-10-31,0
CUST03504,70,Other,South,Graduate,Self-Employed,296845.27,662011.9,Business,392.7,11,45,82.99,2018-06-15,1
CUST03505,58,Male,North,Primary,Salaried,215787.12,1185937.79,Business,790.0,16,138,86.86,2024-02-03,0
CUST03506,55,Female,South,Secondary,Self-Employed,2664132.25,593639.49,Education,538.3,23,213,104.68,2023-05-20,1
CUST03507,23,Female,North,Secondary,Salaried,156876.68,1536810.89,Home,514.7,2,53,77.77,2025-03-22,1
CUST03508,69,Other,East,Graduate,Salaried,305971.66,1606477.31,Education,574.3,20,441,108.8,2019-01-01,0
CUST03509,56,Female,North,Post-Graduate,Salaried,894526.6,1597036.79,Business,571.6,15,427,60.1,2025-12-29,0
CUST03510,67,Female,North,Post-Graduate,Salaried,2252585.28,1071330.55,Home,316.0,18,494,51.22,2018-12-05,1
CUST03511,27,Female,West,Primary,Self-Employed,2653983.58,8479.16,Education,360.2,14,341,119.22,2020-06-16,1
CUST03512,61,Male,North,Post-Graduate,Salaried,2342663.6,315544.58,Business,811.5,4,59,94.39,2022-12-26,1
CUST03513,57,Other,South,Graduate,Self-Employed,1596803.3,1054597.27,Car,480.1,7,431,95.44,2023-04-01,1
CUST03514,20,Female,West,Post-Graduate,Unemployed,1872733.53,314394.79,Car,827.8,21,378,33.63,2022-07-18,0
CUST03515,56,Other,East,Post-Graduate,Salaried,2290769.86,713272.09,Business,462.3,8,464,7.92,2021-09-14,1
CUST03516,64,Male,North,Secondary,Unemployed,2121315.51,1652257.56,Car,755.9,14,157,40.87,2021-09-05,0
CUST03517,45,Female,West,Post-Graduate,Self-Employed,1404745.14,160524.9,Home,639.9,10,215,17.85,2022-07-11,0
CUST03518,23,Female,West,Graduate,Self-Employed,1152865.66,1420280.69,Business,460.3,12,301,87.78,2019-05-03,1
CUST03519,19,Other,South,Post-Graduate,Salaried,2090700.72,968000.91,Home,312.4,19,422,67.35,2019-12-30,1
CUST03520,57,Male,South,Graduate,Self-Employed,331248.74,672206.6,Home,555.7,5,70,59.95,2020-09-22,1
CUST03521,20,Other,North,Graduate,Self-Employed,1764983.27,691130.45,Other,563.8,7,325,21.47,2021-05-17,0
CUST03522,51,Other,East,Graduate,Salaried,2105782.23,1627159.06,Home,390.7,12,405,56.24,2024-09-06,1
CUST03523,20,Other,East,Primary,Salaried,820104.45,1120745.0,Home,652.5,21,289,117.45,2018-02-14,0
CUST03524,31,Other,East,Secondary,Salaried,1838753.01,1472592.19,Other,573.0,7,322,101.58,2021-10-08,0
CUST03525,65,Male,East,Graduate,Unemployed,1128194.29,765065.7,Business,519.4,20,460,82.19,2019-06-30,1
CUST03526,25,Female,South,Post-Graduate,Salaried,2070343.47,567009.8,Car,328.6,11,134,46.03,2025-05-30,1
CUST03527,19,Other,South,Graduate,Unemployed,1477686.49,1887978.26,Business,654.7,10,335,12.03,2018-01-11,0
CUST03528,19,Male,North,Primary,Self-Employed,2549060.48,159828.64,Other,471.2,13,176,26.05,2019-07-09,1
CUST03529,62,Male,North,Primary,Salaried,2769552.78,1434708.95,Other,781.6,15,274,86.52,2018-04-04,0
CUST03530,41,Female,South,Post-Graduate,Salaried,2411392.1,446105.74,Education,357.6,20,439,89.85,2021-04-08,1
CUST03531,23,Female,West,Primary,Unemployed,1602188.4,100584.73,Home,836.1,6,144,26.87,2024-03-21,0
CUST03532,30,Other,West,Primary,Unemployed,789319.36,1432423.31,Business,703.6,17,390,84.97,2019-11-25,0
CUST03533,53,Other,West,Primary,Salaried,2976254.54,242361.9,Business,369.0,9,316,116.6,2023-08-06,1
CUST03534,26,Female,North,Graduate,Self-Employed,495047.7,1550112.28,Car,364.7,1,470,106.97,2024-06-14,1
CUST03535,41,Male,East,Post-Graduate,Salaried,232768.04,1399763.01,Home,323.3,21,58,27.1,2018-06-13,1
CUST03536,41,Male,West,Secondary,Self-Employed,1003231.14,1809147.19,Car,564.6,4,329,29.27,2024-09-30,1
CUST03537,29,Female,West,Primary,Salaried,1295259.57,544817.36,Education,823.3,15,159,110.0,2024-07-12,0
CUST03538,26,Other,North,Post-Graduate,Unemployed,2353773.94,737837.52,Home,363.3,24,355,28.8,2021-06-12,1
CUST03539,31,Female,South,Secondary,Unemployed,2526897.48,1799733.22,Car,460.0,9,92,31.31,2022-07-03,1
CUST03540,48,Other,North,Post-Graduate,Self-Employed,2147276.43,1385547.45,Car,316.6,14,264,32.85,2021-09-30,1
CUST03541,23,Female,South,Primary,Salaried,681846.69,742848.91,Home,363.5,5,430,80.39,2018-07-07,1
CUST03542,58,Female,North,Post-Graduate,Self-Employed,1959480.81,391407.43,Other,644.4,6,8,62.45,2023-07-28,0
CUST03543,45,Other,North,Post-Graduate,Self-Employed,692539.28,581277.32,Education,479.8,17,179,105.69,2018-04-20,1
CUST03544,55,Female,North,Post-Graduate,Salaried,846205.2,878719.42,Business,589.7,4,132,43.84,2021-08-17,1
CUST03545,69,Female,South,Graduate,Unemployed,687381.86,1377239.53,Business,685.4,1,256,112.97,2021-08-29,1
CUST03546,20,Female,South,Graduate,Self-Employed,137068.38,706682.89,Home,651.2,12,325,94.91,2020-05-31,0
CUST03547,32,Male,West,Post-Graduate,Self-Employed,2627205.46,1550809.48,Other,519.2,15,398,66.55,2024-10-25,1
CUST03548,36,Male,West,Primary,Salaried,2487214.91,787214.42,Education,835.3,23,391,113.35,2022-08-26,0
CUST03549,24,Female,West,Graduate,Self-Employed,221944.21,278049.65,Home,819.2,23,281,20.66,2019-08-31,0
CUST03550,37,Other,East,Secondary,Self-Employed,1145776.88,976474.08,Car,413.2,4,258,42.1,2020-03-27,1
CUST03551,68,Other,South,Secondary,Salaried,2897315.06,71580.32,Business,750.3,11,444,86.97,2024-02-16,0
CUST03552,20,Male,South,Post-Graduate,Self-Employed,1971673.3,1566425.34,Home,654.8,22,169,118.44,2019-03-21,0
CUST03553,57,Female,West,Post-Graduate,Self-Employed,1437081.31,1595378.47,Car,571.2,13,383,65.61,2022-03-06,0
CUST03554,23,Male,East,Primary,Salaried,2385066.3,731760.23,Other,624.2,8,73,26.77,2022-10-22,0
CUST03555,49,Other,East,Post-Graduate,Self-Employed,815343.11,1076442.86,Business,667.2,7,235,92.95,2024-04-01,0
CUST03556,38,Male,East,Secondary,Self-Employed,725673.64,498628.74,Car,724.3,11,249,61.78,2019-08-11,0
CUST03557,55,Female,East,Secondary,Self-Employed,670527.96,681848.16,Education,388.9,15,148,53.83,2023-02-15,1
CUST03558,64,Other,South,Secondary,Self-Employed,1200098.65,1494611.39,Education,757.5,14,165,77.61,2024-12-18,0
CUST03559,52,Female,East,Primary,Unemployed,813537.0,880437.23,Home,738.3,5,232,80.59,2023-08-11,1
CUST03560,67,Other,East,Graduate,Unemployed,481444.46,1858692.65,Other,673.5,23,44,109.56,2018-03-18,0
CUST03561,59,Other,East,Post-Graduate,Unemployed,2168227.88,41235.99,Business,582.0,17,306,66.89,2021-09-22,0
CUST03562,59,Other,North,Secondary,Unemployed,2830389.97,1889213.42,Home,355.4,17,129,81.17,2021-05-08,1
CUST03563,18,Male,South,Secondary,Salaried,272079.71,160789.2,Other,355.1,14,18,112.56,2024-10-06,1
CUST03564,64,Female,East,Primary,Salaried,2133581.72,767359.49,Car,493.5,19,88,39.11,2025-03-04,1
CUST03565,22,Other,North,Graduate,Unemployed,1020257.46,462207.04,Car,602.5,8,423,74.36,2023-12-23,0
CUST03566,23,Male,East,Post-Graduate,Unemployed,1650494.47,284926.05,Home,487.6,18,98,86.08,2020-04-17,1
CUST03567,43,Male,South,Graduate,Salaried,463412.1,1712939.62,Home,397.1,3,162,11.87,2019-06-25,1
CUST03568,33,Other,East,Graduate,Salaried,1188142.37,1135214.68,Other,590.9,20,188,62.83,2024-02-04,0
CUST03569,63,Female,East,Secondary,Salaried,1270796.68,1903223.05,Home,496.6,24,386,97.38,2021-04-23,1
CUST03570,38,Other,North,Graduate,Unemployed,1172596.34,209963.47,Car,375.5,19,369,22.84,2021-09-22,1
CUST03571,64,Female,South,Primary,Salaried,2351258.45,1665954.96,Home,483.2,17,242,68.59,2021-11-05,1
CUST03572,65,Other,West,Secondary,Self-Employed,2066464.45,1739655.9,Education,554.0,6,340,11.55,2024-10-19,0
CUST03573,66,Male,West,Post-Graduate,Self-Employed,1018234.15,1051567.42,Business,746.3,8,415,117.48,2025-06-27,0
CUST03574,22,Male,South,Graduate,Salaried,2765801.44,118847.13,Car,525.1,20,457,105.21,2022-04-11,1
CUST03575,19,Other,North,Primary,Salaried,371780.43,1462409.74,Car,521.6,13,367,8.08,2018-08-27,1
CUST03576,64,Female,East,Primary,Self-Employed,251777.94,1462656.74,Business,612.9,2,103,67.15,2021-02-02,1
CUST03577,21,Other,North,Primary,Self-Employed,203460.79,1485292.51,Other,725.9,2,198,70.91,2025-09-04,1
CUST03578,39,Female,West,Secondary,Self-Employed,946063.36,283196.28,Other,408.8,2,240,6.79,2025-04-25,1
CUST03579,25,Female,West,Graduate,Self-Employed,754542.55,493924.81,Business,498.0,16,216,101.45,2019-06-28,1
CUST03580,30,Other,North,Secondary,Unemployed,552651.71,1964587.63,Business,592.7,8,348,10.41,2022-03-07,0
CUST03581,40,Male,East,Graduate,Salaried,152642.61,1464113.78,Education,745.2,18,74,107.06,2022-11-14,0
CUST03582,59,Female,East,Post-Graduate,Unemployed,1346617.09,390301.46,Other,584.5,5,499,51.12,2020-12-25,1
CUST03583,65,Male,West,Graduate,Unemployed,1926949.57,246603.01,Car,312.9,22,187,40.88,2024-09-28,1
CUST03584,33,Male,West,Graduate,Unemployed,574323.05,58579.19,Car,502.8,24,282,86.72,2023-05-25,1
CUST03585,60,Male,North,Post-Graduate,Self-Employed,2679576.88,1436483.08,Education,564.7,16,167,90.63,2023-01-13,0
CUST03586,51,Male,North,Secondary,Self-Employed,1300282.89,1373546.05,Home,374.8,19,370,26.47,2025-01-22,1
CUST03587,48,Other,East,Primary,Unemployed,492983.78,1447041.85,Home,701.5,2,188,28.37,2019-04-09,1
CUST03588,23,Other,West,Graduate,Unemployed,1154159.03,423588.97,Other,419.7,15,237,100.32,2019-02-14,1
CUST03589,44,Male,West,Graduate,Salaried,1608670.58,714781.15,Business,556.9,18,469,43.87,2018-06-26,0
CUST03590,47,Other,West,Secondary,Unemployed,2368875.49,194345.5,Business,476.6,16,194,30.57,2019-01-18,1
CUST03591,26,Male,South,Secondary,Self-Employed,1741785.94,213878.53,Education,500.4,20,360,67.78,2021-05-16,1
CUST03592,41,Other,South,Secondary,Unemployed,375596.12,325835.97,Education,341.1,17,50,67.78,2019-09-06,1
CUST03593,58,Female,West,Primary,Salaried,1096997.68,59480.26,Business,794.3,3,114,57.35,2020-11-17,1
CUST03594,33,Other,North,Graduate,Unemployed,404406.79,1901387.12,Business,610.3,0,397,28.23,2025-04-28,1
CUST03595,27,Male,South,Graduate,Unemployed,1726064.53,1535206.09,Other,553.2,20,98,44.88,2018-05-12,0
CUST03596,29,Other,East,Primary,Salaried,2173639.5,1114122.91,Other,515.2,21,243,21.29,2018-02-10,1
CUST03597,37,Other,South,Secondary,Salaried,2269501.42,1767022.88,Education,517.4,11,474,118.15,2021-02-05,1
CUST03598,42,Male,West,Primary,Self-Employed,1586682.96,1924840.38,Car,480.8,1,351,105.07,2024-03-09,1
CUST03599,26,Other,South,Graduate,Self-Employed,734356.71,611706.74,Business,781.7,19,418,22.93,2020-11-16,0
CUST03600,23,Other,South,Post-Graduate,Salaried,2328681.42,111317.05,Car,538.7,13,387,28.48,2020-01-15,1
CUST03601,45,Male,West,Post-Graduate,Self-Employed,1120125.21,1278106.88,Business,538.4,4,385,84.28,2023-10-12,1
CUST03602,66,Other,East,Post-Graduate,Unemployed,712381.46,1358547.48,Education,486.9,18,112,64.56,2021-04-01,1
CUST03603,52,Male,North,Graduate,Salaried,1516215.99,638279.3,Education,750.3,12,220,38.62,2022-05-23,0
CUST03604,45,Female,West,Primary,Unemployed,2658351.49,364224.44,Business,413.2,19,110,41.7,2024-06-21,1
CUST03605,51,Male,South,Graduate,Salaried,769624.3,1112641.89,Other,826.1,1,176,119.64,2020-03-05,1
CUST03606,54,Other,South,Graduate,Unemployed,2064373.17,1731898.1,Other,749.6,15,10,76.38,2024-05-26,0
CUST03607,28,Female,West,Primary,Self-Employed,1031725.18,436027.76,Car,386.7,24,87,18.58,2019-04-21,1
CUST03608,48,Other,North,Graduate,Salaried,2420642.19,1200507.7,Home,332.5,2,252,75.39,2022-09-19,1
CUST03609,49,Other,West,Post-Graduate,Self-Employed,1864757.72,659616.15,Car,609.5,6,121,80.8,2022-05-22,0
CUST03610,25,Female,West,Graduate,Self-Employed,1844786.44,1091876.93,Education,754.6,15,360,11.13,2022-11-22,0
CUST03611,58,Male,East,Secondary,Unemployed,1271117.52,797025.37,Education,373.8,15,343,119.73,2025-12-02,1
CUST03612,24,Male,South,Post-Graduate,Unemployed,1620523.64,970253.03,Home,776.8,7,250,101.85,2025-12-28,0
CUST03613,67,Female,West,Post-Graduate,Self-Employed,2460845.53,1388829.99,Car,683.7,21,495,17.64,2019-11-09,0
CUST03614,43,Female,South,Primary,Self-Employed,339640.81,1702215.39,Education,525.3,20,441,39.0,2024-06-07,1
CUST03615,34,Other,East,Graduate,Self-Employed,1366564.57,848258.58,Education,479.5,20,330,69.09,2019-07-03,1
CUST03616,43,Male,North,Graduate,Self-Employed,2695178.54,256059.7,Car,549.6,2,161,35.85,2020-05-24,1
CUST03617,68,Female,North,Secondary,Unemployed,895865.71,1188596.44,Car,543.0,18,83,77.59,2020-11-07,1
CUST03618,20,Other,South,Primary,Unemployed,1543407.13,1991290.25,Other,493.2,9,39,94.54,2024-12-01,1
CUST03619,38,Male,South,Post-Graduate,Salaried,2283869.03,745814.82,Education,321.0,15,378,16.25,2025-07-19,1
CUST03620,43,Female,South,Post-Graduate,Self-Employed,970755.9,1522715.71,Home,409.3,22,58,9.84,2022-08-09,1
CUST03621,33,Other,South,Secondary,Self-Employed,530788.74,968535.99,Home,532.0,0,311,67.85,2024-06-26,1
CUST03622,47,Male,West,Graduate,Salaried,2866310.54,1751351.29,Education,783.3,9,342,58.09,2024-08-23,0
CUST03623,25,Other,North,Post-Graduate,Salaried,1498077.62,1841607.67,Business,616.1,0,142,119.99,2022-09-29,1
CUST03624,68,Male,South,Graduate,Salaried,282678.23,1010415.86,Home,375.0,3,328,93.28,2022-12-22,1
CUST03625,60,Female,North,Primary,Unemployed,1693386.98,787274.5,Car,749.7,10,298,111.31,2024-04-30,0
CUST03626,64,Other,West,Graduate,Salaried,1839061.9,1068473.69,Home,480.9,9,74,21.03,2018-10-31,1
CUST03627,51,Other,North,Primary,Unemployed,1896636.95,280452.03,Business,693.7,0,62,95.42,2023-09-13,1
CUST03628,36,Male,East,Post-Graduate,Unemployed,1432717.77,1786660.74,Home,305.5,6,93,77.97,2018-01-06,1
CUST03629,60,Male,North,Secondary,Self-Employed,282485.12,162561.11,Home,511.1,8,443,15.29,2021-02-06,1
CUST03630,68,Male,South,Secondary,Self-Employed,154625.71,51425.98,Car,735.0,3,131,79.42,2018-08-02,1
CUST03631,47,Other,East,Primary,Self-Employed,711772.45,1551160.66,Car,548.6,20,395,119.51,2021-04-15,1
CUST03632,38,Other,East,Graduate,Unemployed,2632913.92,615753.88,Education,831.1,14,493,108.63,2022-01-19,0
CUST03633,23,Female,East,Post-Graduate,Unemployed,2131915.19,835790.41,Education,674.8,8,2,40.47,2024-02-15,0
CUST03634,53,Male,East,Secondary,Unemployed,2331101.96,160311.69,Car,344.2,23,436,30.14,2024-09-27,1
CUST03635,37,Female,South,Secondary,Self-Employed,1759590.03,1980337.76,Education,614.6,15,281,118.71,2022-02-11,0
CUST03636,58,Male,South,Primary,Salaried,2746109.31,1063963.51,Education,818.4,19,384,49.51,2025-05-07,0
CUST03637,38,Male,West,Primary,Unemployed,1570023.2,1640018.12,Education,694.3,4,231,62.61,2024-05-08,1
CUST03638,40,Other,East,Graduate,Self-Employed,1316052.45,1140401.78,Home,747.1,16,205,85.27,2020-09-29,0
CUST03639,52,Male,North,Graduate,Self-Employed,2188157.94,1116693.77,Other,459.7,7,220,44.43,2021-05-31,1
CUST03640,46,Other,South,Secondary,Unemployed,1308110.36,857714.08,Education,320.8,23,164,113.75,2025-03-18,1
CUST03641,46,Female,South,Secondary,Salaried,377092.85,538735.58,Education,310.3,3,216,69.69,2024-11-05,1
CUST03642,27,Male,South,Graduate,Self-Employed,2184780.62,1053577.07,Education,354.2,4,239,11.51,2020-06-11,1
CUST03643,40,Male,West,Secondary,Salaried,847131.53,1373460.84,Education,531.5,5,344,108.78,2018-10-07,1
CUST03644,49,Other,East,Post-Graduate,Salaried,2931991.65,1776971.03,Home,733.8,5,269,11.26,2025-07-17,1
CUST03645,32,Male,West,Primary,Unemployed,1205235.1,470517.45,Car,367.8,8,289,107.12,2021-12-15,1
CUST03646,38,Female,West,Graduate,Self-Employed,1512703.91,1061623.84,Other,413.8,24,124,10.47,2023-10-18,1
CUST03647,57,Female,North,Secondary,Unemployed,741941.39,1626942.67,Home,368.0,0,25,82.27,2020-04-12,1
CUST03648,34,Male,North,Graduate,Unemployed,2966853.15,749926.95,Other,796.5,5,447,25.8,2020-11-03,1
CUST03649,39,Female,East,Graduate,Unemployed,2022140.78,1033751.14,Other,534.0,17,171,7.67,2023-07-20,1
CUST03650,51,Other,East,Primary,Unemployed,2086198.34,8650.82,Business,588.1,11,105,73.46,2022-08-20,0
CUST03651,40,Other,West,Post-Graduate,Salaried,1464175.03,940941.27,Business,842.4,8,139,67.93,2022-06-21,0
CUST03652,41,Female,West,Post-Graduate,Self-Employed,2020034.54,680178.18,Education,497.9,1,127,92.31,2020-07-31,1
CUST03653,40,Female,South,Graduate,Unemployed,2475523.74,1587994.41,Home,592.8,19,116,94.6,2025-07-02,0
CUST03654,34,Female,North,Post-Graduate,Self-Employed,1480048.16,1908874.01,Education,337.8,18,21,31.01,2020-07-20,1
CUST03655,63,Female,North,Post-Graduate,Self-Employed,2892479.66,177916.63,Education,348.7,12,203,21.28,2018-12-18,1
CUST03656,21,Male,West,Secondary,Salaried,1492754.42,740211.88,Education,820.6,15,361,61.79,2021-04-23,0
CUST03657,46,Female,East,Graduate,Unemployed,441181.7,680133.75,Home,429.4,8,484,88.89,2023-08-01,1
CUST03658,46,Other,West,Graduate,Salaried,2169682.75,1496603.64,Business,477.2,0,129,87.28,2018-12-14,1
CUST03659,59,Other,West,Secondary,Salaried,608371.97,1167163.45,Other,495.9,19,65,43.34,2024-08-05,1
CUST03660,47,Female,North,Graduate,Self-Employed,1844309.62,1061156.33,Business,647.1,19,96,58.54,2021-07-15,0
CUST03661,66,Female,West,Primary,Unemployed,1406822.37,640431.94,Home,381.2,5,162,113.79,2025-02-05,1
CUST03662,59,Other,North,Graduate,Self-Employed,1611106.06,631071.67,Education,695.0,20,249,30.11,2021-04-28,0
CUST03663,20,Female,South,Graduate,Salaried,2173886.94,837885.35,Education,594.1,8,481,71.84,2025-12-09,0
CUST03664,63,Female,East,Primary,Salaried,1810436.59,1139524.73,Home,769.0,19,285,21.54,2019-12-03,0
CUST03665,38,Female,West,Primary,Unemployed,2132738.91,1029392.35,Home,610.7,6,231,28.03,2018-02-27,0
CUST03666,36,Male,West,Primary,Unemployed,1598446.86,239678.48,Other,770.8,21,277,59.43,2025-02-17,0
CUST03667,29,Male,South,Post-Graduate,Self-Employed,2730563.23,1401552.1,Business,555.9,13,419,62.29,2020-04-22,0
CUST03668,53,Female,East,Secondary,Self-Employed,1864461.19,1758316.43,Home,554.1,2,448,92.21,2025-08-10,1
CUST03669,54,Other,North,Post-Graduate,Unemployed,2265658.26,1004975.87,Home,653.6,10,156,51.92,2022-11-25,0
CUST03670,70,Other,East,Post-Graduate,Self-Employed,272909.23,1054518.98,Education,744.1,4,222,92.48,2018-07-28,1
CUST03671,48,Other,North,Graduate,Unemployed,2617555.96,1419821.23,Business,389.1,17,189,13.48,2019-03-23,1
CUST03672,28,Female,North,Graduate,Self-Employed,1161999.03,835049.07,Home,733.4,19,460,16.17,2025-05-01,0
CUST03673,59,Male,South,Post-Graduate,Salaried,574665.2,913701.28,Other,353.9,14,354,72.75,2023-01-18,1
CUST03674,46,Male,South,Secondary,Self-Employed,2565143.77,988370.51,Education,510.4,11,461,68.87,2019-02-15,1
CUST03675,61,Female,East,Graduate,Self-Employed,286031.73,1954357.92,Other,786.5,24,22,104.95,2023-07-21,0
CUST03676,38,Other,East,Post-Graduate,Salaried,1582533.22,1674723.96,Business,596.9,13,458,74.21,2024-04-08,0
CUST03677,40,Female,East,Post-Graduate,Self-Employed,2444356.69,1216223.78,Car,788.4,18,368,47.64,2020-03-25,0
CUST03678,57,Other,East,Secondary,Salaried,2615434.37,819299.16,Car,587.8,21,410,26.69,2018-05-02,0
CUST03679,70,Male,East,Graduate,Salaried,2257267.56,832771.23,Education,560.3,0,410,48.02,2022-08-20,1
CUST03680,28,Male,West,Primary,Salaried,254058.22,1255320.4,Other,696.6,3,374,111.48,2022-12-17,1
CUST03681,55,Female,South,Graduate,Salaried,2561572.14,294697.88,Education,727.1,9,94,68.67,2024-10-11,0
CUST03682,60,Other,West,Graduate,Unemployed,1373443.28,380154.14,Business,417.7,20,342,63.64,2023-05-30,1
CUST03683,18,Other,East,Post-Graduate,Unemployed,1892352.02,1648559.81,Car,765.8,14,370,62.0,2018-04-24,0
CUST03684,41,Female,South,Post-Graduate,Salaried,2624113.78,791528.44,Education,397.7,17,469,70.37,2023-08-24,1
CUST03685,19,Other,South,Secondary,Salaried,384186.85,1875682.04,Home,523.7,9,188,110.82,2022-06-21,1
CUST03686,49,Other,South,Graduate,Unemployed,1682558.48,419687.04,Home,396.1,7,453,113.3,2022-04-11,1
CUST03687,38,Other,East,Secondary,Self-Employed,704896.18,417656.07,Other,519.6,24,447,65.84,2024-09-03,1
CUST03688,39,Male,West,Post-Graduate,Salaried,1047211.85,892790.17,Home,658.2,12,490,92.21,2023-07-17,0
CUST03689,49,Other,West,Graduate,Salaried,998123.18,246540.61,Education,671.2,10,128,25.07,2018-11-19,0
CUST03690,39,Female,West,Primary,Self-Employed,1009364.47,663195.34,Business,560.7,2,398,56.09,2024-06-11,1
CUST03691,51,Male,West,Graduate,Salaried,2764620.33,1788530.38,Other,372.8,6,423,34.38,2022-02-15,1
CUST03692,43,Other,South,Secondary,Unemployed,2090866.57,43139.78,Education,534.6,8,267,74.56,2021-04-23,1
CUST03693,67,Female,South,Post-Graduate,Unemployed,1028656.15,890764.18,Other,721.8,21,193,91.07,2020-07-18,0
CUST03694,20,Male,West,Primary,Salaried,968159.02,1069514.85,Car,552.2,7,373,64.19,2022-11-19,0
CUST03695,29,Male,North,Secondary,Salaried,844108.63,164379.35,Education,685.9,20,9,63.99,2018-01-20,0
CUST03696,20,Female,North,Post-Graduate,Unemployed,1559384.29,1365276.45,Education,453.2,15,464,10.38,2019-04-03,1
CUST03697,57,Female,South,Post-Graduate,Salaried,1166338.43,981426.64,Home,340.3,1,361,60.79,2019-08-07,1
CUST03698,68,Other,South,Graduate,Unemployed,1497410.17,1470262.27,Business,365.1,1,99,65.33,2023-04-19,1
CUST03699,36,Other,South,Primary,Self-Employed,1995451.03,1841293.88,Education,462.0,2,60,31.52,2019-10-11,1
CUST03700,43,Other,South,Secondary,Unemployed,677508.6,1930495.31,Other,512.3,9,156,58.67,2022-04-07,1
CUST03701,54,Male,East,Graduate,Salaried,1366308.26,307453.05,Car,351.8,0,349,66.29,2024-04-20,1
CUST03702,49,Female,South,Post-Graduate,Salaried,2783260.78,216582.57,Other,318.2,0,17,89.21,2021-06-16,1
CUST03703,63,Other,West,Secondary,Unemployed,2918240.78,10618.73,Car,747.2,17,285,59.94,2025-09-14,0
CUST03704,61,Male,West,Graduate,Salaried,2710341.11,1032264.69,Business,616.9,24,22,40.94,2023-04-21,0
CUST03705,50,Female,South,Secondary,Salaried,2256317.72,330756.15,Business,776.7,20,10,89.25,2024-06-19,0
CUST03706,49,Female,South,Post-Graduate,Unemployed,2285877.76,1470048.73,Car,489.3,4,445,96.34,2024-03-04,1
CUST03707,18,Male,South,Post-Graduate,Self-Employed,438550.02,1537635.3,Other,326.3,13,93,101.04,2023-07-08,1
CUST03708,65,Female,North,Secondary,Self-Employed,1228028.19,1087248.1,Home,337.0,20,55,101.79,2022-10-30,1
CUST03709,60,Female,North,Graduate,Salaried,240141.05,1291953.92,Home,667.3,19,25,101.83,2018-05-02,0
CUST03710,37,Other,East,Secondary,Salaried,1068171.44,103216.58,Education,806.6,4,220,117.5,2019-11-06,1
CUST03711,41,Female,West,Primary,Self-Employed,2280405.31,518518.93,Business,541.8,1,359,45.49,2025-03-28,1
CUST03712,52,Other,East,Graduate,Unemployed,1968632.88,67929.7,Car,790.4,11,291,80.5,2024-09-23,0
CUST03713,21,Female,East,Graduate,Unemployed,1313146.23,1310063.47,Car,612.8,20,222,46.14,2019-11-26,0
CUST03714,20,Female,West,Post-Graduate,Unemployed,2218459.91,19209.82,Car,721.8,23,350,17.68,2025-03-26,0
CUST03715,38,Male,North,Secondary,Unemployed,642205.59,544960.34,Car,350.8,23,390,76.68,2018-06-20,1
CUST03716,48,Female,East,Primary,Unemployed,2646743.27,1190020.84,Education,408.2,18,121,87.67,2024-05-11,1
CUST03717,66,Female,East,Post-Graduate,Salaried,1701400.94,798384.15,Education,639.3,13,470,66.12,2025-05-30,0
CUST03718,67,Male,South,Primary,Self-Employed,1874226.66,1012426.6,Business,716.7,11,160,70.07,2020-04-08,0
CUST03719,30,Male,North,Graduate,Salaried,188510.74,1158289.4,Home,741.5,13,120,60.14,2023-03-18,0
CUST03720,45,Other,North,Post-Graduate,Salaried,1015314.09,241548.05,Home,767.0,22,247,66.64,2025-10-03,0
CUST03721,21,Male,North,Secondary,Unemployed,2266307.18,1099366.33,Car,813.0,13,14,70.26,2024-03-18,0
CUST03722,67,Female,East,Post-Graduate,Unemployed,1072981.45,420009.59,Home,328.8,23,52,36.89,2019-11-06,1
CUST03723,30,Female,East,Post-Graduate,Unemployed,870599.09,980326.04,Education,550.1,2,298,35.18,2025-01-10,1
CUST03724,58,Female,South,Primary,Salaried,2369190.86,495203.1,Education,665.9,16,290,71.74,2019-07-07,0
CUST03725,24,Male,North,Secondary,Self-Employed,1878990.39,967243.79,Car,560.7,0,287,47.36,2025-09-05,1
CUST03726,28,Other,East,Graduate,Self-Employed,125281.15,1839696.73,Home,370.4,10,434,98.94,2019-02-15,1
CUST03727,65,Female,East,Primary,Unemployed,1555572.15,1920221.89,Business,595.3,20,139,81.27,2021-02-11,0
CUST03728,49,Female,West,Primary,Self-Employed,644015.38,394234.72,Education,689.1,12,384,57.44,2025-01-16,0
CUST03729,56,Male,North,Secondary,Unemployed,2571631.57,1769548.0,Other,324.6,1,230,24.47,2022-07-09,1
CUST03730,51,Female,South,Primary,Salaried,1501859.78,1271723.65,Education,637.7,20,7,72.76,2020-11-30,0
CUST03731,42,Female,East,Secondary,Unemployed,652994.22,618469.18,Education,557.0,2,365,89.97,2024-07-31,1
CUST03732,56,Other,South,Post-Graduate,Salaried,2976875.31,1246602.11,Education,396.5,5,46,111.32,2024-08-12,1
CUST03733,56,Female,North,Post-Graduate,Self-Employed,943830.09,792911.99,Car,836.5,21,453,56.95,2023-10-29,0
CUST03734,63,Male,North,Post-Graduate,Self-Employed,1579528.96,1204931.53,Education,393.7,2,425,28.82,2024-03-24,1
CUST03735,38,Female,East,Post-Graduate,Unemployed,1973901.58,500574.96,Car,454.7,4,405,13.57,2024-07-16,1
CUST03736,21,Other,South,Primary,Self-Employed,2436085.0,750163.22,Home,687.2,8,278,50.24,2020-01-06,0
CUST03737,69,Other,West,Secondary,Salaried,1360928.58,726701.41,Other,795.7,1,225,105.98,2023-05-27,1
CUST03738,26,Other,South,Post-Graduate,Self-Employed,1195944.03,570280.58,Home,430.4,19,132,79.97,2019-05-18,1
CUST03739,33,Male,East,Secondary,Self-Employed,1048275.28,658886.67,Other,520.0,8,161,40.08,2018-12-12,1
CUST03740,56,Male,West,Graduate,Unemployed,1875661.82,16349.91,Business,801.1,8,197,89.24,2020-06-23,0
CUST03741,54,Other,North,Secondary,Salaried,2434668.8,742804.33,Other,785.9,23,473,116.75,2020-05-23,0
CUST03742,39,Male,South,Graduate,Unemployed,966503.55,1408369.38,Education,745.5,0,491,12.17,2020-12-31,1
CUST03743,36,Female,North,Graduate,Salaried,2531801.27,1944089.02,Education,477.7,19,336,14.47,2020-12-31,1
CUST03744,21,Female,South,Secondary,Self-Employed,158014.33,1239581.84,Other,623.0,2,339,37.57,2023-01-20,1
CUST03745,31,Male,East,Post-Graduate,Unemployed,1464979.27,65003.07,Education,633.9,5,162,61.71,2021-06-24,1
CUST03746,46,Other,West,Primary,Salaried,177675.47,1569936.41,Car,432.4,14,452,10.32,2026-03-12,1
CUST03747,32,Other,South,Post-Graduate,Unemployed,2632209.48,914119.45,Home,783.5,21,31,108.58,2021-02-04,0
CUST03748,70,Male,West,Secondary,Self-Employed,1316067.27,940608.22,Business,778.1,12,277,25.14,2021-10-13,0
CUST03749,19,Other,East,Post-Graduate,Self-Employed,2131654.6,52713.84,Education,719.3,17,496,115.37,2020-03-28,0
CUST03750,54,Male,South,Post-Graduate,Unemployed,469018.57,239858.54,Other,470.6,14,331,80.77,2020-01-22,1
CUST03751,27,Male,South,Secondary,Salaried,2896188.48,527187.9,Business,482.6,4,17,27.88,2021-06-14,1
CUST03752,35,Female,North,Graduate,Salaried,2477527.79,873609.74,Education,620.0,3,315,14.99,2018-05-03,1
CUST03753,53,Other,East,Primary,Salaried,953135.69,398093.62,Business,309.8,9,421,51.42,2019-01-09,1
CUST03754,42,Other,South,Secondary,Salaried,669608.32,1865609.28,Car,805.5,5,327,107.08,2023-05-07,1
CUST03755,29,Other,South,Graduate,Self-Employed,347602.87,1873539.04,Car,808.9,18,161,9.04,2023-02-28,0
CUST03756,35,Female,West,Post-Graduate,Unemployed,1848494.05,1922419.58,Other,818.6,5,252,101.54,2026-02-10,1
CUST03757,56,Other,East,Graduate,Self-Employed,1463404.38,1187514.1,Business,397.6,13,178,106.74,2018-12-02,1
CUST03758,26,Male,South,Graduate,Self-Employed,1050889.24,249535.36,Education,741.0,10,225,77.51,2023-01-03,0
CUST03759,51,Other,East,Post-Graduate,Self-Employed,2797676.7,1536189.47,Education,448.4,21,318,6.81,2026-01-25,1
CUST03760,19,Male,West,Post-Graduate,Unemployed,785957.45,781698.54,Business,706.3,20,395,79.43,2023-09-08,0
CUST03761,21,Other,North,Primary,Self-Employed,563745.32,357180.97,Other,642.1,10,213,30.56,2019-04-29,0
CUST03762,58,Other,South,Secondary,Self-Employed,802739.17,1915035.25,Business,497.9,0,54,11.7,2023-11-01,1
CUST03763,33,Other,West,Primary,Unemployed,1858844.0,1781613.79,Car,518.5,4,219,82.26,2020-05-28,1
CUST03764,57,Female,South,Post-Graduate,Self-Employed,800886.45,1704667.68,Education,679.9,1,310,95.7,2023-09-13,1
CUST03765,54,Female,South,Secondary,Unemployed,2287065.66,1121250.78,Other,395.3,7,351,29.1,2019-02-11,1
CUST03766,29,Male,South,Primary,Self-Employed,2703159.2,1231602.63,Car,652.7,3,246,75.76,2019-02-14,1
CUST03767,43,Female,South,Primary,Self-Employed,2207906.83,1797950.73,Home,698.9,22,3,9.15,2021-01-04,0
CUST03768,61,Other,West,Graduate,Self-Employed,1818894.99,189146.33,Home,648.5,8,494,68.0,2019-06-23,0
CUST03769,45,Female,West,Primary,Salaried,625899.49,1957819.68,Business,380.5,13,49,23.32,2020-06-11,1
CUST03770,53,Male,South,Secondary,Unemployed,1206077.85,88950.87,Other,820.2,11,135,52.65,2023-03-13,0
CUST03771,68,Female,East,Graduate,Salaried,1508539.71,1980498.26,Education,556.2,14,483,63.46,2023-05-01,0
CUST03772,18,Male,North,Primary,Self-Employed,919929.75,1361067.63,Business,498.5,22,292,21.95,2018-06-28,1
CUST03773,51,Female,South,Graduate,Unemployed,2460494.86,1119593.36,Other,699.7,22,163,96.31,2021-09-22,0
CUST03774,48,Male,East,Secondary,Unemployed,1565307.59,1185909.2,Business,380.6,9,262,12.7,2024-04-15,1
CUST03775,64,Female,South,Secondary,Unemployed,2424984.92,1393782.92,Business,468.1,16,20,76.1,2022-05-24,1
CUST03776,42,Male,West,Secondary,Self-Employed,326175.13,265793.76,Other,820.4,5,150,33.8,2024-05-20,1
CUST03777,32,Male,West,Post-Graduate,Unemployed,2503600.77,1107541.28,Education,538.2,16,184,74.99,2018-08-11,1
CUST03778,31,Female,North,Secondary,Self-Employed,986671.82,1087235.42,Education,797.5,24,95,89.1,2025-06-22,0
CUST03779,45,Other,East,Graduate,Self-Employed,1854814.25,503408.0,Education,385.7,3,72,99.13,2022-03-03,1
CUST03780,32,Other,North,Graduate,Salaried,1792239.37,154145.34,Car,308.8,0,49,5.04,2025-04-24,1
CUST03781,57,Other,West,Post-Graduate,Self-Employed,2845798.19,878695.95,Car,804.4,23,231,73.32,2021-10-10,0
CUST03782,37,Other,East,Secondary,Unemployed,499811.16,319971.09,Other,799.0,8,379,5.57,2022-03-12,0
CUST03783,47,Male,North,Graduate,Unemployed,1236723.47,699845.55,Other,774.4,8,396,100.88,2023-03-15,0
CUST03784,62,Male,East,Secondary,Self-Employed,343477.43,1686253.63,Business,837.4,3,45,58.89,2024-01-31,1
CUST03785,65,Other,North,Graduate,Salaried,2967658.81,472268.67,Car,554.8,16,434,27.12,2023-12-25,0
CUST03786,18,Female,West,Secondary,Salaried,2015700.26,1602343.76,Education,316.2,3,137,40.87,2021-10-23,1
CUST03787,60,Other,East,Post-Graduate,Unemployed,2629855.16,1145318.71,Other,403.6,14,56,99.5,2019-08-13,1
CUST03788,56,Other,East,Post-Graduate,Unemployed,1852269.47,1754277.32,Business,548.4,14,205,65.44,2020-07-30,1
CUST03789,38,Female,West,Primary,Salaried,551871.05,100234.3,Business,341.9,22,7,113.62,2019-10-25,1
CUST03790,51,Other,North,Secondary,Salaried,2168084.26,1893046.35,Car,372.2,11,285,83.1,2023-08-15,1
CUST03791,23,Other,East,Secondary,Unemployed,516341.54,1909190.4,Home,489.6,23,21,60.96,2025-10-14,1
CUST03792,40,Female,East,Primary,Salaried,2623232.83,991265.46,Home,727.3,8,472,58.34,2018-06-11,0
CUST03793,45,Female,North,Post-Graduate,Self-Employed,1031680.43,1179854.32,Business,363.6,16,17,20.68,2021-01-26,1
CUST03794,47,Female,East,Post-Graduate,Self-Employed,2231432.06,1691112.81,Other,401.8,20,359,115.4,2022-04-08,1
CUST03795,61,Other,East,Secondary,Unemployed,2846705.63,1789311.07,Other,401.4,5,101,87.98,2022-04-01,1
CUST03796,52,Male,South,Primary,Unemployed,1235643.96,1753428.3,Car,552.0,14,19,114.83,2018-07-24,0
CUST03797,52,Male,South,Post-Graduate,Unemployed,1900827.76,1942739.2,Other,515.8,0,430,110.43,2020-09-01,1
CUST03798,26,Female,West,Secondary,Self-Employed,888755.12,314280.83,Business,349.9,11,337,32.22,2022-09-26,1
CUST03799,28,Other,West,Secondary,Unemployed,2346912.07,369817.52,Education,376.3,17,243,101.27,2022-06-04,1
CUST03800,36,Female,North,Post-Graduate,Unemployed,1554077.39,1123615.49,Home,723.7,9,471,68.33,2019-05-09,0
CUST03801,59,Female,West,Primary,Unemployed,1326918.4,423121.89,Other,510.9,24,74,27.09,2020-08-16,1
CUST03802,35,Male,East,Graduate,Salaried,1156690.95,789898.59,Business,335.7,8,140,67.09,2023-09-22,1
CUST03803,60,Other,South,Primary,Unemployed,2615961.69,995120.78,Education,634.9,20,367,100.93,2018-03-06,0
CUST03804,62,Female,North,Secondary,Unemployed,2592613.74,230703.18,Other,563.6,5,356,56.87,2020-08-14,1
CUST03805,37,Other,East,Post-Graduate,Self-Employed,2592131.85,1649371.35,Education,826.0,22,34,17.43,2020-03-27,0
CUST03806,33,Male,East,Primary,Salaried,2969843.58,230655.25,Education,347.5,12,380,113.64,2022-02-13,1
CUST03807,49,Other,East,Graduate,Unemployed,1475121.38,1366812.96,Education,390.7,11,77,94.09,2023-10-01,1
CUST03808,55,Other,North,Post-Graduate,Unemployed,2571496.53,543444.25,Education,531.1,8,321,8.22,2020-06-17,1
CUST03809,33,Other,East,Primary,Unemployed,1139849.01,1969516.29,Home,698.8,12,124,99.91,2023-03-26,0
CUST03810,34,Male,North,Secondary,Salaried,1266924.97,352781.26,Home,663.8,18,465,18.87,2020-09-29,0
CUST03811,48,Male,East,Post-Graduate,Unemployed,779532.88,805452.57,Other,820.2,10,125,31.49,2019-02-06,0
CUST03812,20,Male,South,Secondary,Salaried,1967247.91,437495.48,Home,315.6,9,292,114.05,2018-06-07,1
CUST03813,56,Female,South,Secondary,Self-Employed,1995114.6,942101.28,Other,668.8,2,1,51.95,2021-03-30,1
CUST03814,18,Female,North,Graduate,Salaried,670410.03,1541720.4,Business,593.1,24,30,117.6,2024-04-23,0
CUST03815,54,Female,South,Graduate,Self-Employed,726303.67,837511.49,Car,434.6,12,363,109.23,2025-02-04,1
CUST03816,40,Female,West,Graduate,Salaried,2425745.59,1685246.06,Home,395.1,20,318,87.02,2022-04-17,1
CUST03817,59,Male,South,Graduate,Salaried,1622643.86,810715.83,Car,338.9,23,262,21.74,2023-01-05,1
CUST03818,56,Female,West,Primary,Unemployed,2529112.52,1436952.44,Home,597.6,19,73,41.06,2022-04-11,0
CUST03819,69,Other,East,Primary,Unemployed,139243.25,799142.5,Other,431.9,12,20,5.43,2021-11-17,1
CUST03820,57,Male,South,Graduate,Salaried,378786.34,1865860.71,Car,669.3,24,279,46.89,2022-04-06,0
CUST03821,62,Female,West,Post-Graduate,Unemployed,1577621.57,1282443.57,Car,505.5,17,31,58.92,2020-03-27,1
CUST03822,49,Male,East,Graduate,Self-Employed,1065227.88,1860938.77,Business,761.2,10,445,41.61,2018-09-15,0
CUST03823,29,Other,North,Primary,Unemployed,1358754.38,1285858.35,Education,453.7,4,462,18.46,2018-06-08,1
CUST03824,68,Other,East,Secondary,Unemployed,1450497.21,1403293.44,Business,826.6,20,49,117.79,2023-01-11,0
CUST03825,22,Male,East,Primary,Self-Employed,1081292.58,984470.66,Car,795.0,15,307,37.62,2025-09-28,0
CUST03826,20,Female,South,Secondary,Unemployed,2988622.85,1470809.07,Business,772.1,15,74,45.38,2019-08-15,0
CUST03827,62,Other,South,Secondary,Unemployed,1511923.39,1773303.82,Business,601.8,22,237,17.05,2025-05-25,0
CUST03828,47,Other,East,Secondary,Self-Employed,636096.09,1353842.23,Other,722.0,4,113,49.32,2025-01-18,1
CUST03829,22,Male,West,Graduate,Unemployed,2347196.61,38692.54,Education,678.0,6,216,60.14,2020-05-23,0
CUST03830,22,Female,North,Graduate,Salaried,1761970.65,1120041.46,Home,530.2,9,187,102.18,2018-11-07,1
CUST03831,53,Male,East,Secondary,Salaried,2482662.21,722639.75,Education,726.4,8,408,54.69,2018-01-19,0
CUST03832,69,Male,West,Primary,Unemployed,1080297.74,759987.44,Business,322.2,1,465,15.86,2020-01-27,1
CUST03833,69,Female,South,Post-Graduate,Salaried,820091.86,131392.83,Education,766.6,2,337,39.27,2021-10-23,1
CUST03834,59,Other,West,Post-Graduate,Salaried,2699256.11,588409.12,Other,303.0,11,166,104.08,2021-04-22,1
CUST03835,54,Other,East,Primary,Self-Employed,1475537.99,608083.28,Home,321.5,23,113,118.2,2025-11-25,1
CUST03836,25,Other,East,Graduate,Self-Employed,1460762.76,1587715.13,Other,638.0,0,241,118.99,2025-09-09,1
CUST03837,57,Male,South,Secondary,Salaried,449985.67,189080.03,Business,357.4,5,384,115.45,2019-07-05,1
CUST03838,54,Male,North,Graduate,Unemployed,2348330.45,540346.41,Home,369.4,12,493,118.02,2024-06-17,1
CUST03839,26,Female,South,Primary,Unemployed,947745.66,160142.62,Car,398.5,10,7,55.4,2025-04-05,1
CUST03840,35,Male,East,Secondary,Salaried,565318.34,1866366.89,Business,597.1,16,308,19.36,2019-01-01,0
CUST03841,32,Female,West,Primary,Salaried,2627084.65,71167.5,Business,838.3,21,287,48.99,2022-02-03,0
CUST03842,69,Other,East,Secondary,Self-Employed,1387263.14,1151445.11,Education,696.6,0,344,36.27,2024-01-05,1
CUST03843,63,Male,West,Graduate,Self-Employed,1495324.68,950630.63,Home,842.2,20,308,108.22,2019-09-08,0
CUST03844,27,Female,North,Post-Graduate,Self-Employed,499073.98,510172.33,Car,791.3,12,77,118.55,2024-06-19,0
CUST03845,35,Male,North,Graduate,Salaried,1817897.85,1497843.89,Business,444.9,15,338,96.99,2019-05-20,1
CUST03846,33,Female,North,Post-Graduate,Self-Employed,116970.3,1439049.41,Car,845.3,13,21,24.51,2022-02-04,0
CUST03847,66,Male,North,Graduate,Self-Employed,2878790.49,191572.01,Other,535.4,4,339,75.64,2021-04-29,1
CUST03848,26,Female,East,Post-Graduate,Self-Employed,296279.82,817987.59,Other,656.7,8,137,57.11,2024-04-26,0
CUST03849,69,Other,North,Post-Graduate,Salaried,1160778.9,797976.57,Business,559.7,20,282,69.65,2019-05-26,0
CUST03850,34,Male,East,Post-Graduate,Self-Employed,760760.94,1954589.84,Business,537.3,14,131,112.83,2019-12-05,1
CUST03851,58,Male,North,Primary,Self-Employed,877473.96,1889784.87,Home,571.4,15,343,59.03,2023-11-03,0
CUST03852,70,Female,South,Graduate,Self-Employed,205475.91,571067.56,Education,826.3,19,369,56.21,2018-01-15,0
CUST03853,26,Other,West,Graduate,Salaried,410271.47,53215.54,Car,831.8,21,377,113.84,2022-05-10,0
CUST03854,55,Female,East,Primary,Salaried,180509.06,1631945.62,Other,773.6,1,38,38.45,2020-07-05,1
CUST03855,27,Male,South,Post-Graduate,Self-Employed,319736.86,152348.4,Education,450.8,13,256,56.81,2022-07-11,1
CUST03856,55,Other,South,Secondary,Self-Employed,2482710.09,580623.74,Business,679.4,19,431,99.58,2020-04-05,0
CUST03857,43,Other,West,Post-Graduate,Salaried,1692659.45,1112778.8,Home,430.1,22,253,69.77,2020-03-08,1
CUST03858,38,Other,East,Post-Graduate,Unemployed,262098.46,584761.82,Other,406.4,9,352,45.42,2023-06-08,1
CUST03859,55,Female,West,Secondary,Unemployed,2202718.52,822615.23,Car,498.7,16,183,16.82,2022-10-17,1
CUST03860,44,Male,East,Graduate,Self-Employed,600141.52,1758433.02,Education,787.9,8,66,29.24,2023-04-09,0
CUST03861,28,Male,East,Secondary,Self-Employed,1339792.17,1456613.89,Business,495.5,20,69,100.34,2023-02-12,1
CUST03862,42,Male,South,Secondary,Self-Employed,2797301.64,1742966.38,Car,586.3,16,181,20.44,2018-05-25,0
CUST03863,42,Female,West,Primary,Unemployed,102817.13,1701101.46,Car,440.7,10,158,86.3,2021-04-13,1
CUST03864,36,Female,South,Post-Graduate,Self-Employed,809631.78,765924.93,Other,673.1,13,351,21.21,2018-12-23,0
CUST03865,48,Other,North,Secondary,Self-Employed,481959.35,1167670.41,Business,657.5,14,474,22.4,2022-06-21,0
CUST03866,69,Other,West,Graduate,Unemployed,2419499.22,1661541.24,Home,573.4,19,236,103.29,2025-10-21,0
CUST03867,63,Other,South,Post-Graduate,Unemployed,1971487.52,998099.07,Car,718.1,11,489,19.79,2018-12-16,0
CUST03868,64,Male,North,Graduate,Salaried,2399736.6,1549840.89,Home,361.5,0,333,111.83,2025-12-22,1
CUST03869,44,Female,South,Post-Graduate,Self-Employed,130304.62,1487375.98,Home,489.2,17,36,108.84,2020-03-03,1
CUST03870,24,Male,East,Post-Graduate,Salaried,2898256.74,1312067.15,Education,710.8,4,404,111.76,2021-09-17,1
CUST03871,33,Male,North,Primary,Self-Employed,1373910.84,1482649.86,Car,585.7,23,222,87.68,2024-12-05,0
CUST03872,56,Female,South,Secondary,Salaried,880596.84,844562.73,Car,569.8,15,276,48.64,2018-10-08,0
CUST03873,40,Other,North,Secondary,Salaried,2581310.99,141591.66,Car,607.2,1,318,32.37,2024-01-29,1
CUST03874,57,Other,East,Secondary,Unemployed,2374564.93,1680982.63,Car,458.1,17,285,70.67,2023-03-07,1
CUST03875,57,Male,North,Post-Graduate,Self-Employed,2047938.95,1314704.44,Education,634.1,18,495,90.37,2024-05-12,0
CUST03876,58,Male,East,Post-Graduate,Self-Employed,313988.1,1714265.55,Business,440.1,1,368,16.97,2022-02-22,1
CUST03877,55,Female,East,Primary,Unemployed,814412.82,1180807.74,Home,699.2,8,306,71.04,2018-08-08,0
CUST03878,53,Female,East,Secondary,Unemployed,979741.55,279704.97,Business,834.8,0,80,12.17,2019-02-14,1
CUST03879,33,Other,East,Secondary,Salaried,1478848.04,564837.97,Home,834.2,6,124,97.67,2024-02-13,0
CUST03880,27,Male,North,Post-Graduate,Self-Employed,1814218.78,1053209.85,Car,485.3,19,83,29.57,2020-04-12,1
CUST03881,34,Male,East,Secondary,Unemployed,454229.44,737906.61,Car,373.8,4,187,32.57,2024-11-20,1
CUST03882,56,Male,South,Primary,Self-Employed,562603.52,1260068.12,Other,504.5,23,148,78.79,2022-12-16,1
CUST03883,45,Other,South,Graduate,Salaried,887770.66,1868800.78,Car,632.3,6,43,22.29,2019-10-26,0
CUST03884,55,Other,West,Secondary,Self-Employed,1406837.85,14025.25,Education,721.8,11,237,90.96,2024-09-10,0
CUST03885,54,Other,East,Primary,Salaried,102946.82,1396635.63,Education,774.4,0,265,119.99,2019-06-07,1
CUST03886,27,Female,North,Graduate,Self-Employed,2152714.44,1544441.78,Car,563.7,16,299,40.08,2024-01-03,0
CUST03887,66,Female,West,Graduate,Self-Employed,2626795.99,1733931.45,Car,722.9,0,307,22.21,2020-03-24,1
CUST03888,29,Other,East,Secondary,Salaried,1350587.82,1494349.26,Other,517.9,5,65,102.71,2018-04-07,1
CUST03889,62,Other,North,Post-Graduate,Self-Employed,760683.89,11005.86,Education,533.0,17,37,42.07,2024-07-27,1
CUST03890,36,Female,West,Primary,Salaried,970372.63,313084.67,Business,753.9,8,208,110.04,2020-09-25,0
CUST03891,40,Female,East,Secondary,Salaried,2551873.24,1269363.6,Home,342.3,9,242,74.93,2022-01-21,1
CUST03892,64,Other,North,Post-Graduate,Self-Employed,985763.06,1486991.07,Home,466.4,14,494,6.67,2024-11-30,1
CUST03893,61,Other,East,Graduate,Salaried,1000815.64,1805315.78,Car,359.4,0,146,29.69,2023-07-22,1
CUST03894,35,Male,West,Primary,Salaried,1643819.11,1718865.25,Business,428.4,21,390,74.7,2019-09-26,1
CUST03895,58,Female,West,Primary,Self-Employed,581346.34,1960508.77,Other,682.8,12,105,105.74,2022-05-31,0
CUST03896,18,Male,North,Primary,Salaried,1263299.37,1343671.98,Home,579.3,24,222,21.09,2020-11-02,0
CUST03897,65,Female,North,Graduate,Unemployed,591020.66,761372.56,Car,402.4,11,301,33.94,2025-11-23,1
CUST03898,56,Male,West,Post-Graduate,Salaried,1481003.28,449405.37,Home,686.9,10,186,109.2,2023-07-28,0
CUST03899,35,Male,South,Post-Graduate,Salaried,2477884.92,658661.85,Business,533.3,11,128,89.98,2018-09-15,1
CUST03900,62,Male,East,Secondary,Self-Employed,2317552.09,261082.88,Home,542.3,10,316,97.72,2019-06-17,1
CUST03901,58,Other,East,Post-Graduate,Unemployed,308276.14,580733.96,Home,573.8,20,166,34.6,2026-02-10,0
CUST03902,58,Other,West,Secondary,Salaried,2067903.95,1986018.51,Business,680.8,2,207,104.61,2023-12-24,1
CUST03903,47,Female,North,Graduate,Salaried,686634.1,149051.24,Other,606.3,10,100,85.42,2024-09-20,0
CUST03904,30,Female,South,Primary,Unemployed,2173676.98,1750576.19,Car,525.2,15,215,74.13,2021-09-28,1
CUST03905,29,Male,North,Secondary,Salaried,266241.77,1691686.75,Other,531.8,20,332,7.1,2024-02-07,1
CUST03906,46,Female,West,Graduate,Self-Employed,2878158.84,359623.87,Business,470.2,21,359,13.52,2024-11-18,1
CUST03907,59,Male,West,Graduate,Salaried,421261.88,217167.46,Business,429.1,21,328,32.16,2021-07-01,1
CUST03908,55,Other,North,Primary,Self-Employed,1586547.08,27906.56,Car,392.8,3,402,102.39,2023-11-25,1
CUST03909,64,Male,West,Secondary,Salaried,2613514.84,322940.42,Other,714.9,15,239,36.1,2026-01-01,0
CUST03910,28,Other,North,Graduate,Self-Employed,1283017.98,1717367.85,Education,465.7,7,234,30.76,2025-07-28,1
CUST03911,50,Male,East,Secondary,Unemployed,118159.26,1483536.14,Other,330.0,22,7,29.75,2018-05-28,1
CUST03912,43,Female,East,Graduate,Salaried,1850406.52,1557932.55,Home,393.0,0,196,72.95,2020-06-30,1
CUST03913,49,Female,East,Primary,Self-Employed,463458.61,586965.18,Education,634.2,9,43,59.8,2022-05-12,0
CUST03914,37,Female,South,Primary,Self-Employed,2693680.48,277311.6,Home,692.9,15,402,9.71,2020-11-26,0
CUST03915,55,Male,North,Primary,Unemployed,1153469.34,1612827.39,Home,412.2,7,347,80.85,2025-02-09,1
CUST03916,60,Male,West,Secondary,Self-Employed,1978530.09,1688599.45,Education,534.3,10,13,86.48,2023-04-13,1
CUST03917,48,Female,East,Post-Graduate,Unemployed,1683170.99,736701.47,Car,527.0,6,96,66.98,2021-06-30,1
CUST03918,37,Female,West,Graduate,Salaried,443468.87,1963709.13,Business,533.5,19,313,60.22,2020-07-09,1
CUST03919,21,Female,North,Post-Graduate,Self-Employed,2808188.87,1551858.14,Car,420.4,14,363,9.2,2022-10-10,1
CUST03920,39,Female,North,Graduate,Unemployed,1406362.49,1882207.27,Other,524.2,1,216,25.34,2022-04-29,1
CUST03921,27,Female,South,Primary,Unemployed,446640.77,714957.49,Car,526.3,4,194,38.5,2022-07-02,1
CUST03922,33,Male,South,Secondary,Self-Employed,2889170.7,1895925.24,Business,370.4,14,205,58.79,2024-12-01,1
CUST03923,67,Male,South,Post-Graduate,Unemployed,444362.36,1005952.38,Business,765.8,24,44,59.06,2023-09-12,0
CUST03924,58,Male,West,Post-Graduate,Unemployed,1615341.35,1217963.32,Education,517.8,4,447,112.0,2025-04-19,1
CUST03925,23,Female,East,Secondary,Salaried,2986229.49,1459803.8,Home,765.2,11,441,8.25,2023-07-21,0
CUST03926,56,Female,South,Graduate,Salaried,2978460.74,1655802.53,Other,380.8,22,327,77.18,2021-01-12,1
CUST03927,70,Other,North,Post-Graduate,Salaried,1997360.45,110853.2,Education,336.3,24,250,21.8,2024-12-04,1
CUST03928,36,Other,East,Graduate,Salaried,879511.2,1842414.46,Home,553.1,11,383,12.21,2024-12-25,0
CUST03929,49,Male,East,Graduate,Salaried,1024287.09,1012022.0,Other,781.3,17,459,118.88,2024-02-01,0
CUST03930,49,Male,West,Primary,Salaried,979033.01,1569314.49,Car,535.2,23,151,103.04,2025-04-08,1
CUST03931,66,Male,South,Secondary,Unemployed,577244.73,1548936.51,Home,719.6,12,426,17.89,2023-01-21,0
CUST03932,51,Other,North,Graduate,Self-Employed,204655.98,1501919.14,Car,554.2,4,279,108.05,2018-03-19,1
CUST03933,68,Male,East,Post-Graduate,Unemployed,1297076.7,81786.94,Car,378.3,5,296,59.24,2026-02-07,1
CUST03934,39,Male,West,Post-Graduate,Self-Employed,2810507.64,1927803.56,Car,463.0,10,493,86.3,2025-02-18,1
CUST03935,41,Other,East,Post-Graduate,Unemployed,2572504.11,646592.14,Education,541.1,16,323,47.93,2023-10-07,1
CUST03936,33,Female,East,Secondary,Unemployed,1246009.54,1401315.07,Education,791.6,5,436,43.86,2024-12-05,1
CUST03937,52,Other,West,Secondary,Unemployed,2335526.81,843170.84,Home,564.5,9,321,51.04,2020-10-26,0
CUST03938,69,Female,East,Post-Graduate,Salaried,2816935.95,156519.26,Other,597.3,8,327,85.1,2026-01-08,0
CUST03939,51,Male,South,Secondary,Unemployed,2376679.15,1407454.04,Other,453.0,10,318,58.46,2019-07-12,1
CUST03940,67,Other,North,Primary,Salaried,2415831.15,1060509.01,Home,453.0,12,12,52.2,2019-10-18,1
CUST03941,20,Female,South,Graduate,Salaried,2018859.47,423385.57,Car,690.8,23,424,61.35,2022-04-26,0
CUST03942,25,Female,East,Secondary,Self-Employed,2358550.92,1048591.94,Education,383.2,9,436,59.35,2018-08-17,1
CUST03943,58,Male,North,Graduate,Self-Employed,2891206.67,63415.8,Business,457.5,11,12,16.06,2020-05-04,1
CUST03944,55,Other,North,Secondary,Self-Employed,1480000.4,1853293.52,Education,731.1,8,438,11.73,2019-11-02,0
CUST03945,19,Other,West,Secondary,Salaried,1085334.7,1619619.07,Business,333.4,0,334,59.93,2020-08-31,1
CUST03946,50,Male,South,Primary,Unemployed,688846.06,1865683.85,Business,373.1,18,377,18.83,2020-05-12,1
CUST03947,63,Female,East,Post-Graduate,Salaried,2842385.92,1450198.31,Car,804.2,10,370,87.82,2019-12-31,0
CUST03948,26,Female,South,Primary,Salaried,716981.61,526817.99,Home,679.8,16,277,15.88,2025-02-21,0
CUST03949,60,Other,West,Graduate,Salaried,2935747.73,732042.66,Home,384.1,16,173,29.55,2022-08-26,1
CUST03950,31,Male,South,Graduate,Self-Employed,1840460.73,1594575.72,Home,821.9,21,147,6.78,2024-03-11,0
CUST03951,67,Female,East,Post-Graduate,Salaried,2676022.51,1000042.8,Home,602.1,12,177,18.34,2025-05-12,0
CUST03952,67,Male,North,Primary,Salaried,1424217.81,301276.89,Home,392.6,1,44,62.04,2020-12-16,1
CUST03953,26,Female,East,Graduate,Salaried,2045218.66,747661.43,Car,760.3,2,195,6.32,2021-05-19,1
CUST03954,44,Female,East,Secondary,Unemployed,2354451.77,759388.96,Car,439.7,19,252,51.89,2021-11-29,1
CUST03955,18,Female,West,Secondary,Self-Employed,1432742.97,1105366.5,Education,444.9,4,144,114.13,2023-12-13,1
CUST03956,62,Other,South,Post-Graduate,Self-Employed,523225.85,1556320.5,Home,717.4,20,303,71.34,2018-02-19,0
CUST03957,51,Female,North,Graduate,Unemployed,1117302.64,700515.53,Business,581.7,20,371,96.97,2022-03-20,0
CUST03958,28,Other,West,Graduate,Self-Employed,489645.98,1707860.68,Education,583.4,2,299,100.67,2025-11-05,1
CUST03959,55,Male,West,Post-Graduate,Salaried,2237886.86,506490.46,Other,391.3,10,230,92.09,2018-06-17,1
CUST03960,59,Other,West,Secondary,Unemployed,601340.72,905070.75,Education,714.3,23,142,43.13,2025-04-26,0
CUST03961,45,Male,South,Post-Graduate,Salaried,1465635.74,1094834.91,Other,702.0,0,126,50.44,2025-10-26,1
CUST03962,36,Female,West,Post-Graduate,Self-Employed,1561022.58,1340087.28,Other,784.3,20,423,5.81,2024-02-21,0
CUST03963,24,Other,West,Secondary,Salaried,402049.77,992334.7,Business,311.9,15,80,86.09,2022-11-07,1
CUST03964,48,Female,West,Post-Graduate,Self-Employed,2818734.32,1680003.77,Business,422.4,3,491,57.13,2020-01-05,1
CUST03965,28,Other,South,Secondary,Unemployed,2947931.73,1730439.26,Education,415.6,1,26,94.3,2020-07-20,1
CUST03966,45,Female,West,Graduate,Self-Employed,1011324.02,458357.1,Other,758.2,18,188,100.75,2026-01-17,0
CUST03967,56,Male,North,Post-Graduate,Self-Employed,1480632.83,607428.08,Home,394.4,21,499,48.65,2018-04-28,1
CUST03968,46,Male,North,Graduate,Salaried,1285605.45,1847168.39,Home,651.7,2,303,108.74,2020-09-20,1
CUST03969,35,Female,South,Secondary,Self-Employed,2521250.53,701468.17,Education,343.8,14,32,39.14,2021-05-29,1
CUST03970,68,Male,South,Secondary,Self-Employed,1557762.29,1927145.71,Other,836.1,0,446,78.68,2024-04-13,1
CUST03971,27,Male,East,Primary,Unemployed,2312290.27,1366269.66,Home,493.8,23,458,15.24,2021-09-19,1
CUST03972,29,Male,South,Secondary,Unemployed,2566975.29,1089724.05,Car,626.0,9,277,37.5,2019-07-12,0
CUST03973,18,Male,East,Post-Graduate,Self-Employed,2179152.79,250051.12,Home,458.3,6,479,95.39,2023-06-11,1
CUST03974,69,Female,West,Graduate,Unemployed,382763.4,710959.15,Other,751.7,24,145,33.82,2021-06-04,0
CUST03975,33,Other,North,Post-Graduate,Salaried,987310.66,1436102.18,Education,476.1,4,17,102.88,2019-02-22,1
CUST03976,48,Female,North,Post-Graduate,Salaried,1782857.09,773406.77,Home,484.1,4,272,111.0,2026-02-22,1
CUST03977,66,Male,North,Graduate,Salaried,159670.92,692301.51,Business,764.1,22,467,111.45,2021-11-27,0
CUST03978,64,Other,South,Secondary,Self-Employed,1086891.36,290680.42,Car,431.0,23,130,78.26,2022-01-12,1
CUST03979,55,Male,South,Graduate,Self-Employed,2287382.54,1370223.8,Business,590.1,11,224,88.36,2023-04-09,0
CUST03980,30,Other,North,Secondary,Salaried,1642320.52,1743358.98,Education,520.1,17,380,9.36,2024-01-20,1
CUST03981,35,Other,South,Graduate,Self-Employed,2923497.57,1159640.25,Car,659.4,2,79,82.84,2019-02-10,1
CUST03982,41,Male,North,Post-Graduate,Unemployed,1746685.92,12045.72,Education,474.8,12,360,69.74,2019-06-13,1
CUST03983,67,Male,South,Graduate,Salaried,741646.81,725691.62,Business,349.9,21,309,84.52,2023-05-15,1
CUST03984,22,Other,North,Secondary,Unemployed,1103829.81,298740.73,Education,385.2,0,242,40.27,2021-04-12,1
CUST03985,25,Male,North,Primary,Salaried,203149.14,382353.76,Home,662.3,6,423,113.36,2023-12-04,0
CUST03986,49,Female,North,Graduate,Salaried,2763691.12,1118520.63,Education,814.8,19,95,21.02,2024-08-15,0
CUST03987,63,Female,North,Post-Graduate,Self-Employed,2704819.44,1808237.28,Other,317.5,1,277,24.08,2018-09-29,1
CUST03988,66,Male,South,Secondary,Self-Employed,1120624.96,1539148.73,Business,803.9,22,363,110.05,2021-04-12,0
CUST03989,46,Male,West,Secondary,Self-Employed,2113716.24,607084.14,Business,336.6,5,432,89.75,2019-04-11,1
CUST03990,68,Other,South,Primary,Unemployed,2424727.44,1926122.6,Other,714.7,7,153,52.29,2025-05-23,0
CUST03991,51,Female,West,Graduate,Self-Employed,2463471.45,1755131.01,Car,392.8,1,295,75.93,2019-12-27,1
CUST03992,39,Female,South,Post-Graduate,Self-Employed,2916705.79,1093146.48,Other,368.0,11,90,114.46,2024-03-15,1
CUST03993,24,Female,West,Graduate,Unemployed,1206136.46,244594.05,Business,468.1,1,187,114.4,2022-11-29,1
CUST03994,25,Female,North,Secondary,Unemployed,2764137.55,299116.81,Home,435.1,21,25,58.96,2024-06-14,1
CUST03995,44,Female,North,Graduate,Unemployed,2510662.09,1896006.21,Car,764.9,4,383,104.19,2025-08-08,1
CUST03996,53,Male,West,Primary,Salaried,107961.15,1515686.79,Business,572.5,4,115,31.4,2019-05-01,1
CUST03997,57,Other,South,Graduate,Self-Employed,429465.33,225474.39,Other,800.8,18,455,41.21,2021-02-13,0
CUST03998,32,Male,South,Secondary,Unemployed,1873374.2,1729707.44,Car,518.8,13,488,20.93,2024-04-07,1
CUST03999,23,Female,East,Post-Graduate,Self-Employed,1416283.74,1090290.24,Education,654.8,7,78,56.95,2018-08-22,0
CUST04000,56,Male,West,Primary,Unemployed,2529550.88,448877.79,Education,326.4,16,498,15.41,2024-08-28,1
CUST04001,35,Female,South,Primary,Self-Employed,1371498.25,1158949.22,Home,672.9,13,161,69.32,2024-06-06,0
CUST04002,66,Other,East,Secondary,Self-Employed,1786936.39,191903.27,Other,398.3,15,305,99.84,2024-06-05,1
CUST04003,23,Female,East,Graduate,Self-Employed,1999769.47,521079.64,Car,806.8,19,68,56.93,2020-01-15,0
CUST04004,41,Male,South,Graduate,Salaried,1336202.96,449316.87,Home,487.7,13,173,117.86,2018-09-06,1
CUST04005,26,Female,East,Secondary,Self-Employed,2507085.2,787515.86,Business,603.9,23,2,90.05,2019-09-23,0
CUST04006,24,Female,North,Post-Graduate,Salaried,1527407.89,599286.31,Business,383.7,2,432,65.07,2021-02-22,1
CUST04007,70,Female,North,Graduate,Salaried,1684871.62,1847440.28,Car,425.6,19,108,41.62,2025-09-21,1
CUST04008,64,Other,North,Graduate,Self-Employed,2623790.03,1699563.35,Other,779.5,10,424,56.01,2021-08-27,0
CUST04009,65,Female,South,Secondary,Unemployed,2565287.16,281961.61,Car,596.6,10,38,63.63,2025-03-29,0
CUST04010,34,Other,East,Graduate,Unemployed,880345.52,1973320.61,Home,343.7,4,365,119.91,2025-07-23,1
CUST04011,67,Male,North,Secondary,Self-Employed,755023.59,942123.31,Business,342.9,23,383,79.8,2022-10-06,1
CUST04012,64,Female,West,Secondary,Self-Employed,1873810.42,1599075.63,Car,303.9,3,180,85.05,2019-09-30,1
CUST04013,35,Other,South,Post-Graduate,Self-Employed,1579417.55,642675.96,Home,556.0,9,276,30.53,2021-07-26,0
CUST04014,21,Male,East,Post-Graduate,Self-Employed,294630.04,995088.16,Home,303.6,10,329,8.53,2025-06-06,1
CUST04015,24,Male,North,Secondary,Self-Employed,457253.01,352693.61,Car,371.4,17,493,73.95,2019-12-06,1
CUST04016,61,Male,West,Secondary,Unemployed,363882.14,125618.53,Business,481.9,0,312,67.41,2026-02-06,1
CUST04017,44,Male,East,Graduate,Unemployed,584913.16,1096914.78,Business,578.3,5,90,64.5,2020-10-22,1
CUST04018,42,Female,West,Primary,Unemployed,2638444.36,1089414.21,Home,656.8,13,334,69.0,2022-04-05,0
CUST04019,69,Male,West,Graduate,Salaried,1629098.24,1886065.75,Business,550.0,14,230,51.51,2018-10-21,0
CUST04020,70,Other,South,Secondary,Unemployed,2499750.73,1414913.08,Business,423.9,10,207,5.58,2021-02-27,1
CUST04021,34,Male,North,Secondary,Self-Employed,1129033.56,1298640.5,Business,656.3,13,149,70.75,2022-06-29,0
CUST04022,24,Other,West,Post-Graduate,Self-Employed,213356.95,1895198.39,Education,439.1,4,292,38.17,2024-04-13,1
CUST04023,41,Other,East,Secondary,Salaried,416635.02,1585861.95,Other,728.4,19,8,96.75,2023-09-11,0
CUST04024,30,Male,East,Primary,Unemployed,1361637.54,1580395.77,Car,656.1,15,7,108.55,2020-05-10,0
CUST04025,28,Other,East,Primary,Salaried,2611144.56,1702079.26,Education,358.1,5,249,31.42,2022-12-23,1
CUST04026,58,Male,South,Graduate,Salaried,2475467.17,691967.22,Home,710.1,9,159,15.41,2023-04-19,0
CUST04027,24,Female,East,Post-Graduate,Salaried,1390770.67,1040007.8,Other,734.6,24,380,6.48,2025-04-09,0
CUST04028,68,Female,South,Post-Graduate,Self-Employed,1493052.2,677860.78,Business,807.7,15,59,22.46,2021-09-01,0
CUST04029,33,Female,South,Graduate,Unemployed,1989665.64,1012115.53,Other,621.4,17,293,67.97,2021-10-01,0
CUST04030,28,Male,East,Post-Graduate,Salaried,2073665.71,1313982.83,Other,530.5,16,388,18.8,2019-08-26,1
CUST04031,44,Other,South,Primary,Unemployed,2043752.12,1148023.06,Education,426.9,9,375,48.92,2025-01-25,1
CUST04032,64,Female,South,Post-Graduate,Salaried,1048598.88,1550574.8,Education,429.7,4,478,35.68,2025-08-26,1
CUST04033,34,Other,East,Primary,Self-Employed,2203758.49,1520154.89,Business,694.6,0,100,63.77,2024-07-04,1
CUST04034,27,Male,West,Secondary,Unemployed,1461909.51,31228.09,Education,721.3,7,22,99.57,2022-06-13,0
CUST04035,29,Other,South,Post-Graduate,Self-Employed,2993741.01,495379.3,Business,353.8,10,79,72.15,2021-03-12,1
CUST04036,67,Other,West,Graduate,Unemployed,2778963.94,189669.17,Car,403.0,21,5,10.47,2023-11-11,1
CUST04037,51,Male,South,Primary,Salaried,1900354.47,56020.21,Home,641.0,9,434,110.81,2021-09-19,0
CUST04038,68,Male,West,Primary,Self-Employed,249509.08,1899954.0,Home,583.4,21,429,56.13,2023-04-24,0
CUST04039,30,Other,West,Primary,Self-Employed,1773571.47,1143876.84,Car,846.9,14,42,39.26,2022-02-06,0
CUST04040,23,Female,North,Post-Graduate,Unemployed,1090680.51,640211.83,Other,772.8,4,165,113.42,2020-04-12,1
CUST04041,69,Female,West,Post-Graduate,Self-Employed,2175818.87,1759372.58,Other,376.7,0,43,67.68,2019-04-16,1
CUST04042,21,Other,South,Graduate,Salaried,342582.4,146104.19,Business,453.0,22,103,105.15,2021-10-27,1
CUST04043,59,Other,West,Secondary,Salaried,2519891.81,1384230.8,Home,599.2,9,475,55.3,2020-05-21,0
CUST04044,31,Male,South,Graduate,Salaried,2318749.27,345794.07,Car,527.0,24,136,97.48,2020-01-02,1
CUST04045,39,Female,South,Primary,Self-Employed,2612724.45,919961.17,Education,577.2,13,427,66.41,2022-02-06,0
CUST04046,31,Male,East,Secondary,Self-Employed,334417.32,1227446.49,Education,810.4,8,107,113.74,2023-09-22,0
CUST04047,29,Female,North,Secondary,Unemployed,1726431.15,147484.49,Business,304.7,24,375,7.39,2024-11-30,1
CUST04048,57,Male,East,Primary,Unemployed,1678607.61,1418780.72,Education,506.5,9,23,62.4,2018-01-14,1
CUST04049,69,Male,West,Secondary,Unemployed,1495053.38,1923549.36,Business,363.3,23,346,75.62,2018-01-10,1
CUST04050,60,Male,East,Secondary,Self-Employed,697363.46,11013.46,Home,377.4,9,57,61.78,2023-02-01,1
CUST04051,46,Female,East,Primary,Salaried,117946.4,1123098.48,Home,352.8,5,237,89.6,2024-01-14,1
CUST04052,32,Female,North,Primary,Unemployed,2468265.42,445257.18,Education,312.1,6,470,72.2,2020-08-13,1
CUST04053,41,Other,South,Secondary,Salaried,2728602.87,96411.66,Education,724.8,2,307,14.33,2021-05-02,1
CUST04054,62,Other,South,Primary,Salaried,2697642.58,1210050.74,Business,720.6,13,336,82.83,2023-09-30,0
CUST04055,56,Male,West,Graduate,Salaried,2968444.75,1851588.28,Home,549.1,15,495,14.55,2025-09-30,1
CUST04056,41,Other,East,Graduate,Salaried,2072488.1,155565.66,Education,401.9,17,476,15.64,2022-09-17,1
CUST04057,35,Male,West,Secondary,Unemployed,2989701.35,275356.16,Business,716.1,23,370,10.55,2025-03-06,0
CUST04058,54,Other,East,Secondary,Self-Employed,937234.0,1320414.22,Business,748.7,8,362,13.91,2024-10-16,0
CUST04059,22,Male,South,Secondary,Self-Employed,836176.55,1254628.87,Car,655.0,0,496,117.23,2022-11-16,1
CUST04060,46,Other,North,Graduate,Self-Employed,525830.52,1933671.94,Business,326.6,10,239,62.37,2021-02-24,1
CUST04061,31,Male,West,Graduate,Salaried,1278160.85,1698271.33,Car,404.5,23,295,88.11,2020-05-21,1
CUST04062,52,Other,East,Secondary,Unemployed,2796636.44,1318781.84,Education,439.7,4,52,62.15,2026-01-19,1
CUST04063,44,Male,South,Post-Graduate,Salaried,616988.04,1583145.66,Home,303.7,22,190,28.06,2018-10-04,1
CUST04064,67,Male,West,Primary,Self-Employed,850765.7,1974664.97,Car,468.0,12,296,102.07,2024-02-29,1
CUST04065,22,Female,South,Graduate,Salaried,1264282.69,273846.51,Other,826.6,6,124,28.78,2025-01-20,0
CUST04066,47,Female,North,Primary,Salaried,2251977.19,552670.59,Car,459.8,13,266,117.6,2022-06-24,1
CUST04067,52,Female,South,Graduate,Salaried,2888571.5,370119.05,Home,357.6,15,37,48.45,2018-12-20,1
CUST04068,67,Male,North,Post-Graduate,Unemployed,2177444.69,1326915.24,Car,351.8,22,278,39.47,2019-05-06,1
CUST04069,36,Other,South,Primary,Unemployed,2801217.09,1193655.33,Home,693.8,19,458,93.58,2021-10-13,0
CUST04070,29,Female,East,Post-Graduate,Unemployed,300034.98,82691.23,Business,757.5,24,158,98.03,2022-04-12,0
CUST04071,34,Female,West,Graduate,Self-Employed,1109010.57,945076.54,Car,316.0,8,89,71.17,2024-07-17,1
CUST04072,53,Male,South,Primary,Unemployed,2401627.28,1695943.23,Business,472.1,12,418,103.07,2025-09-19,1
CUST04073,59,Female,West,Secondary,Self-Employed,2750853.21,143869.45,Education,652.1,19,18,31.87,2021-05-17,0
CUST04074,56,Male,North,Secondary,Salaried,1990703.89,308903.2,Home,325.3,14,306,39.39,2021-11-29,1
CUST04075,21,Female,South,Primary,Salaried,102425.28,174686.89,Business,397.0,21,396,105.24,2021-08-19,1
CUST04076,38,Other,West,Primary,Self-Employed,2346895.54,845545.62,Business,313.2,22,156,60.73,2018-12-31,1
CUST04077,35,Female,North,Secondary,Salaried,871387.34,923051.14,Home,364.0,11,124,16.29,2020-01-03,1
CUST04078,18,Male,West,Graduate,Unemployed,1355721.85,1559764.27,Business,715.9,15,143,114.75,2024-05-29,0
CUST04079,30,Male,South,Secondary,Self-Employed,1945839.75,1557322.82,Education,753.3,9,184,13.56,2024-08-08,0
CUST04080,31,Female,South,Graduate,Unemployed,2149134.13,520413.51,Car,786.1,7,261,41.72,2021-09-11,0
CUST04081,31,Female,East,Primary,Unemployed,2570707.92,1980589.4,Education,459.2,13,298,25.0,2023-03-05,1
CUST04082,40,Female,South,Primary,Salaried,2264412.02,1973912.57,Other,617.5,13,268,108.25,2021-08-26,0
CUST04083,62,Female,North,Graduate,Unemployed,1428807.08,160771.31,Business,517.9,11,15,118.97,2023-08-01,1
CUST04084,37,Male,West,Secondary,Salaried,1906882.88,372671.73,Business,660.5,1,197,21.97,2022-05-27,1
CUST04085,18,Other,East,Primary,Unemployed,844706.7,1976943.92,Education,814.7,17,114,17.97,2020-05-28,0
CUST04086,18,Male,South,Secondary,Unemployed,1816504.71,1989712.75,Car,673.8,18,160,13.54,2020-07-24,0
CUST04087,64,Other,South,Secondary,Self-Employed,2265702.39,291614.36,Education,709.4,16,30,104.91,2018-11-16,0
CUST04088,52,Female,West,Post-Graduate,Self-Employed,2103616.16,575428.9,Business,399.4,6,431,76.86,2022-12-20,1
CUST04089,46,Male,West,Graduate,Salaried,2074167.2,18525.93,Business,601.2,21,404,115.11,2018-10-18,0
CUST04090,45,Other,North,Graduate,Self-Employed,2444759.55,1644156.51,Business,504.6,3,393,90.48,2025-01-02,1
CUST04091,28,Female,North,Secondary,Self-Employed,2315967.55,1293656.51,Car,679.4,15,235,65.13,2023-11-30,0
CUST04092,26,Female,East,Secondary,Self-Employed,2518767.57,443279.5,Other,597.0,6,384,104.06,2019-07-02,0
CUST04093,42,Female,North,Post-Graduate,Unemployed,418056.06,1347993.21,Home,827.8,1,301,8.9,2020-09-03,1
CUST04094,69,Male,West,Graduate,Unemployed,2125397.98,1504787.29,Business,783.6,16,276,25.5,2023-05-04,0
CUST04095,31,Other,South,Post-Graduate,Salaried,902454.95,1163758.04,Car,582.4,6,317,111.37,2019-10-14,0
CUST04096,45,Male,West,Post-Graduate,Self-Employed,531217.54,1132082.7,Car,559.1,3,201,80.45,2019-04-01,1
CUST04097,39,Other,South,Secondary,Self-Employed,2650934.88,35951.58,Business,414.7,0,482,77.89,2018-08-09,1
CUST04098,21,Male,North,Primary,Self-Employed,1283139.83,349256.23,Car,316.5,2,329,15.27,2022-08-10,1
CUST04099,41,Female,South,Post-Graduate,Salaried,750747.27,1676138.48,Education,836.7,18,338,13.4,2024-04-27,0
CUST04100,47,Male,West,Secondary,Salaried,2425985.79,1541576.95,Home,541.1,15,330,73.88,2025-05-21,1
CUST04101,30,Female,North,Secondary,Salaried,2017348.42,1890116.79,Business,713.5,16,7,30.88,2021-10-11,0
CUST04102,64,Female,East,Secondary,Unemployed,2767523.09,1667269.56,Business,407.0,24,470,19.58,2023-04-01,1
CUST04103,52,Female,East,Post-Graduate,Unemployed,554550.73,322880.26,Education,615.3,4,417,14.11,2018-10-17,1
CUST04104,26,Female,South,Graduate,Self-Employed,1260592.83,1629603.72,Other,691.2,7,428,103.73,2018-08-26,0
CUST04105,30,Other,West,Primary,Salaried,343923.8,251286.79,Business,395.4,1,379,103.21,2025-06-23,1
CUST04106,35,Other,East,Graduate,Salaried,578385.72,222062.47,Home,564.4,15,414,86.91,2023-06-16,0
CUST04107,43,Female,North,Secondary,Self-Employed,2259009.96,391053.8,Education,628.4,7,54,17.27,2018-10-22,0
CUST04108,25,Other,North,Graduate,Salaried,671985.85,1031554.19,Car,537.5,1,287,45.09,2024-09-15,1
CUST04109,41,Male,South,Secondary,Self-Employed,2789464.83,914722.0,Education,701.8,10,107,46.59,2018-11-21,0
CUST04110,43,Female,East,Primary,Salaried,505132.81,958197.09,Car,337.1,4,490,6.88,2021-06-21,1
CUST04111,29,Other,South,Secondary,Self-Employed,1769988.36,1383044.65,Business,794.6,2,380,65.54,2024-11-24,1
CUST04112,30,Other,East,Secondary,Self-Employed,630661.97,1907593.16,Home,525.3,5,452,68.73,2018-05-23,1
CUST04113,26,Male,West,Graduate,Self-Employed,1386362.84,29743.14,Car,699.3,5,169,29.0,2025-01-28,1
CUST04114,55,Female,North,Primary,Salaried,1913246.04,509732.7,Home,606.7,21,465,50.24,2025-07-05,0
CUST04115,62,Female,East,Secondary,Self-Employed,2208909.25,169446.85,Other,411.3,4,475,85.22,2021-03-08,1
CUST04116,51,Male,East,Post-Graduate,Self-Employed,243106.58,1679619.81,Education,678.1,12,451,55.31,2018-06-13,0
CUST04117,35,Other,East,Graduate,Salaried,344391.44,582705.02,Other,437.2,9,126,92.08,2018-12-29,1
CUST04118,41,Female,East,Post-Graduate,Unemployed,2861046.18,1053118.56,Car,348.3,13,123,77.98,2018-06-21,1
CUST04119,44,Male,West,Post-Graduate,Salaried,1149516.38,724759.85,Business,728.8,8,143,98.49,2020-02-01,0
CUST04120,25,Other,South,Primary,Salaried,1879122.62,164580.97,Business,488.6,24,238,13.16,2022-04-26,1
CUST04121,19,Female,West,Post-Graduate,Self-Employed,1484649.79,1054258.41,Education,366.6,11,246,57.4,2018-01-07,1
CUST04122,40,Male,South,Post-Graduate,Self-Employed,1434967.4,251966.43,Business,441.9,6,471,102.68,2021-08-12,1
CUST04123,19,Other,South,Secondary,Self-Employed,1181816.29,1171830.93,Other,518.7,18,136,38.44,2019-08-15,1
CUST04124,67,Male,East,Post-Graduate,Unemployed,2337058.03,504594.62,Business,633.2,9,411,107.75,2022-09-22,0
CUST04125,46,Female,East,Graduate,Self-Employed,2592130.51,1972205.85,Home,357.9,21,401,10.84,2021-07-10,1
CUST04126,64,Female,East,Graduate,Self-Employed,819959.95,1007188.13,Car,727.9,11,464,30.92,2018-06-01,0
CUST04127,21,Female,West,Primary,Self-Employed,366776.58,801418.42,Other,497.3,19,391,75.43,2019-01-14,1
CUST04128,25,Male,North,Post-Graduate,Unemployed,2172691.2,931447.54,Other,504.0,4,198,35.24,2024-02-17,1
CUST04129,32,Male,East,Primary,Self-Employed,1145717.12,1269013.21,Home,514.5,6,33,37.58,2025-03-08,1
CUST04130,62,Female,South,Primary,Self-Employed,2004454.37,1372135.39,Home,724.7,19,447,52.55,2021-10-02,0
CUST04131,34,Female,East,Graduate,Salaried,588786.59,1267617.36,Other,689.3,5,90,37.5,2024-05-03,1
CUST04132,35,Male,East,Primary,Salaried,2192478.23,231764.32,Other,532.6,7,146,41.78,2018-12-22,1
CUST04133,45,Female,West,Secondary,Self-Employed,1730337.95,1716029.38,Car,346.4,23,237,43.95,2020-04-12,1
CUST04134,31,Male,West,Secondary,Unemployed,2583286.02,896878.83,Other,761.3,8,500,55.62,2024-07-17,0
CUST04135,48,Other,North,Secondary,Salaried,1460227.63,726561.79,Education,437.4,16,34,17.69,2020-07-27,1
CUST04136,30,Male,North,Post-Graduate,Self-Employed,2424175.64,1292978.86,Car,480.7,20,108,117.36,2018-10-26,1
CUST04137,30,Female,East,Secondary,Self-Employed,2767079.38,1567749.13,Home,727.7,18,414,21.54,2018-11-17,0
CUST04138,56,Other,North,Graduate,Self-Employed,1941428.48,1759663.7,Business,406.8,13,102,36.82,2025-08-02,1
CUST04139,18,Other,South,Graduate,Salaried,2020874.72,1492742.56,Education,366.7,17,64,106.36,2023-08-10,1
CUST04140,63,Female,North,Primary,Salaried,1790784.06,470658.06,Home,710.3,13,112,73.48,2023-07-15,0
CUST04141,18,Male,South,Graduate,Unemployed,705107.43,1850765.64,Education,767.0,1,459,116.23,2025-10-15,1
CUST04142,47,Female,West,Graduate,Unemployed,177791.21,882947.97,Other,749.7,7,477,24.25,2022-08-07,0
CUST04143,69,Other,East,Primary,Salaried,478151.25,455307.91,Education,571.5,21,411,72.54,2020-08-01,0
CUST04144,26,Other,South,Graduate,Self-Employed,1147964.7,1117668.36,Education,603.9,14,108,115.74,2022-08-20,0
CUST04145,62,Other,West,Graduate,Salaried,908148.09,1355033.06,Education,623.6,0,465,91.15,2022-05-28,1
CUST04146,65,Female,South,Primary,Self-Employed,2736584.9,442133.81,Other,824.8,7,117,54.27,2018-12-01,0
CUST04147,28,Other,South,Post-Graduate,Self-Employed,2990401.91,1968289.62,Home,495.7,2,17,36.1,2019-04-10,1
CUST04148,48,Male,North,Primary,Self-Employed,2595914.55,70436.93,Education,581.2,11,51,102.18,2020-11-25,0
CUST04149,59,Female,North,Primary,Self-Employed,1276040.64,1911659.4,Education,807.1,23,153,78.68,2019-10-05,0
CUST04150,53,Other,South,Post-Graduate,Self-Employed,1453213.24,1563891.95,Other,647.0,7,38,6.37,2020-11-19,0
CUST04151,49,Other,East,Post-Graduate,Unemployed,698780.91,1389247.76,Business,517.9,3,286,53.08,2020-03-23,1
CUST04152,46,Female,East,Post-Graduate,Salaried,956573.36,1836394.45,Car,739.8,9,176,55.76,2020-10-12,0
CUST04153,38,Male,West,Graduate,Salaried,1507912.75,18882.85,Home,507.1,13,205,13.12,2023-12-15,1
CUST04154,45,Female,East,Secondary,Unemployed,526536.67,927398.05,Car,729.7,19,92,71.84,2023-11-24,0
CUST04155,31,Male,South,Graduate,Unemployed,1466492.17,129621.84,Education,699.8,20,242,37.69,2019-03-13,0
CUST04156,30,Female,East,Graduate,Self-Employed,1901147.89,752335.78,Car,793.5,3,43,58.75,2022-08-26,1
CUST04157,26,Female,West,Primary,Salaried,294939.38,371426.46,Car,379.1,24,177,103.78,2024-03-24,1
CUST04158,38,Other,East,Post-Graduate,Self-Employed,726478.31,872544.24,Home,523.5,24,472,50.95,2019-09-16,1
CUST04159,25,Other,North,Secondary,Salaried,452915.0,1965539.46,Other,691.7,10,69,119.75,2025-09-17,0
CUST04160,45,Male,North,Primary,Salaried,1983252.33,1678086.09,Business,491.3,22,309,60.56,2021-06-22,1
CUST04161,32,Male,South,Post-Graduate,Self-Employed,1203319.29,509369.29,Education,462.2,1,498,83.81,2021-03-14,1
CUST04162,29,Female,East,Primary,Self-Employed,2508495.0,1931984.09,Home,844.6,12,126,112.34,2022-10-11,0
CUST04163,60,Male,East,Secondary,Salaried,712851.87,661756.68,Car,383.7,3,219,47.85,2019-09-12,1
CUST04164,31,Male,East,Graduate,Self-Employed,1724143.54,292443.55,Business,611.2,24,106,77.81,2023-05-03,0
CUST04165,47,Other,South,Secondary,Unemployed,2356917.76,80386.11,Home,453.0,7,327,111.46,2018-07-27,1
CUST04166,58,Other,West,Secondary,Self-Employed,2410465.85,1448674.32,Car,541.1,18,105,26.59,2021-09-20,1
CUST04167,19,Male,North,Post-Graduate,Self-Employed,2960293.5,1432487.21,Other,686.3,5,11,101.35,2024-12-22,1
CUST04168,24,Female,West,Primary,Unemployed,1006770.5,310605.51,Education,396.0,3,52,33.19,2023-03-25,1
CUST04169,35,Male,West,Post-Graduate,Self-Employed,269840.41,1686644.64,Business,355.9,3,115,70.03,2021-08-10,1
CUST04170,58,Female,West,Secondary,Self-Employed,2646228.97,472347.09,Education,592.4,22,163,51.91,2025-07-03,0
CUST04171,59,Male,East,Secondary,Unemployed,1472444.61,955868.33,Other,464.7,13,225,71.5,2019-10-24,1
CUST04172,57,Female,West,Primary,Salaried,1843999.72,1364015.11,Education,554.2,4,445,61.44,2023-01-18,1
CUST04173,40,Other,East,Secondary,Self-Employed,2776958.73,1889744.05,Other,809.6,18,417,26.12,2018-02-11,0
CUST04174,55,Other,South,Post-Graduate,Unemployed,1423140.43,805952.14,Business,485.3,17,374,75.78,2020-03-01,1
CUST04175,43,Male,North,Primary,Self-Employed,708883.82,211828.23,Education,518.4,9,481,26.74,2025-06-12,1
CUST04176,18,Male,West,Graduate,Self-Employed,2288502.02,1417286.83,Education,729.3,3,409,27.33,2019-04-30,1
CUST04177,50,Female,West,Secondary,Self-Employed,857482.09,1234288.96,Education,475.6,11,1,72.25,2025-08-03,1
CUST04178,61,Male,North,Graduate,Self-Employed,2021051.84,579365.46,Education,327.6,18,50,73.3,2024-11-05,1
CUST04179,41,Male,East,Post-Graduate,Salaried,1129468.91,441947.23,Home,403.5,17,32,93.06,2025-03-05,1
CUST04180,53,Female,West,Primary,Unemployed,2754575.06,527347.07,Home,350.0,5,283,91.43,2023-03-08,1
CUST04181,29,Female,East,Primary,Salaried,1571384.48,1633593.64,Car,806.3,17,384,96.99,2020-04-01,0
CUST04182,21,Other,West,Post-Graduate,Self-Employed,1913241.08,630165.07,Home,771.0,21,383,25.24,2023-06-03,0
CUST04183,51,Male,North,Post-Graduate,Salaried,2817538.01,1435422.46,Car,388.4,8,366,29.91,2022-05-01,1
CUST04184,36,Other,North,Post-Graduate,Unemployed,716830.96,522593.49,Home,633.2,22,320,59.72,2023-09-29,0
CUST04185,32,Other,North,Post-Graduate,Salaried,1711462.3,1090225.5,Car,771.4,11,490,6.52,2022-11-28,0
CUST04186,54,Female,West,Post-Graduate,Salaried,2372273.36,1938842.71,Business,582.2,24,298,100.61,2018-12-03,0
CUST04187,47,Female,North,Primary,Unemployed,1265572.6,565537.7,Other,498.2,22,99,110.0,2025-06-11,1
CUST04188,43,Other,East,Post-Graduate,Self-Employed,571626.11,813910.91,Education,595.2,2,358,106.78,2022-08-29,1
CUST04189,52,Male,West,Graduate,Self-Employed,530459.44,1637467.18,Other,415.7,9,411,68.78,2022-07-28,1
CUST04190,66,Other,South,Primary,Salaried,2336330.71,919596.05,Business,670.0,21,258,57.57,2025-07-22,0
CUST04191,32,Male,West,Secondary,Unemployed,2602707.52,410845.23,Education,346.4,10,323,86.09,2024-04-04,1
CUST04192,68,Male,North,Secondary,Unemployed,1981618.19,1600914.53,Home,392.2,5,226,26.76,2023-06-22,1
CUST04193,32,Male,South,Secondary,Salaried,1928237.39,194399.03,Business,399.3,10,457,14.03,2019-04-30,1
CUST04194,66,Female,South,Graduate,Salaried,1469074.03,1929688.4,Car,358.1,8,228,79.19,2020-01-26,1
CUST04195,31,Other,East,Primary,Unemployed,2785855.99,92471.2,Home,307.1,15,16,88.13,2022-07-18,1
CUST04196,47,Other,West,Secondary,Unemployed,1508360.55,1875976.91,Business,462.0,7,235,102.61,2020-09-01,1
CUST04197,18,Male,West,Secondary,Self-Employed,666692.29,1566890.02,Business,388.0,22,226,92.08,2025-01-23,1
CUST04198,58,Other,South,Post-Graduate,Salaried,1212208.85,162827.43,Car,519.4,2,103,100.52,2019-07-02,1
CUST04199,56,Other,West,Primary,Unemployed,798176.02,576581.25,Business,422.6,23,148,49.84,2021-09-07,1
CUST04200,64,Female,South,Primary,Salaried,2763612.54,1133341.61,Business,464.9,23,487,93.52,2018-11-27,1
CUST04201,34,Female,South,Graduate,Salaried,2918933.22,953636.38,Other,495.6,3,494,14.46,2024-07-10,1
CUST04202,32,Other,East,Graduate,Self-Employed,2972679.45,816102.01,Business,538.9,21,128,82.24,2022-01-03,1
CUST04203,32,Other,North,Graduate,Salaried,2392282.02,1322343.27,Business,745.7,2,354,39.88,2019-05-18,1
CUST04204,55,Other,East,Post-Graduate,Unemployed,1407367.53,657465.73,Other,495.1,13,130,103.0,2022-03-13,1
CUST04205,29,Other,East,Secondary,Unemployed,504364.39,915712.97,Home,332.4,7,99,38.63,2019-12-04,1
CUST04206,36,Male,North,Secondary,Self-Employed,659415.6,1272941.8,Education,835.8,10,325,13.71,2018-11-28,0
CUST04207,20,Female,East,Secondary,Salaried,2379333.75,1895692.42,Home,705.0,24,279,32.13,2024-06-29,0
CUST04208,40,Female,North,Graduate,Salaried,1454045.39,1232076.92,Home,503.6,15,338,101.19,2020-07-30,1
CUST04209,30,Other,West,Post-Graduate,Salaried,2664184.35,514829.52,Car,496.6,3,383,100.7,2020-04-20,1
CUST04210,61,Other,West,Primary,Self-Employed,2276075.18,712674.18,Business,338.8,1,196,17.45,2024-10-10,1
CUST04211,29,Female,West,Post-Graduate,Self-Employed,2712864.46,965642.5,Education,532.4,20,245,46.39,2021-07-02,1
CUST04212,36,Other,South,Secondary,Self-Employed,1739605.62,1753458.98,Business,308.0,12,441,92.24,2021-03-13,1
CUST04213,69,Male,South,Secondary,Self-Employed,866764.87,444919.09,Other,572.5,13,38,6.01,2025-06-18,0
CUST04214,31,Other,West,Secondary,Salaried,210331.55,1495973.18,Other,608.4,5,441,81.46,2018-10-13,1
CUST04215,42,Male,West,Post-Graduate,Unemployed,1479683.46,543022.76,Business,721.2,7,199,88.65,2019-03-25,0
CUST04216,64,Other,North,Graduate,Self-Employed,304285.24,1247279.19,Car,632.1,17,441,96.56,2022-09-04,0
CUST04217,37,Female,East,Graduate,Unemployed,890308.19,500330.29,Home,607.6,22,219,69.74,2021-12-22,0
CUST04218,67,Female,East,Post-Graduate,Unemployed,1420280.45,319215.09,Other,328.4,9,117,113.81,2025-10-21,1
CUST04219,63,Other,South,Primary,Self-Employed,311097.83,1402718.56,Other,370.1,7,369,89.77,2024-10-01,1
CUST04220,61,Female,South,Primary,Self-Employed,2903405.58,415478.02,Home,681.6,1,234,96.56,2024-01-05,1
CUST04221,19,Male,East,Graduate,Salaried,2618408.57,57776.97,Home,516.0,16,365,52.66,2018-01-03,1
CUST04222,64,Other,South,Primary,Salaried,899004.01,179315.47,Car,829.5,13,147,79.63,2022-04-05,0
CUST04223,51,Other,North,Primary,Self-Employed,2437668.38,1020030.22,Car,360.3,22,123,98.85,2019-10-14,1
CUST04224,31,Female,South,Secondary,Unemployed,1741480.42,359593.51,Car,831.4,14,32,92.27,2025-03-16,0
CUST04225,60,Other,South,Graduate,Salaried,838562.78,1885871.57,Home,337.6,20,301,38.87,2021-07-31,1
CUST04226,47,Male,West,Post-Graduate,Salaried,2988772.31,51143.19,Business,364.6,12,303,31.54,2021-12-02,1
CUST04227,41,Other,North,Secondary,Self-Employed,1546136.11,639368.9,Home,774.8,1,49,16.66,2025-05-11,1
CUST04228,29,Male,West,Graduate,Salaried,2847281.96,1496241.91,Car,338.4,8,307,86.8,2026-03-02,1
CUST04229,41,Male,North,Post-Graduate,Salaried,1115917.31,1159676.39,Home,492.5,1,417,101.14,2026-02-16,1
CUST04230,39,Male,West,Primary,Unemployed,551932.07,133924.34,Business,792.0,15,285,111.58,2021-11-17,0
CUST04231,24,Female,North,Secondary,Self-Employed,1765860.45,436644.14,Home,753.3,3,287,36.35,2021-02-17,1
CUST04232,60,Female,North,Post-Graduate,Self-Employed,1525226.28,505823.09,Home,653.3,6,133,58.59,2025-04-26,0
CUST04233,30,Other,West,Graduate,Salaried,2223452.68,1085711.83,Home,822.4,21,62,43.11,2024-08-02,0
CUST04234,68,Male,North,Graduate,Salaried,682421.38,1085639.88,Other,492.0,6,50,25.96,2022-01-26,1
CUST04235,66,Other,East,Primary,Self-Employed,2206909.46,93217.7,Education,469.6,4,223,62.26,2018-12-06,1
CUST04236,53,Other,North,Graduate,Unemployed,912016.95,1369310.65,Other,649.9,12,352,40.69,2025-05-21,0
CUST04237,25,Male,West,Primary,Salaried,142382.82,1781149.41,Home,320.1,16,454,37.82,2019-04-20,1
CUST04238,20,Female,West,Graduate,Unemployed,721013.44,1811729.08,Car,729.7,3,247,45.69,2021-04-16,1
CUST04239,40,Other,South,Secondary,Unemployed,1473885.56,47819.98,Business,396.1,0,394,97.77,2023-10-27,1
CUST04240,20,Female,East,Secondary,Self-Employed,2025256.95,828744.71,Home,398.6,22,202,60.77,2019-10-18,1
CUST04241,33,Male,South,Secondary,Salaried,1464304.05,917676.19,Education,487.2,16,207,78.52,2020-07-05,1
CUST04242,28,Female,East,Secondary,Unemployed,1456804.12,1434146.78,Business,460.8,1,19,60.54,2019-04-04,1
CUST04243,35,Female,South,Primary,Self-Employed,880420.82,1913821.96,Home,803.8,11,172,84.66,2021-08-18,0
CUST04244,66,Male,West,Primary,Unemployed,1821690.62,554079.82,Education,711.7,11,454,108.88,2018-04-02,0
CUST04245,54,Female,South,Primary,Unemployed,2995516.54,228014.13,Business,392.9,18,413,114.05,2020-12-02,1
CUST04246,68,Female,South,Graduate,Self-Employed,1795780.41,1592301.87,Car,615.6,17,493,100.17,2020-07-21,0
CUST04247,23,Female,East,Graduate,Salaried,325045.79,230007.17,Business,685.1,4,357,109.9,2024-04-24,1
CUST04248,51,Other,West,Secondary,Salaried,1265428.98,1634002.5,Business,631.4,13,229,29.29,2022-01-26,0
CUST04249,61,Male,South,Secondary,Salaried,1424833.13,601692.17,Car,605.3,6,347,62.27,2018-03-03,0
CUST04250,28,Other,North,Post-Graduate,Salaried,1086271.04,1195745.43,Other,583.5,6,121,45.08,2026-01-29,0
CUST04251,31,Other,West,Graduate,Self-Employed,998845.86,722047.55,Car,337.0,19,73,36.18,2022-01-16,1
CUST04252,31,Female,North,Graduate,Salaried,497694.37,1425607.99,Home,648.1,18,151,33.54,2023-12-08,0
CUST04253,40,Female,North,Graduate,Salaried,1838772.43,574052.58,Business,347.2,4,159,13.97,2025-04-02,1
CUST04254,29,Other,East,Primary,Unemployed,2029375.1,217562.32,Education,337.8,19,186,67.12,2026-03-05,1
CUST04255,70,Female,North,Post-Graduate,Unemployed,2868761.57,392600.56,Business,769.6,14,257,73.67,2024-09-13,0
CUST04256,54,Female,West,Primary,Unemployed,1910891.18,1101562.74,Business,319.3,9,319,88.45,2026-03-06,1
CUST04257,21,Female,North,Secondary,Self-Employed,1926931.15,367734.07,Other,720.1,0,52,90.8,2023-02-13,1
CUST04258,29,Female,East,Secondary,Unemployed,2377488.0,253919.5,Home,747.2,18,81,56.05,2018-02-22,0
CUST04259,26,Male,South,Primary,Unemployed,273743.8,613262.7,Other,459.4,20,120,101.0,2025-08-30,1
CUST04260,26,Male,South,Primary,Salaried,113675.25,666708.06,Education,409.8,23,22,31.49,2024-07-24,1
CUST04261,23,Female,North,Post-Graduate,Self-Employed,2872232.5,489803.1,Home,469.3,7,33,68.14,2020-11-18,1
CUST04262,63,Male,West,Primary,Unemployed,995580.01,1705862.47,Education,514.9,8,290,73.0,2021-06-30,1
CUST04263,63,Other,West,Primary,Unemployed,2451027.41,547555.75,Home,644.2,9,270,74.8,2024-08-02,0
CUST04264,52,Male,South,Secondary,Unemployed,2613246.56,1736828.6,Home,542.2,20,49,24.29,2019-08-22,1
CUST04265,42,Male,West,Primary,Self-Employed,1715965.09,1309295.45,Business,833.8,8,409,92.43,2022-12-01,0
CUST04266,44,Female,North,Primary,Unemployed,1883072.61,1142237.29,Car,503.3,15,382,113.98,2021-10-13,1
CUST04267,23,Female,East,Post-Graduate,Self-Employed,801719.71,718050.88,Car,659.6,1,84,116.3,2022-08-05,1
CUST04268,55,Other,North,Post-Graduate,Salaried,261492.21,561354.85,Education,733.1,15,122,12.86,2021-02-05,0
CUST04269,39,Other,West,Secondary,Self-Employed,1062708.61,524986.92,Education,796.4,24,349,40.55,2023-12-12,0
CUST04270,52,Male,West,Graduate,Self-Employed,690634.8,1742882.35,Car,731.0,24,337,32.65,2024-12-06,0
CUST04271,63,Other,West,Post-Graduate,Salaried,1503178.32,160328.06,Car,337.9,15,56,87.56,2021-09-17,1
CUST04272,52,Male,East,Secondary,Unemployed,2419883.53,1594432.13,Home,720.3,8,238,82.03,2019-03-30,0
CUST04273,51,Female,East,Post-Graduate,Salaried,233518.29,408141.18,Other,405.5,17,417,64.74,2022-11-16,1
CUST04274,51,Female,South,Graduate,Unemployed,982584.92,1057691.7,Car,561.1,15,140,21.57,2018-06-01,0
CUST04275,19,Other,East,Post-Graduate,Salaried,2397140.65,366856.84,Home,775.5,2,131,54.08,2018-05-15,1
CUST04276,61,Other,West,Primary,Self-Employed,704812.95,800951.9,Other,344.7,11,463,31.25,2025-08-24,1
CUST04277,54,Other,West,Secondary,Self-Employed,2369431.97,1023458.44,Business,845.8,4,42,44.24,2022-11-19,1
CUST04278,37,Other,East,Post-Graduate,Unemployed,2544307.73,1857054.11,Car,788.8,14,122,43.85,2024-11-21,0
CUST04279,41,Male,West,Graduate,Unemployed,1236675.29,1734554.18,Car,813.0,14,186,16.01,2024-07-06,0
CUST04280,49,Male,South,Post-Graduate,Unemployed,1916134.03,1556640.38,Car,567.6,12,423,43.08,2021-03-08,0
CUST04281,50,Male,North,Graduate,Self-Employed,1387654.63,1427556.22,Education,619.7,22,200,78.32,2019-11-26,0
CUST04282,38,Male,East,Post-Graduate,Unemployed,2318929.13,1555211.05,Other,629.9,12,48,32.51,2024-12-27,0
CUST04283,35,Female,East,Primary,Unemployed,2823197.33,1681322.75,Car,790.5,3,305,76.81,2019-12-01,1
CUST04284,35,Female,West,Graduate,Self-Employed,684562.95,1463772.55,Education,675.5,6,490,13.91,2024-06-23,0
CUST04285,35,Other,East,Secondary,Unemployed,841116.33,1758579.67,Car,540.8,11,345,84.14,2023-08-28,1
CUST04286,48,Male,South,Graduate,Unemployed,271752.74,1016311.22,Other,437.2,2,45,82.44,2023-10-22,1
CUST04287,27,Female,North,Secondary,Unemployed,971288.08,384995.57,Education,322.5,17,232,40.57,2019-10-13,1
CUST04288,52,Other,North,Secondary,Unemployed,1106244.41,559078.98,Education,843.3,18,241,102.36,2022-12-28,0
CUST04289,49,Other,South,Primary,Unemployed,1854858.53,749334.92,Car,600.2,8,101,14.5,2018-04-11,0
CUST04290,64,Other,West,Post-Graduate,Salaried,698413.18,1068369.04,Business,340.9,6,342,43.97,2020-01-05,1
CUST04291,20,Female,North,Primary,Unemployed,1977957.97,766628.88,Education,478.4,8,267,117.01,2022-08-01,1
CUST04292,29,Other,North,Primary,Salaried,2744322.07,921983.31,Other,693.0,8,391,98.49,2023-11-03,0
CUST04293,22,Other,South,Graduate,Self-Employed,1368409.29,1794147.85,Other,796.3,1,469,104.56,2018-07-20,1
CUST04294,34,Other,East,Post-Graduate,Salaried,1152847.06,1151940.13,Education,423.8,8,12,11.68,2020-09-19,1
CUST04295,36,Male,West,Secondary,Unemployed,167624.16,173662.76,Other,424.5,6,32,11.96,2025-07-30,1
CUST04296,39,Female,East,Post-Graduate,Unemployed,320864.98,959576.76,Car,678.5,19,458,28.77,2021-08-04,0
CUST04297,60,Other,West,Post-Graduate,Salaried,797589.7,367615.12,Car,603.2,0,330,104.97,2024-09-09,1
CUST04298,59,Other,West,Primary,Salaried,593566.98,946994.33,Business,370.0,0,141,113.98,2024-12-20,1
CUST04299,67,Other,East,Post-Graduate,Salaried,2120853.91,51092.14,Business,722.0,17,167,106.34,2025-01-05,0
CUST04300,55,Other,West,Primary,Salaried,1604621.66,300777.45,Other,651.7,4,274,7.05,2023-09-17,1
CUST04301,68,Male,South,Secondary,Self-Employed,1344277.37,170474.9,Other,715.8,19,285,91.36,2019-04-25,0
CUST04302,46,Female,North,Primary,Unemployed,1633185.88,1021752.37,Education,405.3,14,111,58.94,2022-08-23,1
CUST04303,58,Female,West,Primary,Unemployed,1981868.05,337161.99,Home,671.0,19,248,32.92,2022-04-17,0
CUST04304,21,Female,West,Graduate,Salaried,803886.5,1735408.75,Business,524.8,9,218,84.12,2020-05-16,1
CUST04305,24,Other,West,Primary,Unemployed,1488870.29,993855.13,Education,769.0,13,464,43.37,2024-08-02,0
CUST04306,58,Other,West,Post-Graduate,Unemployed,496018.75,223173.8,Education,724.0,9,18,39.55,2024-09-13,0
CUST04307,54,Other,East,Post-Graduate,Self-Employed,418096.5,759241.92,Business,364.1,22,203,11.79,2019-10-17,1
CUST04308,40,Male,East,Secondary,Salaried,1296523.4,539346.57,Other,563.1,24,394,10.86,2024-01-01,0
CUST04309,70,Male,East,Secondary,Self-Employed,939032.9,542069.79,Home,627.5,11,385,46.56,2025-01-27,0
CUST04310,54,Female,West,Graduate,Unemployed,1196124.16,1706111.59,Car,656.6,11,488,57.28,2024-06-30,0
CUST04311,64,Male,West,Secondary,Self-Employed,1910049.7,1411191.89,Car,839.2,23,159,73.26,2021-01-12,0
CUST04312,62,Female,West,Primary,Salaried,454955.69,979323.18,Education,330.8,6,350,24.78,2023-01-05,1
CUST04313,48,Other,West,Graduate,Unemployed,2196122.75,1120778.88,Other,560.8,13,380,104.93,2023-06-29,0
CUST04314,62,Other,East,Secondary,Salaried,2416981.34,861161.06,Education,619.3,20,190,26.17,2025-11-05,0
CUST04315,50,Female,West,Post-Graduate,Self-Employed,355533.31,1599023.1,Education,371.2,15,333,56.5,2025-06-16,1
CUST04316,43,Male,South,Primary,Salaried,2792088.83,384321.1,Car,769.3,2,198,94.57,2019-04-30,1
CUST04317,35,Male,North,Graduate,Unemployed,2997170.3,36076.92,Car,718.5,24,351,88.14,2021-05-15,0
CUST04318,68,Other,South,Graduate,Unemployed,1660361.28,1184048.02,Business,365.9,23,338,117.26,2023-04-21,1
CUST04319,38,Male,South,Post-Graduate,Self-Employed,1559196.33,1801901.2,Business,331.8,14,467,9.03,2024-08-17,1
CUST04320,19,Other,South,Post-Graduate,Unemployed,242336.46,1547077.48,Home,389.2,6,367,45.17,2022-09-20,1
CUST04321,61,Other,West,Post-Graduate,Salaried,2526560.7,1007323.02,Education,695.5,0,39,32.39,2019-12-06,1
CUST04322,43,Other,East,Graduate,Self-Employed,1594172.31,1220995.99,Business,844.7,9,429,107.36,2021-07-22,0
CUST04323,55,Male,South,Graduate,Salaried,293807.11,929834.38,Car,517.3,8,459,89.22,2020-06-04,1
CUST04324,65,Female,West,Primary,Unemployed,842392.73,1729618.77,Business,710.4,9,424,69.32,2019-09-11,0
CUST04325,46,Female,West,Secondary,Unemployed,1149693.72,668347.88,Business,660.0,18,250,59.67,2023-09-03,0
CUST04326,61,Female,East,Secondary,Salaried,2565033.65,469767.14,Home,728.1,14,19,27.77,2024-07-08,0
CUST04327,60,Female,North,Secondary,Salaried,443372.98,1111770.73,Home,544.3,0,34,109.96,2024-08-28,1
CUST04328,67,Male,West,Primary,Unemployed,821002.89,1810565.29,Home,494.6,24,267,61.58,2023-05-06,1
CUST04329,26,Other,West,Secondary,Self-Employed,1710180.7,575682.87,Business,688.0,2,26,34.98,2025-03-14,1
CUST04330,53,Female,West,Post-Graduate,Salaried,2788571.04,1979946.39,Car,584.7,8,475,100.69,2021-07-15,0
CUST04331,42,Other,West,Primary,Self-Employed,2144347.97,336831.81,Business,342.2,16,112,35.01,2020-04-23,1
CUST04332,61,Male,North,Secondary,Salaried,703731.01,1567713.63,Car,803.7,21,138,85.31,2020-08-25,0
CUST04333,32,Other,West,Graduate,Self-Employed,1545734.65,1882524.82,Education,666.4,14,87,34.69,2024-01-07,0
CUST04334,60,Male,North,Primary,Self-Employed,1265409.56,1327827.8,Business,348.3,2,118,109.01,2020-03-25,1
CUST04335,51,Other,North,Secondary,Self-Employed,2894912.04,1746473.13,Car,647.3,4,307,31.96,2018-09-27,1
CUST04336,42,Male,South,Post-Graduate,Salaried,1188917.48,1024913.38,Car,525.2,6,17,90.7,2021-12-24,1
CUST04337,31,Male,North,Secondary,Salaried,882568.4,448599.65,Business,686.7,0,491,18.37,2019-09-01,1
CUST04338,67,Other,South,Secondary,Unemployed,968383.03,1924718.55,Car,566.7,22,323,53.48,2021-06-06,0
CUST04339,39,Female,North,Post-Graduate,Unemployed,878099.71,1874827.28,Education,622.0,6,475,111.68,2024-02-29,0
CUST04340,61,Other,South,Graduate,Unemployed,1154847.98,942371.66,Education,628.9,19,33,30.5,2022-10-07,0
CUST04341,34,Male,West,Post-Graduate,Self-Employed,1404938.54,1745155.16,Home,745.9,9,114,8.98,2023-08-13,0
CUST04342,56,Male,South,Graduate,Salaried,229203.51,886233.16,Other,742.2,6,453,66.68,2020-11-18,0
CUST04343,36,Female,South,Secondary,Unemployed,1033193.47,1175498.15,Other,563.8,21,379,93.49,2022-03-07,0
CUST04344,69,Male,East,Graduate,Unemployed,1284924.9,490446.26,Car,619.8,22,118,41.72,2024-03-11,0
CUST04345,42,Female,North,Secondary,Unemployed,1638572.34,1594979.11,Home,492.6,8,120,105.88,2020-12-15,1
CUST04346,45,Other,West,Graduate,Salaried,2722682.82,596705.77,Education,674.3,5,206,52.29,2018-10-26,1
CUST04347,52,Other,North,Primary,Salaried,2257651.17,1340419.46,Business,348.6,9,11,114.84,2023-03-02,1
CUST04348,38,Other,West,Primary,Self-Employed,2175419.43,1629356.16,Education,758.9,23,155,57.72,2021-09-07,0
CUST04349,55,Other,West,Graduate,Unemployed,2800268.85,327530.28,Education,700.9,5,79,19.31,2022-10-01,1
CUST04350,65,Female,West,Primary,Salaried,351201.27,704076.64,Other,643.8,14,118,19.12,2021-10-14,0
CUST04351,51,Other,East,Graduate,Salaried,587366.14,961158.72,Home,588.5,4,485,56.59,2018-01-31,1
CUST04352,20,Male,South,Graduate,Salaried,868372.28,345603.53,Business,642.8,16,409,25.02,2020-05-29,0
CUST04353,39,Other,West,Post-Graduate,Self-Employed,1205279.04,967179.73,Home,419.0,20,394,105.78,2023-03-31,1
CUST04354,51,Male,West,Primary,Unemployed,507823.42,1431727.62,Other,425.9,7,348,30.83,2024-02-13,1
CUST04355,45,Female,South,Secondary,Salaried,2286039.08,430646.46,Business,374.4,15,152,77.14,2026-03-08,1
CUST04356,58,Female,South,Post-Graduate,Self-Employed,1427209.16,1012239.91,Car,456.4,16,234,70.92,2020-07-07,1
CUST04357,40,Other,South,Secondary,Unemployed,2821504.92,463398.24,Business,639.9,13,7,105.43,2020-12-09,0
CUST04358,41,Female,North,Graduate,Unemployed,185549.81,1065804.95,Business,465.6,14,390,24.26,2021-11-29,1
CUST04359,20,Male,West,Secondary,Self-Employed,592047.56,1649174.69,Education,574.4,13,138,87.31,2022-06-07,0
CUST04360,58,Other,North,Post-Graduate,Unemployed,528573.73,1354012.36,Education,586.8,1,208,37.06,2021-06-05,1
CUST04361,31,Male,West,Primary,Self-Employed,1834744.51,457571.85,Education,360.8,2,499,38.87,2021-03-31,1
CUST04362,20,Female,South,Primary,Salaried,1469436.04,1368485.9,Home,610.8,15,353,17.53,2024-10-17,0
CUST04363,69,Other,West,Post-Graduate,Salaried,2121808.45,869854.57,Other,586.5,20,94,39.76,2024-03-30,0
CUST04364,31,Other,West,Primary,Self-Employed,211751.05,408011.59,Other,516.1,20,102,42.55,2020-03-21,1
CUST04365,64,Male,East,Post-Graduate,Unemployed,1231628.53,665234.31,Car,780.0,7,431,8.2,2021-02-19,0
CUST04366,50,Male,North,Post-Graduate,Salaried,122936.69,1530447.32,Business,379.4,9,258,23.14,2024-12-19,1
CUST04367,64,Female,East,Post-Graduate,Salaried,2376799.96,585897.12,Business,745.5,19,279,56.62,2021-10-17,0
CUST04368,42,Male,South,Post-Graduate,Unemployed,1179922.02,1561083.91,Home,793.6,12,239,93.77,2024-07-19,0
CUST04369,62,Female,North,Graduate,Salaried,795196.47,445912.5,Business,772.7,2,143,84.21,2018-07-06,1
CUST04370,56,Female,South,Post-Graduate,Unemployed,2618606.02,1906563.59,Business,340.2,11,18,55.69,2018-03-02,1
CUST04371,49,Female,South,Secondary,Self-Employed,2205643.93,1938534.6,Home,467.0,1,478,99.84,2021-03-27,1
CUST04372,25,Female,West,Graduate,Unemployed,2327180.18,1673516.49,Home,577.6,3,491,52.74,2025-06-28,1
CUST04373,54,Male,West,Graduate,Unemployed,899899.97,1513654.17,Home,510.0,22,121,103.16,2024-12-07,1
CUST04374,37,Other,East,Graduate,Unemployed,2792879.88,347271.56,Home,337.7,8,286,22.16,2025-12-14,1
CUST04375,59,Female,East,Post-Graduate,Self-Employed,2617450.8,628853.37,Car,738.9,8,340,29.52,2021-11-21,0
CUST04376,40,Other,West,Primary,Unemployed,562131.74,1403731.52,Car,523.3,12,373,22.36,2020-06-26,1
CUST04377,70,Other,South,Graduate,Self-Employed,895563.26,1725325.75,Other,464.6,11,141,38.25,2021-02-12,1
CUST04378,36,Other,West,Primary,Self-Employed,2000102.26,1566727.59,Other,387.4,13,342,119.98,2022-07-19,1
CUST04379,37,Male,South,Graduate,Unemployed,234342.8,133313.9,Education,542.0,20,429,35.59,2020-06-04,1
CUST04380,31,Other,East,Primary,Self-Employed,432476.4,1552828.11,Home,305.7,11,333,63.58,2024-08-25,1
CUST04381,59,Male,North,Graduate,Salaried,678722.04,1066660.6,Car,569.5,24,210,84.04,2018-09-14,0
CUST04382,41,Other,East,Secondary,Unemployed,2300749.38,1149915.9,Other,752.8,3,134,31.24,2018-01-30,1
CUST04383,39,Male,South,Primary,Unemployed,286633.39,353627.03,Home,384.0,2,397,71.31,2022-04-12,1
CUST04384,21,Female,North,Primary,Unemployed,266656.45,1614948.74,Other,824.3,13,355,61.09,2018-11-16,0
CUST04385,24,Male,West,Post-Graduate,Salaried,569715.81,204498.97,Education,563.7,5,292,21.35,2021-12-28,1
CUST04386,23,Female,South,Graduate,Self-Employed,1683106.47,206969.1,Education,637.1,5,294,50.6,2019-04-01,1
CUST04387,46,Male,East,Post-Graduate,Unemployed,1062077.75,147159.35,Business,693.7,15,139,32.87,2025-11-12,0
CUST04388,46,Other,South,Secondary,Salaried,626266.42,1298925.94,Home,634.8,22,307,26.7,2018-06-12,0
CUST04389,50,Male,North,Graduate,Salaried,1440384.67,451714.22,Car,489.3,9,28,53.03,2020-12-21,1
CUST04390,27,Female,South,Post-Graduate,Salaried,2428240.05,1931186.88,Education,447.0,2,170,52.65,2019-08-03,1
CUST04391,21,Other,South,Primary,Salaried,531798.82,1943548.91,Education,461.0,15,271,19.99,2023-02-08,1
CUST04392,18,Female,North,Primary,Self-Employed,2809561.51,680903.21,Other,582.2,12,376,39.76,2026-02-04,0
CUST04393,42,Male,West,Secondary,Salaried,371243.5,1378804.75,Business,748.7,1,312,113.4,2021-10-24,1
CUST04394,42,Male,North,Secondary,Self-Employed,763468.58,1348334.43,Education,345.4,21,102,60.8,2024-04-09,1
CUST04395,65,Female,South,Graduate,Unemployed,1662570.36,21277.68,Home,322.7,1,232,82.43,2024-05-06,1
CUST04396,58,Other,West,Graduate,Self-Employed,2742459.03,1655410.85,Other,688.7,11,315,67.34,2021-05-03,0
CUST04397,41,Other,South,Primary,Unemployed,1629169.42,1548103.67,Other,690.4,4,300,82.96,2024-02-11,1
CUST04398,41,Male,East,Secondary,Self-Employed,1707685.34,1282032.75,Car,679.2,3,414,30.77,2026-02-25,1
CUST04399,51,Other,West,Graduate,Unemployed,447724.33,1037385.95,Business,789.5,5,332,8.74,2021-11-29,1
CUST04400,32,Female,East,Secondary,Salaried,1966832.23,898098.81,Other,590.2,20,106,69.25,2024-03-01,0
CUST04401,20,Male,West,Graduate,Salaried,2187332.93,1287507.71,Car,319.1,11,209,115.57,2021-06-11,1
CUST04402,52,Female,East,Primary,Self-Employed,2056774.24,1486683.91,Car,449.5,3,274,31.27,2021-04-02,1
CUST04403,58,Other,West,Post-Graduate,Salaried,266077.73,1087323.82,Other,420.9,5,27,91.27,2023-12-24,1
CUST04404,23,Other,West,Primary,Unemployed,1776307.27,865191.59,Other,667.1,14,166,84.66,2021-08-02,0
CUST04405,28,Female,North,Primary,Unemployed,1264708.51,605190.18,Car,474.4,11,479,27.44,2025-08-23,1
CUST04406,20,Female,West,Graduate,Self-Employed,132644.28,1365863.16,Home,386.5,13,415,35.0,2023-10-08,1
CUST04407,36,Other,North,Secondary,Salaried,2200121.2,1629362.94,Car,583.7,8,51,16.88,2021-07-05,0
CUST04408,45,Female,West,Primary,Unemployed,2484588.39,9178.39,Education,705.3,14,470,117.61,2018-10-21,0
CUST04409,51,Male,North,Post-Graduate,Self-Employed,2612079.69,994915.4,Business,448.0,5,66,117.4,2024-11-29,1
CUST04410,54,Female,North,Secondary,Unemployed,1865702.76,1543015.21,Other,688.6,17,12,115.82,2022-04-01,0
CUST04411,18,Other,South,Post-Graduate,Salaried,1391337.03,1986142.95,Car,636.8,8,470,93.67,2021-06-14,0
CUST04412,64,Other,West,Graduate,Self-Employed,2302205.63,1501168.75,Education,799.9,18,317,23.25,2020-07-05,0
CUST04413,33,Male,West,Post-Graduate,Unemployed,1190733.22,823382.69,Home,622.0,21,8,11.16,2023-01-19,0
CUST04414,35,Other,North,Graduate,Unemployed,2236172.01,1979008.74,Education,464.5,4,140,50.47,2020-09-03,1
CUST04415,49,Male,East,Post-Graduate,Salaried,476972.5,1240722.7,Other,621.7,6,287,45.03,2022-09-30,0
CUST04416,25,Male,South,Graduate,Unemployed,1041244.07,1452507.6,Other,632.5,4,4,68.31,2019-04-08,1
CUST04417,28,Other,North,Primary,Unemployed,2056367.46,1754043.18,Business,708.5,20,311,40.28,2020-06-22,0
CUST04418,60,Other,West,Primary,Unemployed,1775230.29,1765825.88,Home,841.1,8,220,102.25,2022-04-25,0
CUST04419,56,Other,East,Secondary,Unemployed,260233.8,631953.32,Other,718.8,16,397,76.65,2021-02-03,0
CUST04420,38,Female,North,Graduate,Salaried,2640973.61,988232.44,Other,604.8,22,2,76.5,2019-02-21,0
CUST04421,64,Other,South,Secondary,Unemployed,845148.06,195372.68,Business,693.9,12,46,108.13,2022-07-09,0
CUST04422,46,Female,South,Secondary,Unemployed,2556190.05,810548.97,Car,700.9,20,95,112.09,2021-07-09,0
CUST04423,64,Other,North,Post-Graduate,Self-Employed,1430664.52,1130557.76,Car,380.4,9,215,75.56,2024-08-14,1
CUST04424,56,Other,South,Secondary,Self-Employed,2388109.43,1732942.35,Business,706.6,21,131,51.77,2021-05-22,0
CUST04425,20,Other,West,Graduate,Unemployed,265799.75,1486229.92,Other,319.7,16,196,115.19,2020-04-18,1
CUST04426,18,Male,West,Primary,Unemployed,1837121.69,1638323.82,Business,628.2,22,15,13.39,2024-01-20,0
CUST04427,43,Female,West,Graduate,Unemployed,2755028.42,562302.2,Home,429.6,22,451,82.31,2020-04-18,1
CUST04428,67,Male,East,Primary,Unemployed,2438397.51,162331.52,Home,664.9,0,256,98.17,2022-01-31,1
CUST04429,60,Female,East,Graduate,Unemployed,2846507.44,1497324.68,Education,361.6,17,133,71.29,2019-04-14,1
CUST04430,49,Female,East,Primary,Unemployed,2494284.17,1112311.83,Other,556.2,7,351,33.27,2024-10-27,0
CUST04431,61,Male,South,Secondary,Salaried,735908.77,1055748.02,Business,306.0,14,328,62.81,2026-02-09,1
CUST04432,22,Male,East,Graduate,Salaried,785239.21,1085603.23,Home,514.0,1,193,100.71,2025-12-05,1
CUST04433,40,Other,East,Post-Graduate,Self-Employed,2345763.6,17131.93,Other,745.3,2,25,81.4,2020-01-09,1
CUST04434,24,Male,East,Post-Graduate,Salaried,2635836.31,417648.89,Education,502.2,3,227,104.65,2020-10-25,1
CUST04435,30,Other,South,Post-Graduate,Unemployed,2896454.06,634338.2,Other,601.4,0,173,48.05,2026-02-13,1
CUST04436,45,Other,North,Post-Graduate,Self-Employed,1182302.18,1101932.94,Home,378.0,7,125,109.44,2020-05-02,1
CUST04437,67,Female,West,Primary,Self-Employed,1177344.09,1059454.99,Education,386.6,14,433,87.16,2021-04-25,1
CUST04438,68,Female,South,Graduate,Self-Employed,2858752.89,447802.6,Home,553.8,14,281,33.86,2019-10-18,0
CUST04439,52,Other,West,Primary,Unemployed,1940505.98,1603431.38,Home,555.4,18,215,86.88,2019-01-12,0
CUST04440,20,Female,East,Post-Graduate,Unemployed,1577759.59,1995705.74,Home,603.5,16,189,66.17,2021-08-22,0
CUST04441,49,Male,North,Primary,Self-Employed,1895886.95,986237.19,Car,825.8,1,396,46.47,2025-08-09,1
CUST04442,67,Other,West,Primary,Self-Employed,2119610.02,1171719.88,Car,712.5,13,63,52.12,2024-10-02,0
CUST04443,51,Male,East,Secondary,Salaried,1022223.76,1433384.8,Business,630.0,2,228,114.4,2021-01-23,1
CUST04444,40,Male,East,Post-Graduate,Salaried,749042.27,772048.89,Business,671.5,1,364,105.28,2021-02-20,1
CUST04445,41,Male,South,Secondary,Self-Employed,2800853.72,1590818.3,Business,768.9,23,222,11.59,2018-09-29,0
CUST04446,69,Male,East,Post-Graduate,Unemployed,2699445.84,648135.65,Home,549.4,15,261,76.39,2024-01-29,1
CUST04447,61,Other,West,Secondary,Salaried,1365080.85,1274655.15,Car,367.9,2,331,115.33,2019-05-15,1
CUST04448,43,Male,North,Secondary,Self-Employed,2304303.91,21997.09,Car,509.2,4,296,47.5,2018-09-04,1
CUST04449,49,Other,West,Secondary,Salaried,1496756.77,1243649.56,Car,361.0,14,460,36.03,2020-10-09,1
CUST04450,29,Other,North,Primary,Unemployed,734498.26,1846341.73,Home,774.4,19,372,47.21,2023-02-25,0
CUST04451,45,Female,West,Post-Graduate,Salaried,2861022.57,1591565.27,Business,695.7,14,359,8.97,2021-04-29,0
CUST04452,23,Other,North,Post-Graduate,Salaried,961411.61,239307.66,Education,525.5,21,322,42.13,2023-02-28,1
CUST04453,21,Male,West,Secondary,Salaried,1529463.34,1904869.3,Car,506.5,14,120,10.76,2024-11-08,1
CUST04454,35,Female,East,Secondary,Unemployed,2470361.57,819773.08,Home,479.4,24,311,119.75,2025-06-20,1
CUST04455,49,Female,North,Post-Graduate,Salaried,1824917.43,236709.78,Home,383.1,4,281,80.67,2021-03-22,1
CUST04456,38,Other,East,Post-Graduate,Self-Employed,2444297.62,377937.1,Business,819.3,5,146,75.38,2024-12-29,1
CUST04457,46,Male,East,Post-Graduate,Salaried,2829708.15,1164071.83,Business,677.9,17,222,78.7,2026-02-23,0
CUST04458,46,Male,West,Post-Graduate,Unemployed,2860287.11,1541178.28,Car,470.6,4,60,106.21,2023-12-11,1
CUST04459,68,Female,South,Post-Graduate,Salaried,2379892.31,1822495.51,Other,417.9,5,292,100.16,2019-10-09,1
CUST04460,57,Female,South,Primary,Unemployed,2533843.71,934383.85,Education,578.1,15,217,84.89,2018-08-07,0
CUST04461,54,Other,North,Secondary,Unemployed,1642989.97,952024.79,Other,581.2,15,333,49.82,2019-01-30,0
CUST04462,44,Male,North,Secondary,Unemployed,1006268.51,1267196.38,Business,711.1,5,244,34.01,2020-11-09,1
CUST04463,33,Female,West,Primary,Self-Employed,2522301.9,707945.76,Education,406.8,5,111,29.63,2020-12-04,1
CUST04464,49,Female,West,Primary,Self-Employed,675309.65,383598.87,Business,324.4,4,441,66.02,2021-11-27,1
CUST04465,56,Male,West,Graduate,Unemployed,1974212.37,155373.44,Education,590.1,1,71,26.99,2026-02-09,1
CUST04466,23,Other,East,Post-Graduate,Salaried,172237.66,1762506.05,Education,806.6,22,50,43.55,2021-07-29,0
CUST04467,19,Other,West,Post-Graduate,Self-Employed,1427772.71,914188.67,Car,586.8,20,339,75.53,2019-07-01,0
CUST04468,64,Female,East,Primary,Salaried,939316.42,1441188.37,Education,425.8,17,238,72.73,2019-07-12,1
CUST04469,39,Female,West,Secondary,Self-Employed,1119897.6,1230040.53,Car,390.0,24,67,57.67,2024-12-14,1
CUST04470,54,Male,East,Secondary,Salaried,2136559.88,650698.93,Home,698.4,2,254,70.63,2019-10-10,1
CUST04471,56,Other,South,Graduate,Salaried,1729176.43,1230828.96,Other,709.9,3,15,99.49,2020-03-03,1
CUST04472,69,Female,North,Graduate,Salaried,2980668.0,1552389.64,Home,381.0,20,178,115.62,2023-12-04,1
CUST04473,67,Female,East,Post-Graduate,Self-Employed,2976777.68,869333.48,Home,405.3,9,381,43.48,2024-02-02,1
CUST04474,31,Female,East,Graduate,Salaried,2341699.82,386542.23,Home,846.4,2,193,94.91,2025-06-05,1
CUST04475,65,Other,East,Graduate,Unemployed,2709958.09,23666.99,Home,588.5,22,5,105.02,2024-04-21,0
CUST04476,19,Female,East,Graduate,Self-Employed,635963.62,1667552.31,Other,822.2,15,230,34.51,2026-02-07,0
CUST04477,38,Male,North,Secondary,Self-Employed,1503056.92,291926.77,Home,420.5,10,400,109.82,2023-11-04,1
CUST04478,64,Female,North,Secondary,Salaried,948838.01,663169.55,Home,413.9,10,61,44.1,2023-05-20,1
CUST04479,33,Other,South,Primary,Self-Employed,2736578.47,394971.73,Car,848.4,6,177,13.82,2025-08-15,0
CUST04480,41,Other,North,Primary,Salaried,2948914.58,543148.77,Home,794.6,22,284,113.05,2019-11-11,0
CUST04481,18,Other,East,Secondary,Self-Employed,2139447.14,1410418.01,Other,825.1,6,227,52.96,2024-09-23,0
CUST04482,53,Male,South,Post-Graduate,Salaried,2980899.13,1875107.47,Car,377.7,19,460,105.52,2020-11-15,1
CUST04483,41,Male,West,Post-Graduate,Salaried,2927065.38,419942.57,Business,524.5,2,191,41.55,2019-09-13,1
CUST04484,32,Female,West,Secondary,Self-Employed,784474.89,812796.71,Other,621.5,8,8,98.88,2022-01-25,0
CUST04485,39,Male,East,Primary,Self-Employed,1144678.77,793487.26,Home,598.1,20,412,104.3,2025-09-13,0
CUST04486,70,Other,East,Post-Graduate,Salaried,1546338.84,1802286.3,Car,431.5,1,93,111.97,2023-09-24,1
CUST04487,44,Female,East,Post-Graduate,Unemployed,1002307.74,1410094.91,Other,755.7,8,442,47.7,2019-04-04,0
CUST04488,23,Male,West,Post-Graduate,Self-Employed,910431.47,7473.77,Home,643.5,5,463,97.79,2020-09-02,1
CUST04489,39,Male,South,Post-Graduate,Salaried,1492871.05,1836557.36,Home,686.1,2,5,62.0,2021-06-26,1
CUST04490,25,Male,South,Primary,Unemployed,328410.76,205241.44,Education,727.2,20,428,17.1,2018-05-25,0
CUST04491,28,Female,North,Primary,Unemployed,2040968.23,98453.08,Car,759.9,14,275,107.73,2020-10-07,0
CUST04492,28,Other,West,Graduate,Self-Employed,1869919.36,998786.24,Business,329.8,0,46,77.64,2019-04-15,1
CUST04493,32,Female,North,Post-Graduate,Self-Employed,670009.67,1098924.62,Education,525.8,15,97,98.04,2020-09-16,1
CUST04494,27,Female,West,Graduate,Unemployed,794134.58,1208229.27,Other,341.2,19,196,86.66,2021-06-17,1
CUST04495,36,Female,West,Post-Graduate,Self-Employed,1854416.63,1180567.5,Other,427.8,17,298,6.08,2023-05-28,1
CUST04496,32,Female,North,Post-Graduate,Self-Employed,2181787.16,1485924.48,Education,663.0,22,320,101.93,2021-10-27,0
CUST04497,40,Male,North,Primary,Self-Employed,1520577.54,265818.45,Home,651.0,7,37,43.06,2023-10-29,0
CUST04498,59,Female,West,Primary,Salaried,2651956.14,61490.93,Business,442.3,19,317,94.83,2025-12-11,1
CUST04499,49,Male,North,Primary,Unemployed,426684.25,284633.02,Car,496.3,22,201,114.06,2018-12-12,1
CUST04500,22,Other,South,Primary,Self-Employed,247649.54,1732716.11,Education,412.4,6,138,29.33,2024-05-24,1
CUST04501,51,Female,North,Graduate,Self-Employed,203291.13,1064856.51,Education,780.6,9,158,41.92,2025-05-20,0
CUST04502,44,Other,West,Post-Graduate,Unemployed,1986646.09,983653.47,Home,845.5,2,354,89.14,2018-09-09,1
CUST04503,30,Female,East,Primary,Self-Employed,1969704.83,1614990.76,Other,486.8,1,98,11.12,2019-11-03,1
CUST04504,50,Other,North,Primary,Self-Employed,2257639.51,1275940.99,Education,802.7,6,188,87.24,2018-08-13,0
CUST04505,57,Female,North,Secondary,Salaried,1963694.4,68340.58,Education,342.9,13,4,90.58,2020-03-21,1
CUST04506,40,Male,North,Secondary,Self-Employed,123731.39,1500086.83,Business,354.6,21,158,31.86,2021-03-26,1
CUST04507,49,Other,West,Primary,Self-Employed,1500393.15,1745963.41,Home,733.9,7,161,45.11,2025-11-04,0
CUST04508,55,Female,North,Secondary,Self-Employed,816385.92,1253788.5,Education,704.8,8,383,35.44,2021-04-06,0
CUST04509,30,Female,East,Primary,Salaried,1658359.4,610211.88,Education,754.6,2,209,104.2,2020-08-01,1
CUST04510,51,Other,North,Graduate,Self-Employed,2058784.23,1222622.18,Home,385.1,17,478,114.87,2020-03-24,1
CUST04511,36,Female,North,Primary,Unemployed,274435.4,1201816.57,Car,351.4,11,128,75.19,2019-09-02,1
CUST04512,59,Other,West,Secondary,Salaried,2078499.12,1926905.42,Business,591.6,12,482,51.49,2018-04-12,0
CUST04513,39,Other,South,Secondary,Self-Employed,2659739.73,1731488.69,Education,317.3,21,471,53.76,2020-03-19,1
CUST04514,25,Male,South,Graduate,Salaried,1229681.63,1798439.09,Education,820.7,24,105,48.16,2025-06-29,0
CUST04515,20,Female,South,Post-Graduate,Unemployed,2176293.14,291653.32,Other,795.8,23,143,58.09,2023-12-15,0
CUST04516,35,Male,West,Secondary,Salaried,2619778.88,1700253.19,Car,743.8,19,425,48.2,2021-10-17,0
CUST04517,39,Male,North,Post-Graduate,Unemployed,754708.52,1719972.26,Education,755.7,1,33,6.67,2018-01-22,1
CUST04518,21,Female,West,Primary,Self-Employed,1573258.49,619175.33,Education,416.3,2,179,28.54,2024-04-25,1
CUST04519,32,Other,West,Graduate,Salaried,2396064.35,1915839.41,Car,646.6,20,369,61.14,2021-03-15,0
CUST04520,32,Other,East,Graduate,Self-Employed,2050522.75,609073.39,Business,731.0,1,244,106.08,2021-06-06,1
CUST04521,30,Female,South,Post-Graduate,Unemployed,1573633.41,1811110.61,Car,587.9,1,154,59.32,2019-02-07,1
CUST04522,22,Other,North,Post-Graduate,Unemployed,2104261.04,1952736.36,Other,783.6,18,431,11.95,2022-08-10,0
CUST04523,54,Other,North,Post-Graduate,Unemployed,2119340.05,1569920.19,Car,331.6,23,279,91.79,2022-04-08,1
CUST04524,69,Other,North,Graduate,Salaried,433744.96,1802758.86,Home,459.3,17,439,112.23,2024-11-17,1
CUST04525,37,Female,North,Post-Graduate,Self-Employed,554119.78,1555542.08,Business,340.0,7,454,39.58,2020-05-14,1
CUST04526,20,Female,South,Post-Graduate,Salaried,1040856.54,812631.28,Home,841.4,11,228,36.27,2026-01-21,0
CUST04527,60,Female,South,Secondary,Salaried,107526.61,467259.69,Other,339.0,3,495,69.84,2022-04-15,1
CUST04528,44,Male,East,Graduate,Self-Employed,266549.45,395712.05,Other,616.5,23,378,26.61,2021-10-12,0
CUST04529,50,Female,North,Post-Graduate,Self-Employed,1794934.35,876163.72,Other,691.1,2,388,108.99,2026-02-28,1
CUST04530,19,Male,East,Secondary,Unemployed,2752886.76,1870055.49,Business,476.7,21,8,108.71,2018-03-02,1
CUST04531,50,Other,West,Post-Graduate,Self-Employed,1648032.86,1817172.08,Education,735.5,6,166,27.57,2020-02-12,0
CUST04532,20,Female,North,Primary,Unemployed,1427894.81,1247169.49,Business,397.4,8,227,24.04,2021-01-21,1
CUST04533,33,Female,East,Primary,Salaried,390487.36,483582.14,Education,831.8,5,245,29.99,2023-03-07,1
CUST04534,48,Other,East,Post-Graduate,Self-Employed,1142501.58,695052.26,Education,521.5,13,54,28.0,2025-11-16,1
CUST04535,35,Female,West,Secondary,Unemployed,1979613.32,179990.43,Other,726.7,13,214,96.35,2022-04-17,0
CUST04536,59,Female,South,Post-Graduate,Unemployed,2593966.18,1930752.76,Other,700.3,8,11,7.03,2018-11-07,0
CUST04537,59,Male,East,Secondary,Self-Employed,362694.13,387172.97,Car,383.9,16,281,61.56,2025-06-07,1
CUST04538,37,Male,East,Secondary,Salaried,1366002.69,207517.32,Business,630.1,5,424,75.25,2025-04-29,1
CUST04539,57,Male,North,Post-Graduate,Salaried,1100913.61,1739102.23,Business,795.3,16,305,11.99,2025-10-02,0
CUST04540,20,Male,West,Primary,Salaried,609580.97,20354.75,Car,397.1,19,178,43.23,2022-03-22,1
CUST04541,50,Other,North,Secondary,Unemployed,421838.66,141795.56,Other,489.3,18,241,37.88,2025-09-13,1
CUST04542,38,Male,West,Primary,Self-Employed,1573479.27,1425836.36,Business,596.4,23,406,96.59,2023-11-11,0
CUST04543,27,Female,North,Secondary,Self-Employed,2299680.3,1561994.34,Education,525.9,12,488,30.43,2024-10-27,1
CUST04544,48,Female,North,Graduate,Self-Employed,2696437.85,290603.61,Education,449.5,11,144,114.98,2021-12-04,1
CUST04545,38,Male,South,Secondary,Self-Employed,1066323.72,1160566.37,Home,448.6,16,372,21.57,2018-08-12,1
CUST04546,64,Female,North,Secondary,Salaried,1711713.01,229890.54,Business,446.4,21,457,58.94,2023-01-05,1
CUST04547,61,Male,West,Post-Graduate,Self-Employed,2514785.1,288576.4,Business,502.0,16,91,89.64,2025-05-10,1
CUST04548,49,Other,West,Post-Graduate,Self-Employed,990371.11,214731.13,Car,355.0,5,280,70.25,2023-06-10,1
CUST04549,22,Male,South,Secondary,Self-Employed,1600562.63,990895.33,Business,401.8,13,226,115.04,2024-08-16,1
CUST04550,49,Other,West,Graduate,Unemployed,1359084.7,255793.65,Business,520.4,15,361,88.74,2024-06-16,1
CUST04551,70,Male,North,Secondary,Self-Employed,2921317.09,949436.24,Business,373.0,1,215,50.13,2019-05-04,1
CUST04552,22,Other,East,Secondary,Unemployed,1511901.98,1232585.49,Education,551.9,24,372,66.1,2021-11-03,0
CUST04553,46,Other,South,Secondary,Self-Employed,2755637.39,1899758.55,Business,633.7,19,359,93.61,2018-08-27,0
CUST04554,56,Female,East,Post-Graduate,Self-Employed,1684694.29,1199903.76,Home,374.2,20,310,85.9,2020-11-28,1
CUST04555,52,Female,East,Post-Graduate,Salaried,691851.46,184454.89,Home,740.6,7,191,104.27,2020-08-20,0
CUST04556,38,Other,South,Graduate,Salaried,2939853.44,796669.05,Education,325.3,20,197,65.78,2024-07-14,1
CUST04557,64,Female,North,Secondary,Salaried,1882934.81,1768183.27,Business,840.8,19,226,52.05,2023-05-24,0
CUST04558,46,Male,East,Graduate,Salaried,1517449.51,971375.2,Home,613.3,17,401,86.12,2025-01-25,0
CUST04559,61,Other,South,Primary,Self-Employed,1782517.37,292096.37,Education,570.8,13,133,37.56,2025-04-27,0
CUST04560,30,Female,West,Secondary,Self-Employed,1532446.62,1858079.21,Education,483.5,5,191,73.08,2021-11-20,1
CUST04561,52,Female,North,Graduate,Salaried,175056.55,1794147.84,Home,645.3,1,94,36.21,2025-06-02,1
CUST04562,38,Female,South,Post-Graduate,Self-Employed,615229.91,24899.43,Home,785.3,22,86,63.27,2023-01-18,0
CUST04563,30,Other,South,Post-Graduate,Self-Employed,2076611.48,399267.62,Other,696.2,7,342,101.0,2021-08-23,0
CUST04564,22,Male,East,Primary,Unemployed,2260943.28,1372756.24,Education,426.7,24,197,111.22,2022-10-09,1
CUST04565,60,Male,East,Post-Graduate,Salaried,2895812.82,1499425.79,Home,679.0,11,427,119.6,2021-11-21,0
CUST04566,46,Other,East,Secondary,Salaried,2869215.79,1829139.35,Education,575.8,19,307,27.76,2025-04-28,0
CUST04567,30,Other,East,Post-Graduate,Unemployed,1092209.39,837639.23,Home,541.7,0,48,52.13,2022-09-25,1
CUST04568,61,Female,South,Primary,Salaried,838540.98,160541.51,Education,807.9,9,497,24.8,2023-05-20,0
CUST04569,70,Male,North,Graduate,Salaried,2466111.71,775902.08,Other,797.9,9,258,71.22,2022-05-08,0
CUST04570,23,Other,West,Secondary,Unemployed,2391309.3,911986.39,Education,406.8,21,85,45.2,2020-01-28,1
CUST04571,38,Other,North,Secondary,Unemployed,1227152.91,335846.35,Home,687.2,5,315,12.12,2021-03-17,1
CUST04572,31,Other,East,Secondary,Unemployed,1950316.62,1888341.54,Education,307.2,12,317,35.02,2025-04-18,1
CUST04573,34,Male,East,Secondary,Self-Employed,2766891.25,781915.15,Home,463.5,8,494,96.65,2024-07-18,1
CUST04574,36,Female,South,Post-Graduate,Unemployed,2330157.95,50343.85,Other,750.1,15,173,105.54,2019-08-02,0
CUST04575,36,Male,North,Post-Graduate,Salaried,208891.29,709223.77,Business,542.4,18,175,90.95,2022-02-20,1
CUST04576,41,Male,East,Primary,Self-Employed,2293696.2,189035.53,Car,504.6,17,24,94.67,2025-04-27,1
CUST04577,35,Male,East,Secondary,Self-Employed,2201267.87,935589.34,Business,608.1,12,191,106.51,2025-06-02,0
CUST04578,26,Male,North,Post-Graduate,Unemployed,327823.76,1307344.86,Car,410.5,5,411,77.46,2021-07-02,1
CUST04579,35,Other,East,Post-Graduate,Unemployed,2602634.46,109947.74,Home,806.9,0,20,84.69,2023-11-22,1
CUST04580,52,Female,North,Secondary,Salaried,1462877.75,66507.18,Other,820.6,18,88,47.74,2019-04-06,0
CUST04581,61,Male,West,Post-Graduate,Self-Employed,1525118.63,127893.28,Car,517.2,19,273,99.28,2024-03-03,1
CUST04582,18,Female,South,Primary,Unemployed,1002031.61,683371.2,Other,442.3,11,38,56.27,2019-05-31,1
CUST04583,31,Male,North,Secondary,Unemployed,2927318.57,967573.77,Other,591.2,13,391,95.6,2022-03-01,0
CUST04584,54,Female,West,Secondary,Salaried,2250690.79,1584848.03,Car,823.3,14,143,77.47,2021-05-13,0
CUST04585,57,Male,North,Secondary,Unemployed,1912558.34,1534863.05,Business,603.4,12,382,36.38,2018-03-08,0
CUST04586,66,Male,West,Secondary,Salaried,2831554.93,198506.47,Business,811.4,15,262,81.3,2018-10-14,0
CUST04587,20,Female,West,Post-Graduate,Self-Employed,644476.9,1138508.0,Home,455.6,16,434,7.92,2019-05-02,1
CUST04588,43,Other,West,Graduate,Self-Employed,2730233.3,735241.41,Home,810.6,11,497,71.12,2023-08-14,0
CUST04589,40,Other,South,Secondary,Unemployed,1616563.85,1780579.66,Car,388.0,2,57,13.92,2018-07-11,1
CUST04590,44,Female,East,Secondary,Salaried,122432.08,1961716.95,Other,503.7,20,121,53.63,2022-11-15,1
CUST04591,42,Male,South,Post-Graduate,Salaried,789304.0,129467.97,Home,473.7,7,264,32.73,2025-01-01,1
CUST04592,29,Other,North,Primary,Unemployed,2090296.92,1668778.8,Home,536.4,12,171,39.09,2022-04-19,1
CUST04593,26,Other,North,Secondary,Self-Employed,998231.19,1744804.94,Home,395.3,13,128,7.71,2018-11-14,1
CUST04594,30,Male,East,Post-Graduate,Self-Employed,327239.6,712569.26,Other,321.8,6,490,69.94,2018-12-18,1
CUST04595,49,Male,East,Primary,Salaried,2051080.53,1433433.55,Car,814.4,2,311,25.46,2020-11-20,1
CUST04596,36,Other,South,Primary,Salaried,703930.92,90041.58,Home,667.9,23,205,10.05,2019-05-15,0
CUST04597,48,Male,West,Graduate,Self-Employed,2447834.55,541695.78,Other,386.9,17,391,117.86,2023-10-03,1
CUST04598,70,Other,West,Post-Graduate,Unemployed,1339532.07,1121427.11,Education,558.9,13,148,8.0,2023-03-18,0
CUST04599,64,Female,North,Post-Graduate,Self-Employed,617835.46,1890593.44,Business,821.2,1,243,5.24,2024-09-30,1
CUST04600,18,Male,North,Primary,Unemployed,926069.02,754921.35,Other,816.5,13,50,80.09,2020-02-12,0
CUST04601,37,Female,South,Graduate,Self-Employed,402327.87,1724239.33,Business,389.5,19,230,26.22,2025-01-24,1
CUST04602,36,Male,South,Secondary,Salaried,1206438.68,530985.52,Business,507.2,6,368,53.96,2020-06-05,1
CUST04603,22,Other,North,Post-Graduate,Self-Employed,1430375.09,199707.35,Business,721.3,17,405,35.99,2021-08-18,0
CUST04604,42,Other,North,Post-Graduate,Self-Employed,2928443.06,976981.38,Home,334.3,8,355,50.44,2022-03-06,1
CUST04605,47,Other,South,Post-Graduate,Self-Employed,1402367.71,1663793.5,Home,794.3,15,228,59.47,2022-02-27,0
CUST04606,42,Other,North,Primary,Self-Employed,2400612.48,1086316.99,Home,562.9,0,355,64.02,2025-05-25,1
CUST04607,67,Male,East,Primary,Unemployed,1701934.18,352134.21,Home,360.1,19,389,17.23,2025-10-06,1
CUST04608,69,Male,North,Secondary,Unemployed,2772931.28,1818626.8,Education,412.8,9,138,55.58,2019-04-04,1
CUST04609,35,Other,East,Post-Graduate,Salaried,158968.96,1987484.64,Other,634.4,3,476,35.33,2021-04-07,1
CUST04610,56,Female,East,Graduate,Unemployed,2439613.99,800483.72,Home,429.1,11,401,66.01,2023-11-28,1
CUST04611,35,Other,South,Post-Graduate,Self-Employed,278258.83,1403664.31,Business,841.8,0,467,97.74,2025-11-25,1
CUST04612,29,Other,North,Graduate,Salaried,1029121.13,48148.91,Car,434.9,11,222,114.66,2018-09-28,1
CUST04613,23,Female,West,Secondary,Self-Employed,932508.56,975076.54,Car,675.5,8,171,12.01,2020-04-04,0
CUST04614,32,Other,North,Post-Graduate,Unemployed,2997647.01,1050955.98,Home,830.3,1,433,74.44,2019-09-28,1
CUST04615,35,Female,North,Graduate,Salaried,469379.9,1172436.47,Other,304.1,14,361,47.05,2025-08-30,1
CUST04616,39,Male,South,Primary,Unemployed,2336109.39,438315.98,Education,792.1,14,255,36.65,2019-08-01,0
CUST04617,28,Male,East,Secondary,Self-Employed,237574.49,320553.49,Home,715.8,16,131,109.21,2022-03-22,0
CUST04618,45,Female,North,Primary,Self-Employed,2811250.63,860537.16,Home,845.5,14,497,27.28,2022-09-27,0
CUST04619,44,Female,East,Graduate,Self-Employed,2003671.16,436141.31,Car,420.5,2,50,86.37,2019-02-08,1
CUST04620,30,Other,East,Primary,Salaried,228451.11,1928762.56,Education,591.8,7,293,25.43,2022-08-18,0
CUST04621,25,Other,East,Primary,Salaried,1417468.35,1558684.4,Home,393.3,0,352,72.36,2020-04-29,1
CUST04622,36,Other,West,Post-Graduate,Self-Employed,2170961.63,752571.11,Home,431.3,17,173,86.13,2020-11-02,1
CUST04623,23,Male,North,Secondary,Salaried,2130383.58,965573.91,Home,433.9,20,188,44.41,2018-02-23,1
CUST04624,21,Female,North,Graduate,Unemployed,1942224.58,891186.49,Education,403.6,18,358,46.61,2021-01-15,1
CUST04625,60,Male,East,Graduate,Self-Employed,1609452.6,333453.24,Business,670.7,0,194,64.45,2020-11-12,1
CUST04626,64,Other,East,Post-Graduate,Unemployed,676245.1,1319579.81,Home,647.9,2,133,89.04,2025-11-02,1
CUST04627,42,Male,West,Secondary,Self-Employed,1691907.35,994437.42,Education,372.7,20,156,111.43,2021-08-22,1
CUST04628,45,Other,South,Graduate,Self-Employed,2502658.86,400446.86,Car,557.2,11,315,59.6,2023-09-03,0
CUST04629,52,Other,North,Secondary,Unemployed,1340852.35,814538.46,Other,370.5,10,208,68.68,2023-07-22,1
CUST04630,25,Male,West,Secondary,Unemployed,2703935.22,296580.84,Other,705.7,5,380,64.88,2020-10-17,1
CUST04631,29,Male,South,Primary,Self-Employed,1971172.96,436876.47,Other,681.1,2,400,109.73,2018-10-16,1
CUST04632,45,Male,East,Primary,Unemployed,799571.24,1187061.8,Education,373.0,20,10,64.02,2018-08-29,1
CUST04633,23,Male,North,Post-Graduate,Self-Employed,2072290.62,1091159.28,Home,579.6,10,475,38.88,2019-10-04,0
CUST04634,40,Other,South,Secondary,Unemployed,2454085.87,1024735.93,Other,610.2,19,389,99.19,2023-03-12,0
CUST04635,54,Other,North,Primary,Self-Employed,1299824.95,217249.13,Car,550.6,18,122,18.57,2022-06-05,0
CUST04636,36,Female,East,Post-Graduate,Unemployed,2250101.54,783874.34,Other,732.4,24,284,28.9,2019-10-27,0
CUST04637,32,Other,West,Secondary,Salaried,432289.27,835660.06,Car,748.8,6,219,94.17,2020-02-14,0
CUST04638,62,Other,South,Post-Graduate,Self-Employed,2991187.52,1348402.13,Car,709.7,22,151,81.93,2020-08-23,0
CUST04639,19,Male,South,Primary,Salaried,897112.54,1175466.9,Education,743.1,16,80,72.5,2024-04-06,0
CUST04640,52,Female,South,Secondary,Salaried,1487524.11,495098.14,Car,319.1,6,211,118.87,2022-12-28,1
CUST04641,41,Female,North,Primary,Salaried,2774252.2,992335.11,Home,812.2,24,75,90.27,2018-09-23,0
CUST04642,44,Other,North,Primary,Self-Employed,1767987.66,1566409.02,Car,631.4,19,356,91.31,2020-11-08,0
CUST04643,69,Other,North,Secondary,Unemployed,2573439.5,1160591.39,Education,614.0,16,344,102.16,2019-06-04,0
CUST04644,36,Female,South,Post-Graduate,Salaried,2352455.4,1490754.18,Business,690.4,2,304,12.82,2023-12-26,1
CUST04645,25,Female,North,Secondary,Self-Employed,1224973.71,1470766.66,Car,372.8,7,12,11.66,2024-01-29,1
CUST04646,51,Male,South,Graduate,Unemployed,1983600.9,117790.97,Home,738.8,5,350,81.84,2026-01-12,1
CUST04647,29,Male,North,Graduate,Unemployed,1037533.4,399792.07,Education,528.8,21,120,44.7,2023-07-09,1
CUST04648,24,Other,South,Post-Graduate,Salaried,2828216.14,488495.7,Business,552.3,1,127,39.68,2022-10-01,1
CUST04649,20,Female,South,Secondary,Unemployed,2143900.59,715240.19,Car,702.5,10,469,41.01,2020-04-25,0
CUST04650,52,Other,South,Secondary,Unemployed,997057.1,1543002.82,Education,508.6,11,248,83.7,2018-06-30,1
CUST04651,56,Other,North,Graduate,Self-Employed,1920079.15,208510.01,Home,642.2,5,119,66.98,2022-07-31,1
CUST04652,67,Male,North,Primary,Self-Employed,2995934.42,515133.31,Education,498.2,19,42,15.62,2025-08-19,1
CUST04653,67,Other,North,Secondary,Self-Employed,2828375.72,758619.72,Car,370.3,16,16,82.37,2019-10-26,1
CUST04654,52,Female,West,Primary,Salaried,1087274.0,1899171.25,Other,839.0,14,292,100.68,2024-07-15,0
CUST04655,21,Female,South,Graduate,Salaried,2934844.27,1269739.03,Home,582.9,9,39,40.76,2021-09-27,0
CUST04656,30,Female,East,Graduate,Unemployed,2325613.28,1219784.03,Car,358.3,1,101,16.4,2025-04-09,1
CUST04657,28,Female,South,Secondary,Self-Employed,2380688.46,74208.42,Education,561.7,22,232,38.27,2020-10-27,0
CUST04658,63,Other,East,Post-Graduate,Unemployed,185816.24,1700239.12,Other,717.6,15,118,65.29,2021-12-10,0
CUST04659,35,Female,West,Graduate,Salaried,720933.39,727410.83,Car,406.2,15,26,19.73,2022-01-19,1
CUST04660,47,Female,South,Secondary,Unemployed,2217548.08,703760.16,Other,784.9,11,32,51.52,2021-10-14,0
CUST04661,32,Other,North,Primary,Salaried,1750800.74,476735.29,Education,322.5,15,104,65.13,2019-01-20,1
CUST04662,68,Male,North,Post-Graduate,Salaried,2666204.19,369467.54,Other,824.3,13,229,47.42,2023-12-23,0
CUST04663,18,Other,West,Graduate,Self-Employed,2090049.72,968340.79,Other,430.9,6,32,17.59,2018-08-07,1
CUST04664,28,Other,South,Secondary,Self-Employed,2166901.5,116965.78,Business,417.1,3,461,84.55,2022-07-06,1
CUST04665,69,Other,South,Post-Graduate,Self-Employed,1821337.98,1840806.41,Business,414.7,16,305,72.89,2019-05-24,1
CUST04666,26,Female,East,Primary,Self-Employed,542638.23,660244.61,Car,635.2,14,11,92.33,2018-11-09,0
CUST04667,69,Female,North,Primary,Unemployed,1289979.31,897269.58,Car,609.6,10,224,95.34,2019-05-03,0
CUST04668,37,Other,South,Primary,Self-Employed,1743743.28,938832.92,Education,580.9,20,422,107.83,2024-05-24,0
CUST04669,42,Female,North,Primary,Unemployed,2740949.31,1142431.87,Other,388.8,11,158,92.78,2021-09-30,1
CUST04670,37,Male,West,Secondary,Unemployed,1253785.55,145521.37,Home,478.9,0,74,77.66,2022-11-30,1
CUST04671,51,Male,West,Secondary,Salaried,1486779.68,321693.13,Home,757.6,9,307,74.33,2019-09-27,0
CUST04672,39,Male,North,Primary,Unemployed,1781659.62,1366287.39,Business,319.6,15,272,54.63,2021-09-21,1
CUST04673,40,Female,East,Primary,Self-Employed,2300318.82,1685475.43,Car,808.2,22,214,25.21,2018-01-18,0
CUST04674,33,Other,West,Primary,Salaried,1529062.67,1511586.3,Business,368.8,0,149,99.43,2021-01-22,1
CUST04675,43,Female,North,Secondary,Salaried,1117927.98,228429.38,Business,610.7,13,401,97.83,2019-05-03,0
CUST04676,50,Female,East,Primary,Salaried,1703192.81,1623696.01,Home,407.5,0,357,26.59,2023-10-07,1
CUST04677,63,Other,North,Primary,Self-Employed,1656874.52,545465.55,Education,347.6,12,49,80.08,2020-04-15,1
CUST04678,50,Female,East,Post-Graduate,Unemployed,237955.45,1888111.78,Education,541.5,15,335,82.37,2018-12-22,1
CUST04679,19,Other,East,Post-Graduate,Unemployed,652678.7,1693605.17,Business,391.6,14,471,90.38,2021-08-01,1
CUST04680,67,Other,East,Secondary,Unemployed,1353953.01,1596555.64,Other,677.0,14,133,39.45,2024-04-24,0
CUST04681,67,Other,East,Primary,Unemployed,2576676.33,1264671.56,Other,363.7,7,498,38.0,2019-07-13,1
CUST04682,70,Other,East,Primary,Unemployed,1678431.31,336843.51,Education,625.4,10,443,55.47,2025-08-26,0
CUST04683,70,Male,West,Secondary,Self-Employed,1296087.45,497055.88,Other,431.7,24,158,58.1,2022-10-10,1
CUST04684,58,Female,North,Primary,Unemployed,2097366.9,1090395.21,Education,445.4,5,252,80.18,2021-04-28,1
CUST04685,47,Female,East,Secondary,Self-Employed,2621833.61,697724.51,Business,327.2,6,451,12.63,2019-11-12,1
CUST04686,33,Other,West,Primary,Self-Employed,1956474.08,587067.77,Home,448.4,12,374,109.68,2019-04-20,1
CUST04687,61,Female,South,Primary,Unemployed,1236260.93,1845285.28,Other,833.9,12,324,82.47,2019-06-08,0
CUST04688,59,Other,West,Primary,Salaried,1071723.33,892706.5,Car,545.4,19,156,57.34,2021-10-19,1
CUST04689,24,Female,West,Primary,Self-Employed,2864908.83,1243520.43,Other,457.5,13,492,96.12,2021-12-02,1
CUST04690,26,Male,North,Post-Graduate,Salaried,2935742.38,486340.54,Home,480.9,19,152,78.37,2025-10-05,1
CUST04691,54,Other,West,Primary,Salaried,111545.21,515615.07,Home,493.9,7,240,100.68,2024-12-22,1
CUST04692,55,Female,South,Graduate,Unemployed,368187.33,481877.14,Business,703.3,12,328,23.57,2022-03-23,0
CUST04693,48,Male,West,Secondary,Unemployed,745089.6,133444.5,Car,314.2,13,181,103.18,2018-07-15,1
CUST04694,22,Male,East,Post-Graduate,Self-Employed,1101980.32,262891.52,Home,808.0,23,227,101.74,2018-01-09,0
CUST04695,67,Other,South,Graduate,Self-Employed,1964194.41,1607571.99,Business,663.4,6,436,82.5,2018-10-17,0
CUST04696,61,Other,East,Secondary,Unemployed,2846122.33,60026.71,Home,642.5,21,303,107.44,2023-01-18,0
CUST04697,63,Female,North,Graduate,Salaried,1460113.61,467663.6,Car,375.5,15,459,9.12,2019-06-22,1
CUST04698,37,Female,West,Graduate,Salaried,2612668.21,892931.21,Car,491.1,3,373,45.22,2019-07-16,1
CUST04699,67,Male,West,Post-Graduate,Self-Employed,1605366.38,1153018.83,Home,775.1,3,390,84.78,2022-02-07,1
CUST04700,27,Other,East,Post-Graduate,Salaried,2560857.89,1522514.11,Business,348.6,24,208,60.06,2024-08-26,1
CUST04701,31,Female,West,Post-Graduate,Self-Employed,2077534.49,513964.24,Business,777.4,6,437,111.01,2023-05-29,0
CUST04702,62,Other,North,Post-Graduate,Self-Employed,2408345.92,1632729.27,Car,608.1,21,184,103.56,2018-10-10,0
CUST04703,69,Other,North,Graduate,Unemployed,2361052.27,1032663.93,Other,568.6,15,465,66.35,2019-06-03,0
CUST04704,55,Male,North,Secondary,Self-Employed,1554107.84,85803.44,Business,823.5,7,402,73.22,2021-01-06,0
CUST04705,35,Other,East,Graduate,Self-Employed,550943.62,631984.55,Other,843.7,15,277,15.6,2026-02-22,0
CUST04706,19,Other,South,Graduate,Salaried,1741614.39,533022.36,Business,332.8,5,174,22.34,2023-09-04,1
CUST04707,38,Female,West,Post-Graduate,Unemployed,765502.42,1769071.5,Business,423.4,23,298,90.31,2020-01-24,1
CUST04708,57,Female,South,Secondary,Unemployed,1341198.82,461131.0,Business,849.7,10,123,87.51,2019-05-06,0
CUST04709,32,Female,North,Graduate,Self-Employed,866680.55,331997.29,Education,420.1,16,372,97.0,2019-10-30,1
CUST04710,69,Male,West,Post-Graduate,Salaried,1055724.58,629080.63,Education,780.6,3,436,115.6,2026-02-26,1
CUST04711,48,Other,North,Secondary,Salaried,1023265.0,1491835.95,Car,480.8,13,126,71.12,2026-02-10,1
CUST04712,62,Female,East,Graduate,Self-Employed,2004308.7,173705.31,Other,390.6,3,171,88.21,2025-07-12,1
CUST04713,58,Male,South,Primary,Self-Employed,165703.1,1834552.03,Education,470.4,15,431,42.12,2021-09-19,1
CUST04714,45,Male,West,Graduate,Self-Employed,1035278.54,1654241.51,Education,355.5,6,478,27.04,2023-12-15,1
CUST04715,57,Male,North,Secondary,Self-Employed,1564149.78,1981490.23,Home,824.9,9,37,118.64,2022-05-13,0
CUST04716,45,Male,North,Primary,Self-Employed,2555018.02,1473292.73,Education,467.4,18,64,44.26,2019-04-28,1
CUST04717,59,Female,South,Post-Graduate,Unemployed,1005478.8,1654076.3,Business,449.0,17,322,6.78,2023-05-04,1
CUST04718,56,Female,South,Post-Graduate,Self-Employed,2001392.3,1033380.57,Business,310.9,24,179,58.05,2025-01-03,1
CUST04719,38,Male,South,Graduate,Unemployed,2051974.22,550245.42,Car,642.0,15,315,118.07,2022-06-08,0
CUST04720,56,Male,North,Post-Graduate,Salaried,667494.72,1157450.82,Car,429.9,18,427,90.64,2026-02-14,1
CUST04721,65,Male,North,Post-Graduate,Unemployed,1727045.32,362465.51,Home,681.7,24,122,86.59,2018-04-30,0
CUST04722,67,Female,East,Post-Graduate,Unemployed,247510.08,818919.51,Other,445.6,13,275,82.03,2024-11-05,1
CUST04723,21,Female,North,Graduate,Unemployed,691309.36,1385064.61,Business,591.9,21,462,91.71,2025-03-02,0
CUST04724,57,Male,South,Secondary,Salaried,536434.57,1480920.0,Business,319.1,7,377,60.32,2019-08-21,1
CUST04725,56,Male,East,Post-Graduate,Self-Employed,1311381.4,404868.75,Business,650.7,13,487,118.64,2018-10-22,0
CUST04726,52,Female,West,Primary,Self-Employed,2456536.42,1446607.57,Education,833.1,16,224,91.95,2024-07-06,0
CUST04727,42,Other,East,Secondary,Salaried,672818.7,702306.34,Home,408.3,1,235,85.28,2023-02-15,1
CUST04728,21,Other,East,Secondary,Unemployed,1272867.35,1302706.21,Business,748.4,0,164,51.86,2023-01-26,1
CUST04729,25,Other,West,Post-Graduate,Self-Employed,1394534.81,275456.73,Home,826.9,17,18,47.87,2018-10-12,0
CUST04730,62,Female,South,Graduate,Unemployed,2625252.13,390312.12,Other,714.7,10,270,99.83,2021-02-27,0
CUST04731,21,Other,South,Primary,Unemployed,1460579.09,608238.03,Education,422.1,14,301,8.95,2020-08-31,1
CUST04732,33,Female,North,Secondary,Self-Employed,517911.93,1155992.0,Other,468.8,13,200,16.69,2021-02-28,1
CUST04733,21,Male,West,Secondary,Salaried,498398.38,1430999.61,Business,381.7,7,278,93.53,2022-05-01,1
CUST04734,32,Other,North,Post-Graduate,Unemployed,2806284.54,1347496.97,Business,397.2,20,233,27.38,2025-09-02,1
CUST04735,44,Female,South,Graduate,Self-Employed,578446.75,132077.67,Other,306.7,18,490,53.39,2020-10-15,1
CUST04736,41,Other,East,Graduate,Salaried,2372651.61,1768277.13,Home,621.3,3,448,11.51,2021-10-10,1
CUST04737,28,Female,West,Primary,Unemployed,743308.48,948944.39,Home,498.1,6,133,90.06,2024-03-01,1
CUST04738,42,Male,North,Post-Graduate,Salaried,1262056.97,94031.49,Home,472.6,9,283,96.96,2025-02-03,1
CUST04739,49,Female,West,Primary,Unemployed,1363517.98,542905.62,Business,410.9,23,194,40.38,2023-06-21,1
CUST04740,22,Female,East,Post-Graduate,Self-Employed,131162.61,1218667.52,Business,398.7,7,435,40.81,2019-03-22,1
CUST04741,56,Male,North,Graduate,Unemployed,893617.84,1803010.02,Home,726.7,1,349,13.53,2020-08-24,1
CUST04742,24,Other,West,Secondary,Self-Employed,168564.93,1306651.01,Business,491.0,4,95,54.08,2025-03-05,1
CUST04743,54,Other,South,Graduate,Salaried,224360.93,1587437.7,Education,710.9,16,218,86.58,2023-01-10,0
CUST04744,19,Female,North,Graduate,Salaried,2452302.36,895210.52,Education,310.4,24,401,8.72,2019-02-04,1
CUST04745,29,Male,North,Primary,Unemployed,1958849.05,1745441.09,Other,631.7,11,86,65.24,2019-09-06,0
CUST04746,52,Female,East,Post-Graduate,Salaried,1463606.39,1147717.17,Education,701.5,16,86,15.89,2024-08-18,0
CUST04747,60,Female,North,Primary,Salaried,774294.88,1336457.01,Other,349.4,7,407,12.79,2022-04-11,1
CUST04748,43,Male,East,Post-Graduate,Salaried,1183489.87,834180.95,Business,619.2,2,319,73.67,2022-07-09,1
CUST04749,50,Male,North,Secondary,Salaried,2867998.98,1900963.28,Other,456.6,18,418,56.16,2023-03-28,1
CUST04750,38,Male,West,Secondary,Self-Employed,761561.09,354521.71,Other,397.1,0,472,21.13,2022-05-27,1
CUST04751,50,Male,North,Graduate,Self-Employed,1882063.18,843001.37,Home,731.6,4,25,65.05,2023-06-25,1
CUST04752,43,Male,East,Post-Graduate,Self-Employed,2954289.17,534343.77,Other,733.5,10,396,13.86,2025-02-17,0
CUST04753,42,Male,South,Secondary,Self-Employed,1709780.11,1297861.64,Car,647.9,14,19,68.55,2018-04-29,0
CUST04754,54,Other,East,Primary,Unemployed,2480379.87,158177.83,Other,718.5,9,56,36.28,2024-03-26,0
CUST04755,45,Female,North,Graduate,Salaried,116585.11,949441.08,Other,769.7,0,398,67.1,2023-09-02,1
CUST04756,65,Male,East,Post-Graduate,Unemployed,2376500.01,930664.84,Car,483.6,19,374,56.69,2022-02-22,1
CUST04757,45,Male,East,Secondary,Self-Employed,261956.87,1465597.8,Education,460.9,19,374,100.29,2023-09-13,1
CUST04758,67,Female,West,Graduate,Salaried,701918.92,815552.77,Car,562.8,10,101,108.41,2025-08-06,0
CUST04759,43,Male,West,Post-Graduate,Salaried,2551707.07,1639275.54,Other,579.5,21,175,77.68,2024-03-21,0
CUST04760,70,Other,West,Graduate,Unemployed,623193.42,1403119.38,Education,321.5,14,320,21.71,2019-09-23,1
CUST04761,50,Female,West,Graduate,Self-Employed,952801.27,759845.62,Education,386.2,4,248,61.96,2025-02-07,1
CUST04762,29,Male,North,Secondary,Salaried,2834248.96,1658995.28,Education,525.3,20,109,65.83,2024-12-09,1
CUST04763,46,Male,West,Primary,Unemployed,1301648.46,1771852.91,Education,800.2,16,392,105.38,2019-01-03,0
CUST04764,23,Male,North,Secondary,Salaried,2061866.89,1036977.57,Other,833.5,14,249,66.31,2024-03-23,0
CUST04765,57,Female,South,Post-Graduate,Self-Employed,1323053.74,396149.49,Education,578.4,1,38,54.19,2024-08-23,1
CUST04766,52,Male,West,Primary,Salaried,2646603.29,1592246.95,Other,824.1,21,405,88.37,2020-03-15,0
CUST04767,61,Other,South,Secondary,Self-Employed,709191.28,1752871.23,Home,694.2,6,263,102.81,2025-12-13,0
CUST04768,61,Male,South,Post-Graduate,Salaried,2407648.65,1453283.33,Education,593.8,7,204,19.92,2020-05-11,0
CUST04769,35,Male,South,Secondary,Self-Employed,2517470.09,568139.22,Other,674.5,6,99,113.15,2022-01-16,0
CUST04770,33,Male,North,Secondary,Unemployed,1682950.6,502438.53,Home,759.3,7,34,29.56,2018-01-14,0
CUST04771,50,Female,North,Graduate,Self-Employed,555647.48,288473.96,Home,649.4,9,419,78.08,2024-05-14,0
CUST04772,60,Other,South,Post-Graduate,Salaried,841081.5,49232.94,Car,826.1,0,312,54.68,2019-02-12,1
CUST04773,67,Female,East,Secondary,Unemployed,2153112.62,244562.51,Business,552.9,6,462,115.99,2018-02-10,0
CUST04774,50,Male,South,Post-Graduate,Unemployed,2656141.52,236728.02,Business,339.8,20,396,16.24,2020-05-01,1
CUST04775,31,Female,West,Secondary,Salaried,2595283.4,90820.33,Home,409.9,10,8,13.66,2021-10-31,1
CUST04776,40,Female,West,Graduate,Salaried,1571781.13,1140164.75,Other,380.9,20,273,65.24,2025-04-29,1
CUST04777,29,Male,South,Primary,Unemployed,2449481.21,581143.41,Education,556.9,7,169,94.19,2023-09-18,0
CUST04778,60,Other,East,Primary,Unemployed,685895.22,910609.03,Other,437.1,3,424,49.81,2019-09-17,1
CUST04779,66,Female,North,Primary,Salaried,871935.54,128952.47,Home,772.7,12,407,32.33,2024-06-22,0
CUST04780,26,Other,South,Primary,Self-Employed,180020.26,259806.05,Home,792.9,4,284,23.04,2018-07-17,1
CUST04781,49,Female,East,Primary,Salaried,1380089.38,282720.54,Business,512.7,8,371,80.52,2024-05-24,1
CUST04782,18,Other,North,Secondary,Self-Employed,1767602.29,1148943.8,Car,506.1,8,392,108.52,2019-01-23,1
CUST04783,24,Female,East,Secondary,Salaried,444834.61,664281.45,Other,408.3,24,406,43.87,2018-08-17,1
CUST04784,45,Female,North,Post-Graduate,Unemployed,2672062.36,86079.33,Business,779.4,15,310,40.93,2023-01-16,0
CUST04785,42,Male,South,Primary,Self-Employed,1957682.22,13679.96,Home,776.1,24,77,72.78,2024-07-09,0
CUST04786,57,Other,East,Post-Graduate,Unemployed,1896355.77,1474540.32,Car,331.4,2,480,50.8,2020-02-05,1
CUST04787,35,Male,South,Graduate,Self-Employed,1200115.58,128809.38,Car,747.7,21,164,116.45,2021-04-09,0
CUST04788,57,Male,South,Secondary,Self-Employed,202627.06,376134.25,Car,830.4,5,96,50.94,2024-04-09,1
CUST04789,29,Other,East,Primary,Unemployed,978330.6,1053723.97,Home,752.7,13,255,103.59,2018-06-30,0
CUST04790,25,Other,South,Primary,Unemployed,2728807.05,222873.88,Home,398.9,10,440,49.17,2018-06-30,1
CUST04791,49,Male,East,Post-Graduate,Unemployed,834977.12,1053615.95,Education,406.0,2,352,27.7,2024-04-08,1
CUST04792,60,Male,North,Graduate,Salaried,1078021.52,245826.76,Education,760.5,16,99,71.94,2026-01-22,0
CUST04793,54,Female,West,Primary,Self-Employed,2938477.8,173525.09,Other,422.8,17,21,49.83,2021-06-02,1
CUST04794,21,Male,West,Post-Graduate,Self-Employed,1489874.72,1050257.6,Car,656.0,5,268,8.28,2018-11-13,1
CUST04795,32,Male,South,Graduate,Unemployed,2060759.17,299757.22,Education,349.9,15,94,24.41,2023-04-18,1
CUST04796,29,Male,South,Graduate,Salaried,717539.22,252779.93,Car,728.5,20,115,111.38,2023-11-13,0
CUST04797,31,Other,South,Secondary,Salaried,351957.63,1717300.78,Business,530.6,6,413,110.84,2023-10-29,1
CUST04798,63,Other,West,Post-Graduate,Self-Employed,1073822.67,933450.46,Other,780.9,4,244,57.45,2019-09-28,1
CUST04799,32,Female,South,Graduate,Salaried,203790.62,574611.37,Car,492.3,5,138,21.2,2023-12-17,1
CUST04800,46,Male,South,Primary,Self-Employed,1166864.43,665360.64,Education,472.4,9,125,34.45,2021-10-24,1
CUST04801,57,Male,North,Post-Graduate,Unemployed,2837202.32,173260.27,Other,765.2,23,420,36.68,2018-10-09,0
CUST04802,58,Female,North,Graduate,Salaried,988046.17,981595.81,Car,719.1,7,81,40.66,2018-03-09,0
CUST04803,30,Male,South,Post-Graduate,Salaried,2562767.74,663947.87,Car,466.0,0,248,55.2,2018-02-23,1
CUST04804,60,Other,South,Primary,Salaried,2661554.23,922066.2,Home,839.3,24,77,107.46,2025-12-13,0
CUST04805,25,Female,East,Primary,Self-Employed,2902864.1,1895144.95,Business,648.3,17,155,58.86,2022-09-28,0
CUST04806,61,Male,South,Post-Graduate,Salaried,2053422.74,1227872.58,Business,523.2,11,10,90.75,2019-09-16,1
CUST04807,39,Male,East,Graduate,Self-Employed,925553.42,756968.88,Business,553.5,21,358,28.73,2024-11-11,0
CUST04808,70,Female,North,Secondary,Unemployed,1025860.83,485896.54,Other,733.8,18,134,51.97,2024-09-08,0
CUST04809,53,Other,West,Secondary,Unemployed,2318324.97,320682.52,Business,315.3,14,235,87.55,2025-03-12,1
CUST04810,70,Other,North,Post-Graduate,Salaried,1124003.05,1363097.25,Other,329.7,5,161,116.42,2020-11-18,1
CUST04811,23,Female,North,Graduate,Salaried,378829.44,478013.49,Business,579.7,17,143,96.94,2023-03-31,0
CUST04812,18,Male,East,Primary,Self-Employed,2362598.64,1173228.75,Business,807.4,12,151,11.3,2020-11-30,0
CUST04813,19,Female,North,Post-Graduate,Unemployed,455761.05,1286268.93,Other,743.2,4,54,16.04,2018-03-03,1
CUST04814,31,Male,South,Secondary,Unemployed,1076543.48,1687291.29,Other,573.1,22,230,51.72,2023-01-11,0
CUST04815,68,Other,North,Graduate,Salaried,309206.97,1316457.22,Car,307.9,16,220,7.27,2023-07-02,1
CUST04816,66,Female,North,Primary,Self-Employed,1337459.52,973674.91,Education,310.6,9,395,14.08,2026-02-20,1
CUST04817,56,Female,South,Primary,Unemployed,2400029.87,232821.73,Other,591.3,13,177,12.74,2019-03-03,0
CUST04818,44,Female,North,Graduate,Salaried,1749568.42,826032.91,Car,368.9,22,387,41.22,2020-05-22,1
CUST04819,26,Other,West,Primary,Salaried,415969.13,726966.47,Car,847.4,6,129,79.27,2020-01-11,0
CUST04820,44,Male,North,Primary,Salaried,2691917.98,1601196.41,Education,794.7,19,217,13.46,2020-05-24,0
CUST04821,21,Male,North,Secondary,Self-Employed,2215067.02,1457326.6,Business,783.1,18,126,31.94,2023-12-27,0
CUST04822,58,Other,South,Post-Graduate,Self-Employed,652539.01,1996829.75,Business,368.3,9,235,100.63,2022-09-28,1
CUST04823,27,Male,North,Post-Graduate,Salaried,2072786.32,115044.36,Education,639.8,0,310,84.27,2023-10-24,1
CUST04824,65,Other,East,Post-Graduate,Salaried,2327844.14,549631.83,Other,545.3,7,272,28.81,2023-12-07,1
CUST04825,39,Other,West,Post-Graduate,Unemployed,776833.72,51237.39,Home,732.7,23,496,15.84,2019-04-09,0
CUST04826,49,Female,South,Post-Graduate,Salaried,697643.08,520977.0,Other,805.1,22,345,80.87,2025-06-14,0
CUST04827,51,Female,South,Post-Graduate,Unemployed,1417433.64,1807015.17,Other,395.4,3,417,72.58,2021-02-22,1
CUST04828,19,Male,North,Post-Graduate,Salaried,692496.91,523389.17,Other,505.2,17,372,62.05,2018-02-17,1
CUST04829,38,Male,North,Secondary,Unemployed,949891.39,1111694.88,Car,524.4,17,118,67.47,2025-03-31,1
CUST04830,18,Male,South,Graduate,Unemployed,2219880.41,1828192.43,Other,815.1,10,221,48.44,2022-01-04,0
CUST04831,64,Other,East,Secondary,Unemployed,962158.44,1006978.23,Car,319.3,13,225,9.8,2019-10-23,1
CUST04832,55,Other,East,Graduate,Unemployed,2339401.32,207827.68,Home,673.7,13,95,14.97,2021-04-22,0
CUST04833,21,Male,East,Post-Graduate,Self-Employed,2383789.59,1889621.85,Business,439.4,21,81,81.44,2025-08-03,1
CUST04834,56,Female,South,Secondary,Self-Employed,2549096.66,1002548.13,Education,349.3,6,231,108.98,2022-05-01,1
CUST04835,46,Other,North,Secondary,Salaried,379122.95,1657316.36,Other,568.9,19,467,87.85,2024-09-30,0
CUST04836,39,Other,East,Post-Graduate,Self-Employed,1887513.48,1872160.79,Education,302.8,2,43,40.75,2018-01-14,1
CUST04837,55,Female,North,Secondary,Salaried,1753963.77,896305.29,Car,509.5,18,252,5.91,2023-10-08,1
CUST04838,30,Female,East,Post-Graduate,Self-Employed,477782.83,700003.13,Other,517.5,15,79,92.58,2019-03-18,1
CUST04839,30,Other,South,Graduate,Salaried,1963023.93,220972.68,Home,315.4,9,307,26.97,2025-09-07,1
CUST04840,65,Male,East,Primary,Salaried,101752.97,1221375.44,Car,372.5,17,121,98.65,2019-08-18,1
CUST04841,40,Female,West,Secondary,Self-Employed,2437395.7,1218983.76,Other,735.6,22,111,7.34,2024-05-19,0
CUST04842,61,Male,North,Secondary,Unemployed,276010.41,1616885.43,Other,670.2,2,95,79.27,2022-11-15,1
CUST04843,41,Other,North,Secondary,Self-Employed,230312.26,605889.57,Education,659.0,0,136,87.67,2020-08-24,1
CUST04844,32,Other,South,Secondary,Self-Employed,2554426.51,1270710.0,Education,620.6,16,407,25.81,2021-12-26,0
CUST04845,49,Other,East,Primary,Unemployed,1970533.41,768581.15,Car,595.6,14,301,67.57,2018-12-03,0
CUST04846,51,Female,North,Secondary,Salaried,1019771.11,1527078.17,Other,333.3,16,377,22.73,2023-12-30,1
CUST04847,53,Male,West,Post-Graduate,Unemployed,1193663.89,1290277.7,Car,721.3,6,301,77.0,2025-09-20,0
CUST04848,55,Male,East,Graduate,Unemployed,1743980.78,206083.78,Home,569.3,8,278,85.1,2021-11-01,0
CUST04849,18,Male,East,Primary,Salaried,616225.19,508184.26,Home,673.4,3,202,27.45,2019-12-07,1
CUST04850,51,Male,North,Post-Graduate,Unemployed,880020.11,1929675.2,Car,441.9,1,130,7.56,2019-12-30,1
CUST04851,22,Male,South,Secondary,Self-Employed,2632187.71,1650419.55,Education,620.8,17,206,30.41,2020-04-11,0
CUST04852,60,Female,West,Post-Graduate,Salaried,2557290.69,854541.35,Business,327.8,24,431,110.79,2020-01-11,1
CUST04853,38,Male,East,Graduate,Self-Employed,512332.83,1824585.52,Business,501.8,20,309,10.61,2019-02-25,1
CUST04854,46,Male,South,Graduate,Unemployed,1852912.64,1203279.21,Other,842.1,16,81,21.94,2024-11-04,0
CUST04855,21,Female,South,Secondary,Salaried,2346572.5,1392086.47,Education,340.3,0,197,68.36,2022-05-14,1
CUST04856,37,Other,North,Secondary,Salaried,561323.87,500087.3,Business,793.0,0,442,114.61,2025-06-18,1
CUST04857,64,Female,West,Post-Graduate,Salaried,1354737.31,1933746.29,Other,617.5,20,394,70.18,2021-12-24,0
CUST04858,59,Female,East,Graduate,Salaried,297945.2,1465974.04,Business,696.1,4,138,46.46,2023-08-31,1
CUST04859,24,Male,East,Secondary,Self-Employed,344461.29,1187417.8,Other,371.6,21,47,35.12,2025-01-31,1
CUST04860,63,Other,West,Post-Graduate,Salaried,1135410.66,539739.83,Car,752.7,19,28,31.78,2020-12-20,0
CUST04861,22,Female,East,Post-Graduate,Unemployed,2011271.2,233707.49,Car,424.3,14,31,5.12,2023-07-29,1
CUST04862,44,Male,East,Primary,Salaried,2639461.17,816631.42,Car,461.8,13,171,101.09,2021-07-05,1
CUST04863,39,Male,West,Graduate,Unemployed,2186043.34,1326006.78,Car,353.1,10,284,74.87,2023-03-31,1
CUST04864,27,Male,West,Graduate,Salaried,1010288.53,13424.63,Business,758.4,23,474,28.43,2022-08-25,0
CUST04865,43,Other,West,Primary,Unemployed,2666483.07,547843.99,Education,630.2,24,438,93.77,2020-10-16,0
CUST04866,19,Female,East,Primary,Salaried,2774979.64,1218637.64,Business,351.1,8,73,72.68,2020-01-20,1
CUST04867,68,Male,East,Primary,Self-Employed,1759039.65,1444337.96,Business,690.7,10,256,93.64,2022-02-28,0
CUST04868,34,Other,East,Post-Graduate,Salaried,219848.51,325470.97,Business,328.7,12,352,68.67,2019-08-25,1
CUST04869,20,Male,East,Graduate,Salaried,1842296.63,472112.46,Education,738.1,5,33,9.57,2024-03-25,1
CUST04870,18,Other,East,Primary,Unemployed,680151.19,1226214.32,Education,588.5,3,193,56.89,2024-11-04,1
CUST04871,44,Female,West,Secondary,Self-Employed,1361575.81,794817.97,Car,535.0,5,71,75.67,2026-02-07,1
CUST04872,32,Female,South,Secondary,Unemployed,103205.45,1200695.81,Other,410.1,5,203,79.33,2024-11-09,1
CUST04873,42,Other,East,Graduate,Salaried,581097.42,795532.83,Business,633.1,22,340,39.87,2018-06-06,0
CUST04874,61,Female,East,Post-Graduate,Unemployed,1912189.45,1406589.3,Education,477.9,1,229,78.72,2024-08-14,1
CUST04875,33,Male,West,Post-Graduate,Unemployed,1626046.0,40166.45,Education,636.7,1,265,20.96,2021-07-29,1
CUST04876,37,Male,West,Secondary,Salaried,1421515.51,1307263.58,Business,440.5,5,297,69.42,2025-03-20,1
CUST04877,63,Other,West,Graduate,Unemployed,2651666.11,187004.2,Other,664.0,15,191,7.78,2021-12-14,0
CUST04878,22,Male,East,Primary,Unemployed,1137792.13,1062799.62,Home,646.8,0,311,12.28,2024-11-15,1
CUST04879,59,Male,South,Graduate,Salaried,1472190.51,1407490.3,Other,530.5,22,180,19.97,2024-07-19,1
CUST04880,64,Female,West,Post-Graduate,Self-Employed,1131703.05,642976.23,Home,448.7,24,364,94.51,2021-03-19,1
CUST04881,43,Male,North,Graduate,Self-Employed,2801104.61,367473.47,Car,845.2,21,489,32.51,2020-06-14,0
CUST04882,24,Female,East,Primary,Unemployed,2334952.73,5278.94,Business,625.5,8,154,9.49,2021-12-01,0
CUST04883,36,Male,North,Secondary,Salaried,1643384.19,1066015.65,Education,517.4,8,406,13.38,2020-01-25,1
CUST04884,31,Other,North,Post-Graduate,Self-Employed,312937.15,758144.31,Car,400.3,19,367,33.61,2020-11-23,1
CUST04885,37,Male,West,Graduate,Salaried,1313092.4,1140337.48,Home,811.8,2,90,44.65,2024-09-29,1
CUST04886,68,Male,South,Primary,Unemployed,1485307.49,1448102.2,Business,436.9,14,59,27.97,2022-04-01,1
CUST04887,22,Female,North,Post-Graduate,Self-Employed,142469.2,1232669.78,Car,705.0,8,315,84.13,2025-05-22,0
CUST04888,67,Male,West,Primary,Unemployed,1241099.21,100840.76,Other,823.0,0,432,111.18,2020-05-27,1
CUST04889,53,Other,East,Post-Graduate,Self-Employed,1221705.1,235556.34,Home,504.4,13,197,27.39,2023-06-24,1
CUST04890,23,Other,North,Secondary,Unemployed,162108.79,1187631.89,Car,774.3,14,299,68.91,2020-10-05,0
CUST04891,61,Other,North,Graduate,Self-Employed,1084139.67,335823.38,Home,811.2,5,449,24.19,2018-06-22,1
CUST04892,47,Other,East,Post-Graduate,Self-Employed,1749780.77,772847.84,Business,359.4,1,11,115.91,2020-09-17,1
CUST04893,39,Female,North,Primary,Salaried,2813867.05,118322.46,Education,435.3,11,281,9.22,2022-10-27,1
CUST04894,26,Male,South,Secondary,Unemployed,2876091.73,315475.78,Education,802.3,3,234,34.4,2025-04-08,1
CUST04895,38,Other,South,Secondary,Unemployed,1694315.14,183470.87,Car,733.0,8,5,76.76,2018-08-29,0
CUST04896,68,Other,North,Post-Graduate,Unemployed,718796.68,1740677.83,Business,615.0,13,112,107.77,2021-09-24,0
CUST04897,41,Male,North,Secondary,Self-Employed,117081.24,1079037.98,Home,622.3,13,69,90.16,2020-03-18,0
CUST04898,68,Male,East,Primary,Salaried,261758.1,341445.69,Education,657.0,19,451,77.99,2022-10-27,0
CUST04899,47,Male,South,Secondary,Salaried,472164.13,757204.35,Home,304.9,2,139,10.13,2019-07-06,1
CUST04900,27,Other,North,Secondary,Self-Employed,994118.74,878865.79,Home,397.7,5,229,43.49,2018-05-30,1
CUST04901,43,Male,South,Primary,Salaried,1334044.94,1666803.12,Other,379.3,2,494,119.2,2023-01-22,1
CUST04902,43,Male,East,Primary,Salaried,618676.63,274169.72,Home,439.5,24,368,20.82,2018-08-24,1
CUST04903,60,Female,South,Primary,Self-Employed,1435750.75,732105.9,Car,685.8,15,38,38.01,2022-10-02,0
CUST04904,49,Female,East,Graduate,Unemployed,1572429.64,290690.7,Other,664.7,1,24,17.38,2021-07-19,1
CUST04905,59,Female,South,Primary,Self-Employed,2596267.53,583102.13,Other,301.0,20,67,62.31,2023-11-13,1
CUST04906,65,Male,East,Graduate,Unemployed,1659356.71,420893.83,Home,640.4,14,333,33.42,2024-08-16,0
CUST04907,51,Male,East,Post-Graduate,Salaried,1313500.24,732905.97,Business,314.4,4,10,51.99,2021-04-15,1
CUST04908,70,Female,West,Graduate,Unemployed,271434.52,1100754.02,Education,415.7,8,489,39.23,2025-12-10,1
CUST04909,27,Male,South,Secondary,Salaried,293952.07,1921113.75,Home,634.2,14,253,54.98,2020-08-19,0
CUST04910,70,Other,West,Secondary,Salaried,2981105.59,1675938.31,Other,388.7,21,276,72.3,2024-07-01,1
CUST04911,52,Other,North,Post-Graduate,Unemployed,1119326.56,57924.54,Business,811.4,14,119,45.27,2025-08-08,0
CUST04912,63,Female,East,Primary,Self-Employed,515514.06,1832637.17,Business,320.1,2,491,47.36,2025-04-03,1
CUST04913,64,Other,East,Primary,Salaried,2857682.39,1720637.95,Home,303.2,15,470,111.03,2020-07-08,1
CUST04914,45,Male,North,Graduate,Self-Employed,1718820.32,264689.8,Other,723.2,12,368,24.65,2025-08-13,0
CUST04915,47,Other,North,Primary,Self-Employed,1599323.58,1668863.92,Education,445.5,0,429,10.2,2022-01-05,1
CUST04916,70,Male,North,Primary,Self-Employed,391641.31,1579666.9,Car,669.3,16,25,30.57,2020-01-23,0
CUST04917,59,Other,South,Primary,Salaried,1355581.16,1816588.42,Home,496.1,1,462,41.99,2021-04-14,1
CUST04918,53,Male,South,Post-Graduate,Salaried,506039.07,1942311.66,Business,659.9,11,379,6.12,2021-02-23,0
CUST04919,37,Male,East,Graduate,Unemployed,2395894.07,564570.78,Home,617.6,23,329,44.56,2021-04-30,0
CUST04920,66,Female,South,Graduate,Self-Employed,1118170.26,1697810.75,Other,489.2,17,231,50.22,2018-09-11,1
CUST04921,22,Female,South,Graduate,Unemployed,452930.62,722393.55,Business,310.3,10,431,28.52,2019-02-21,1
CUST04922,62,Other,North,Graduate,Salaried,221272.44,867555.83,Business,347.0,12,127,16.72,2025-04-05,1
CUST04923,69,Other,North,Secondary,Salaried,2526283.27,1237554.59,Education,306.2,10,283,6.97,2018-05-28,1
CUST04924,38,Female,West,Graduate,Salaried,1548029.37,1606593.99,Other,572.5,8,168,72.92,2020-01-09,0
CUST04925,22,Female,South,Post-Graduate,Self-Employed,629086.55,1922948.53,Education,533.0,7,371,88.26,2023-01-13,1
CUST04926,68,Male,East,Primary,Self-Employed,2189265.15,394606.15,Education,827.7,5,271,116.61,2020-10-22,1
CUST04927,21,Other,North,Primary,Unemployed,982238.21,1463780.25,Other,717.4,13,396,80.11,2024-11-29,0
CUST04928,61,Other,West,Post-Graduate,Salaried,900783.59,1532538.61,Home,467.7,16,363,58.42,2023-11-20,1
CUST04929,67,Male,North,Primary,Self-Employed,811927.26,1823192.53,Car,472.5,19,353,21.94,2019-03-31,1
CUST04930,31,Male,West,Post-Graduate,Self-Employed,427745.86,1828947.05,Education,324.2,11,384,32.24,2021-11-17,1
CUST04931,43,Male,South,Secondary,Unemployed,1388453.92,1501712.01,Education,849.8,9,480,56.31,2023-01-16,0
CUST04932,26,Other,West,Post-Graduate,Salaried,685690.05,166603.21,Other,526.4,15,161,78.39,2022-06-15,1
CUST04933,24,Male,North,Graduate,Salaried,2342171.71,1966288.27,Home,333.2,19,58,115.69,2022-11-07,1
CUST04934,37,Other,South,Graduate,Salaried,1081406.54,1362681.43,Home,809.3,20,304,29.3,2019-05-07,0
CUST04935,45,Female,East,Post-Graduate,Self-Employed,438769.17,737408.33,Other,849.7,16,209,78.16,2021-12-30,0
CUST04936,42,Other,East,Primary,Unemployed,939018.53,172218.03,Car,847.5,22,59,86.95,2023-01-15,0
CUST04937,37,Male,South,Post-Graduate,Salaried,245759.3,1773937.98,Business,720.7,18,56,116.82,2024-02-01,0
CUST04938,30,Female,East,Graduate,Unemployed,827754.12,1080722.64,Home,421.1,13,116,30.36,2022-06-15,1
CUST04939,48,Male,South,Secondary,Salaried,345669.03,1636987.57,Other,736.3,0,470,105.51,2019-01-26,1
CUST04940,59,Female,South,Graduate,Self-Employed,336036.44,1648382.79,Other,469.8,1,50,22.54,2023-01-15,1
CUST04941,69,Other,South,Post-Graduate,Unemployed,193347.8,143529.3,Home,640.1,5,278,40.83,2020-12-27,1
CUST04942,25,Other,West,Graduate,Unemployed,668675.82,1493962.58,Education,833.5,23,71,42.24,2020-09-13,0
CUST04943,51,Male,East,Post-Graduate,Unemployed,573592.59,101058.77,Business,567.0,20,314,82.22,2020-08-10,0
CUST04944,23,Male,South,Post-Graduate,Unemployed,2946891.1,505282.04,Business,320.2,12,456,77.48,2025-02-08,1
CUST04945,53,Male,West,Post-Graduate,Self-Employed,651338.35,1248696.12,Other,651.8,21,145,82.23,2024-09-19,0
CUST04946,55,Male,North,Post-Graduate,Unemployed,2065591.13,1113675.33,Business,562.7,19,322,12.58,2018-03-06,0
CUST04947,62,Female,South,Post-Graduate,Unemployed,1971036.1,1181187.32,Home,339.5,4,117,63.56,2020-07-07,1
CUST04948,53,Other,East,Graduate,Salaried,2630972.76,15390.99,Education,516.7,7,42,102.49,2018-11-01,1
CUST04949,32,Female,West,Graduate,Salaried,825019.23,1985947.04,Education,813.5,1,302,69.54,2021-10-18,1
CUST04950,40,Other,South,Post-Graduate,Salaried,2774590.44,1047490.52,Business,814.6,15,25,64.2,2021-03-07,0
CUST04951,70,Female,West,Secondary,Salaried,2979646.52,224840.19,Business,761.6,12,488,25.13,2021-11-20,0
CUST04952,70,Other,West,Graduate,Unemployed,391269.53,659928.23,Other,387.6,21,218,30.35,2025-08-08,1
CUST04953,49,Male,East,Graduate,Salaried,2461253.07,290164.61,Home,597.9,8,302,117.24,2022-11-18,0
CUST04954,28,Other,South,Primary,Salaried,1404231.39,1245876.05,Car,380.3,12,338,103.09,2025-12-05,1
CUST04955,45,Male,South,Primary,Self-Employed,641699.13,1523534.73,Business,364.1,7,244,24.77,2024-02-14,1
CUST04956,23,Male,North,Secondary,Salaried,699472.06,8919.94,Education,784.0,22,320,14.23,2019-08-04,0
CUST04957,69,Male,West,Post-Graduate,Self-Employed,2189925.9,1786684.1,Car,509.7,1,134,109.4,2025-11-12,1
CUST04958,63,Female,South,Graduate,Self-Employed,1996049.01,954009.93,Home,694.0,5,112,32.18,2021-02-19,1
CUST04959,55,Other,West,Secondary,Salaried,2162275.3,914385.42,Home,770.5,8,79,94.1,2022-07-25,0
CUST04960,46,Other,West,Graduate,Salaried,1529646.5,673830.98,Car,833.1,3,82,110.06,2020-06-04,1
CUST04961,26,Other,West,Post-Graduate,Self-Employed,1242878.33,714815.01,Car,611.0,15,296,64.57,2024-03-29,0
CUST04962,70,Female,North,Secondary,Salaried,1201945.78,846021.48,Education,516.7,8,307,54.03,2021-04-14,1
CUST04963,22,Other,South,Secondary,Self-Employed,2602029.95,1169494.73,Other,657.4,23,371,78.62,2023-11-19,0
CUST04964,20,Other,South,Post-Graduate,Unemployed,312827.36,500648.1,Home,785.3,7,1,89.2,2026-02-22,0
CUST04965,44,Other,West,Graduate,Self-Employed,991178.97,414515.24,Education,780.9,5,350,62.88,2024-09-24,1
CUST04966,23,Other,South,Post-Graduate,Salaried,1214333.39,26730.32,Education,451.7,2,493,65.01,2020-03-20,1
CUST04967,29,Other,North,Post-Graduate,Self-Employed,1107995.25,1531144.68,Business,679.9,15,388,22.86,2018-08-25,0
CUST04968,54,Female,South,Post-Graduate,Self-Employed,1253497.65,1915158.3,Home,402.8,9,366,89.6,2020-08-03,1
CUST04969,70,Other,South,Graduate,Self-Employed,2462663.19,1439958.58,Business,654.7,17,205,49.67,2020-03-09,0
CUST04970,54,Female,West,Graduate,Salaried,1114615.97,1211429.21,Car,405.7,24,260,13.57,2024-06-25,1
CUST04971,53,Male,West,Post-Graduate,Unemployed,2264709.26,262479.32,Business,746.9,1,119,94.14,2018-01-24,1
CUST04972,22,Other,North,Secondary,Unemployed,1324979.16,1503024.38,Other,477.9,23,126,37.22,2019-04-17,1
CUST04973,52,Other,East,Primary,Salaried,2964493.87,615576.93,Car,469.4,22,238,47.85,2025-02-11,1
CUST04974,44,Other,West,Primary,Unemployed,2950704.66,18044.81,Home,580.5,17,155,71.44,2018-08-27,0
CUST04975,59,Male,West,Graduate,Unemployed,391169.28,1888310.91,Home,449.4,10,135,82.84,2021-01-22,1
CUST04976,48,Female,West,Post-Graduate,Unemployed,2413146.33,1044697.35,Car,662.6,17,439,108.07,2025-01-08,0
CUST04977,48,Female,North,Post-Graduate,Unemployed,1901677.32,1673356.02,Home,709.8,13,464,109.11,2021-02-01,0
CUST04978,65,Male,West,Post-Graduate,Unemployed,1574851.16,302837.5,Home,650.7,8,373,42.57,2022-10-05,0
CUST04979,67,Female,East,Graduate,Self-Employed,2757106.11,1716174.6,Home,498.1,18,74,30.31,2022-08-11,1
CUST04980,19,Female,North,Secondary,Unemployed,739631.89,1864480.6,Car,709.5,12,63,39.44,2021-08-23,0
CUST04981,32,Other,East,Graduate,Salaried,831319.89,1068599.42,Car,536.9,10,197,78.96,2024-01-13,1
CUST04982,64,Female,South,Graduate,Unemployed,2205875.78,1517679.76,Education,684.6,22,343,102.05,2022-11-29,0
CUST04983,24,Other,West,Secondary,Self-Employed,677120.87,443431.18,Car,815.3,20,43,94.56,2021-08-05,0
CUST04984,70,Male,West,Primary,Salaried,252708.37,652311.06,Education,557.1,3,157,49.07,2020-06-22,1
CUST04985,67,Male,West,Secondary,Unemployed,232751.91,341514.38,Home,740.6,3,434,18.77,2023-10-21,1
CUST04986,66,Male,South,Primary,Unemployed,1298573.54,1564250.86,Education,810.9,22,266,93.72,2024-04-08,0
CUST04987,50,Female,North,Secondary,Salaried,1064073.76,1891335.54,Business,465.2,23,407,102.16,2021-04-12,1
CUST04988,33,Female,North,Graduate,Salaried,1128095.87,795402.12,Other,633.2,18,305,95.26,2025-04-15,0
CUST04989,55,Male,North,Post-Graduate,Salaried,954605.31,1653203.27,Car,831.0,11,81,82.02,2025-04-17,0
CUST04990,23,Other,East,Graduate,Unemployed,1922007.86,792243.9,Home,397.8,7,104,65.26,2020-08-09,1
CUST04991,19,Male,North,Primary,Unemployed,2810198.26,1309006.26,Other,342.9,12,4,56.66,2025-01-17,1
CUST04992,52,Female,North,Primary,Self-Employed,1068378.32,727099.63,Other,344.2,8,397,101.86,2022-06-22,1
CUST04993,57,Other,East,Primary,Self-Employed,318538.27,218097.43,Other,375.6,19,443,5.25,2020-03-27,1
CUST04994,36,Other,South,Secondary,Self-Employed,1358627.85,1143507.86,Business,461.8,19,48,111.96,2018-01-05,1
CUST04995,61,Male,East,Primary,Self-Employed,259039.69,1106421.57,Home,658.8,7,77,65.76,2023-04-02,0
CUST04996,53,Other,East,Primary,Salaried,2724324.63,622050.5,Other,795.9,4,396,57.59,2023-03-06,1
CUST04997,33,Female,West,Post-Graduate,Unemployed,2426825.86,513054.21,Other,778.4,13,182,64.08,2024-01-14,0
CUST04998,45,Other,North,Primary,Salaried,1354811.58,1028097.84,Other,426.5,16,410,45.97,2025-09-25,1
CUST04999,43,Female,South,Primary,Unemployed,2670539.94,769693.77,Other,841.0,4,317,48.0,2020-05-14,1
CUST05000,59,Other,North,Post-Graduate,Salaried,2941024.87,627409.38,Education,530.3,9,388,112.0,2019-02-16,1
